{"type":"FeatureCollection","name":"unosat_damage_area","bbox":[85.0125936,27.8141179,85.5333206,28.3402393],"features":[{"type":"Feature","properties":{"OBJECTID":1,"Id":0,"gridcode":0,"Shape_Length":249322.59194484341,"Shape_Area":37354194.742042549},"bbox":[85.0125936,27.8141179,85.5333206,28.3402393],"geometry":{"type":"MultiPolygon","coordinates":[[[[85.0894157,27.8556405],[85.0893548,27.8556397],[85.0893553,27.8556126],[85.0892944,27.8556118],[85.0892948,27.8555847],[85.0892644,27.8555843],[85.0892649,27.8555572],[85.0892344,27.8555568],[85.0892358,27.8554756],[85.0892967,27.8554764],[85.0892963,27.8555035],[85.0893572,27.8555043],[85.0893567,27.8555314],[85.0893872,27.8555318],[85.0893867,27.8555589],[85.0894171,27.8555593],[85.0894157,27.8556405]]],[[[85.0833705,27.8581557],[85.0833096,27.8581549],[85.0833106,27.8581007],[85.0833715,27.8581016],[85.0833705,27.8581557]]],[[[85.1114488,27.8603841],[85.1114183,27.8603837],[85.1114188,27.8603566],[85.1113883,27.8603562],[85.1113897,27.860275],[85.1114811,27.8602763],[85.1114797,27.8603575],[85.1114492,27.8603571],[85.1114488,27.8603841]]],[[[85.1117824,27.8604699],[85.1117522,27.8604695],[85.1117519,27.8604691],[85.1117524,27.8604424],[85.1117324,27.8604422],[85.1117222,27.8604291],[85.1117224,27.860415],[85.1117833,27.8604158],[85.1117824,27.8604699]]],[[[85.1668676,27.9558382],[85.1668981,27.9558386],[85.1668976,27.9558657],[85.1668671,27.9558653],[85.1668676,27.9558382]]],[[[85.1865059,27.9702854],[85.1865055,27.9703091],[85.1864989,27.9703124],[85.1864445,27.9703117],[85.186445,27.9702846],[85.1865059,27.9702854]]],[[[85.2311373,28.0878286],[85.2311811,28.0878291],[85.2311807,28.0878562],[85.2312112,28.0878566],[85.2312099,28.0879378],[85.2311943,28.0879376],[85.2311859,28.0879249],[85.2311797,28.087912],[85.2311798,28.0879103],[85.231179,28.0879103],[85.2311499,28.0878489],[85.2311373,28.0878286]]],[[[85.2659395,28.1000738],[85.2659395,28.1000773],[85.2659342,28.1000734],[85.2659395,28.1000738]]],[[[85.3131507,28.1427913],[85.3131471,28.1428291],[85.3131458,28.1427894],[85.3131461,28.1427698],[85.3131507,28.1427913]]],[[[85.3133535,28.1431763],[85.3132925,28.1431755],[85.3132929,28.1431485],[85.3132624,28.1431481],[85.3132628,28.143121],[85.3132322,28.1431206],[85.3132327,28.1430936],[85.3132021,28.1430932],[85.3132025,28.1430661],[85.313172,28.1430658],[85.3131729,28.1430116],[85.3132034,28.143012],[85.313203,28.1430391],[85.3132335,28.1430394],[85.3132331,28.1430665],[85.3133858,28.1430684],[85.3133845,28.1431496],[85.313354,28.1431492],[85.3133535,28.1431763]]],[[[85.3136877,28.1435969],[85.3139338,28.1436714],[85.3139591,28.1436804],[85.3138703,28.1436853],[85.3138443,28.1436714],[85.3137432,28.143649],[85.3137433,28.1436414],[85.3137128,28.143641],[85.3137132,28.1436139],[85.3136827,28.1436135],[85.313683,28.1435937],[85.3136877,28.1435969]]],[[[85.314165,28.1437535],[85.3142557,28.1438849],[85.3140131,28.1436996],[85.314165,28.1437535]]],[[[85.3152035,28.1442892],[85.3152018,28.1442905],[85.3151897,28.1442887],[85.3152035,28.1442892]]],[[[85.3189735,28.1490664],[85.3189429,28.1490661],[85.3189438,28.1490119],[85.3189743,28.1490123],[85.3189735,28.1490664]]],[[[85.3188793,28.1492277],[85.3188789,28.1492548],[85.3188483,28.1492544],[85.3188488,28.1492274],[85.3188793,28.1492277]]],[[[85.3350411,28.178666],[85.3350716,28.1786663],[85.3350708,28.1787205],[85.3349486,28.178719],[85.3349502,28.1786107],[85.3349808,28.1786111],[85.3349804,28.1786382],[85.3350415,28.1786389],[85.3350411,28.178666]]],[[[85.2311943,28.0879376],[85.2312393,28.088005],[85.231239,28.0880194],[85.2312085,28.088019],[85.2312072,28.0881002],[85.2312377,28.0881006],[85.2312368,28.0881547],[85.2312673,28.0881551],[85.2312669,28.0881822],[85.2312974,28.0881826],[85.2312965,28.0882367],[85.2313271,28.0882371],[85.2313266,28.0882642],[85.2313877,28.088265],[85.2313868,28.0883191],[85.2314173,28.0883195],[85.2314164,28.0883736],[85.2314469,28.088374],[85.2314465,28.0884011],[85.231477,28.0884015],[85.2314764,28.0884382],[85.2314939,28.0884477],[85.2315832,28.0885037],[85.231668,28.0885641],[85.2316988,28.0885891],[85.2317317,28.0886189],[85.2318625,28.0887485],[85.2319181,28.0887954],[85.2319465,28.0888153],[85.2320195,28.0888615],[85.2320556,28.0888892],[85.2320826,28.0889163],[85.2321366,28.0889811],[85.2321619,28.089008],[85.2321996,28.0890415],[85.2322428,28.0890753],[85.2322925,28.0891104],[85.2323557,28.0891518],[85.2324185,28.0891911],[85.232462,28.0892143],[85.2324836,28.0892232],[85.2325083,28.089231],[85.2326159,28.0892557],[85.232662,28.0892705],[85.2327232,28.0892984],[85.232747,28.0893113],[85.2327748,28.0893117],[85.2327746,28.0893263],[85.232787,28.0893331],[85.2327969,28.089339],[85.2328049,28.0893391],[85.2328048,28.0893438],[85.2328261,28.0893567],[85.2328558,28.0893768],[85.2328776,28.089395],[85.2328999,28.0894181],[85.2329632,28.0894981],[85.2329846,28.089523],[85.2330047,28.0895426],[85.2330246,28.0895581],[85.2330432,28.0895694],[85.2330454,28.0895704],[85.2330455,28.0895588],[85.2330761,28.0895592],[85.2330765,28.0895322],[85.233107,28.0895326],[85.2331061,28.0895867],[85.2331367,28.0895871],[85.2331365,28.0896003],[85.2331621,28.0896056],[85.2332655,28.0896201],[85.233308,28.0896275],[85.2333507,28.0896383],[85.2333872,28.0896519],[85.2334275,28.0896721],[85.2335016,28.089673],[85.2335012,28.0897001],[85.2335317,28.0897005],[85.2335315,28.089714],[85.2335923,28.0897269],[85.2335927,28.0897013],[85.2337148,28.0897028],[85.2337139,28.089757],[85.2338055,28.0897581],[85.2338053,28.0897731],[85.2339032,28.089767],[85.2340097,28.0897638],[85.2341198,28.0897637],[85.2342336,28.0897668],[85.234352,28.0897732],[85.2344758,28.0897828],[85.2346063,28.0897957],[85.234698,28.0898058],[85.2347563,28.0898144],[85.2348393,28.0898311],[85.2349182,28.0898513],[85.2349927,28.0898749],[85.2350626,28.089902],[85.2351079,28.0899245],[85.2351651,28.0899582],[85.2352134,28.0899395],[85.2354518,28.0899014],[85.235652,28.0898251],[85.2360239,28.0899682],[85.2362814,28.090197],[85.2365103,28.0902924],[85.2366724,28.0903496],[85.2370538,28.0904068],[85.2374734,28.0904545],[85.2377595,28.090464],[85.2380075,28.0904926],[85.2384556,28.0905308],[85.2388085,28.0905689],[85.2391422,28.090588],[85.2392376,28.0906261],[85.2393425,28.0907596],[85.2394283,28.0907692],[85.2396858,28.0907883],[85.2398956,28.0907596],[85.2402294,28.0908264],[85.240525,28.0908264],[85.2409732,28.0909122],[85.241059,28.0910553],[85.2412593,28.0910934],[85.2414977,28.0912555],[85.2418219,28.09137],[85.2420889,28.0914462],[85.2424703,28.0915416],[85.2429567,28.091637],[85.2433,28.0916656],[85.2436814,28.0916751],[85.2440629,28.0916751],[85.2444348,28.091637],[85.2445778,28.0915702],[85.2447971,28.0914749],[85.2449783,28.0914176],[85.2454456,28.0914176],[85.2457126,28.0914749],[85.245808,28.0915035],[85.2461703,28.0915607],[85.2465709,28.0915321],[85.2470953,28.0914653],[85.2474482,28.0915225],[85.2478964,28.0915035],[85.2482683,28.0914176],[85.2485544,28.0913795],[85.2489358,28.09137],[85.249241,28.0914176],[85.2495366,28.0915225],[85.2499752,28.0916846],[85.2505474,28.0917133],[85.2507,28.0917323],[85.2508907,28.09178],[85.2512435,28.0917133],[85.251377,28.0917609],[85.2517203,28.0918086],[85.2518394,28.0918761],[85.2519789,28.0919551],[85.2520064,28.0919707],[85.2521971,28.0921138],[85.252283,28.0922663],[85.2523879,28.0923617],[85.2526358,28.0924094],[85.2528742,28.092438],[85.2529886,28.0925047],[85.2532175,28.0926573],[85.2533892,28.0927145],[85.2537515,28.0928099],[85.2539709,28.0928767],[85.2543714,28.0930102],[85.2545915,28.0931059],[85.25481,28.0932009],[85.2550597,28.0932926],[85.2552773,28.0933725],[85.255735,28.0934774],[85.2560452,28.0937319],[85.256119,28.093742],[85.2561189,28.0937442],[85.2562322,28.0937553],[85.2563557,28.0937717],[85.2564532,28.0937874],[85.2565442,28.0938044],[85.2566301,28.0938232],[85.2567114,28.0938438],[85.2567889,28.0938664],[85.2568626,28.093891],[85.2569328,28.0939178],[85.2569996,28.0939468],[85.2571121,28.094003],[85.2571805,28.0940316],[85.2572579,28.0940579],[85.2573422,28.0940816],[85.2575133,28.0941241],[85.2575851,28.0941433],[85.2576595,28.0941663],[85.2577248,28.0941906],[85.2578686,28.0942531],[85.2579114,28.0942693],[85.2579566,28.0942842],[85.2580047,28.094298],[85.2580562,28.0943109],[85.2581675,28.0943335],[85.2583977,28.094372],[85.2584952,28.0943905],[85.2585962,28.0944146],[85.2586846,28.0944423],[85.2587529,28.0944404],[85.2587814,28.094442],[85.2588073,28.0944453],[85.2588315,28.0944506],[85.2588538,28.0944578],[85.2588746,28.0944669],[85.2588938,28.0944781],[85.2589291,28.0945024],[85.2589508,28.0945218],[85.2591113,28.0945838],[85.2591514,28.0945861],[85.2591835,28.0945898],[85.2592121,28.0945954],[85.2592377,28.0946032],[85.2592744,28.0946197],[85.2593266,28.0946501],[85.2593312,28.0946513],[85.2596168,28.0948161],[85.2600191,28.09498],[85.2604959,28.0952035],[85.2608535,28.0953078],[85.2612111,28.0953972],[85.2615687,28.0956654],[85.2617773,28.0959187],[85.2620306,28.0962316],[85.2624329,28.0963955],[85.262567,28.0965296],[85.2626713,28.0966339],[85.262865,28.0967382],[85.2632524,28.096917],[85.2635206,28.0970064],[85.2637292,28.097066],[85.2639974,28.0970958],[85.2644444,28.0971107],[85.2645935,28.0971405],[85.2647127,28.0972448],[85.2647149,28.0972518],[85.264817,28.0975726],[85.2648915,28.0979749],[85.2648727,28.0982561],[85.264873,28.0982565],[85.2649248,28.0983349],[85.2648319,28.0984964],[85.2647723,28.0986603],[85.2645935,28.0988689],[85.2645637,28.099003],[85.2648021,28.0991818],[85.264966,28.0993606],[85.2651299,28.0995543],[85.265264,28.0996735],[85.2655322,28.0998374],[85.2658004,28.0999864],[85.2659047,28.1000758],[85.266009,28.1001056],[85.2662325,28.100195],[85.2662921,28.1002397],[85.2665156,28.1004781],[85.2666944,28.1006569],[85.2668285,28.1007761],[85.2669626,28.1008953],[85.2670669,28.1010443],[85.2671712,28.1013572],[85.267201,28.1014168],[85.2675586,28.1014913],[85.2676927,28.1014317],[85.2679907,28.1013274],[85.268095,28.1013274],[85.2683334,28.1013274],[85.2686612,28.1013274],[85.2688549,28.1013721],[85.2690188,28.1015211],[85.2693466,28.1017595],[85.2695701,28.1020128],[85.2696893,28.1022214],[85.2698979,28.1024151],[85.2699277,28.1024449],[85.2702108,28.1026088],[85.2704343,28.1027429],[85.2706876,28.1028621],[85.2708962,28.1030111],[85.271075,28.103175],[85.2713134,28.1033389],[85.2715332,28.1034918],[85.2715326,28.1035324],[85.271502,28.103532],[85.2715003,28.1036403],[85.2715308,28.1036406],[85.27153,28.1036948],[85.271591,28.1036956],[85.2715906,28.1037226],[85.2716516,28.1037234],[85.2716512,28.1037505],[85.2717123,28.1037512],[85.2717118,28.1037783],[85.2717424,28.1037787],[85.2717419,28.1038058],[85.2717725,28.1038061],[85.2717716,28.1038603],[85.2717617,28.1038602],[85.2717684,28.1038731],[85.2717819,28.1039046],[85.2717964,28.1039491],[85.2718078,28.1039931],[85.271816,28.1040393],[85.2718209,28.1040874],[85.2718225,28.1041372],[85.2718209,28.1041884],[85.2718159,28.1042405],[85.2718078,28.1042929],[85.2717964,28.1043452],[85.2717942,28.1043545],[85.2717939,28.104375],[85.2718244,28.1043754],[85.271824,28.1044024],[85.271885,28.1044032],[85.2718846,28.1044303],[85.2719456,28.104431],[85.2719452,28.1044581],[85.2719757,28.1044585],[85.2719753,28.1044856],[85.2720058,28.1044859],[85.2720054,28.104513],[85.2720359,28.1045134],[85.272035,28.1045675],[85.2720656,28.1045679],[85.2720643,28.1046491],[85.2720948,28.1046495],[85.2720939,28.1047036],[85.2721245,28.104704],[85.2721244,28.1047109],[85.2721405,28.1047133],[85.2721816,28.1047221],[85.2722227,28.1047335],[85.2722633,28.1047474],[85.2723031,28.1047636],[85.2723419,28.1047821],[85.2723792,28.1048026],[85.2724149,28.1048251],[85.2724486,28.1048493],[85.2725006,28.1048933],[85.2725381,28.1049303],[85.272576,28.1049731],[85.2726152,28.1050228],[85.2726606,28.1050854],[85.2727027,28.1051426],[85.2727132,28.1051605],[85.2727207,28.1051774],[85.2727277,28.1052006],[85.2727327,28.1052254],[85.2727384,28.1052752],[85.272737,28.1052919],[85.2727327,28.1053055],[85.2727261,28.1053164],[85.2727367,28.1053615],[85.2727416,28.1053896],[85.2727435,28.1054217],[85.2727394,28.1055278],[85.2727399,28.105565],[85.2727441,28.1055995],[85.2727527,28.1056295],[85.2727708,28.1056709],[85.2727927,28.1057096],[85.2728054,28.1057266],[85.272822,28.1057436],[85.2728955,28.1058023],[85.2729231,28.1058298],[85.2729247,28.1058296],[85.2729543,28.1058278],[85.2729767,28.1058296],[85.2729995,28.1058366],[85.2730231,28.1058494],[85.2730467,28.1058675],[85.2730687,28.1058896],[85.2730773,28.1059014],[85.2730849,28.105916],[85.2731059,28.1059749],[85.2731168,28.1059976],[85.273127,28.1060124],[85.2731404,28.1060277],[85.2732057,28.1060906],[85.2732192,28.1061082],[85.2732288,28.1061257],[85.2732289,28.1061258],[85.273262,28.1061262],[85.2732615,28.1061533],[85.2734447,28.1061556],[85.2734438,28.1062098],[85.2734744,28.1062101],[85.2734735,28.1062643],[85.2735345,28.106265],[85.2735341,28.1062921],[85.2736257,28.1062933],[85.2736253,28.1063203],[85.2736558,28.1063207],[85.2736562,28.1062937],[85.2736868,28.106294],[85.2736863,28.1063211],[85.2737168,28.1063215],[85.2737164,28.1063486],[85.2737469,28.1063489],[85.2737465,28.106376],[85.273777,28.1063764],[85.2737766,28.1064035],[85.2738377,28.1064042],[85.2738372,28.1064313],[85.2738983,28.1064321],[85.2738978,28.1064591],[85.2739284,28.1064595],[85.2739279,28.1064866],[85.2739585,28.106487],[85.273958,28.1065141],[85.2740191,28.1065148],[85.2740187,28.1065419],[85.2743239,28.1065457],[85.2743235,28.1065728],[85.2744761,28.1065747],[85.2744766,28.1065477],[85.2745376,28.1065484],[85.2745372,28.1065755],[85.2745677,28.1065759],[85.2745673,28.1066029],[85.2746284,28.1066037],[85.2746275,28.1066578],[85.274658,28.1066582],[85.2746571,28.1067124],[85.2746877,28.1067128],[85.2746872,28.1067398],[85.2747178,28.1067402],[85.2747173,28.1067673],[85.2747479,28.1067677],[85.2747474,28.1067947],[85.274778,28.1067951],[85.2747775,28.1068222],[85.2748081,28.1068226],[85.2748072,28.1068767],[85.2748377,28.1068771],[85.2748373,28.1069042],[85.2748678,28.1069045],[85.2748674,28.1069316],[85.2749284,28.1069324],[85.274928,28.1069595],[85.2749585,28.1069598],[85.2749581,28.1069869],[85.2749886,28.1069873],[85.2749882,28.1070144],[85.2750187,28.1070147],[85.2750183,28.1070418],[85.2750488,28.1070422],[85.2750484,28.1070693],[85.2750789,28.1070696],[85.2750785,28.1070967],[85.275109,28.1070971],[85.2751094,28.10707],[85.27514,28.1070704],[85.2751395,28.1070975],[85.2752006,28.1070983],[85.2752002,28.1071253],[85.2752307,28.1071257],[85.2752298,28.1071798],[85.2752603,28.1071802],[85.2752589,28.1072689],[85.2753142,28.1073036],[85.2753613,28.107338],[85.2754254,28.107394],[85.2754461,28.1074077],[85.275471,28.1074204],[85.2755806,28.1074648],[85.2756027,28.1074769],[85.2756214,28.10749],[85.2756774,28.107542],[85.2756949,28.1075557],[85.275716,28.1075693],[85.2757965,28.1076124],[85.2758268,28.107631],[85.2758541,28.1076536],[85.2758735,28.1076781],[85.2758906,28.1077114],[85.2759041,28.1077489],[85.2759535,28.1077621],[85.2759895,28.1077771],[85.2760272,28.1077962],[85.2760674,28.1078199],[85.2761135,28.1078501],[85.2761646,28.1078869],[85.276209,28.1079232],[85.2762256,28.1079234],[85.2762253,28.1079379],[85.2762386,28.1079506],[85.2763167,28.1079516],[85.2763163,28.1079787],[85.2763468,28.1079791],[85.2763464,28.1080061],[85.2764074,28.1080069],[85.276407,28.108034],[85.2764375,28.1080343],[85.2764371,28.1080614],[85.2764982,28.1080622],[85.2764977,28.1080892],[85.2766198,28.1080908],[85.2766194,28.1081179],[85.2766805,28.1081186],[85.27668,28.1081457],[85.2767411,28.1081465],[85.2767407,28.1081735],[85.2768322,28.1081747],[85.2768327,28.1081476],[85.2768632,28.108148],[85.2768636,28.1081209],[85.2769247,28.1081217],[85.2769251,28.1080946],[85.2771083,28.1080969],[85.2771079,28.108124],[85.27723,28.1081255],[85.2772295,28.1081526],[85.2773517,28.1081541],[85.2773512,28.1081812],[85.2773818,28.1081816],[85.2773813,28.1082087],[85.2774118,28.108209],[85.2774114,28.1082361],[85.2774419,28.1082365],[85.2774415,28.1082636],[85.277472,28.1082639],[85.2774716,28.108291],[85.2775021,28.1082914],[85.2775013,28.1083455],[85.2775318,28.1083459],[85.2775314,28.108373],[85.2775619,28.1083734],[85.277561,28.1084275],[85.2775916,28.1084279],[85.2775907,28.108482],[85.2776212,28.1084824],[85.2776208,28.1085095],[85.2776513,28.1085099],[85.2776509,28.1085369],[85.2776814,28.1085373],[85.277681,28.1085644],[85.2777115,28.1085648],[85.2777098,28.108673],[85.2777403,28.1086734],[85.2777399,28.1087005],[85.2777704,28.1087009],[85.2777695,28.108755],[85.2778001,28.1087554],[85.2777975,28.1089178],[85.277828,28.1089182],[85.2778271,28.1089723],[85.2778882,28.1089731],[85.2778873,28.1090272],[85.2779179,28.1090276],[85.2779174,28.1090547],[85.2779785,28.1090555],[85.2779781,28.1090825],[85.2781307,28.1090845],[85.2781303,28.1091115],[85.2781608,28.1091119],[85.2781599,28.109166],[85.2781905,28.1091664],[85.27819,28.1091935],[85.2782511,28.1091943],[85.2782506,28.1092213],[85.2782812,28.1092217],[85.2782807,28.1092488],[85.2783113,28.1092492],[85.2783108,28.1092762],[85.2783414,28.1092766],[85.2783409,28.1093037],[85.2783715,28.1093041],[85.278371,28.1093311],[85.2784321,28.1093319],[85.2784317,28.109359],[85.2784927,28.1093597],[85.2784923,28.1093868],[85.2785228,28.1093872],[85.2785224,28.1094143],[85.2785529,28.1094146],[85.2785516,28.1094959],[85.2785821,28.1094962],[85.2785808,28.1095774],[85.2786419,28.1095782],[85.2786415,28.1096053],[85.278672,28.1096057],[85.2786716,28.1096327],[85.2787326,28.1096335],[85.2787322,28.1096606],[85.2787933,28.1096613],[85.2787928,28.1096884],[85.2788844,28.1096896],[85.278884,28.1097166],[85.2790977,28.1097193],[85.2790972,28.1097464],[85.2791278,28.1097468],[85.2791265,28.109828],[85.279157,28.1098284],[85.2791557,28.1099096],[85.2791862,28.1099099],[85.2791858,28.109937],[85.2792163,28.1099374],[85.2792137,28.1100998],[85.2792443,28.1101002],[85.2792434,28.1101543],[85.2792739,28.1101547],[85.2792731,28.1102089],[85.2793036,28.1102092],[85.2793032,28.1102363],[85.2793642,28.1102371],[85.2793634,28.1102912],[85.2793939,28.1102916],[85.2793935,28.1103187],[85.279424,28.110319],[85.2794223,28.1104273],[85.2794528,28.1104277],[85.2794524,28.1104548],[85.2794829,28.1104552],[85.2794825,28.1104822],[85.279513,28.1104826],[85.2795126,28.1105097],[85.2796041,28.1105108],[85.2796037,28.1105379],[85.2796648,28.1105387],[85.2796643,28.1105657],[85.2796949,28.1105661],[85.2796944,28.1105932],[85.2796028,28.110592],[85.2796011,28.1107003],[85.2796316,28.1107007],[85.2796312,28.1107278],[85.2796617,28.1107281],[85.2796613,28.1107552],[85.2796918,28.1107556],[85.2796914,28.1107827],[85.2797219,28.1107831],[85.2797215,28.1108101],[85.2797826,28.1108109],[85.2797821,28.110838],[85.2798127,28.1108383],[85.2798118,28.1108925],[85.2798423,28.1108929],[85.2798419,28.1109199],[85.279903,28.1109207],[85.2799025,28.1109478],[85.2799636,28.1109485],[85.2799631,28.1109756],[85.2800242,28.1109764],[85.2800238,28.1110034],[85.2800543,28.1110038],[85.2800539,28.1110309],[85.2800844,28.1110313],[85.280084,28.1110583],[85.280145,28.1110591],[85.2801429,28.1111945],[85.2801123,28.1111941],[85.2801115,28.1112482],[85.2800504,28.1112474],[85.2800496,28.1113016],[85.2801411,28.1113027],[85.2801407,28.1113298],[85.2802018,28.1113306],[85.2802009,28.1113847],[85.2802314,28.1113851],[85.280231,28.1114122],[85.2802615,28.1114125],[85.2802611,28.1114396],[85.2802916,28.11144],[85.2802908,28.1114941],[85.2803518,28.1114949],[85.2803514,28.111522],[85.2804125,28.1115227],[85.280412,28.1115498],[85.2804731,28.1115506],[85.2804735,28.1115235],[85.2805956,28.111525],[85.2805952,28.1115521],[85.2806563,28.1115529],[85.2806554,28.111607],[85.2806859,28.1116074],[85.2806851,28.1116615],[85.2807156,28.1116619],[85.2807134,28.1117973],[85.280744,28.1117976],[85.2807435,28.1118247],[85.2807741,28.1118251],[85.2807736,28.1118522],[85.2808347,28.1118529],[85.2808351,28.1118259],[85.2808656,28.1118262],[85.2808658,28.1118181],[85.2808908,28.1118271],[85.2809828,28.1118391],[85.2810228,28.1118832],[85.2810548,28.1119312],[85.2810668,28.1119432],[85.2811628,28.1119712],[85.2813109,28.1120392],[85.2813949,28.1120592],[85.2814709,28.1120992],[85.2815069,28.1121232],[85.281575,28.1121752],[85.281639,28.1122232],[85.281763,28.1123353],[85.281839,28.1124113],[85.281935,28.1125433],[85.2820111,28.1126714],[85.2820551,28.1127474],[85.2821631,28.1129114],[85.2824072,28.1130915],[85.2825872,28.1132155],[85.2827152,28.1133235],[85.2828393,28.1134636],[85.2829433,28.1136036],[85.2830353,28.1137516],[85.2830553,28.1137957],[85.2831114,28.1138717],[85.2831314,28.1139317],[85.2831314,28.1139957],[85.2831314,28.1140717],[85.2831634,28.1141477],[85.2832154,28.1142438],[85.2832954,28.1143838],[85.2833354,28.1144478],[85.2833914,28.1145318],[85.2834674,28.1145799],[85.2836001,28.1146055],[85.2835999,28.1146221],[85.2836304,28.1146225],[85.28363,28.1146496],[85.2836605,28.1146499],[85.2836596,28.1147041],[85.2836902,28.1147045],[85.283688,28.1148398],[85.2837185,28.1148402],[85.283716,28.1150026],[85.2837465,28.115003],[85.2837456,28.1150571],[85.2837762,28.1150575],[85.2837757,28.1150846],[85.28402,28.1150876],[85.2840195,28.1151147],[85.2840806,28.1151155],[85.284081,28.1150884],[85.2841421,28.1150892],[85.2841417,28.1151162],[85.2842027,28.115117],[85.2842023,28.1151441],[85.2842328,28.1151444],[85.2842324,28.1151715],[85.2842629,28.1151719],[85.2842625,28.115199],[85.284293,28.1151994],[85.2842926,28.1152264],[85.2843537,28.1152272],[85.2843532,28.1152543],[85.2843838,28.1152546],[85.2843833,28.1152817],[85.2844139,28.1152821],[85.2844134,28.1153092],[85.284444,28.1153095],[85.2844435,28.1153366],[85.2844741,28.115337],[85.2844736,28.1153641],[85.2845042,28.1153644],[85.2845037,28.1153915],[85.2844732,28.1153911],[85.2844719,28.1154723],[85.2845024,28.1154727],[85.2845007,28.115581],[85.2845312,28.1155814],[85.2845291,28.1157167],[85.2845596,28.1157171],[85.2845587,28.1157712],[85.2845282,28.1157709],[85.2845274,28.115825],[85.2845579,28.1158254],[85.2845575,28.1158525],[85.2846185,28.1158532],[85.2846177,28.1159074],[85.2846482,28.1159077],[85.2846473,28.1159619],[85.2846779,28.1159623],[85.2846774,28.1159893],[85.284708,28.1159897],[85.2847075,28.1160168],[85.2847381,28.1160172],[85.2847376,28.1160442],[85.2847682,28.1160446],[85.2847677,28.1160717],[85.2848898,28.1160732],[85.2848894,28.1161003],[85.2849199,28.1161007],[85.2849195,28.1161277],[85.2849806,28.1161285],[85.2849797,28.1161826],[85.2850102,28.116183],[85.2850098,28.1162101],[85.2850403,28.1162105],[85.2850395,28.1162646],[85.28507,28.116265],[85.2850687,28.1163462],[85.2850993,28.1163466],[85.2850988,28.1163736],[85.2851294,28.116374],[85.2851289,28.1164011],[85.2851595,28.1164015],[85.285159,28.1164285],[85.2851896,28.1164289],[85.2851891,28.116456],[85.2852197,28.1164564],[85.2852192,28.1164834],[85.2852803,28.1164842],[85.2852799,28.1165113],[85.2853104,28.1165117],[85.2853108,28.1164846],[85.2853414,28.116485],[85.2853405,28.1165391],[85.285371,28.1165395],[85.2853706,28.1165666],[85.2854011,28.1165669],[85.2854007,28.116594],[85.2854312,28.1165944],[85.2854308,28.1166215],[85.2854613,28.1166218],[85.2854609,28.1166489],[85.285522,28.1166497],[85.2855215,28.1166768],[85.2856131,28.1166779],[85.2856135,28.1166508],[85.2856441,28.1166512],[85.2856436,28.1166783],[85.2856742,28.1166787],[85.2856737,28.1167057],[85.2857043,28.1167061],[85.2857038,28.1167332],[85.2857649,28.1167339],[85.2857645,28.116761],[85.2858255,28.1167618],[85.2858247,28.1168159],[85.2858552,28.1168163],[85.2858548,28.1168434],[85.2858853,28.1168437],[85.2858849,28.1168708],[85.2859154,28.1168712],[85.285915,28.1168983],[85.2859455,28.1168987],[85.2859451,28.1169257],[85.2859756,28.1169261],[85.2859752,28.1169532],[85.2861889,28.1169558],[85.2861885,28.1169829],[85.2862495,28.1169837],[85.2862491,28.1170107],[85.2862796,28.1170111],[85.2862792,28.1170382],[85.2863097,28.1170386],[85.2863084,28.1171198],[85.2863695,28.1171205],[85.2863691,28.1171476],[85.2863996,28.117148],[85.2863992,28.1171751],[85.2864297,28.1171754],[85.2864293,28.1172025],[85.2864903,28.1172033],[85.2864899,28.1172304],[85.286551,28.1172311],[85.2865505,28.1172582],[85.2865883,28.1172587],[85.2866003,28.1172766],[85.2866483,28.1173326],[85.2867403,28.1174006],[85.2869043,28.1175006],[85.2870604,28.1175846],[85.2871844,28.1176206],[85.2874205,28.1176607],[85.2874565,28.1176767],[85.2875205,28.1177207],[85.2875605,28.1177807],[85.2876285,28.1179007],[85.2876845,28.1179367],[85.2877486,28.1179327],[85.2878406,28.1178927],[85.2879086,28.1179087],[85.2879486,28.1179407],[85.2880126,28.1179927],[85.2880766,28.1180128],[85.2882207,28.1180528],[85.2883247,28.1180368],[85.2883807,28.1180288],[85.2884407,28.1180528],[85.2885008,28.1181528],[85.2885608,28.1182528],[85.2885968,28.1183368],[85.2886368,28.1184129],[85.2887168,28.1184849],[85.2888008,28.1185809],[85.2888728,28.1186569],[85.2889049,28.1187129],[85.2889369,28.118813],[85.2889089,28.118837],[85.2888728,28.118841],[85.2888288,28.118885],[85.2888328,28.118917],[85.2888749,28.1189591],[85.2888735,28.1190471],[85.288904,28.1190474],[85.2889027,28.1191286],[85.2889333,28.119129],[85.2889329,28.1191561],[85.2889634,28.1191565],[85.288963,28.1191835],[85.2890545,28.1191847],[85.2890541,28.1192118],[85.2891152,28.1192125],[85.2891148,28.1192396],[85.2891453,28.11924],[85.2891431,28.1193753],[85.2891737,28.1193757],[85.2891728,28.1194298],[85.2893255,28.1194317],[85.2893256,28.1194253],[85.2895166,28.1194278],[85.2895275,28.1194343],[85.289553,28.1194491],[85.289617,28.1195011],[85.2897291,28.1195411],[85.2897691,28.1195692],[85.2898171,28.1196012],[85.2898571,28.1196292],[85.2899131,28.1196692],[85.2899971,28.1197132],[85.2900131,28.1197252],[85.2900451,28.1197692],[85.2900452,28.1198052],[85.2900852,28.1198732],[85.290142,28.1199376],[85.2901419,28.119939],[85.2901452,28.1199413],[85.2901641,28.1199566],[85.2901722,28.1199567],[85.2901721,28.1199631],[85.2901825,28.1199715],[85.290195,28.1199841],[85.2902023,28.1199842],[85.2902022,28.1199914],[85.2902197,28.120009],[85.2902586,28.1200555],[85.2903361,28.1201582],[85.2903709,28.1202013],[85.2903723,28.1202029],[85.2903821,28.120203],[85.2903819,28.1202131],[85.2903979,28.1202303],[85.2904122,28.1202305],[85.2904119,28.120245],[85.2904266,28.1202577],[85.2904423,28.1202579],[85.2904421,28.1202711],[85.2904493,28.1202773],[85.2905166,28.1203219],[85.2905413,28.1203414],[85.2905572,28.1203588],[85.2905906,28.1204033],[85.2906045,28.1204168],[85.2906443,28.1204283],[85.2907122,28.1204505],[85.2907735,28.1204733],[85.2908294,28.1204974],[85.2908819,28.1205235],[85.2909377,28.1205548],[85.2909981,28.120592],[85.2910734,28.1206414],[85.2911109,28.1206679],[85.2911942,28.1207305],[85.2912335,28.1207575],[85.2912808,28.1207853],[85.2913952,28.1208447],[85.2914455,28.1208735],[85.2914793,28.1208959],[85.2915158,28.1209227],[85.2916643,28.1210411],[85.2916979,28.1210652],[85.2917296,28.1210855],[85.2917686,28.1211073],[85.2918604,28.1211535],[85.2919016,28.1211776],[85.2919636,28.1212184],[85.2920055,28.121249],[85.2920408,28.1212792],[85.2920692,28.1213091],[85.2920861,28.1213158],[85.2921177,28.1213602],[85.292239,28.1214782],[85.2923521,28.1215699],[85.2924176,28.1216601],[85.2925602,28.1219092],[85.2926766,28.1220403],[85.2927552,28.1221222],[85.2928536,28.1221534],[85.293219,28.1224959],[85.2932747,28.1225532],[85.2933337,28.1225893],[85.2933927,28.1226089],[85.2934567,28.1226057],[85.2934894,28.1226122],[85.2936009,28.1226401],[85.2936681,28.1226499],[85.2937287,28.1226696],[85.2937648,28.1226925],[85.2938467,28.1227679],[85.2939188,28.1228335],[85.294004,28.1229252],[85.2940483,28.1229842],[85.2940696,28.1230055],[85.2941319,28.1230072],[85.2941777,28.1230055],[85.2942433,28.1230105],[85.2942875,28.1230268],[85.294317,28.1230449],[85.2943728,28.1231268],[85.2943875,28.1231399],[85.29444,28.123153],[85.294494,28.1231612],[85.2945416,28.1231776],[85.2945711,28.1232104],[85.294584,28.1232248],[85.2945579,28.1233972],[85.2945858,28.1235349],[85.2946299,28.1235769],[85.2946448,28.1236021],[85.2946743,28.1236349],[85.2947071,28.1236562],[85.2947333,28.1236742],[85.2947644,28.1236889],[85.2948071,28.1237053],[85.2948939,28.1237365],[85.2949191,28.1237353],[85.2949365,28.123743],[85.295043,28.1237758],[85.2951741,28.123843],[85.2952872,28.1239167],[85.29542,28.1240151],[85.2955609,28.1241003],[85.2956724,28.1242218],[85.2957504,28.1242605],[85.2958321,28.1243067],[85.2959192,28.1243613],[85.2960186,28.1244286],[85.2961202,28.1245007],[85.2961956,28.1245582],[85.2962607,28.1246133],[85.2962859,28.1246375],[85.2965393,28.1246908],[85.2970012,28.124959],[85.2971949,28.1251229],[85.297627,28.1252719],[85.2977164,28.1253315],[85.2978803,28.1256891],[85.2980293,28.1260765],[85.2981692,28.1262894],[85.2982298,28.1263452],[85.298317,28.1264191],[85.2985574,28.1266144],[85.2986278,28.1266758],[85.2986887,28.1267332],[85.2987494,28.1267964],[85.2989027,28.1269663],[85.2989499,28.1270137],[85.2989945,28.127054],[85.2990257,28.1270788],[85.2990622,28.1271046],[85.2991852,28.1271827],[85.299228,28.1272115],[85.2992671,28.1272411],[85.2993003,28.1272703],[85.2993719,28.1273414],[85.2994232,28.1273994],[85.2994638,28.1274548],[85.2994802,28.127482],[85.2994942,28.1275089],[85.2995062,28.1275393],[85.2995277,28.1276086],[85.299539,28.1276357],[85.2995552,28.1276635],[85.299577,28.1276916],[85.2996045,28.1277207],[85.2996907,28.1278037],[85.2997147,28.127832],[85.2997329,28.1278595],[85.2997548,28.1279023],[85.2997851,28.1279714],[85.2997894,28.1279815],[85.2998617,28.1280573],[85.2999345,28.128142],[85.3000076,28.1282355],[85.3000811,28.1283378],[85.3001175,28.1283382],[85.3001167,28.1283904],[85.300118,28.1283924],[85.3001778,28.1283931],[85.3001773,28.1284202],[85.3002244,28.1284208],[85.3002699,28.1285531],[85.3005384,28.1290006],[85.3009486,28.1294258],[85.301329,28.1297987],[85.3015602,28.1303133],[85.3018585,28.1309324],[85.3019695,28.1311674],[85.3019928,28.1311785],[85.3020223,28.1311999],[85.3020507,28.1312298],[85.3020768,28.1312655],[85.302146,28.131372],[85.30217,28.1314015],[85.3021942,28.1314246],[85.3022362,28.1314568],[85.3022828,28.1314875],[85.3023336,28.1315167],[85.3023881,28.131544],[85.3024285,28.1315604],[85.302475,28.1315746],[85.3025229,28.1315861],[85.3026523,28.131613],[85.3026903,28.1316228],[85.3027237,28.1316335],[85.3028434,28.1316754],[85.302914,28.1317036],[85.3029766,28.1317344],[85.3030295,28.1317677],[85.3030893,28.1318141],[85.3031132,28.1318358],[85.3031339,28.1318572],[85.3031581,28.1318875],[85.3031814,28.1319243],[85.3032019,28.1319624],[85.3032458,28.1320511],[85.3032928,28.1321413],[85.3033196,28.1321968],[85.3033415,28.132249],[85.3033577,28.1322973],[85.3033694,28.1323527],[85.3033833,28.1324898],[85.3033885,28.1325223],[85.303395,28.1325509],[85.3034179,28.1326246],[85.3034472,28.1327],[85.3034796,28.1327706],[85.3035139,28.132835],[85.3035503,28.1328935],[85.3035889,28.1329462],[85.3036369,28.133002],[85.3036859,28.1330506],[85.3037068,28.1330674],[85.3037321,28.1330838],[85.3038216,28.1331307],[85.3038527,28.1331491],[85.3038805,28.13317],[85.3039022,28.1331923],[85.3039324,28.133234],[85.3039544,28.1332743],[85.3039629,28.1332968],[85.3039699,28.133323],[85.3039842,28.1334086],[85.3039904,28.1334567],[85.303993,28.1335102],[85.3039924,28.1335704],[85.3039852,28.1337497],[85.3039867,28.1338061],[85.3039917,28.1338561],[85.304017,28.1340564],[85.3040274,28.1341137],[85.3040397,28.1341634],[85.3040561,28.1342123],[85.3040758,28.1342554],[85.304099,28.1342932],[85.3041259,28.134326],[85.3041386,28.1343371],[85.3041777,28.1343657],[85.3041871,28.1343756],[85.304193,28.1343856],[85.3042,28.1344089],[85.3042025,28.1344334],[85.3042013,28.1344433],[85.3044075,28.1346066],[85.3047454,28.1349446],[85.3047473,28.1349465],[85.304746,28.1350289],[85.3047765,28.1350292],[85.3047761,28.1350563],[85.3048067,28.1350567],[85.3048062,28.1350837],[85.3048368,28.1350841],[85.3048359,28.1351383],[85.3048665,28.1351386],[85.304866,28.1351657],[85.3048966,28.1351661],[85.3048957,28.1352202],[85.3049262,28.1352206],[85.3049258,28.1352477],[85.3049564,28.1352481],[85.3049551,28.1353293],[85.3049856,28.1353296],[85.3049843,28.1354108],[85.3050149,28.1354112],[85.3050145,28.1354383],[85.3051366,28.1354398],[85.3051362,28.1354669],[85.3051972,28.1354676],[85.3051964,28.1355218],[85.3052269,28.1355222],[85.3052252,28.1356304],[85.3052558,28.1356308],[85.3052553,28.1356579],[85.3052859,28.1356583],[85.3052854,28.1356853],[85.3053465,28.1356861],[85.3053461,28.1357131],[85.3053766,28.1357135],[85.3053762,28.1357406],[85.3053457,28.1357402],[85.305344,28.1358485],[85.3053745,28.1358489],[85.3053707,28.1360925],[85.3054012,28.1360929],[85.3054004,28.136147],[85.3054309,28.1361474],[85.3054271,28.136391],[85.3054576,28.1363914],[85.3054572,28.1364185],[85.3054877,28.1364188],[85.3054873,28.1364459],[85.3055178,28.1364463],[85.3055165,28.1365275],[85.3055471,28.1365279],[85.3055462,28.136582],[85.3055157,28.1365816],[85.3055136,28.136717],[85.3055441,28.1367174],[85.3055437,28.1367444],[85.3055742,28.1367448],[85.3055738,28.1367719],[85.3056348,28.1367726],[85.3056344,28.1367997],[85.305665,28.1368001],[85.3056645,28.1368271],[85.3057256,28.1368279],[85.3057252,28.136855],[85.3057557,28.1368554],[85.3057553,28.1368824],[85.3057858,28.1368828],[85.3057854,28.1369099],[85.3058159,28.1369102],[85.3058155,28.1369373],[85.3058766,28.1369381],[85.3058762,28.1369651],[85.3059067,28.1369655],[85.3059033,28.1371821],[85.3059338,28.1371824],[85.3059334,28.1372095],[85.306025,28.1372107],[85.3060254,28.1371836],[85.3060865,28.1371843],[85.3060869,28.1371573],[85.306148,28.137158],[85.3061484,28.137131],[85.306179,28.1371313],[85.3061786,28.1371584],[85.3062091,28.1371588],[85.3062087,28.1371858],[85.3062697,28.1371866],[85.3062672,28.137349],[85.3062977,28.1373494],[85.3062969,28.1374035],[85.3063274,28.1374039],[85.3063257,28.1375122],[85.3062341,28.1375111],[85.3062307,28.1377276],[85.3062612,28.137728],[85.3062604,28.1377821],[85.3062909,28.1377825],[85.3062905,28.1378096],[85.3063821,28.1378107],[85.3063825,28.1377836],[85.3064436,28.1377844],[85.306444,28.1377573],[85.3064746,28.1377577],[85.3064741,28.1377848],[85.3065047,28.1377852],[85.3065042,28.1378122],[85.3065348,28.1378126],[85.3065344,28.1378397],[85.3065649,28.13784],[85.3065636,28.1379213],[85.3065942,28.1379216],[85.3065933,28.1379758],[85.3066238,28.1379761],[85.3066226,28.1380574],[85.3066531,28.1380577],[85.3066514,28.138166],[85.3066819,28.1381664],[85.3066798,28.1383017],[85.3067103,28.1383021],[85.3067099,28.1383292],[85.3067405,28.1383296],[85.30674,28.1383566],[85.3067706,28.138357],[85.3067672,28.1385736],[85.3067366,28.1385732],[85.3067379,28.138492],[85.3067074,28.1384916],[85.3067069,28.1385187],[85.3066459,28.1385179],[85.306645,28.1385721],[85.3066145,28.1385717],[85.306614,28.1385987],[85.3066446,28.1385991],[85.3066429,28.1387074],[85.3066734,28.1387078],[85.3066713,28.1388431],[85.3066408,28.1388427],[85.3066399,28.1388969],[85.3066704,28.1388973],[85.30667,28.1389243],[85.3067006,28.1389247],[85.3067001,28.1389518],[85.3067307,28.1389522],[85.3067298,28.1390063],[85.3067603,28.1390067],[85.3067595,28.1390608],[85.30679,28.1390612],[85.3067892,28.1391153],[85.3068197,28.1391157],[85.3068189,28.1391698],[85.3068494,28.1391702],[85.3068486,28.1392244],[85.3068791,28.1392247],[85.3068787,28.1392518],[85.3069092,28.1392522],[85.3069084,28.1393063],[85.3069389,28.1393067],[85.3069372,28.139415],[85.3069677,28.1394154],[85.3069673,28.1394424],[85.3070284,28.1394432],[85.307028,28.1394703],[85.3072112,28.1394725],[85.3072116,28.1394454],[85.3072421,28.1394458],[85.3072426,28.1394188],[85.3073342,28.1394199],[85.3073346,28.1393928],[85.3073651,28.1393932],[85.3073647,28.1394203],[85.3074258,28.139421],[85.3074262,28.1393939],[85.3075178,28.1393951],[85.3075174,28.1394221],[85.3075785,28.1394229],[85.3075781,28.13945],[85.3076391,28.1394507],[85.3076387,28.1394778],[85.3076692,28.1394782],[85.3076688,28.1395052],[85.3076994,28.1395056],[85.3076989,28.1395327],[85.30776,28.1395334],[85.3077596,28.1395605],[85.3077901,28.1395609],[85.3077897,28.139588],[85.3078508,28.1395887],[85.3078499,28.1396429],[85.3078805,28.1396432],[85.30788,28.1396703],[85.3079411,28.1396711],[85.3079415,28.139644],[85.3081248,28.1396462],[85.3081243,28.1396733],[85.3081549,28.1396737],[85.3081545,28.1397008],[85.3082461,28.1397019],[85.3082456,28.139729],[85.3083373,28.1397301],[85.3083368,28.1397572],[85.3083674,28.1397575],[85.3083669,28.1397846],[85.3083975,28.139785],[85.3083966,28.1398391],[85.3084577,28.1398399],[85.3084569,28.139894],[85.3085179,28.1398948],[85.3085175,28.1399218],[85.308548,28.1399222],[85.3085476,28.1399493],[85.3086392,28.1399504],[85.3086397,28.1399234],[85.3086702,28.1399237],[85.3086719,28.1398155],[85.3087024,28.1398158],[85.3087029,28.1397888],[85.3087334,28.1397891],[85.3087338,28.1397621],[85.3088865,28.139764],[85.3088869,28.1397369],[85.3089175,28.1397373],[85.3089183,28.1396831],[85.3089489,28.1396835],[85.3089493,28.1396564],[85.3089798,28.1396568],[85.3089803,28.1396297],[85.3090413,28.1396305],[85.3090418,28.1396034],[85.3091334,28.1396045],[85.3091329,28.1396316],[85.3091635,28.139632],[85.3091622,28.1397132],[85.3091317,28.1397128],[85.3091304,28.139794],[85.3091609,28.1397944],[85.3091601,28.1398486],[85.3091762,28.1398488],[85.3091753,28.1398527],[85.3091977,28.139987],[85.309223,28.1400522],[85.3092051,28.1400765],[85.3091828,28.1401734],[85.3091529,28.1402704],[85.3091977,28.1404046],[85.3092573,28.1404718],[85.3094214,28.1405314],[85.3095333,28.1406209],[85.3096228,28.1407104],[85.3096825,28.1407403],[85.3098093,28.1407403],[85.309951,28.1407104],[85.3105924,28.1406135],[85.3106446,28.1406508],[85.3107117,28.1406508],[85.3107416,28.140606],[85.310756,28.1405868],[85.3108385,28.1405538],[85.3109131,28.140524],[85.3110623,28.140524],[85.3114128,28.140606],[85.3115769,28.1406806],[85.3116888,28.1408074],[85.3118454,28.1409416],[85.3118827,28.1410237],[85.3119722,28.1410834],[85.3122034,28.1412102],[85.3123675,28.1413444],[85.3125391,28.1415532],[85.3126137,28.1416651],[85.3126808,28.1418068],[85.3127181,28.1418889],[85.3129344,28.1422096],[85.3129928,28.1422914],[85.3130181,28.1423599],[85.3130388,28.1424632],[85.3131059,28.1426795],[85.3131358,28.1428137],[85.3131283,28.1429405],[85.313091,28.1430897],[85.3131432,28.1432016],[85.3132849,28.1433806],[85.3134341,28.1435297],[85.3135758,28.1436342],[85.3137026,28.1436938],[85.313788,28.1436896],[85.3138948,28.1437212],[85.3139786,28.143746],[85.3140828,28.1438016],[85.3140962,28.1438115],[85.3141371,28.1438524],[85.3141426,28.1438579],[85.3141464,28.1438629],[85.3141671,28.1438905],[85.3141874,28.1439176],[85.314197,28.1439304],[85.3142079,28.1439449],[85.3142269,28.1439703],[85.3142284,28.1439722],[85.3142321,28.1439772],[85.3143067,28.1440593],[85.3143168,28.1440815],[85.3143169,28.1440816],[85.314344,28.1441413],[85.3143463,28.1441482],[85.3143513,28.1441633],[85.3143766,28.1441636],[85.3143758,28.1442177],[85.3144368,28.1442185],[85.3144364,28.1442455],[85.314467,28.1442459],[85.3144665,28.144273],[85.3146498,28.1442752],[85.3146502,28.1442482],[85.3146785,28.1442485],[85.3146807,28.1442497],[85.3146803,28.1442756],[85.3147414,28.1442764],[85.314741,28.1443034],[85.3147715,28.1443038],[85.3147707,28.1443579],[85.3148317,28.1443587],[85.3148313,28.1443858],[85.3148924,28.1443865],[85.314892,28.1444136],[85.314953,28.1444143],[85.3149526,28.1444414],[85.3150748,28.1444429],[85.3150744,28.14447],[85.315166,28.1444711],[85.3151664,28.144444],[85.3152275,28.1444448],[85.3152283,28.1443906],[85.3152589,28.144391],[85.3152601,28.1443098],[85.3152907,28.1443102],[85.315291,28.1442918],[85.3152987,28.1442905],[85.3154114,28.1442196],[85.3155225,28.144298],[85.3155821,28.1443427],[85.3157015,28.1444173],[85.315791,28.1444993],[85.3158656,28.1445515],[85.3160446,28.1446261],[85.3161788,28.1446485],[85.3162758,28.1446783],[85.3165443,28.1448201],[85.3165654,28.1448359],[85.3165713,28.1448403],[85.3165955,28.1448585],[85.3166039,28.1448648],[85.3166215,28.144868],[85.3166259,28.1448689],[85.3166251,28.1449222],[85.3166556,28.1449226],[85.3166552,28.1449497],[85.3166857,28.1449501],[85.3166853,28.1449771],[85.3167464,28.1449779],[85.316746,28.1450049],[85.3167765,28.1450053],[85.3167761,28.1450324],[85.3168677,28.1450335],[85.3168673,28.1450606],[85.3168978,28.145061],[85.3168974,28.145088],[85.3169279,28.1450884],[85.3169275,28.1451155],[85.3169581,28.1451158],[85.3169576,28.1451429],[85.3169882,28.1451433],[85.3169878,28.1451704],[85.3170183,28.1451707],[85.3170179,28.1451978],[85.31714,28.1451993],[85.3171396,28.1452264],[85.3171701,28.1452268],[85.3171693,28.1452809],[85.3171998,28.1452813],[85.3171994,28.1453083],[85.31723,28.1453087],[85.3172291,28.1453629],[85.3173818,28.1453647],[85.3173805,28.1454459],[85.3174111,28.1454463],[85.3174102,28.1455005],[85.3174408,28.1455008],[85.3174399,28.145555],[85.3175621,28.1455565],[85.3175617,28.1455835],[85.3175922,28.1455839],[85.3175914,28.145638],[85.3175303,28.1456373],[85.3175307,28.1456102],[85.3174696,28.1456095],[85.31747,28.1455824],[85.317409,28.1455817],[85.3174085,28.1456087],[85.317378,28.1456084],[85.3173772,28.1456625],[85.3174077,28.1456629],[85.3174064,28.1457441],[85.317437,28.1457445],[85.3174361,28.1457986],[85.3174667,28.145799],[85.3174658,28.1458531],[85.3174964,28.1458535],[85.3174955,28.1459076],[85.317526,28.145908],[85.3175256,28.1459351],[85.3175867,28.1459358],[85.3175863,28.1459629],[85.3176474,28.1459636],[85.3176478,28.1459366],[85.3178005,28.1459384],[85.3178001,28.1459655],[85.3178306,28.1459659],[85.3178302,28.145993],[85.3178607,28.1459933],[85.3178586,28.1461287],[85.3178891,28.1461291],[85.3178887,28.1461561],[85.3179193,28.1461565],[85.3179188,28.1461836],[85.3180105,28.1461847],[85.31801,28.1462118],[85.3180406,28.1462121],[85.318041,28.1461851],[85.3181326,28.1461862],[85.318133,28.1461591],[85.3181941,28.1461599],[85.3181937,28.1461869],[85.3183464,28.1461888],[85.3183468,28.1461617],[85.3184995,28.1461636],[85.3184991,28.1461907],[85.3185296,28.1461911],[85.3185292,28.1462181],[85.3185598,28.1462185],[85.3185585,28.1462997],[85.318589,28.1463001],[85.3185882,28.1463542],[85.3186187,28.1463546],[85.3186183,28.1463817],[85.3186488,28.1463821],[85.3186484,28.1464091],[85.31874,28.1464102],[85.3187396,28.1464373],[85.3188618,28.1464388],[85.3188613,28.1464659],[85.3188919,28.1464663],[85.3188915,28.1464933],[85.318922,28.1464937],[85.3189212,28.1465478],[85.3189517,28.1465482],[85.3189513,28.1465753],[85.3190124,28.146576],[85.3190119,28.1466031],[85.3190425,28.1466035],[85.319042,28.1466305],[85.3191031,28.1466313],[85.3191023,28.1466854],[85.3191634,28.1466862],[85.3191629,28.1467133],[85.3191935,28.1467136],[85.3191931,28.1467407],[85.3192541,28.1467415],[85.3192537,28.1467685],[85.3192843,28.1467689],[85.3192838,28.146796],[85.3193144,28.1467963],[85.319314,28.1468234],[85.3193445,28.1468238],[85.3193441,28.1468509],[85.3194051,28.1468516],[85.3194047,28.1468787],[85.3194353,28.146879],[85.3194344,28.1469332],[85.319465,28.1469336],[85.3194645,28.1469606],[85.3194951,28.146961],[85.3194942,28.1470151],[85.3195859,28.1470163],[85.3195871,28.1469351],[85.3196482,28.1469358],[85.3196478,28.1469629],[85.3196783,28.1469633],[85.3196779,28.1469903],[85.3197084,28.1469907],[85.319708,28.1470178],[85.3197386,28.1470181],[85.3197377,28.1470723],[85.3197682,28.1470727],[85.3197674,28.1471268],[85.3197979,28.1471272],[85.3197971,28.1471813],[85.3198276,28.1471817],[85.3198272,28.1472088],[85.3198578,28.1472091],[85.3198573,28.1472362],[85.3198879,28.1472366],[85.3198875,28.1472636],[85.3199791,28.1472648],[85.3199786,28.1472918],[85.3200703,28.147293],[85.3200698,28.14732],[85.3201004,28.1473204],[85.3201,28.1473475],[85.3201305,28.1473478],[85.3201301,28.1473749],[85.3201606,28.1473753],[85.3201602,28.1474024],[85.3201907,28.1474027],[85.3201903,28.1474298],[85.3202209,28.1474302],[85.3202204,28.1474572],[85.320251,28.1474576],[85.3202506,28.1474847],[85.3202811,28.1474851],[85.3202807,28.1475121],[85.3203112,28.1475125],[85.3203108,28.1475396],[85.3203413,28.14754],[85.3203409,28.147567],[85.320402,28.1475678],[85.3204016,28.1475948],[85.3204626,28.1475956],[85.3204622,28.1476227],[85.3204928,28.147623],[85.3204923,28.1476501],[85.3205229,28.1476505],[85.3205216,28.1477317],[85.3205522,28.1477321],[85.3205517,28.1477591],[85.3205823,28.1477595],[85.3205819,28.1477866],[85.3207346,28.1477884],[85.320735,28.1477614],[85.3207961,28.1477621],[85.3207956,28.1477892],[85.3208262,28.1477896],[85.3208258,28.1478166],[85.3208563,28.147817],[85.3208554,28.1478712],[85.320886,28.1478715],[85.3208856,28.1478986],[85.3210383,28.1479005],[85.3210378,28.1479275],[85.3210989,28.1479283],[85.3210985,28.1479554],[85.3211596,28.1479561],[85.3211592,28.1479832],[85.3212813,28.1479847],[85.3212809,28.1480117],[85.3214336,28.1480136],[85.3214332,28.1480407],[85.3214943,28.1480414],[85.321493,28.1481226],[85.3214625,28.1481223],[85.321462,28.1481493],[85.3214315,28.148149],[85.3214307,28.1482031],[85.3214001,28.1482027],[85.3213997,28.1482298],[85.3214302,28.1482302],[85.3214281,28.1483655],[85.3213976,28.1483651],[85.3213967,28.1484193],[85.3214273,28.1484197],[85.3214269,28.1484467],[85.3214574,28.1484471],[85.321457,28.1484742],[85.3214875,28.1484745],[85.3214871,28.1485016],[85.3215176,28.148502],[85.3215172,28.1485291],[85.3216088,28.1485302],[85.3216076,28.1486114],[85.3216381,28.1486118],[85.3216368,28.148693],[85.3216674,28.1486934],[85.3216648,28.1488558],[85.3216954,28.1488561],[85.3216945,28.1489103],[85.3217251,28.1489107],[85.3217247,28.1489377],[85.3217552,28.1489381],[85.3217548,28.1489652],[85.3218159,28.1489659],[85.3218154,28.148993],[85.321846,28.1489934],[85.3218451,28.1490475],[85.3218757,28.1490479],[85.3218748,28.149102],[85.3219054,28.1491024],[85.3219049,28.1491295],[85.3219355,28.1491298],[85.3219351,28.1491569],[85.3219656,28.1491573],[85.3219652,28.1491843],[85.3219957,28.1491847],[85.3219949,28.1492389],[85.322056,28.1492396],[85.3220547,28.1493208],[85.3220852,28.1493212],[85.3220836,28.1494295],[85.3221141,28.1494298],[85.3221137,28.1494569],[85.3222664,28.1494588],[85.322266,28.1494859],[85.3223576,28.149487],[85.3223572,28.149514],[85.3224182,28.1495148],[85.3224178,28.1495419],[85.3224484,28.1495422],[85.3224479,28.1495693],[85.322509,28.1495701],[85.3225086,28.1495971],[85.3225697,28.1495979],[85.3225693,28.1496249],[85.3226303,28.1496257],[85.3226299,28.1496528],[85.3226605,28.1496531],[85.32266,28.1496802],[85.3227517,28.1496813],[85.3227512,28.1497084],[85.3227818,28.1497088],[85.3227822,28.1496817],[85.3228127,28.1496821],[85.3228132,28.149655],[85.3231491,28.1496591],[85.3231487,28.1496862],[85.3233319,28.1496884],[85.3233315,28.1497155],[85.3233926,28.1497162],[85.3233922,28.1497433],[85.3234533,28.1497441],[85.3234528,28.1497711],[85.3234834,28.1497715],[85.3234838,28.1497444],[85.3235754,28.1497456],[85.323575,28.1497726],[85.3236361,28.1497734],[85.3236365,28.1497463],[85.3239114,28.1497497],[85.3239118,28.1497226],[85.3239423,28.149723],[85.3239419,28.14975],[85.3239725,28.1497504],[85.323972,28.1497775],[85.3240026,28.1497779],[85.3240022,28.1498049],[85.3240327,28.1498053],[85.3240318,28.1498594],[85.3240624,28.1498598],[85.3240615,28.149914],[85.3240921,28.1499143],[85.3240917,28.1499414],[85.3242138,28.1499429],[85.3242143,28.1499158],[85.3242448,28.1499162],[85.3242452,28.1498891],[85.3242758,28.1498895],[85.3242762,28.1498624],[85.3246427,28.1498669],[85.3246431,28.1498398],[85.3247347,28.149841],[85.3247343,28.149868],[85.3247648,28.1498684],[85.3247644,28.1498955],[85.324795,28.1498959],[85.3247945,28.1499229],[85.3248556,28.1499237],[85.3248552,28.1499507],[85.3249774,28.1499522],[85.3249769,28.1499793],[85.3250991,28.1499808],[85.3250995,28.1499537],[85.3251911,28.1499548],[85.3251907,28.1499819],[85.3252213,28.1499823],[85.3252208,28.1500094],[85.3252514,28.1500097],[85.3252518,28.1499827],[85.3252823,28.149983],[85.3252819,28.1500101],[85.325343,28.1500109],[85.3253426,28.1500379],[85.3254037,28.1500387],[85.3254032,28.1500657],[85.3254338,28.1500661],[85.3254334,28.1500932],[85.325525,28.1500943],[85.3255246,28.1501214],[85.3255517,28.1501217],[85.3256735,28.1502498],[85.3259469,28.1504668],[85.3259463,28.1505056],[85.3259157,28.1505052],[85.3259149,28.1505593],[85.3259454,28.1505597],[85.3259446,28.1506139],[85.3259751,28.1506142],[85.3259747,28.1506413],[85.3260052,28.1506417],[85.3260048,28.1506687],[85.3260659,28.1506695],[85.3260655,28.1506966],[85.3261266,28.1506973],[85.3261261,28.1507244],[85.3261567,28.1507247],[85.3261558,28.1507789],[85.3261864,28.1507793],[85.3261855,28.1508334],[85.3262161,28.1508338],[85.3262156,28.1508608],[85.3262462,28.1508612],[85.3262458,28.1508883],[85.3262763,28.1508887],[85.3262759,28.1509157],[85.3263064,28.1509161],[85.3263043,28.1510514],[85.3263349,28.1510518],[85.3263344,28.1510789],[85.3263955,28.1510796],[85.3263951,28.1511067],[85.3264257,28.1511071],[85.3264252,28.1511341],[85.3264863,28.1511349],[85.3264859,28.151162],[85.3265164,28.1511623],[85.326516,28.1511894],[85.3265466,28.1511898],[85.326547,28.1511627],[85.3265775,28.1511631],[85.3265771,28.1511902],[85.3266076,28.1511905],[85.3266072,28.1512176],[85.3266378,28.151218],[85.3266373,28.151245],[85.3266679,28.1512454],[85.3266675,28.1512725],[85.3267591,28.1512736],[85.3267595,28.1512465],[85.3268206,28.1512473],[85.326821,28.1512202],[85.3268515,28.1512206],[85.3268511,28.1512476],[85.3268817,28.151248],[85.3268808,28.1513022],[85.3269114,28.1513025],[85.3269105,28.1513567],[85.3269411,28.151357],[85.3269406,28.1513841],[85.3269712,28.1513845],[85.3269708,28.1514116],[85.3270319,28.1514123],[85.3270314,28.1514394],[85.327062,28.1514397],[85.3270616,28.1514668],[85.3270921,28.1514672],[85.3270917,28.1514943],[85.3271528,28.151495],[85.3271523,28.1515221],[85.3272134,28.1515228],[85.327213,28.1515499],[85.3273352,28.1515514],[85.3273356,28.1515243],[85.3274577,28.1515258],[85.3274573,28.1515529],[85.3274879,28.1515532],[85.3274874,28.1515803],[85.327518,28.1515807],[85.3275176,28.1516078],[85.3275787,28.1516085],[85.3275782,28.1516356],[85.3276393,28.1516363],[85.3276397,28.1516093],[85.3277008,28.15161],[85.3277004,28.1516371],[85.3277309,28.1516374],[85.3277305,28.1516645],[85.3277611,28.1516649],[85.3277598,28.1517461],[85.3277293,28.1517457],[85.3277284,28.1517999],[85.3276979,28.1517995],[85.3276975,28.1518266],[85.3276669,28.1518262],[85.3276661,28.1518803],[85.3276355,28.15188],[85.3276351,28.151907],[85.3276046,28.1519066],[85.3276041,28.1519337],[85.3275431,28.151933],[85.3275426,28.15196],[85.3274205,28.1519585],[85.3274201,28.1519856],[85.327359,28.1519849],[85.3273586,28.1520119],[85.327328,28.1520116],[85.3273263,28.1521198],[85.3273569,28.1521202],[85.3273564,28.1521473],[85.327387,28.1521477],[85.3273861,28.1522018],[85.3274167,28.1522022],[85.3274163,28.1522292],[85.3274468,28.1522296],[85.3274464,28.1522567],[85.3274769,28.1522571],[85.3274765,28.1522841],[85.3275376,28.1522849],[85.3275372,28.1523119],[85.3275677,28.1523123],[85.3275673,28.1523394],[85.3275978,28.1523398],[85.327597,28.1523939],[85.3276581,28.1523946],[85.3276577,28.1524217],[85.3277493,28.1524228],[85.3277501,28.1523687],[85.3278112,28.1523694],[85.3278108,28.1523965],[85.3278413,28.1523969],[85.3278409,28.152424],[85.3278715,28.1524243],[85.3278702,28.1525055],[85.3279007,28.1525059],[85.327899,28.1526142],[85.3279296,28.1526146],[85.3279292,28.1526416],[85.3280208,28.1526427],[85.3280221,28.1525615],[85.3281137,28.1525627],[85.3281128,28.1526168],[85.3281434,28.1526172],[85.3281417,28.1527254],[85.3281722,28.1527258],[85.328171,28.152807],[85.3282015,28.1528074],[85.3282007,28.1528615],[85.3282312,28.1528619],[85.3282304,28.1529161],[85.3282609,28.1529164],[85.3282601,28.1529706],[85.3282906,28.1529709],[85.3282902,28.152998],[85.3283207,28.1529984],[85.3283203,28.1530255],[85.3283509,28.1530258],[85.3283504,28.1530529],[85.328381,28.1530533],[85.3283801,28.1531074],[85.3284718,28.1531085],[85.3284714,28.1531356],[85.3285019,28.153136],[85.3285015,28.153163],[85.328532,28.1531634],[85.3285316,28.1531905],[85.3285621,28.1531909],[85.3285617,28.1532179],[85.3285923,28.1532183],[85.3285918,28.1532454],[85.3286529,28.1532461],[85.3286525,28.1532732],[85.3287136,28.1532739],[85.3287132,28.153301],[85.3287437,28.1533014],[85.3287433,28.1533284],[85.3288044,28.1533292],[85.3288035,28.1533833],[85.3288646,28.1533841],[85.3288642,28.1534111],[85.3288947,28.1534115],[85.3288943,28.1534386],[85.3289249,28.153439],[85.3289244,28.153466],[85.328955,28.1534664],[85.3289546,28.1534935],[85.3289851,28.1534938],[85.3289847,28.1535209],[85.3290152,28.1535213],[85.3290148,28.1535483],[85.3290759,28.1535491],[85.3290755,28.1535762],[85.329106,28.1535765],[85.3291056,28.1536036],[85.3291361,28.153604],[85.3291357,28.153631],[85.3291663,28.1536314],[85.3291658,28.1536585],[85.3291964,28.1536589],[85.329196,28.1536859],[85.3292265,28.1536863],[85.3292257,28.1537404],[85.3292562,28.1537408],[85.3292558,28.1537679],[85.3292863,28.1537683],[85.3292859,28.1537953],[85.329347,28.1537961],[85.3293466,28.1538231],[85.3293771,28.1538235],[85.3293767,28.1538506],[85.3294072,28.153851],[85.3294064,28.1539051],[85.3294369,28.1539055],[85.3294361,28.1539596],[85.3294666,28.15396],[85.3294662,28.1539871],[85.3294968,28.1539874],[85.3294959,28.1540416],[85.3295265,28.1540419],[85.329526,28.154069],[85.3295566,28.1540694],[85.3295532,28.1542859],[85.3295838,28.1542863],[85.3295833,28.1543134],[85.3296139,28.1543138],[85.329613,28.1543679],[85.3296436,28.1543683],[85.3296432,28.1543953],[85.3296737,28.1543957],[85.3296733,28.1544228],[85.3297038,28.1544231],[85.329703,28.1544773],[85.3297335,28.1544777],[85.3297327,28.1545318],[85.3297632,28.1545322],[85.3297628,28.1545592],[85.3297934,28.1545596],[85.3297929,28.1545867],[85.329854,28.1545874],[85.3298536,28.1546145],[85.3299147,28.1546152],[85.3299143,28.1546423],[85.3299753,28.1546431],[85.3299749,28.1546701],[85.3300055,28.1546705],[85.3300051,28.1546976],[85.3300356,28.1546979],[85.3300348,28.1547521],[85.3300653,28.1547525],[85.3300645,28.1548066],[85.330095,28.154807],[85.3300946,28.154834],[85.3301251,28.1548344],[85.3301247,28.1548615],[85.3301858,28.1548622],[85.3301854,28.1548893],[85.3302159,28.1548897],[85.3302155,28.1549167],[85.330246,28.1549171],[85.3302452,28.1549712],[85.3302757,28.1549716],[85.3302753,28.1549987],[85.3303059,28.1549991],[85.3303054,28.1550261],[85.330336,28.1550265],[85.3303356,28.1550536],[85.3303661,28.1550539],[85.3303657,28.155081],[85.3303962,28.1550814],[85.3303954,28.1551355],[85.3304565,28.1551363],[85.3304556,28.1551904],[85.3306083,28.1551923],[85.3306079,28.1552193],[85.330669,28.1552201],[85.3306682,28.1552742],[85.3307293,28.155275],[85.3307288,28.155302],[85.3307899,28.1553028],[85.3307895,28.1553299],[85.3308506,28.1553306],[85.3308502,28.1553577],[85.3309112,28.1553584],[85.3309108,28.1553855],[85.3309414,28.1553859],[85.330941,28.1554129],[85.3309715,28.1554133],[85.3309711,28.1554404],[85.3310016,28.1554407],[85.3310012,28.1554678],[85.3310623,28.1554686],[85.3310614,28.1555227],[85.3311531,28.1555238],[85.3311535,28.1554967],[85.3312451,28.1554979],[85.3312452,28.1554905],[85.3313521,28.1554968],[85.3313717,28.155508],[85.3314836,28.1555901],[85.3316402,28.1556871],[85.3316701,28.1557169],[85.3318192,28.1558586],[85.3318714,28.1559108],[85.3320952,28.1559257],[85.3322667,28.1559332],[85.3323264,28.1559854],[85.332401,28.1561196],[85.3324532,28.1562017],[85.3324797,28.1562392],[85.3324878,28.1562933],[85.3325642,28.1564078],[85.3326215,28.156489],[85.332674,28.1565319],[85.3327885,28.156594],[85.3329604,28.1566942],[85.3329658,28.1566997],[85.3330559,28.1567372],[85.3331704,28.1567897],[85.3332528,28.1568793],[85.3332802,28.1569091],[85.3333279,28.1569711],[85.3334091,28.1570523],[85.3334711,28.1570857],[85.3335284,28.1570904],[85.3337146,28.1572289],[85.3337719,28.1572861],[85.3338387,28.1573959],[85.3339389,28.157458],[85.3340296,28.1575248],[85.3341203,28.1576203],[85.3341728,28.1576823],[85.3343829,28.1577253],[85.3346884,28.1577921],[85.3348077,28.1577921],[85.335013,28.1577921],[85.3351144,28.1577817],[85.3351275,28.1577969],[85.3351562,28.1578446],[85.3352469,28.1579115],[85.335371,28.1579735],[85.3355094,28.1580069],[85.3355571,28.1580069],[85.3356812,28.158112],[85.3357576,28.1581836],[85.3358244,28.1581979],[85.3358626,28.158174],[85.3359772,28.1581215],[85.3360488,28.1580833],[85.3361061,28.1580642],[85.336297,28.1579831],[85.3364307,28.1579258],[85.3365118,28.1578828],[85.3365834,28.1578303],[85.3367266,28.1577396],[85.3369128,28.1576346],[85.3370894,28.1575391],[85.3372421,28.1574246],[85.3373949,28.1572623],[85.337519,28.1571191],[85.337624,28.1569997],[85.3377768,28.1568709],[85.3380823,28.1566895],[85.3382159,28.1565367],[85.3383687,28.1564078],[85.3384737,28.1563028],[85.3386121,28.1561835],[85.3387124,28.1560403],[85.3388031,28.1558971],[85.3388842,28.1557587],[85.3389176,28.155668],[85.3390083,28.1555582],[85.3391706,28.1554006],[85.3392756,28.1553052],[85.3393395,28.155203],[85.3395238,28.1551095],[85.3395703,28.1550906],[85.3398293,28.1549854],[85.3400823,28.1548231],[85.3402399,28.1547371],[85.3403592,28.1546512],[85.3405549,28.1544603],[85.3405979,28.1543744],[85.340679,28.154298],[85.3408604,28.1542693],[85.3410848,28.1542455],[85.3415,28.1542025],[85.3417135,28.1541498],[85.3417133,28.154163],[85.3417267,28.1541631],[85.3417434,28.1541908],[85.3417597,28.1542177],[85.3417732,28.15424],[85.3417715,28.1543532],[85.3417409,28.1543528],[85.3417405,28.1543799],[85.3417711,28.1543803],[85.3417698,28.1544615],[85.3418004,28.1544618],[85.3417995,28.154516],[85.3418301,28.1545163],[85.3418292,28.1545705],[85.3417987,28.1545701],[85.3417983,28.1545972],[85.3417677,28.1545968],[85.3417674,28.1546178],[85.3417005,28.1546417],[85.3412184,28.1549663],[85.3409654,28.1551381],[85.3408945,28.1551819],[85.3408726,28.1551954],[85.3408515,28.1552084],[85.3408031,28.1552384],[85.340719,28.1552527],[85.3406074,28.1552718],[85.3401826,28.1554054],[85.3400203,28.1554627],[85.3398914,28.1555057],[85.3397482,28.1556011],[85.3396957,28.1556441],[85.3395429,28.1557014],[85.3394475,28.1557825],[85.3392899,28.155921],[85.3392374,28.1559926],[85.3391467,28.1561214],[85.3391038,28.1562217],[85.3389988,28.1563362],[85.3389367,28.1564747],[85.3389033,28.1565272],[85.3388174,28.1566656],[85.3387649,28.156742],[85.3386694,28.156847],[85.3386073,28.1569281],[85.3385787,28.1569854],[85.3384976,28.1571048],[85.338278,28.1572766],[85.3381395,28.15731],[85.3379629,28.1573959],[85.3378531,28.157501],[85.3377099,28.1575869],[85.3375811,28.1576871],[85.337476,28.1577444],[85.3373663,28.1578303],[85.3373337,28.157889],[85.3372612,28.1579401],[85.3372396,28.157978],[85.3371562,28.1580117],[85.337118,28.1580451],[85.3370417,28.1581406],[85.3369748,28.1582265],[85.3369679,28.1583023],[85.3368841,28.158384],[85.3368507,28.1584461],[85.3367696,28.1585607],[85.3367171,28.1586657],[85.3366216,28.1587802],[85.3365786,28.1589139],[85.3365739,28.1590141],[85.3366073,28.1591239],[85.336698,28.1592433],[85.3367934,28.1592958],[85.3369223,28.1593339],[85.3370226,28.1593769],[85.3372135,28.1594533],[85.3372756,28.1594867],[85.337309,28.1595297],[85.3373519,28.1595869],[85.3374283,28.1597015],[85.3374951,28.1597874],[85.3375381,28.1598208],[85.3375715,28.1598399],[85.3377386,28.1598781],[85.3377959,28.1599115],[85.3380707,28.1600932],[85.3381205,28.1601836],[85.3381539,28.1602695],[85.3381539,28.1604271],[85.3381539,28.1605416],[85.3381921,28.1606705],[85.3382589,28.1607994],[85.3383257,28.1609569],[85.3384212,28.1611097],[85.3384594,28.1611622],[85.3385978,28.1613006],[85.3386599,28.1613579],[85.3386994,28.1614019],[85.3387458,28.1614533],[85.3387537,28.1614644],[85.3387595,28.1614725],[85.3387927,28.161519],[85.3387935,28.1615202],[85.3388603,28.1615727],[85.338951,28.1616538],[85.3389844,28.1617016],[85.3390302,28.1617456],[85.3390295,28.1617926],[85.33906,28.161793],[85.3390592,28.1618471],[85.3390897,28.1618475],[85.3390889,28.1619017],[85.33915,28.1619024],[85.3391496,28.1619295],[85.3391801,28.1619298],[85.3391797,28.1619569],[85.3392408,28.1619576],[85.3392399,28.1620118],[85.339301,28.1620125],[85.3393006,28.1620396],[85.3393312,28.16204],[85.3393307,28.162067],[85.3394224,28.1620681],[85.339422,28.1620952],[85.3396358,28.1620978],[85.3396353,28.1621249],[85.3396964,28.1621256],[85.339696,28.1621527],[85.3397266,28.1621531],[85.3397257,28.1622072],[85.3397563,28.1622076],[85.3397559,28.1622346],[85.3397864,28.162235],[85.339786,28.1622621],[85.3398165,28.1622625],[85.3398157,28.1623166],[85.3398462,28.162317],[85.3398458,28.162344],[85.3398764,28.1623444],[85.3398759,28.1623715],[85.3399065,28.1623718],[85.3399061,28.1623989],[85.3399366,28.1623993],[85.3399362,28.1624264],[85.3399667,28.1624267],[85.3399663,28.1624538],[85.3399969,28.1624542],[85.339996,28.1625083],[85.3400571,28.162509],[85.3400567,28.1625361],[85.3400873,28.1625365],[85.340086,28.1626177],[85.3401165,28.1626181],[85.3401161,28.1626451],[85.3401467,28.1626455],[85.3401463,28.1626726],[85.3401768,28.1626729],[85.340176,28.1627271],[85.3402065,28.1627275],[85.3402061,28.1627545],[85.3402366,28.1627549],[85.3402362,28.162782],[85.3402668,28.1627823],[85.3402663,28.1628094],[85.3402969,28.1628098],[85.3402965,28.1628368],[85.340327,28.1628372],[85.3403266,28.1628643],[85.3403571,28.1628647],[85.3403567,28.1628917],[85.3404484,28.1628928],[85.3404479,28.1629199],[85.3405396,28.162921],[85.3405392,28.1629481],[85.3406003,28.1629488],[85.3405998,28.1629759],[85.3406915,28.162977],[85.3406911,28.1630041],[85.340966,28.1630074],[85.3409664,28.1629803],[85.3409969,28.1629807],[85.3409973,28.1629536],[85.3410279,28.162954],[85.3410287,28.1628999],[85.3410898,28.1629006],[85.3410902,28.1628735],[85.3411208,28.1628739],[85.3411216,28.1628198],[85.3411521,28.1628201],[85.3411526,28.1627931],[85.3413969,28.162796],[85.3413973,28.162769],[85.3414279,28.1627693],[85.3414287,28.1627152],[85.3414593,28.1627156],[85.3414597,28.1626885],[85.3415513,28.1626896],[85.3415516,28.1626747],[85.3417958,28.1626873],[85.3417957,28.1626926],[85.3419179,28.162694],[85.3419174,28.1627211],[85.3420396,28.1627226],[85.3420392,28.1627497],[85.3420698,28.16275],[85.3420693,28.1627771],[85.3422526,28.1627793],[85.342253,28.1627522],[85.3423141,28.162753],[85.3423145,28.1627259],[85.3424673,28.1627278],[85.3424668,28.1627548],[85.3426196,28.1627567],[85.34262,28.1627296],[85.3426505,28.16273],[85.3426514,28.1626758],[85.3427124,28.1626766],[85.342712,28.1627036],[85.3427426,28.162704],[85.3427401,28.1628664],[85.3427706,28.1628668],[85.342771,28.1628397],[85.3428321,28.1628405],[85.3428317,28.1628675],[85.3431066,28.1628709],[85.3431062,28.1628979],[85.3432589,28.1628998],[85.3432593,28.1628727],[85.3434426,28.1628749],[85.3434418,28.1629291],[85.3435334,28.1629302],[85.3435338,28.1629031],[85.3435949,28.1629039],[85.3435953,28.1628768],[85.3436259,28.1628772],[85.3436263,28.1628501],[85.3436568,28.1628505],[85.3436573,28.1628234],[85.3437184,28.1628241],[85.3437188,28.1627971],[85.3437493,28.1627974],[85.3437497,28.1627704],[85.3438108,28.1627711],[85.3438112,28.162744],[85.3439029,28.1627451],[85.3439033,28.1627181],[85.3439949,28.1627192],[85.3439953,28.1626921],[85.3440259,28.1626925],[85.3440267,28.1626383],[85.3440573,28.1626387],[85.3440577,28.1626116],[85.3442715,28.1626142],[85.3442719,28.1625871],[85.344333,28.1625879],[85.3443334,28.1625608],[85.344364,28.1625612],[85.3443648,28.162507],[85.3444259,28.1625078],[85.3444267,28.1624536],[85.3444573,28.162454],[85.3444577,28.1624269],[85.3444882,28.1624273],[85.3444886,28.1624002],[85.3447635,28.1624036],[85.3447648,28.1623224],[85.3447343,28.162322],[85.3447363,28.1621866],[85.3447974,28.1621874],[85.3447978,28.1621603],[85.3448284,28.1621607],[85.3448296,28.1620795],[85.3448602,28.1620798],[85.3448606,28.1620528],[85.3450133,28.1620546],[85.3450129,28.1620817],[85.3450435,28.162082],[85.3450439,28.162055],[85.3450744,28.1620553],[85.3450752,28.1620012],[85.3451058,28.1620016],[85.3451066,28.1619474],[85.3451677,28.1619482],[85.3451681,28.1619211],[85.3453209,28.1619229],[85.3453213,28.1618959],[85.3453518,28.1618962],[85.3453522,28.1618692],[85.3453828,28.1618695],[85.3453832,28.1618425],[85.3454137,28.1618428],[85.3454142,28.1618158],[85.3455363,28.1618172],[85.3455359,28.1618443],[85.3455665,28.1618447],[85.3455669,28.1618176],[85.3455974,28.161818],[85.3455978,28.1617909],[85.3456589,28.1617917],[85.3456593,28.1617646],[85.3458426,28.1617668],[85.3458439,28.1616856],[85.3458744,28.161686],[85.3458757,28.1616047],[85.3459062,28.1616051],[85.3459079,28.1614968],[85.3459384,28.1614972],[85.3459388,28.1614701],[85.3459694,28.1614705],[85.3459702,28.1614164],[85.3460313,28.1614171],[85.3460317,28.16139],[85.3460623,28.1613904],[85.3460631,28.1613363],[85.3460936,28.1613366],[85.346094,28.1613096],[85.3461246,28.1613099],[85.346125,28.1612829],[85.3461556,28.1612832],[85.346156,28.1612562],[85.3462171,28.1612569],[85.3462175,28.1612298],[85.346248,28.1612302],[85.3462484,28.1612031],[85.346279,28.1612035],[85.3462798,28.1611494],[85.3463409,28.1611501],[85.3463417,28.161096],[85.3463723,28.1610963],[85.3463731,28.1610422],[85.3464037,28.1610426],[85.3464041,28.1610155],[85.3464346,28.1610159],[85.3464355,28.1609617],[85.3464965,28.1609624],[85.346497,28.1609354],[85.3465275,28.1609357],[85.3465279,28.1609087],[85.3465585,28.160909],[85.3465593,28.1608549],[85.3465898,28.1608553],[85.3465903,28.1608282],[85.3466208,28.1608286],[85.3466212,28.1608015],[85.3466518,28.1608019],[85.3466522,28.1607748],[85.3467133,28.1607755],[85.3467137,28.1607485],[85.3467442,28.1607488],[85.3467446,28.1607218],[85.3468057,28.1607225],[85.3468061,28.1606954],[85.3468367,28.1606958],[85.3468371,28.1606687],[85.3468677,28.1606691],[85.3468684,28.1606223],[85.3470611,28.1605798],[85.3472997,28.1605273],[85.347432,28.1604593],[85.3474515,28.1604493],[85.3474668,28.1604414],[85.3474735,28.1604327],[85.3474825,28.1604213],[85.3474944,28.1604059],[85.3475136,28.1603812],[85.3475153,28.1603791],[85.3475747,28.1603798],[85.3475752,28.1603527],[85.3476668,28.1603538],[85.3476672,28.1603268],[85.3477283,28.1603275],[85.3477287,28.1603004],[85.3477593,28.1603008],[85.3477601,28.1602467],[85.3477906,28.160247],[85.3477911,28.16022],[85.3478216,28.1602203],[85.347822,28.1601933],[85.3478526,28.1601936],[85.3478534,28.1601395],[85.3478839,28.1601399],[85.3478852,28.1600587],[85.3479463,28.1600594],[85.3479467,28.1600323],[85.3479772,28.1600327],[85.3479781,28.1599786],[85.3480086,28.1599789],[85.3480094,28.1599248],[85.34804,28.1599252],[85.3480412,28.1598439],[85.3480718,28.1598443],[85.348073,28.1597631],[85.3480425,28.1597627],[85.3480429,28.1597357],[85.3480123,28.1597353],[85.3480132,28.1596812],[85.3479826,28.1596808],[85.3479847,28.1595454],[85.348168,28.1595476],[85.3481676,28.1595747],[85.3482592,28.1595758],[85.3482588,28.1596029],[85.3483504,28.159604],[85.3483508,28.1595769],[85.3483814,28.1595773],[85.3483818,28.1595502],[85.3484429,28.159551],[85.3484433,28.1595239],[85.3484738,28.1595243],[85.3484743,28.1594939],[85.3484931,28.159501],[85.3486124,28.1594437],[85.3486302,28.1594178],[85.3486893,28.1594186],[85.3486897,28.1593915],[85.3487508,28.1593922],[85.3487512,28.1593652],[85.3487818,28.1593655],[85.3487826,28.1593114],[85.3488131,28.1593118],[85.348814,28.1592576],[85.3488751,28.1592583],[85.3488755,28.1592313],[85.348906,28.1592316],[85.3489069,28.1591775],[85.3489374,28.1591779],[85.3489407,28.1589613],[85.3489713,28.1589617],[85.3489717,28.1589346],[85.3490328,28.1589353],[85.3490332,28.1589083],[85.3490637,28.1589086],[85.349065,28.1588274],[85.3490955,28.1588278],[85.3490968,28.1587466],[85.3491273,28.158747],[85.3491294,28.1586116],[85.3491599,28.158612],[85.3491604,28.1585849],[85.3491909,28.1585853],[85.3491917,28.1585311],[85.3492223,28.1585315],[85.3492248,28.1583691],[85.3491986,28.1583688],[85.3492425,28.1583172],[85.3493714,28.1582265],[85.3494717,28.1581406],[85.3496674,28.1580308],[85.3499013,28.157859],[85.3500254,28.1577874],[85.3501256,28.1576871],[85.3501924,28.1574675],[85.3502879,28.1572623],[85.3503118,28.1571191],[85.3503118,28.1570045],[85.3502497,28.1569329],[85.3500922,28.1568852],[85.3499824,28.1568422],[85.3498917,28.1567754],[85.3498106,28.1566752],[85.3497707,28.1566353],[85.349771,28.1566158],[85.349747,28.1566155],[85.3497103,28.1565917],[85.3497103,28.156588],[85.3497044,28.1565879],[85.3496769,28.1565701],[85.3495003,28.1565033],[85.3494335,28.1564508],[85.3494096,28.1563887],[85.349443,28.1562694],[85.349486,28.1561548],[85.3496282,28.1560218],[85.3497942,28.1560973],[85.3501298,28.1564031],[85.350569,28.1565827],[85.3506507,28.1566417],[85.3507175,28.1566608],[85.35077,28.1566847],[85.3508989,28.1566799],[85.3509371,28.1566799],[85.3509699,28.1566425],[85.3510023,28.1566487],[85.3510135,28.156637],[85.351025,28.156621],[85.3510359,28.1566015],[85.3510756,28.1565132],[85.351087,28.1564947],[85.3510994,28.1564794],[85.3511187,28.1564605],[85.3511398,28.1564428],[85.3511622,28.1564267],[85.3511853,28.1564126],[85.3512376,28.1563912],[85.3512521,28.156384],[85.3512711,28.1563699],[85.3512891,28.1563505],[85.3513057,28.156327],[85.3513495,28.1562561],[85.3513651,28.1562367],[85.351381,28.1562217],[85.3514008,28.1562084],[85.3514252,28.1561966],[85.3515088,28.1561678],[85.351536,28.1561569],[85.3515584,28.1561447],[85.3515767,28.156131],[85.3515978,28.1561083],[85.3516357,28.1560563],[85.3516531,28.1560355],[85.351702,28.1559891],[85.3517581,28.1559448],[85.3518062,28.1559124],[85.351856,28.1558833],[85.3519067,28.155858],[85.3519577,28.1558369],[85.3520083,28.1558201],[85.3520581,28.1558078],[85.3520881,28.155803],[85.3521585,28.1557467],[85.3522704,28.1556572],[85.3523972,28.1555677],[85.3524568,28.155523],[85.3525911,28.1554558],[85.3527104,28.1554111],[85.3529789,28.155329],[85.353061,28.1552918],[85.3531952,28.1552246],[85.3534786,28.1551229],[85.353498,28.1551041],[85.3535606,28.1550532],[85.3535761,28.1550359],[85.3535864,28.1550188],[85.3535937,28.1549959],[85.3536045,28.1549389],[85.3536091,28.1549252],[85.353615,28.1549138],[85.3536326,28.1548908],[85.353658,28.154866],[85.3536826,28.1548488],[85.3537368,28.1548217],[85.3537582,28.1548087],[85.3537875,28.154783],[85.353849,28.1547147],[85.3538658,28.1547002],[85.3538823,28.1546894],[85.3538959,28.1546828],[85.3538983,28.1546758],[85.3539109,28.1546512],[85.3539275,28.1546262],[85.3539498,28.1546012],[85.3539776,28.1545758],[85.3540207,28.1545414],[85.3540507,28.1545212],[85.3540865,28.1545031],[85.3541269,28.1544871],[85.3542463,28.1544458],[85.3542819,28.1544298],[85.3543119,28.1544125],[85.354353,28.1543852],[85.3543787,28.1543648],[85.3543908,28.1543524],[85.3544259,28.1542998],[85.35444,28.1542941],[85.3544408,28.1542932],[85.3544781,28.1542607],[85.3545228,28.1542294],[85.3545756,28.1541985],[85.3546508,28.1541596],[85.3546737,28.1541494],[85.354737,28.1541255],[85.354755,28.1541166],[85.3547702,28.154107],[85.3548227,28.1540593],[85.354848,28.1540439],[85.3548527,28.1540418],[85.3548883,28.1540089],[85.3549742,28.1539712],[85.3551472,28.1538952],[85.3551538,28.1538622],[85.3551616,28.1538397],[85.3551765,28.1538113],[85.3551946,28.1537836],[85.3552154,28.1537577],[85.355238,28.1537347],[85.3552654,28.1537151],[85.3553342,28.1536811],[85.3553621,28.1536631],[85.3553788,28.1536478],[85.3553951,28.1536287],[85.3554607,28.1535301],[85.3554782,28.1535085],[85.3554957,28.1534913],[85.3555336,28.1534622],[85.3555762,28.1534355],[85.3556228,28.1534116],[85.3556723,28.153391],[85.3557149,28.1533768],[85.3557535,28.1533672],[85.3557871,28.1533624],[85.3558252,28.1533608],[85.3559492,28.1533672],[85.3560722,28.1533757],[85.3561974,28.153391],[85.3562963,28.1534034],[85.3563388,28.1534103],[85.3563809,28.1534206],[85.356417,28.153434],[85.3564765,28.1534574],[85.3565025,28.1534706],[85.3565136,28.1534785],[85.3565221,28.1534869],[85.356528,28.1534959],[85.3565316,28.1535056],[85.356534,28.1535282],[85.3565316,28.1535486],[85.3565242,28.1535623],[85.3565103,28.153575],[85.3564921,28.1535858],[85.3564504,28.1536058],[85.356415,28.1536213],[85.3563731,28.1536331],[85.3563289,28.1536411],[85.3562356,28.1536536],[85.3561819,28.1536589],[85.3560602,28.1536636],[85.3559698,28.1536807],[85.3559457,28.1536847],[85.355903,28.1536984],[85.355858,28.1537157],[85.3558132,28.1537358],[85.355769,28.1537585],[85.3557256,28.1537835],[85.3556837,28.1538107],[85.3556437,28.1538397],[85.3556185,28.1538609],[85.3555925,28.1538864],[85.3554914,28.1540026],[85.3554667,28.1540283],[85.3554432,28.1540498],[85.3553786,28.1541071],[85.3553578,28.1541213],[85.3553382,28.1541309],[85.3553071,28.1541395],[85.3552711,28.1541431],[85.3552303,28.1541419],[85.3551854,28.1541357],[85.3551602,28.1541304],[85.3551482,28.1541423],[85.3551282,28.154159],[85.3551054,28.1541753],[85.3550627,28.1542011],[85.3549736,28.1542485],[85.3549372,28.1542693],[85.354899,28.1542916],[85.3548606,28.1543118],[85.3548528,28.1543183],[85.3548412,28.1543214],[85.3547047,28.1543871],[85.3546482,28.1544159],[85.3545932,28.1544475],[85.3545458,28.1544794],[85.35449,28.1545209],[85.3544551,28.154551],[85.3544411,28.1545661],[85.3544271,28.1545846],[85.354372,28.1546703],[85.3543565,28.1546889],[85.3543406,28.1547037],[85.3543059,28.1547282],[85.3542642,28.1547515],[85.3542206,28.1547709],[85.3541817,28.1547837],[85.3541648,28.154807],[85.354038,28.1549188],[85.3539411,28.1550307],[85.3538665,28.1551053],[85.3538367,28.1551873],[85.3537994,28.155247],[85.3536278,28.1553514],[85.3535832,28.155396],[85.3535756,28.1553962],[85.3533891,28.155426],[85.3533315,28.1554836],[85.3532624,28.155508],[85.3531952,28.1555453],[85.3530461,28.1556199],[85.3529566,28.1556572],[85.3528969,28.1557094],[85.352785,28.155784],[85.3526582,28.1559033],[85.3524568,28.1562166],[85.351987,28.1566567],[85.3516588,28.1569401],[85.3514872,28.1572683],[85.3510472,28.1578873],[85.3510094,28.1579845],[85.3509414,28.1579836],[85.350941,28.1580107],[85.3508799,28.15801],[85.3508795,28.158037],[85.350849,28.1580367],[85.3508486,28.1580638],[85.350818,28.1580634],[85.3508176,28.1580905],[85.350726,28.1580893],[85.3507256,28.1581164],[85.3506645,28.1581157],[85.3506641,28.1581428],[85.350603,28.158142],[85.3506026,28.1581691],[85.3504804,28.1581676],[85.35048,28.1581947],[85.3502356,28.1581917],[85.3502352,28.1582188],[85.3499909,28.1582159],[85.3499904,28.1582429],[85.3499599,28.1582426],[85.3499595,28.1582696],[85.3499289,28.1582693],[85.3499285,28.1582963],[85.3498674,28.1582956],[85.349867,28.1583227],[85.3497448,28.1583212],[85.3497444,28.1583483],[85.3496528,28.1583472],[85.349652,28.1584013],[85.3496214,28.1584009],[85.349621,28.158428],[85.3495905,28.1584276],[85.3495896,28.1584818],[85.3495285,28.158481],[85.3495281,28.1585081],[85.3494976,28.1585078],[85.3494967,28.1585619],[85.3494662,28.1585615],[85.3494633,28.158751],[85.3494328,28.1587506],[85.3494323,28.1587777],[85.3494018,28.1587773],[85.349401,28.1588315],[85.3493704,28.1588311],[85.3493696,28.1588853],[85.349339,28.1588849],[85.3493386,28.158912],[85.3493081,28.1589116],[85.3493077,28.1589387],[85.3492771,28.1589383],[85.3492767,28.1589654],[85.3492462,28.158965],[85.3492458,28.1589921],[85.3492152,28.1589917],[85.3492123,28.1591812],[85.3491512,28.1591805],[85.3491508,28.1592075],[85.3491203,28.1592072],[85.3491198,28.1592342],[85.3490587,28.1592335],[85.3490583,28.1592606],[85.3490278,28.1592602],[85.3490265,28.1593414],[85.3490571,28.1593418],[85.3490554,28.15945],[85.3490249,28.1594497],[85.3490236,28.1595309],[85.3489931,28.1595305],[85.3489927,28.1595576],[85.3489621,28.1595572],[85.3489617,28.1595843],[85.3489312,28.1595839],[85.3489308,28.159611],[85.3488697,28.1596103],[85.3488693,28.1596373],[85.3488082,28.1596366],[85.3488077,28.1596637],[85.3487772,28.1596633],[85.3487764,28.1597174],[85.3487153,28.1597167],[85.3487149,28.1597438],[85.3486843,28.1597434],[85.3486839,28.1597705],[85.3486534,28.1597701],[85.3486525,28.1598242],[85.3486831,28.1598246],[85.3486827,28.1598517],[85.3486521,28.1598513],[85.3486513,28.1599054],[85.3486207,28.1599051],[85.3486191,28.1600134],[85.3486496,28.1600137],[85.3486484,28.1600949],[85.3486178,28.1600946],[85.3486174,28.1601216],[85.3485869,28.1601213],[85.348586,28.1601754],[85.3485555,28.160175],[85.3485542,28.1602563],[85.3485237,28.1602559],[85.3485187,28.1605807],[85.3484882,28.1605804],[85.3484869,28.1606616],[85.3484564,28.1606612],[85.3484547,28.1607695],[85.3484853,28.1607698],[85.3484832,28.1609052],[85.3484221,28.1609045],[85.3484217,28.1609315],[85.3484522,28.1609319],[85.3484518,28.160959],[85.3484798,28.1609593],[85.348385,28.1610935],[85.3483276,28.1610928],[85.3483271,28.1611199],[85.348205,28.1611184],[85.3482045,28.1611455],[85.348174,28.1611451],[85.3481736,28.1611722],[85.348143,28.1611718],[85.3481426,28.1611989],[85.3480815,28.1611982],[85.3480811,28.1612252],[85.34802,28.1612245],[85.3480196,28.1612516],[85.3479891,28.1612512],[85.3479882,28.1613054],[85.3479577,28.161305],[85.3479573,28.1613321],[85.3479267,28.1613317],[85.3479263,28.1613588],[85.3479569,28.1613591],[85.3479564,28.1613862],[85.3478954,28.1613855],[85.3478949,28.1614125],[85.3476506,28.1614096],[85.3476502,28.1614366],[85.347528,28.1614352],[85.3475276,28.1614622],[85.3474665,28.1614615],[85.3474661,28.1614886],[85.3474355,28.1614882],[85.3474347,28.1615423],[85.3474041,28.161542],[85.3474037,28.161569],[85.3473732,28.1615687],[85.3473719,28.1616499],[85.3472803,28.1616488],[85.3472799,28.1616759],[85.3472493,28.1616755],[85.3472489,28.1617026],[85.3472184,28.1617022],[85.3472175,28.1617563],[85.347187,28.161756],[85.3471866,28.161783],[85.347095,28.1617819],[85.3470945,28.161809],[85.347064,28.1618086],[85.3470632,28.1618628],[85.3470326,28.1618624],[85.3470305,28.1619977],[85.347,28.1619974],[85.3469992,28.1620515],[85.3469686,28.1620511],[85.3469682,28.1620782],[85.3469377,28.1620778],[85.3469372,28.1621049],[85.3469067,28.1621045],[85.3469063,28.1621316],[85.3468757,28.1621312],[85.3468753,28.1621583],[85.3468448,28.162158],[85.3468439,28.1622121],[85.3468134,28.1622117],[85.346813,28.1622388],[85.3467824,28.1622384],[85.346782,28.1622655],[85.3467515,28.1622651],[85.3467506,28.1623193],[85.3467201,28.1623189],[85.3467193,28.162373],[85.3466887,28.1623727],[85.3466879,28.1624268],[85.3466573,28.1624264],[85.3466553,28.1625618],[85.3466247,28.1625614],[85.346623,28.1626697],[85.346638,28.1626699],[85.3465185,28.1628309],[85.3464984,28.1628306],[85.3464992,28.1627765],[85.3464381,28.1627758],[85.3464377,28.1628028],[85.3463766,28.1628021],[85.3463758,28.1628562],[85.3463452,28.1628559],[85.3463444,28.16291],[85.3463139,28.1629096],[85.3463134,28.1629367],[85.3462829,28.1629363],[85.3462821,28.1629905],[85.3462515,28.1629901],[85.3462511,28.1630172],[85.3462206,28.1630168],[85.3462201,28.1630439],[85.3461896,28.1630435],[85.3461892,28.1630706],[85.3461586,28.1630702],[85.3461582,28.1630973],[85.346036,28.1630958],[85.3460356,28.1631229],[85.3460051,28.1631225],[85.3460047,28.1631496],[85.345913,28.1631485],[85.3459126,28.1631755],[85.345821,28.1631744],[85.3458205,28.1632015],[85.34579,28.1632011],[85.3457896,28.1632282],[85.345759,28.1632278],[85.3457578,28.163309],[85.3457272,28.1633087],[85.3457256,28.163417],[85.3457867,28.1634177],[85.3457858,28.1634718],[85.3458164,28.1634722],[85.3458156,28.1635263],[85.345785,28.163526],[85.3457854,28.1634989],[85.3457549,28.1634985],[85.3457553,28.1634715],[85.3457247,28.1634711],[85.3457252,28.163444],[85.3456946,28.1634437],[85.345695,28.1634166],[85.3456034,28.1634155],[85.3456038,28.1633884],[85.3455122,28.1633873],[85.3455118,28.1634144],[85.3454507,28.1634136],[85.3454503,28.1634407],[85.3453892,28.16344],[85.3453888,28.163467],[85.3453582,28.1634667],[85.3453578,28.1634937],[85.3452967,28.163493],[85.3452963,28.1635201],[85.3452046,28.163519],[85.3452042,28.163546],[85.3451737,28.1635457],[85.3451733,28.1635727],[85.3451427,28.1635724],[85.3451423,28.1635994],[85.344959,28.1635972],[85.3449586,28.1636243],[85.344867,28.1636232],[85.3448666,28.1636503],[85.344836,28.1636499],[85.3448331,28.1638394],[85.3448026,28.163839],[85.3448017,28.1638931],[85.3447101,28.163892],[85.3447097,28.1639191],[85.3446486,28.1639184],[85.3446482,28.1639454],[85.3446176,28.1639451],[85.3446168,28.1639992],[85.3445862,28.1639988],[85.3445854,28.164053],[85.3445549,28.1640526],[85.3445544,28.1640797],[85.3445239,28.1640793],[85.3445231,28.1641334],[85.3444925,28.1641331],[85.3444917,28.1641872],[85.3444611,28.1641869],[85.3444607,28.1642139],[85.3443691,28.1642128],[85.3443687,28.1642399],[85.3443076,28.1642391],[85.3443072,28.1642662],[85.3442766,28.1642658],[85.3442762,28.1642929],[85.3442457,28.1642925],[85.3442452,28.1643196],[85.3442147,28.1643192],[85.3442143,28.1643463],[85.3441837,28.1643459],[85.3441833,28.164373],[85.3441528,28.1643726],[85.3441524,28.1643997],[85.3440913,28.164399],[85.3440908,28.164426],[85.3440603,28.1644257],[85.3440599,28.1644527],[85.3438155,28.1644498],[85.3438151,28.1644769],[85.3438456,28.1644772],[85.3438452,28.1645043],[85.3438147,28.1645039],[85.3438134,28.1645851],[85.3437829,28.1645848],[85.3437825,28.1646118],[85.343813,28.1646122],[85.3438126,28.1646393],[85.3437821,28.1646389],[85.3437808,28.1647201],[85.3437503,28.1647198],[85.3437498,28.1647468],[85.3437193,28.1647465],[85.3437189,28.1647735],[85.3436883,28.1647732],[85.3436879,28.1648002],[85.3436574,28.1647999],[85.3436565,28.164854],[85.343626,28.1648536],[85.3436227,28.1650702],[85.3435921,28.1650698],[85.3435892,28.1652593],[85.3435586,28.1652589],[85.3435566,28.1653943],[85.3435871,28.1653947],[85.3435863,28.1654488],[85.3436168,28.1654492],[85.3436135,28.1656657],[85.343644,28.1656661],[85.3436424,28.1657744],[85.3436729,28.1657747],[85.3436717,28.1658559],[85.3437022,28.1658563],[85.343703,28.1658022],[85.3437336,28.1658025],[85.3437327,28.1658567],[85.3437633,28.1658571],[85.3437629,28.1658841],[85.3437934,28.1658845],[85.343793,28.1659116],[85.3438236,28.1659119],[85.3438231,28.165939],[85.3438537,28.1659394],[85.3438528,28.1659935],[85.3438834,28.1659939],[85.343883,28.166021],[85.3439135,28.1660213],[85.3439127,28.1660755],[85.3439432,28.1660758],[85.3439412,28.1662112],[85.3439106,28.1662108],[85.3439102,28.1662379],[85.3439407,28.1662383],[85.3439391,28.1663465],[85.3439696,28.1663469],[85.3439663,28.1665635],[85.3439357,28.1665631],[85.3439345,28.1666443],[85.343965,28.1666447],[85.3439642,28.1666988],[85.3439947,28.1666992],[85.3439939,28.1667533],[85.3440245,28.1667537],[85.3440236,28.1668078],[85.3440446,28.1668081],[85.344008,28.1669972],[85.3439291,28.1669962],[85.3439286,28.1670233],[85.3438981,28.1670229],[85.3438977,28.16705],[85.3438366,28.1670492],[85.3438358,28.1671034],[85.3438052,28.167103],[85.3438048,28.1671301],[85.3437742,28.1671297],[85.3437734,28.1671839],[85.3437429,28.1671835],[85.3437424,28.1672106],[85.3437119,28.1672102],[85.3437111,28.1672643],[85.3436805,28.167264],[85.3436793,28.1673452],[85.3436487,28.1673448],[85.3436471,28.1674531],[85.3436165,28.1674527],[85.3436161,28.1674798],[85.3435855,28.1674794],[85.3435835,28.1676148],[85.3435529,28.1676144],[85.3435512,28.1677227],[85.3435207,28.1677223],[85.3435195,28.1678035],[85.3434889,28.1678031],[85.3434872,28.1679114],[85.3435178,28.1679118],[85.3435169,28.1679659],[85.3434864,28.1679656],[85.3434847,28.1680738],[85.3434542,28.1680735],[85.3434529,28.1681547],[85.3434224,28.1681543],[85.3434145,28.1686686],[85.343445,28.168669],[85.3434438,28.1687502],[85.3434743,28.1687506],[85.3434739,28.1687776],[85.3435044,28.168778],[85.343504,28.1688051],[85.3435346,28.1688055],[85.3435329,28.1689137],[85.3435634,28.1689141],[85.3435626,28.1689682],[85.3435932,28.1689686],[85.3435927,28.1689957],[85.3436538,28.1689964],[85.3436526,28.1690776],[85.3436831,28.169078],[85.3436827,28.1691051],[85.3436522,28.1691047],[85.3436509,28.1691859],[85.3436204,28.1691855],[85.3436187,28.1692938],[85.3435882,28.1692935],[85.3435877,28.1693205],[85.3435572,28.1693202],[85.3435568,28.1693472],[85.3435262,28.1693469],[85.343525,28.1694281],[85.3434944,28.1694277],[85.3434919,28.1695901],[85.3435225,28.1695905],[85.3435221,28.1696176],[85.3435832,28.1696183],[85.3435827,28.1696454],[85.3436133,28.1696457],[85.3436129,28.1696728],[85.343674,28.1696735],[85.3436735,28.1697006],[85.3437041,28.169701],[85.3437037,28.169728],[85.3437342,28.1697284],[85.3437334,28.1697826],[85.3437639,28.1697829],[85.3437585,28.1701348],[85.343728,28.1701345],[85.3437263,28.1702427],[85.3436957,28.1702424],[85.3436924,28.1704589],[85.343723,28.1704593],[85.3437225,28.1704864],[85.343692,28.170486],[85.3436887,28.1707026],[85.3436581,28.1707022],[85.3436573,28.1707563],[85.3436267,28.170756],[85.3436246,28.1708913],[85.3435941,28.1708909],[85.3435933,28.1709451],[85.3435627,28.1709447],[85.3435619,28.1709989],[85.3435924,28.1709992],[85.3435887,28.1712429],[85.3436192,28.1712432],[85.3436176,28.1713515],[85.343587,28.1713511],[85.3435862,28.1714053],[85.3435556,28.1714049],[85.343554,28.1715132],[85.3435845,28.1715136],[85.3435824,28.1716489],[85.3435519,28.1716485],[85.343551,28.1717027],[85.3435205,28.1717023],[85.3435192,28.1717835],[85.3434887,28.1717831],[85.3434874,28.1718643],[85.3434569,28.171864],[85.3434561,28.1719181],[85.3434866,28.1719185],[85.3434862,28.1719456],[85.3435167,28.1719459],[85.3435155,28.1720271],[85.343546,28.1720275],[85.3435456,28.1720546],[85.3436067,28.1720553],[85.3436055,28.1721365],[85.343636,28.1721369],[85.3436352,28.172191],[85.3436657,28.1721914],[85.3436653,28.1722185],[85.3437264,28.1722192],[85.343726,28.1722463],[85.3437565,28.1722467],[85.3437536,28.1724361],[85.3437231,28.1724358],[85.3437226,28.1724628],[85.343631,28.1724617],[85.3436306,28.1724888],[85.3436,28.1724884],[85.3435975,28.1726509],[85.3436281,28.1726512],[85.3436268,28.1727324],[85.3436574,28.1727328],[85.343657,28.1727599],[85.3436875,28.1727602],[85.3436871,28.1727873],[85.3437176,28.1727877],[85.3437114,28.1731937],[85.3437419,28.1731941],[85.343739,28.1733836],[85.3437085,28.1733832],[85.3437076,28.1734374],[85.3437382,28.1734377],[85.3437365,28.173546],[85.3437671,28.1735464],[85.3437666,28.1735734],[85.3438277,28.1735742],[85.3438257,28.1737095],[85.3437951,28.1737092],[85.3437943,28.1737633],[85.3437332,28.1737626],[85.3437319,28.1738438],[85.3437014,28.1738434],[85.3437005,28.1738975],[85.3437311,28.1738979],[85.3437303,28.1739521],[85.3437608,28.1739524],[85.34376,28.1740066],[85.3437294,28.1740062],[85.343729,28.1740333],[85.3436679,28.1740325],[85.3436658,28.1741679],[85.3436353,28.1741675],[85.3436328,28.1743299],[85.3436633,28.1743303],[85.3436617,28.1744386],[85.3436311,28.1744382],[85.3436282,28.1746277],[85.3436587,28.1746281],[85.3436579,28.1746822],[85.3436274,28.1746818],[85.3436265,28.174736],[85.343596,28.1747356],[85.3435956,28.1747627],[85.343565,28.1747623],[85.3435642,28.1748164],[85.3435336,28.1748161],[85.3435311,28.1749785],[85.3435006,28.1749781],[85.3434997,28.1750323],[85.3435303,28.1750326],[85.3435299,28.1750597],[85.3435604,28.1750601],[85.3435596,28.1751142],[85.3435901,28.1751146],[85.343588,28.1752499],[85.3435575,28.1752496],[85.3435554,28.1753849],[85.343586,28.1753853],[85.3435851,28.1754394],[85.3436768,28.1754405],[85.3436764,28.1754676],[85.3438291,28.1754694],[85.3438287,28.1754965],[85.3438898,28.1754973],[85.3438894,28.1755243],[85.3439505,28.1755251],[85.34395,28.1755521],[85.3440111,28.1755529],[85.3440116,28.1755258],[85.3441032,28.1755269],[85.3441011,28.1756623],[85.3441317,28.1756626],[85.3441312,28.1756897],[85.3441923,28.1756904],[85.3441919,28.1757175],[85.3442225,28.1757179],[85.3442216,28.175772],[85.3442522,28.1757724],[85.3442514,28.1758265],[85.3442208,28.1758262],[85.3442204,28.1758532],[85.3440982,28.1758517],[85.3440986,28.1758247],[85.3440681,28.1758243],[85.3440685,28.1757972],[85.3440379,28.1757969],[85.3440384,28.1757698],[85.3440078,28.1757694],[85.3440082,28.1757424],[85.343886,28.1757409],[85.3438856,28.175768],[85.3438551,28.1757676],[85.3438546,28.1757947],[85.3437935,28.1757939],[85.3437931,28.175821],[85.3437626,28.1758206],[85.3437601,28.175983],[85.3437295,28.1759827],[85.3437287,28.1760368],[85.3436981,28.1760364],[85.3436977,28.1760635],[85.3436672,28.1760631],[85.3436643,28.1762526],[85.3436948,28.176253],[85.343694,28.1763071],[85.3437245,28.1763075],[85.3437237,28.1763616],[85.3437542,28.176362],[85.3437538,28.1763891],[85.3437844,28.1763894],[85.3437823,28.1765248],[85.3438128,28.1765252],[85.343812,28.1765793],[85.3438425,28.1765797],[85.3438409,28.176688],[85.3438103,28.1766876],[85.3438078,28.17685],[85.3438384,28.1768504],[85.343838,28.1768774],[85.3438685,28.1768778],[85.343866,28.1770402],[85.3438966,28.1770406],[85.3438961,28.1770677],[85.3439267,28.177068],[85.3439263,28.1770951],[85.3439568,28.1770955],[85.3439543,28.1772579],[85.3439238,28.1772575],[85.3439208,28.177447],[85.3439514,28.1774474],[85.3439501,28.1775286],[85.3439807,28.177529],[85.343979,28.1776372],[85.3439485,28.1776369],[85.3439476,28.177691],[85.3439171,28.1776906],[85.3439167,28.1777177],[85.3438556,28.177717],[85.3438552,28.177744],[85.3437941,28.1777433],[85.3437928,28.1778245],[85.3437623,28.1778241],[85.3437618,28.1778512],[85.3437313,28.1778509],[85.34373,28.1779321],[85.3437606,28.1779324],[85.3437598,28.1779866],[85.3437292,28.1779862],[85.3437267,28.1781486],[85.3437573,28.178149],[85.3437568,28.1781761],[85.3437874,28.1781764],[85.3437861,28.1782576],[85.3437556,28.1782573],[85.3437552,28.1782843],[85.3437246,28.178284],[85.3437221,28.1784464],[85.3436916,28.178446],[85.3436886,28.1786355],[85.3437192,28.1786359],[85.3437184,28.17869],[85.3437489,28.1786904],[85.3437464,28.1788528],[85.343777,28.1788532],[85.3437749,28.1789885],[85.3438054,28.1789889],[85.3438042,28.1790701],[85.3437736,28.1790697],[85.343772,28.179178],[85.3438025,28.1791784],[85.3438021,28.1792055],[85.3438326,28.1792058],[85.3438322,28.1792329],[85.3438628,28.1792333],[85.3438615,28.1793145],[85.343831,28.1793141],[85.3438306,28.1793412],[85.3438,28.1793408],[85.3437992,28.1793949],[85.3438297,28.1793953],[85.3438289,28.1794494],[85.3438594,28.1794498],[85.3438573,28.1795852],[85.3437962,28.1795844],[85.3437958,28.1796115],[85.3437653,28.1796111],[85.343764,28.1796923],[85.3437946,28.1796927],[85.3437933,28.1797739],[85.3437628,28.1797735],[85.3437624,28.1798006],[85.3437318,28.1798002],[85.3437314,28.1798273],[85.3437008,28.1798269],[85.3436996,28.1799082],[85.3437301,28.1799085],[85.3437268,28.1801251],[85.3436963,28.1801247],[85.3436958,28.1801518],[85.3436653,28.1801514],[85.3436649,28.1801785],[85.3436038,28.1801777],[85.3436034,28.1802048],[85.3435728,28.1802044],[85.3435724,28.1802315],[85.3435418,28.1802311],[85.3435414,28.1802582],[85.3434803,28.1802575],[85.3434799,28.1802845],[85.3434494,28.1802842],[85.3434489,28.1803112],[85.3434184,28.1803109],[85.3434167,28.1804192],[85.3434473,28.1804195],[85.3434464,28.1804737],[85.343477,28.180474],[85.3434761,28.1805282],[85.3434456,28.1805278],[85.3434448,28.1805819],[85.3434753,28.1805823],[85.3434732,28.1807177],[85.3434427,28.1807173],[85.3434414,28.1807985],[85.3434109,28.1807981],[85.3434096,28.1808793],[85.3433791,28.180879],[85.3433778,28.1809602],[85.3434084,28.1809606],[85.343408,28.1809876],[85.3434385,28.180988],[85.3434381,28.1810151],[85.3434992,28.1810158],[85.3434988,28.1810429],[85.3435293,28.1810432],[85.3435289,28.1810703],[85.3435595,28.1810707],[85.343559,28.1810978],[85.3435285,28.1810974],[85.3435268,28.1812057],[85.3435574,28.181206],[85.3435565,28.1812602],[85.3435871,28.1812605],[85.3435862,28.1813147],[85.3435557,28.1813143],[85.3435544,28.1813955],[85.343585,28.1813959],[85.3435842,28.18145],[85.3436147,28.1814504],[85.3436143,28.1814775],[85.3436754,28.1814782],[85.343675,28.1815053],[85.3437055,28.1815056],[85.3437051,28.1815327],[85.3437357,28.1815331],[85.3437352,28.1815602],[85.3437658,28.1815605],[85.3437654,28.1815876],[85.3437959,28.181588],[85.3437943,28.1816962],[85.3438248,28.1816966],[85.3438244,28.1817237],[85.3438549,28.1817241],[85.3438545,28.1817511],[85.3440378,28.1817533],[85.3440382,28.1817263],[85.3440993,28.181727],[85.3440989,28.1817541],[85.3441295,28.1817544],[85.3441286,28.1818086],[85.3441592,28.181809],[85.3441584,28.1818631],[85.3442806,28.1818646],[85.3442801,28.1818916],[85.3443107,28.181892],[85.3443094,28.1819732],[85.34434,28.1819736],[85.3443379,28.1821089],[85.3443685,28.1821093],[85.3443676,28.1821635],[85.3443982,28.1821638],[85.3443973,28.182218],[85.3444279,28.1822183],[85.3444271,28.1822725],[85.3444576,28.1822728],[85.3444572,28.1822999],[85.3444877,28.1823003],[85.3444869,28.1823544],[85.3445175,28.1823548],[85.344517,28.1823819],[85.3445476,28.1823822],[85.3445463,28.1824634],[85.3445769,28.1824638],[85.3445756,28.182545],[85.3446062,28.1825454],[85.3446045,28.1826537],[85.3446351,28.182654],[85.3446338,28.1827352],[85.3446644,28.1827356],[85.344664,28.1827627],[85.3446945,28.1827631],[85.3446937,28.1828172],[85.3447242,28.1828176],[85.3447234,28.1828717],[85.3447539,28.1828721],[85.3447527,28.1829533],[85.3447832,28.1829537],[85.3447824,28.1830078],[85.344813,28.1830082],[85.3448121,28.1830623],[85.3448427,28.1830627],[85.3448418,28.1831168],[85.3448724,28.1831172],[85.344872,28.1831442],[85.3449025,28.1831446],[85.3448992,28.1833612],[85.3449297,28.1833615],[85.3449293,28.1833886],[85.3449904,28.1833894],[85.34499,28.1834164],[85.3450817,28.1834175],[85.3450812,28.1834446],[85.3451118,28.183445],[85.3451105,28.1835262],[85.34508,28.1835258],[85.3450787,28.183607],[85.3451093,28.1836074],[85.3451085,28.1836615],[85.345139,28.1836619],[85.3451386,28.183689],[85.3451691,28.1836893],[85.3451683,28.1837435],[85.3451989,28.1837438],[85.3451984,28.1837709],[85.345229,28.1837713],[85.3452286,28.1837984],[85.3452897,28.1837991],[85.3452889,28.1838532],[85.3452583,28.1838529],[85.3452562,28.1839882],[85.3452868,28.1839886],[85.3452855,28.1840698],[85.3453161,28.1840702],[85.3453152,28.1841243],[85.3453458,28.1841247],[85.3453441,28.184233],[85.3453747,28.1842333],[85.345373,28.1843416],[85.3454036,28.184342],[85.3454031,28.184369],[85.3454337,28.1843694],[85.3454333,28.1843965],[85.3454638,28.1843968],[85.345463,28.184451],[85.3454935,28.1844514],[85.3454927,28.1845055],[85.3455233,28.1845059],[85.3455191,28.1847766],[85.3455496,28.1847769],[85.3455488,28.1848311],[85.3455794,28.1848314],[85.3455785,28.1848856],[85.3456091,28.1848859],[85.3456082,28.1849401],[85.3456388,28.1849405],[85.3456384,28.1849675],[85.3456689,28.1849679],[85.3456681,28.185022],[85.3456986,28.1850224],[85.3456978,28.1850765],[85.3457284,28.1850769],[85.3457279,28.185104],[85.3457585,28.1851044],[85.3457581,28.1851314],[85.3457886,28.1851318],[85.3457882,28.1851589],[85.3458188,28.1851592],[85.3458175,28.1852404],[85.3458481,28.1852408],[85.3458472,28.185295],[85.3458778,28.1852953],[85.3458774,28.1853224],[85.3459079,28.1853228],[85.3459075,28.1853498],[85.3459381,28.1853502],[85.3459372,28.1854043],[85.3459678,28.1854047],[85.3459665,28.1854859],[85.3459971,28.1854863],[85.3459967,28.1855134],[85.3461494,28.1855152],[85.346149,28.1855423],[85.3462101,28.185543],[85.3462097,28.1855701],[85.3463013,28.1855712],[85.3463018,28.1855441],[85.3465767,28.1855474],[85.3465763,28.1855745],[85.3466069,28.1855749],[85.3466064,28.1856019],[85.346637,28.1856023],[85.3466366,28.1856294],[85.3466671,28.1856298],[85.3466646,28.1857922],[85.3466952,28.1857925],[85.3466935,28.1859008],[85.346663,28.1859005],[85.3466625,28.1859275],[85.346632,28.1859272],[85.3466312,28.1859813],[85.3466617,28.1859817],[85.3466613,28.1860087],[85.3466918,28.1860091],[85.346691,28.1860632],[85.3467216,28.1860636],[85.3467212,28.1860907],[85.3467517,28.1860911],[85.3467509,28.1861452],[85.3467814,28.1861456],[85.346781,28.1861726],[85.3468116,28.186173],[85.3468099,28.1862813],[85.3467793,28.1862809],[85.3467789,28.186308],[85.3467178,28.1863072],[85.3467166,28.1863884],[85.3467471,28.1863888],[85.3467467,28.1864159],[85.3468078,28.1864166],[85.3468074,28.1864437],[85.3468685,28.1864444],[85.3468677,28.1864986],[85.3468982,28.1864989],[85.3468978,28.186526],[85.3469284,28.1865264],[85.3469267,28.1866347],[85.3468961,28.1866343],[85.3468945,28.1867426],[85.3469556,28.1867433],[85.3469552,28.1867704],[85.3469857,28.1867707],[85.3469849,28.1868249],[85.3469543,28.1868245],[85.3469531,28.1869057],[85.3469836,28.1869061],[85.3469832,28.1869332],[85.3470443,28.1869339],[85.3470435,28.186988],[85.347074,28.1869884],[85.3470728,28.1870696],[85.3471033,28.18707],[85.3471017,28.1871783],[85.3470711,28.1871779],[85.3470699,28.1872591],[85.3471004,28.1872595],[85.3470992,28.1873407],[85.3471297,28.1873411],[85.3471285,28.1874223],[85.347159,28.1874226],[85.3471586,28.1874497],[85.3472197,28.1874504],[85.3472189,28.1875046],[85.34728,28.1875053],[85.3472796,28.1875324],[85.3473407,28.1875331],[85.3473403,28.1875602],[85.3474014,28.1875609],[85.3474009,28.187588],[85.347462,28.1875887],[85.3474612,28.1876429],[85.3474918,28.1876433],[85.3474913,28.1876703],[85.3475219,28.1876707],[85.3475211,28.1877248],[85.3475516,28.1877252],[85.3475508,28.1877793],[85.3475813,28.1877797],[85.3475809,28.1878068],[85.3475504,28.1878064],[85.34755,28.1878335],[85.3474889,28.1878327],[85.347488,28.1878869],[85.3475186,28.1878873],[85.3475177,28.1879414],[85.3475483,28.1879418],[85.3475479,28.1879688],[85.3475784,28.1879692],[85.347578,28.1879963],[85.3476086,28.1879966],[85.3476081,28.1880237],[85.3476998,28.1880248],[85.3476994,28.1880519],[85.3477299,28.1880523],[85.3477295,28.1880793],[85.3477601,28.1880797],[85.3477576,28.1882421],[85.3477881,28.1882425],[85.3477877,28.1882696],[85.3478183,28.1882699],[85.3478178,28.188297],[85.3478484,28.1882974],[85.347848,28.1883244],[85.3478785,28.1883248],[85.3478781,28.1883519],[85.3479087,28.1883522],[85.3479078,28.1884064],[85.3479384,28.1884067],[85.3479371,28.188488],[85.3479677,28.1884883],[85.3479664,28.1885695],[85.347997,28.1885699],[85.3479962,28.188624],[85.3480573,28.1886248],[85.3480569,28.1886518],[85.3480874,28.1886522],[85.348087,28.1886793],[85.3481175,28.1886797],[85.3481171,28.1887067],[85.3481477,28.1887071],[85.3481456,28.1888424],[85.3481762,28.1888428],[85.3481757,28.1888699],[85.3482063,28.1888703],[85.3482055,28.1889244],[85.348236,28.1889248],[85.3482356,28.1889518],[85.3482661,28.1889522],[85.3482649,28.1890334],[85.3482955,28.1890338],[85.3482946,28.1890879],[85.3483252,28.1890883],[85.3483239,28.1891695],[85.3483545,28.1891699],[85.3483536,28.189224],[85.3483231,28.1892236],[85.3483227,28.1892507],[85.3483532,28.1892511],[85.3483524,28.1893052],[85.3484135,28.1893059],[85.3484131,28.189333],[85.3484436,28.1893334],[85.3484424,28.1894146],[85.3484118,28.1894142],[85.3484114,28.1894407],[85.3484471,28.1895292],[85.3484813,28.1896233],[85.3485108,28.1897132],[85.34856,28.1897138],[85.3485604,28.1896868],[85.348591,28.1896871],[85.3485914,28.1896601],[85.3486525,28.1896608],[85.3486529,28.1896337],[85.348714,28.1896345],[85.3487136,28.1896615],[85.3487442,28.1896619],[85.3487438,28.189689],[85.3487743,28.1896894],[85.3487739,28.1897164],[85.3488044,28.1897168],[85.3488036,28.1897709],[85.3488342,28.1897713],[85.3488329,28.1898525],[85.3488635,28.1898529],[85.3488631,28.1898799],[85.3488936,28.1898803],[85.3488932,28.1899074],[85.3489237,28.1899078],[85.3489229,28.1899619],[85.3489535,28.1899623],[85.3489506,28.1901518],[85.3489811,28.1901521],[85.3489807,28.1901792],[85.3490112,28.1901796],[85.3490108,28.1902066],[85.349133,28.1902081],[85.3491326,28.1902352],[85.3491632,28.1902355],[85.3491628,28.1902626],[85.3491933,28.190263],[85.3491929,28.19029],[85.3492234,28.1902904],[85.3492226,28.1903446],[85.3492532,28.1903449],[85.3492519,28.1904261],[85.3492214,28.1904258],[85.3492193,28.1905611],[85.3491582,28.1905604],[85.3491561,28.1906957],[85.3491867,28.1906961],[85.3491858,28.1907502],[85.3492164,28.1907506],[85.3492155,28.1908047],[85.3492461,28.1908051],[85.3492457,28.1908322],[85.3492762,28.1908326],[85.3492758,28.1908596],[85.3493064,28.19086],[85.349306,28.1908871],[85.3493365,28.1908874],[85.3493361,28.1909145],[85.3493972,28.1909152],[85.3493976,28.1908882],[85.3494587,28.1908889],[85.3494583,28.190916],[85.34955,28.1909171],[85.3495504,28.19089],[85.3495809,28.1908904],[85.3495813,28.1908633],[85.3498258,28.1908663],[85.3498254,28.1908933],[85.3499476,28.1908948],[85.3499467,28.1909489],[85.3499162,28.1909486],[85.3499158,28.1909756],[85.3498852,28.1909753],[85.3498848,28.1910023],[85.3497931,28.1910012],[85.3497927,28.1910283],[85.3497011,28.1910272],[85.3497015,28.1910001],[85.3495793,28.1909987],[85.3495789,28.1910257],[85.3494872,28.1910246],[85.3494868,28.1910517],[85.3494257,28.191051],[85.3494253,28.191078],[85.3493947,28.1910777],[85.3493943,28.1911047],[85.3493637,28.1911044],[85.3493633,28.1911314],[85.3493328,28.1911311],[85.3493323,28.1911581],[85.3493018,28.1911578],[85.3493001,28.191266],[85.3493307,28.1912664],[85.3493299,28.1913205],[85.3493604,28.1913209],[85.3493596,28.1913751],[85.3493901,28.1913754],[85.3493893,28.1914296],[85.3494198,28.1914299],[85.3494161,28.1916736],[85.3494467,28.1916739],[85.3494462,28.191701],[85.3495073,28.1917017],[85.3495069,28.1917288],[85.349568,28.1917295],[85.3495676,28.1917566],[85.3495982,28.191757],[85.3495978,28.191784],[85.3496283,28.1917844],[85.3496275,28.1918386],[85.349658,28.1918389],[85.3496572,28.1918931],[85.3496878,28.1918934],[85.3496873,28.1919205],[85.3497179,28.1919209],[85.3497175,28.1919479],[85.349748,28.1919483],[85.3497476,28.1919754],[85.3497782,28.1919757],[85.3497765,28.192084],[85.3498071,28.1920844],[85.3498058,28.1921656],[85.3498364,28.192166],[85.3498355,28.1922201],[85.3498661,28.1922205],[85.349864,28.1923558],[85.3498946,28.1923562],[85.3498941,28.1923833],[85.3499247,28.1923836],[85.3499243,28.1924107],[85.3499548,28.1924111],[85.3499536,28.1924923],[85.3499841,28.1924927],[85.3499829,28.1925739],[85.3500135,28.1925742],[85.350013,28.1926013],[85.3500436,28.1926017],[85.3500432,28.1926287],[85.3500737,28.1926291],[85.3500733,28.1926562],[85.3501039,28.1926565],[85.3501034,28.1926836],[85.350134,28.192684],[85.3501332,28.1927381],[85.3501637,28.1927385],[85.3501621,28.1928468],[85.3501926,28.1928471],[85.3501914,28.1929284],[85.3502219,28.1929287],[85.3502211,28.1929829],[85.3502516,28.1929832],[85.3502508,28.1930374],[85.3502814,28.1930377],[85.350281,28.1930648],[85.3503115,28.1930652],[85.3503107,28.1931193],[85.3503412,28.1931197],[85.3503408,28.1931468],[85.3503714,28.1931471],[85.3503709,28.1931742],[85.3504015,28.1931746],[85.3504011,28.1932016],[85.3504316,28.193202],[85.3504312,28.1932291],[85.3504618,28.1932294],[85.3504614,28.1932565],[85.3504919,28.1932569],[85.3504915,28.1932839],[85.3505526,28.1932847],[85.3505522,28.1933117],[85.3505827,28.1933121],[85.3505803,28.1934745],[85.3506108,28.1934749],[85.3506096,28.1935561],[85.3506401,28.1935565],[85.3506393,28.1936106],[85.3506698,28.193611],[85.3506694,28.1936381],[85.3507,28.1936384],[85.3506975,28.1938008],[85.350728,28.1938012],[85.3507276,28.1938283],[85.3506971,28.1938279],[85.3506967,28.193855],[85.3507272,28.1938554],[85.3507264,28.1939095],[85.3507569,28.1939099],[85.3507565,28.1939369],[85.3507871,28.1939373],[85.3507866,28.1939644],[85.3508478,28.1939651],[85.3508473,28.1939922],[85.3508779,28.1939925],[85.3508775,28.1940196],[85.350908,28.19402],[85.3509076,28.1940471],[85.3509382,28.1940474],[85.3509373,28.1941016],[85.3509679,28.1941019],[85.3509671,28.1941561],[85.3509976,28.1941564],[85.3509968,28.1942106],[85.3510273,28.1942109],[85.3510257,28.1943192],[85.3510562,28.1943196],[85.3510554,28.1943737],[85.351086,28.1943741],[85.3510855,28.1944012],[85.3511161,28.1944015],[85.3511157,28.1944286],[85.3511462,28.194429],[85.3511454,28.1944831],[85.351176,28.1944835],[85.3511735,28.1946459],[85.3511429,28.1946455],[85.3511425,28.1946726],[85.3511119,28.1946722],[85.3511115,28.1946993],[85.3510504,28.1946986],[85.3510496,28.1947527],[85.351019,28.1947523],[85.3510186,28.1947794],[85.3509881,28.194779],[85.3509872,28.1948332],[85.3509567,28.1948328],[85.350955,28.1949411],[85.3509856,28.1949415],[85.3509843,28.1950227],[85.3510149,28.195023],[85.351014,28.1950772],[85.3510446,28.1950776],[85.3510438,28.1951317],[85.3510743,28.1951321],[85.3510689,28.195484],[85.3510995,28.1954843],[85.3510941,28.1958362],[85.3510635,28.1958359],[85.3510632,28.1958584],[85.3512338,28.1961087],[85.3512427,28.1961088],[85.3512425,28.1961216],[85.3512703,28.1961633],[85.351303,28.1961637],[85.3513022,28.1962111],[85.351325,28.1962451],[85.3513323,28.1962452],[85.3513321,28.1962558],[85.3513432,28.1962724],[85.351393,28.196273],[85.3513926,28.1963001],[85.3514231,28.1963005],[85.3514227,28.1963275],[85.3514532,28.1963279],[85.3514524,28.1963821],[85.351483,28.1963824],[85.3514821,28.1964366],[85.3515127,28.1964369],[85.3515119,28.1964911],[85.3515424,28.1964914],[85.3515416,28.1965456],[85.3516027,28.1965463],[85.3516023,28.1965734],[85.3518162,28.196576],[85.3518157,28.196603],[85.3518769,28.1966038],[85.3518764,28.1966308],[85.3519376,28.1966316],[85.351938,28.1966045],[85.3519991,28.1966052],[85.3519987,28.1966323],[85.3520292,28.1966327],[85.3520276,28.196741],[85.3519664,28.1967402],[85.3519669,28.1967132],[85.3519058,28.1967124],[85.3519053,28.1967395],[85.3518748,28.1967391],[85.3518744,28.1967662],[85.3518438,28.1967658],[85.3518434,28.1967929],[85.3518739,28.1967933],[85.3518727,28.1968745],[85.3519033,28.1968748],[85.3519024,28.196929],[85.3519635,28.1969297],[85.3519631,28.1969568],[85.3519937,28.1969572],[85.3519933,28.1969842],[85.3520849,28.1969853],[85.3520845,28.1970124],[85.3521151,28.1970128],[85.3521142,28.1970669],[85.3521448,28.1970673],[85.352144,28.1971214],[85.3521745,28.1971218],[85.3521737,28.1971759],[85.3522042,28.1971763],[85.3522038,28.1972034],[85.3522649,28.1972041],[85.3522645,28.1972312],[85.3523256,28.1972319],[85.3523252,28.197259],[85.3523558,28.1972593],[85.3523549,28.1973135],[85.3523855,28.1973138],[85.3523842,28.1973951],[85.3524148,28.1973954],[85.3524136,28.1974766],[85.3524441,28.197477],[85.3524437,28.1975041],[85.3524743,28.1975044],[85.3524738,28.1975315],[85.3525655,28.1975326],[85.3525651,28.1975597],[85.3526873,28.1975612],[85.3526869,28.1975882],[85.3527174,28.1975886],[85.3527158,28.1976969],[85.3527463,28.1976972],[85.3527451,28.1977784],[85.3527756,28.1977788],[85.3527752,28.1978059],[85.3528058,28.1978063],[85.352805,28.1978604],[85.3528355,28.1978608],[85.3528351,28.1978878],[85.3528657,28.1978882],[85.3528652,28.1979153],[85.3529263,28.197916],[85.3529268,28.1978889],[85.3530184,28.19789],[85.353018,28.1979171],[85.3531097,28.1979182],[85.3531088,28.1979723],[85.3530783,28.197972],[85.3530779,28.197999],[85.3530473,28.1979987],[85.3530469,28.1980258],[85.3529858,28.198025],[85.3529854,28.1980521],[85.3529548,28.1980517],[85.3529519,28.1982412],[85.3529825,28.1982416],[85.3529812,28.1983228],[85.3530118,28.1983232],[85.353011,28.1983773],[85.3530415,28.1983777],[85.3530399,28.1984859],[85.3530093,28.1984856],[85.353006,28.1987021],[85.3530365,28.1987025],[85.3530361,28.1987296],[85.3530667,28.1987299],[85.3530663,28.198757],[85.3530968,28.1987574],[85.353096,28.1988115],[85.3531265,28.1988119],[85.3531257,28.198866],[85.3531563,28.1988664],[85.3531554,28.1989205],[85.353186,28.1989209],[85.3531856,28.198948],[85.3532161,28.1989483],[85.3532157,28.1989754],[85.3532768,28.1989761],[85.3532764,28.1990032],[85.353307,28.1990036],[85.3533053,28.1991119],[85.3533359,28.1991122],[85.3533354,28.1991393],[85.353366,28.1991397],[85.3533656,28.1991667],[85.3533961,28.1991671],[85.3533957,28.1991942],[85.3534263,28.1991945],[85.3534259,28.1992216],[85.3534564,28.199222],[85.353456,28.199249],[85.3535171,28.1992498],[85.3535163,28.1993039],[85.3535468,28.1993043],[85.3535463,28.1993375],[85.3535552,28.1993495],[85.3535635,28.1993642],[85.3535712,28.199388],[85.3535742,28.1994168],[85.3535729,28.1994497],[85.3535664,28.1995041],[85.3535592,28.1995406],[85.3535362,28.1996147],[85.3535285,28.1996468],[85.3535253,28.1996781],[85.3535237,28.1997608],[85.3535202,28.1997841],[85.3535144,28.1998029],[85.3535237,28.1998227],[85.3535503,28.1999075],[85.3535664,28.199944],[85.3535798,28.1999649],[85.3536127,28.2000092],[85.3536247,28.2000285],[85.3536356,28.200055],[85.3536546,28.2001233],[85.3536622,28.2001401],[85.3536713,28.2001538],[85.3536923,28.2001747],[85.3537296,28.2002033],[85.3537493,28.2002166],[85.3537728,28.2002293],[85.3538749,28.2002753],[85.3538955,28.2002871],[85.3539131,28.2002995],[85.3539263,28.2003106],[85.3539287,28.2003107],[85.3539287,28.2003125],[85.3539364,28.200314],[85.3539992,28.2003343],[85.3540104,28.2003387],[85.35402,28.2003388],[85.3540199,28.2003425],[85.3540733,28.2003636],[85.3540805,28.2003666],[85.3540807,28.2003666],[85.3540807,28.2003667],[85.3541485,28.2003959],[85.3541957,28.2004218],[85.3541962,28.2004222],[85.3542021,28.2004222],[85.354202,28.2004259],[85.3542216,28.2004387],[85.3542365,28.200451],[85.3542598,28.2004801],[85.3542698,28.2004966],[85.3542827,28.2005037],[85.3543064,28.2005199],[85.354327,28.2005365],[85.3543444,28.2005533],[85.3543586,28.2005703],[85.3543695,28.2005876],[85.3543773,28.200605],[85.3543861,28.2006381],[85.35439,28.2006712],[85.3543885,28.2007],[85.3543818,28.2007234],[85.3543704,28.2007421],[85.3543533,28.2007608],[85.3543319,28.2007781],[85.354309,28.2007917],[85.3542868,28.2007991],[85.3542596,28.2008022],[85.3542296,28.2008015],[85.3541724,28.2007962],[85.3541253,28.2007909],[85.3540814,28.2007826],[85.3540604,28.2007764],[85.3540377,28.2007673],[85.3539462,28.2007222],[85.3539084,28.2007097],[85.3538606,28.2007019],[85.3538459,28.2007171],[85.3537995,28.200786],[85.3537809,28.2008145],[85.3537629,28.2008482],[85.3537139,28.2009594],[85.3536963,28.200996],[85.3536784,28.2010273],[85.3536596,28.201054],[85.3536157,28.201108],[85.3535981,28.2011263],[85.353581,28.2011415],[85.3535489,28.2011639],[85.3535475,28.2012537],[85.3535781,28.2012541],[85.3535768,28.2013353],[85.3536074,28.2013356],[85.3536053,28.201471],[85.3536359,28.2014713],[85.3536346,28.2015526],[85.3536652,28.2015529],[85.3536643,28.2016071],[85.3536949,28.2016074],[85.3536945,28.2016345],[85.353725,28.2016349],[85.3537242,28.201689],[85.3537548,28.2016894],[85.3537539,28.2017435],[85.3537845,28.2017439],[85.3537837,28.201798],[85.3538142,28.2017984],[85.3538134,28.2018525],[85.3538439,28.2018529],[85.3538435,28.20188],[85.3538741,28.2018803],[85.3538737,28.2019074],[85.3539348,28.2019081],[85.3539344,28.2019352],[85.3539649,28.2019356],[85.3539645,28.2019627],[85.3539951,28.201963],[85.353993,28.2020984],[85.3540235,28.2020987],[85.3540206,28.2022882],[85.3540512,28.2022886],[85.3540495,28.2023969],[85.3540801,28.2023972],[85.354078,28.2025326],[85.3541086,28.202533],[85.3541073,28.2026142],[85.3541379,28.2026145],[85.3541366,28.2026957],[85.3541672,28.2026961],[85.3541651,28.2028315],[85.3541957,28.2028318],[85.3541949,28.202886],[85.3542254,28.2028863],[85.3542238,28.2029946],[85.3542543,28.202995],[85.3542531,28.2030762],[85.3542836,28.2030766],[85.3542832,28.2031036],[85.3543116,28.203104],[85.3543135,28.203118],[85.354319,28.2031582],[85.3543363,28.2032863],[85.3543773,28.203432],[85.3544455,28.2035003],[85.3545502,28.2035777],[85.3546458,28.2036915],[85.3547232,28.2038326],[85.3549782,28.2040693],[85.3551329,28.2042742],[85.3552513,28.2044562],[85.3554106,28.2046156],[85.3554212,28.2046323],[85.3554211,28.2046335],[85.3554219,28.2046335],[85.3554391,28.2046608],[85.3554207,28.2046606],[85.3554203,28.2046876],[85.3554509,28.204688],[85.3554505,28.2047151],[85.3554735,28.2047154],[85.3554808,28.2047271],[85.3554806,28.2047425],[85.3554904,28.2047426],[85.3555472,28.2048432],[85.3556519,28.204998],[85.3557503,28.2050894],[85.3557502,28.2050977],[85.3557595,28.2050978],[85.3557794,28.2051163],[85.3558586,28.2052073],[85.3558402,28.2052071],[85.3558398,28.2052342],[85.3558093,28.2052338],[85.3558076,28.2053421],[85.355777,28.2053417],[85.3557754,28.20545],[85.3558059,28.2054504],[85.3558051,28.2055045],[85.3558357,28.2055049],[85.3558348,28.205559],[85.3558654,28.2055594],[85.355865,28.2055865],[85.3558955,28.2055868],[85.3558943,28.205668],[85.3559249,28.2056684],[85.3559244,28.2056955],[85.3558939,28.2056951],[85.3558931,28.2057492],[85.3558319,28.2057485],[85.3558315,28.2057756],[85.3558621,28.2057759],[85.3558617,28.205803],[85.3559228,28.2058038],[85.3559224,28.2058308],[85.3559529,28.2058312],[85.3559504,28.2059936],[85.3559199,28.2059932],[85.3559182,28.2061015],[85.3558877,28.2061012],[85.3558873,28.2061282],[85.3558567,28.2061279],[85.3558563,28.2061549],[85.3558257,28.2061546],[85.3558237,28.2062899],[85.3558542,28.2062903],[85.3558538,28.2063173],[85.3558844,28.2063177],[85.3558839,28.2063448],[85.3559145,28.2063452],[85.3559137,28.2063993],[85.3558831,28.2063989],[85.3558827,28.206426],[85.3558521,28.2064256],[85.3558517,28.2064527],[85.3558212,28.2064523],[85.3558208,28.2064794],[85.3557902,28.206479],[85.3557898,28.2065061],[85.3557592,28.2065057],[85.3557588,28.2065328],[85.3557282,28.2065324],[85.3557274,28.2065866],[85.3556969,28.2065862],[85.3556964,28.2066133],[85.355727,28.2066136],[85.3557262,28.2066678],[85.3557567,28.2066682],[85.3557559,28.2067223],[85.3557865,28.2067227],[85.355784,28.2068851],[85.3557534,28.2068847],[85.3557509,28.2070471],[85.3557204,28.2070468],[85.3557191,28.207128],[85.3556886,28.2071276],[85.3556882,28.2071547],[85.3556576,28.2071543],[85.3556568,28.2072084],[85.3556262,28.2072081],[85.3556258,28.2072352],[85.3555952,28.2072348],[85.3555944,28.2072889],[85.3555638,28.2072886],[85.3555622,28.2073968],[85.3555316,28.2073965],[85.3555304,28.2074777],[85.3554998,28.2074773],[85.3554982,28.2075856],[85.3555287,28.207586],[85.3555283,28.207613],[85.3554978,28.2076127],[85.3554969,28.2076668],[85.3554664,28.2076664],[85.3554647,28.2077747],[85.3554342,28.2077743],[85.3554333,28.2078285],[85.3554028,28.2078281],[85.3554024,28.2078552],[85.3553718,28.2078548],[85.3553705,28.207936],[85.35534,28.2079357],[85.3553396,28.2079627],[85.355309,28.2079624],[85.3553082,28.2080165],[85.3552776,28.2080161],[85.3552768,28.2080703],[85.3552462,28.2080699],[85.3552458,28.208097],[85.3552153,28.2080966],[85.355215,28.2081161],[85.3552183,28.208141],[85.3552188,28.2081838],[85.3552148,28.2082314],[85.3552061,28.2082873],[85.3551955,28.2083391],[85.3551846,28.2083794],[85.3551716,28.2084141],[85.3551563,28.2084438],[85.355129,28.2084825],[85.3551285,28.208483],[85.3551353,28.2085138],[85.3551616,28.2086971],[85.3551723,28.2087536],[85.3551938,28.2088566],[85.3552085,28.2089587],[85.3552162,28.2090582],[85.3552167,28.2091537],[85.3552125,28.2092225],[85.3552042,28.2092929],[85.3551918,28.2093647],[85.3551754,28.2094376],[85.3551552,28.2095113],[85.3551311,28.2095852],[85.3551034,28.2096588],[85.3550722,28.2097317],[85.355043,28.2097856],[85.3549814,28.2098788],[85.3549594,28.2099149],[85.3549405,28.2099523],[85.3549278,28.2099873],[85.3549153,28.2100345],[85.354906,28.2100797],[85.3548998,28.2101226],[85.3548969,28.2101631],[85.354897,28.210201],[85.3549004,28.2102362],[85.354907,28.2102687],[85.3549167,28.2102985],[85.3549318,28.2103274],[85.3549774,28.2103908],[85.3549944,28.2104207],[85.3550018,28.2104401],[85.3550079,28.2104628],[85.3550255,28.2105605],[85.3550315,28.2105808],[85.3550389,28.2105986],[85.3550553,28.2106283],[85.3550756,28.2106586],[85.3550998,28.2106895],[85.3551278,28.2107208],[85.3551599,28.2107514],[85.3551977,28.2107815],[85.3552417,28.2108114],[85.3552945,28.2108431],[85.355318,28.2108539],[85.3553469,28.2108625],[85.3553781,28.2108688],[85.3554613,28.2108821],[85.3555036,28.2108935],[85.3555236,28.2109027],[85.3555396,28.2109139],[85.3555522,28.2109273],[85.3555613,28.2109431],[85.3555724,28.2109764],[85.35558,28.2110182],[85.3555809,28.2110658],[85.3555759,28.2111168],[85.3555613,28.2112098],[85.3555479,28.2112737],[85.3555085,28.2114071],[85.3554946,28.2114654],[85.3554889,28.2115025],[85.3554855,28.2115417],[85.3554843,28.2115832],[85.3554854,28.2116281],[85.3554919,28.2117117],[85.3555149,28.211912],[85.3555186,28.2119646],[85.3555198,28.2120118],[85.3555183,28.2120603],[85.3555136,28.2121054],[85.3555057,28.2121478],[85.3554946,28.2121879],[85.3554612,28.2122768],[85.3554566,28.2122914],[85.3554549,28.2124044],[85.3554244,28.212404],[85.3554239,28.2124311],[85.3554164,28.212431],[85.3554021,28.2124899],[85.355381,28.2126065],[85.3553654,28.2127312],[85.3553551,28.2128612],[85.3553494,28.2130042],[85.3553478,28.2131627],[85.3553501,28.2133771],[85.3553523,28.2136249],[85.355355,28.2137434],[85.3553611,28.2138603],[85.3553707,28.2139644],[85.3553856,28.2140675],[85.3554055,28.2141625],[85.3554306,28.2142507],[85.3554612,28.2143329],[85.3554948,28.2144075],[85.3555323,28.2144812],[85.3555731,28.214553],[85.3556168,28.2146218],[85.3556514,28.2146689],[85.3557442,28.2147803],[85.3557835,28.214833],[85.355813,28.2148783],[85.3558412,28.2149254],[85.3558938,28.2150248],[85.3559404,28.2151289],[85.3559667,28.2151441],[85.3560349,28.2151878],[85.3561007,28.2152346],[85.3561634,28.2152839],[85.3562224,28.2153351],[85.3562773,28.215388],[85.3563277,28.2154422],[85.3563734,28.2154974],[85.3564069,28.2155432],[85.3564393,28.2155929],[85.3564707,28.2156466],[85.3565013,28.2157047],[85.3565309,28.215767],[85.3565604,28.2158348],[85.3565902,28.2159093],[85.356622,28.2159946],[85.356647,28.2160716],[85.3566702,28.2161593],[85.356689,28.2162432],[85.3567277,28.2164314],[85.3567463,28.2165126],[85.3567746,28.2166206],[85.3568095,28.2167427],[85.3568163,28.2167651],[85.3568578,28.2168479],[85.3569129,28.2169694],[85.3569616,28.2170891],[85.3569967,28.2171837],[85.3570276,28.2172729],[85.3570546,28.2173581],[85.3570782,28.2174401],[85.3570984,28.2175196],[85.3571153,28.2175967],[85.357129,28.2176718],[85.3571361,28.2177212],[85.3573233,28.2182606],[85.3573276,28.2182737],[85.3573278,28.2182739],[85.3573286,28.2182767],[85.3573651,28.2183879],[85.3573701,28.2183948],[85.3573858,28.218412],[85.3574522,28.218471],[85.3574772,28.2184974],[85.3575037,28.2185354],[85.3575272,28.2185811],[85.3575483,28.2186343],[85.3575859,28.2187474],[85.3576035,28.2187947],[85.3576255,28.2188423],[85.3576496,28.2188819],[85.357673,28.2189124],[85.3577014,28.2189444],[85.3578167,28.2190578],[85.3578617,28.2191073],[85.3579011,28.2191586],[85.3579411,28.2192178],[85.3579813,28.2192836],[85.3580932,28.2194761],[85.3581306,28.2195344],[85.3581667,28.2195846],[85.3582219,28.2196543],[85.3582821,28.2197246],[85.3583477,28.2197963],[85.3584195,28.2198701],[85.3584952,28.2199439],[85.3585802,28.2200233],[85.3588164,28.2202344],[85.3589124,28.2203154],[85.3590213,28.2204],[85.3591496,28.2204933],[85.3594249,28.2206853],[85.3595432,28.2207701],[85.3596653,28.2208629],[85.3597711,28.2209504],[85.3598383,28.2210105],[85.35999,28.2211515],[85.3600628,28.2212156],[85.3601152,28.2212575],[85.3601721,28.2212988],[85.3602341,28.22134],[85.3603024,28.2213817],[85.360434,28.221455],[85.3607607,28.2216257],[85.3608476,28.221675],[85.3609235,28.2217219],[85.3610021,28.2217758],[85.361072,28.2218304],[85.3611344,28.2218866],[85.3611899,28.2219448],[85.3612554,28.2220231],[85.3613187,28.2221058],[85.3613794,28.2221925],[85.3614369,28.2222823],[85.3614908,28.2223748],[85.3615408,28.2224692],[85.3615865,28.2225648],[85.3616274,28.2226609],[85.361667,28.2227686],[85.3617036,28.2228876],[85.361738,28.2230201],[85.3617733,28.223178],[85.3617921,28.2232548],[85.3618495,28.223458],[85.3618628,28.2235165],[85.3618686,28.2235509],[85.3619043,28.2235835],[85.3619452,28.2236253],[85.3619793,28.2236645],[85.3620077,28.2237022],[85.3620313,28.2237394],[85.3620503,28.2237768],[85.362065,28.2238144],[85.3620821,28.2238718],[85.3620966,28.2239332],[85.3621087,28.2239982],[85.3621181,28.2240664],[85.3621224,28.2241198],[85.3621238,28.2241798],[85.3621181,28.2243846],[85.3621103,28.2246603],[85.3620964,28.2249275],[85.3620761,28.2251866],[85.3620496,28.2254382],[85.3620166,28.2256825],[85.3619773,28.2259197],[85.3619316,28.22615],[85.3618794,28.2263735],[85.3618537,28.2264676],[85.3618215,28.2265717],[85.3617079,28.2269017],[85.3616702,28.2270165],[85.3616387,28.2271238],[85.3616142,28.2272221],[85.3615997,28.2272983],[85.3615885,28.2273842],[85.3615809,28.2274696],[85.3615655,28.2276889],[85.361552,28.2278079],[85.3615414,28.22787],[85.3615285,28.2279272],[85.361513,28.2279807],[85.3614949,28.228031],[85.3614548,28.2281178],[85.3614418,28.2281503],[85.3614328,28.2281807],[85.3614262,28.228213],[85.3614218,28.2282477],[85.3614196,28.2282854],[85.3614204,28.2283556],[85.3614299,28.2285215],[85.3614302,28.2285635],[85.3614286,28.2286011],[85.3614187,28.2287003],[85.361403,28.2288089],[85.3613815,28.2289283],[85.3613123,28.2292785],[85.3612946,28.2293896],[85.3612827,28.2294895],[85.3612774,28.2295696],[85.3612759,28.2296593],[85.3612776,28.2297481],[85.3612857,28.229976],[85.3612854,28.2301005],[85.361282,28.2301659],[85.3612761,28.2302267],[85.3612675,28.2302839],[85.3612562,28.2303381],[85.3612413,28.2303922],[85.3612213,28.2304513],[85.3611307,28.2306779],[85.361112,28.2307292],[85.3610971,28.2307757],[85.3610776,28.23085],[85.3610619,28.2309289],[85.3610498,28.231013],[85.3610411,28.2311041],[85.3610393,28.231135],[85.3610875,28.2312413],[85.3611162,28.2313132],[85.3611382,28.2313854],[85.3611454,28.2314192],[85.3611501,28.2314519],[85.3611569,28.231544],[85.3611569,28.2316304],[85.3611739,28.2316653],[85.3611899,28.2317038],[85.3612023,28.2317415],[85.3612118,28.2317821],[85.3612187,28.231826],[85.3612229,28.231874],[85.3612245,28.2319216],[85.3612242,28.2319753],[85.3612164,28.2321547],[85.361209,28.2322632],[85.3611942,28.2323816],[85.3611827,28.2324487],[85.3611964,28.2325296],[85.3612048,28.2326181],[85.3612073,28.2327109],[85.3612041,28.2328036],[85.361195,28.2328916],[85.3611808,28.2329682],[85.361172,28.2330007],[85.3611623,28.2330287],[85.3611517,28.2330517],[85.3611405,28.2330696],[85.3611446,28.2331084],[85.3611463,28.2331488],[85.3611437,28.233192],[85.3611348,28.2332402],[85.3611227,28.2332852],[85.3610867,28.2334021],[85.3610542,28.2335065],[85.3610113,28.2336198],[85.360963,28.2337326],[85.360827,28.2340326],[85.3607894,28.2341238],[85.3607589,28.2342067],[85.3607355,28.234279],[85.3607121,28.2343604],[85.3606419,28.2346341],[85.3606141,28.2347354],[85.3605829,28.2348344],[85.3605503,28.234922],[85.3605263,28.2349775],[85.3604975,28.2350375],[85.3603552,28.2353049],[85.3603233,28.2353696],[85.360297,28.2354286],[85.3602724,28.235492],[85.3602486,28.2355643],[85.3601808,28.2358073],[85.3601537,28.2358957],[85.3601224,28.2359805],[85.3600884,28.2360544],[85.3600505,28.2361247],[85.3600104,28.2361932],[85.3599683,28.2362593],[85.3599245,28.2363226],[85.3598786,28.2363842],[85.359914,28.2364514],[85.3599436,28.2365186],[85.359967,28.236585],[85.3599841,28.2366504],[85.359991,28.2366885],[85.3599959,28.2367291],[85.3599988,28.2367723],[85.3599998,28.2368187],[85.3599963,28.2369195],[85.3599841,28.2370676],[85.3599769,28.2371322],[85.3599661,28.2372038],[85.3599245,28.2374252],[85.3598634,28.2377836],[85.3598467,28.2378704],[85.3598297,28.2379474],[85.3598083,28.2380306],[85.3597849,28.238107],[85.3597592,28.2381781],[85.3597308,28.2382447],[85.359714,28.2382781],[85.3596931,28.2383144],[85.359618,28.2384311],[85.3595919,28.2384742],[85.3595691,28.2385173],[85.359552,28.2385576],[85.3595327,28.2386143],[85.3595162,28.2386735],[85.3595027,28.2387343],[85.3594924,28.238796],[85.359482,28.2388893],[85.3594786,28.2389741],[85.359482,28.2390521],[85.3594924,28.2391238],[85.3595036,28.2391778],[85.3595131,28.2392144],[85.3595242,28.239246],[85.3595371,28.2392728],[85.3595515,28.2392929],[85.3595721,28.2393126],[85.3595946,28.2393297],[85.3596491,28.2393668],[85.3596723,28.2393853],[85.3596893,28.2394034],[85.359701,28.2394218],[85.3597082,28.2394393],[85.3597137,28.2394588],[85.3597202,28.2395043],[85.3597208,28.2395563],[85.3597159,28.2396453],[85.359709,28.2397025],[85.3596942,28.2397603],[85.3596711,28.2398194],[85.3596393,28.239881],[85.3596087,28.2399307],[85.3595713,28.2399848],[85.3594142,28.24019],[85.359352,28.2402788],[85.359367,28.240295],[85.359381,28.2403139],[85.3593941,28.2403358],[85.3594064,28.2403609],[85.3594275,28.2404149],[85.3594626,28.2405244],[85.3594785,28.2405744],[85.3594925,28.2406258],[85.3595044,28.2406784],[85.3595142,28.240732],[85.3595219,28.2407862],[85.3595274,28.2408409],[85.3595308,28.2408957],[85.3595319,28.2409505],[85.3595308,28.2410048],[85.3595275,28.2410586],[85.359522,28.2411116],[85.3595143,28.2411637],[85.3595045,28.2412146],[85.3594926,28.2412642],[85.3594786,28.2413123],[85.3594626,28.2413588],[85.35945,28.2413885],[85.3594164,28.2414579],[85.359403,28.2414929],[85.3593949,28.2415238],[85.3593891,28.2415568],[85.3593858,28.2415922],[85.3593846,28.2416305],[85.359388,28.2417072],[85.359403,28.2418654],[85.3594123,28.2419652],[85.3594254,28.2420634],[85.3594422,28.2421595],[85.3594626,28.2422528],[85.3594804,28.2423132],[85.359507,28.2423822],[85.3595374,28.2424502],[85.3596121,28.2426071],[85.3596431,28.2426806],[85.3596557,28.2427168],[85.3596645,28.2427491],[85.3596696,28.2427781],[85.3596712,28.2428041],[85.3596673,28.2428364],[85.3596563,28.2428675],[85.3596885,28.2428986],[85.3597711,28.2429744],[85.3598274,28.2430222],[85.3598877,28.2430704],[85.3599527,28.2431194],[85.3599743,28.2431349],[85.3601182,28.2433703],[85.360297,28.2436236],[85.3607738,28.2439365],[85.3611463,28.24416],[85.3615635,28.2444282],[85.3619062,28.2448156],[85.3620999,28.244905],[85.3621935,28.2448284],[85.3623466,28.244895],[85.3623886,28.244874],[85.3624277,28.2448603],[85.362476,28.244849],[85.3625255,28.2448408],[85.3625751,28.2448358],[85.3626241,28.2448342],[85.3626714,28.2448358],[85.3627169,28.2448408],[85.3627599,28.244849],[85.3628002,28.2448603],[85.3628297,28.2448715],[85.3628617,28.2448864],[85.3629492,28.2449348],[85.3630128,28.2449746],[85.3630804,28.2450238],[85.3631479,28.2450783],[85.363277,28.2451881],[85.3634725,28.2453538],[85.3636174,28.2454823],[85.3637441,28.2456024],[85.3638548,28.2457166],[85.3639068,28.2457743],[85.3639555,28.2458314],[85.3640011,28.2458882],[85.3640437,28.2459448],[85.3640834,28.2460014],[85.3641203,28.246058],[85.3641545,28.2461147],[85.3641859,28.2461716],[85.3642134,28.2462311],[85.3642569,28.2463452],[85.3642754,28.2463894],[85.364297,28.2464328],[85.36432,28.2464696],[85.3643512,28.2465074],[85.3644271,28.2465849],[85.3644541,28.2466186],[85.3644772,28.2466542],[85.3644987,28.2466925],[85.3645185,28.2467332],[85.3645366,28.2467759],[85.3645528,28.2468206],[85.3645668,28.2468667],[85.3645787,28.2469138],[85.3645882,28.2469613],[85.3645929,28.2469961],[85.3645954,28.2470333],[85.3646133,28.2470463],[85.3646308,28.2470617],[85.3646652,28.2471007],[85.3646961,28.247145],[85.3647748,28.2472711],[85.3648009,28.2473058],[85.3648266,28.2473338],[85.3648545,28.2473591],[85.3648852,28.2473836],[85.3649187,28.2474074],[85.3649557,28.247431],[85.3650435,28.2474793],[85.3652376,28.2475727],[85.3653197,28.2476159],[85.3653626,28.2476416],[85.3654011,28.2476674],[85.3654359,28.2476938],[85.3654673,28.2477212],[85.3655136,28.2477666],[85.3655595,28.2478161],[85.3656052,28.2478697],[85.3656508,28.2479277],[85.3656964,28.24799],[85.3657425,28.2480575],[85.3657899,28.2481311],[85.3658398,28.2482129],[85.3658671,28.2482635],[85.3659312,28.2483978],[85.3659524,28.2484348],[85.3659739,28.2484662],[85.3659958,28.2484923],[85.3660226,28.2485192],[85.3660538,28.2485467],[85.3661475,28.2486242],[85.3661749,28.2486501],[85.3661974,28.2486748],[85.3662465,28.2487376],[85.3662921,28.2488042],[85.3663337,28.248874],[85.3663706,28.2489461],[85.3664026,28.2490195],[85.3664292,28.2490936],[85.3664503,28.2491676],[85.3664656,28.249241],[85.3664751,28.2493414],[85.3664805,28.2493751],[85.3664949,28.2494259],[85.3665153,28.2494772],[85.3665417,28.2495285],[85.3665738,28.2495792],[85.3666113,28.249629],[85.3666535,28.2496767],[85.3666997,28.2497215],[85.3667487,28.2497625],[85.3667663,28.2497744],[85.3668157,28.249803],[85.3668285,28.2498125],[85.3668381,28.2498221],[85.3668497,28.2498394],[85.3668579,28.2498601],[85.3668628,28.2498843],[85.3668644,28.2499122],[85.366863,28.2499424],[85.3668585,28.249977],[85.3668381,28.2500754],[85.3668274,28.2501099],[85.3668095,28.2501464],[85.3667852,28.2501845],[85.3667412,28.2502455],[85.3667845,28.2502775],[85.3668362,28.2503087],[85.3668968,28.2503397],[85.3669722,28.2503734],[85.3670026,28.2503834],[85.3670419,28.2503911],[85.367086,28.2503964],[85.3672004,28.2504066],[85.36723,28.2504109],[85.3672534,28.250416],[85.3672761,28.2504243],[85.3672912,28.2504347],[85.3672992,28.2504474],[85.3673,28.2504628],[85.367294,28.2504826],[85.3672816,28.2505074],[85.3672632,28.2505365],[85.3672404,28.2505671],[85.3672221,28.250586],[85.3671983,28.2506036],[85.3671681,28.2506208],[85.3670761,28.2506664],[85.3670509,28.2506834],[85.3670318,28.2507012],[85.3670181,28.2507184],[85.3670058,28.2507374],[85.3669852,28.2507806],[85.3669701,28.2508309],[85.3669602,28.2508884],[85.3669557,28.2509521],[85.3669561,28.2510241],[85.3669613,28.2511048],[85.3669722,28.2512078],[85.3669826,28.2512605],[85.3670022,28.2513185],[85.3670262,28.2513729],[85.3670876,28.2514992],[85.367113,28.2515609],[85.3671292,28.2516175],[85.3671338,28.251644],[85.3671361,28.2516697],[85.3671358,28.251709],[85.3671312,28.2517529],[85.3670997,28.2519156],[85.3670914,28.2519826],[85.3670899,28.2520604],[85.3670944,28.2521472],[85.3671028,28.2522304],[85.3671277,28.2524311],[85.3671361,28.2525339],[85.3671388,28.2526466],[85.3671361,28.2527725],[85.3671294,28.2528953],[85.3671082,28.2532031],[85.367102,28.2533679],[85.3671023,28.2534536],[85.3671056,28.2535335],[85.3671119,28.2536091],[85.3671212,28.2536812],[85.3671382,28.2537682],[85.3671637,28.2538645],[85.3671923,28.2539554],[85.3672632,28.2541655],[85.3672937,28.2542667],[85.3673158,28.2543577],[85.3673298,28.2544411],[85.3673431,28.2545757],[85.3673494,28.2547138],[85.3673487,28.2548548],[85.3673408,28.2549979],[85.3673259,28.2551424],[85.3673041,28.2552872],[85.3672756,28.2554312],[85.3672404,28.2555735],[85.3671952,28.2557128],[85.3671808,28.2557672],[85.3671737,28.2558072],[85.3671687,28.2558494],[85.3671658,28.2558942],[85.3671648,28.2559422],[85.3671681,28.2560426],[85.3671808,28.2562142],[85.367191,28.2563388],[85.3672028,28.2564493],[85.3672169,28.256551],[85.3672335,28.2566457],[85.3672531,28.2567354],[85.3672756,28.2568197],[85.3673011,28.2568992],[85.3673298,28.2569741],[85.3673495,28.2570147],[85.3673762,28.2570582],[85.3674058,28.2571001],[85.3674858,28.257206],[85.3675246,28.2572657],[85.3675416,28.2572985],[85.3675544,28.25733],[85.3675632,28.2573608],[85.3675682,28.2573913],[85.3675733,28.257427],[85.3675942,28.2574406],[85.3676643,28.2574843],[85.3677445,28.2575296],[85.3680218,28.2576721],[85.3681251,28.2577284],[85.3681772,28.2577593],[85.3682249,28.2577898],[85.3682691,28.2578205],[85.3683102,28.2578516],[85.3683537,28.257888],[85.3683994,28.2579303],[85.3684511,28.2579822],[85.368607,28.258145],[85.3686591,28.2581945],[85.368708,28.2582361],[85.3687621,28.2582771],[85.3688241,28.2583196],[85.3690706,28.2584724],[85.3691247,28.2585078],[85.3691721,28.2585411],[85.3692681,28.258615],[85.3693704,28.2587015],[85.3694582,28.2587807],[85.3694754,28.2587622],[85.3694998,28.2587405],[85.3695271,28.2587199],[85.3695565,28.2587009],[85.3695876,28.258684],[85.3696193,28.2586695],[85.3696514,28.2586577],[85.369683,28.2586488],[85.3697139,28.258643],[85.3697449,28.2586396],[85.3697759,28.2586385],[85.3698056,28.2586396],[85.3698331,28.258643],[85.369855,28.2586483],[85.3698769,28.2586571],[85.3698988,28.2586693],[85.3699213,28.2586851],[85.3699606,28.2587199],[85.3700519,28.2588124],[85.3700773,28.2588343],[85.3701013,28.2588516],[85.3701483,28.2588776],[85.370205,28.2589009],[85.3702641,28.2589198],[85.3704188,28.2589634],[85.3704618,28.2589781],[85.3704986,28.2589933],[85.3705376,28.2590136],[85.3705709,28.2590362],[85.3705992,28.2590615],[85.3706228,28.25909],[85.3706675,28.2591645],[85.3706938,28.2591985],[85.3707249,28.2592305],[85.3707613,28.2592607],[85.3708035,28.2592896],[85.3708424,28.2593125],[85.3708876,28.2593362],[85.3710407,28.2594082],[85.3710953,28.2594355],[85.3711458,28.2594639],[85.371189,28.2594923],[85.3712384,28.2595295],[85.3712918,28.2595734],[85.3714658,28.259728],[85.3715324,28.2597844],[85.371601,28.2598369],[85.3716658,28.2598797],[85.3716948,28.2598961],[85.3717263,28.2599116],[85.3717976,28.2599409],[85.3718688,28.2599646],[85.3720439,28.2600173],[85.3720903,28.2600332],[85.3721311,28.260049],[85.3721731,28.2600679],[85.3722109,28.260088],[85.3722454,28.2601096],[85.3722767,28.260133],[85.3723424,28.2601871],[85.3723835,28.260225],[85.3724165,28.2602616],[85.3724406,28.2602969],[85.3724492,28.2603145],[85.3724558,28.2603339],[85.3724605,28.2603553],[85.3724634,28.2603788],[85.3724641,28.2604303],[85.3724566,28.2605393],[85.3724557,28.260585],[85.3724599,28.2606309],[85.3724704,28.2606694],[85.3724811,28.2606941],[85.3724942,28.2607192],[85.3725284,28.2607721],[85.3725662,28.2608208],[85.3726641,28.2609376],[85.3727345,28.2610312],[85.3727637,28.2610677],[85.3727963,28.2611032],[85.372828,28.2611313],[85.372846,28.261144],[85.372866,28.2611553],[85.3728882,28.2611653],[85.3729129,28.2611742],[85.3729711,28.2611892],[85.3730986,28.2612116],[85.3731516,28.2612237],[85.3731792,28.2612322],[85.3732037,28.2612419],[85.3732256,28.2612529],[85.3732452,28.2612654],[85.3732793,28.2612929],[85.3733122,28.2613258],[85.3733442,28.2613643],[85.3733757,28.2614089],[85.3734041,28.261455],[85.3734338,28.2615087],[85.3735283,28.2616975],[85.3735561,28.2617577],[85.3735822,28.2618273],[85.3736039,28.2618952],[85.3736512,28.2620563],[85.3736773,28.262134],[85.3737058,28.2622034],[85.3737369,28.2622637],[85.3737827,28.2623393],[85.373827,28.2624055],[85.3738711,28.2624646],[85.3739157,28.262517],[85.3739396,28.2625413],[85.3739683,28.2625668],[85.3740935,28.2626662],[85.3741182,28.2626888],[85.3741392,28.2627107],[85.3741725,28.2627524],[85.3742051,28.2628021],[85.374235,28.2628554],[85.3743121,28.2630033],[85.3743376,28.2630463],[85.3743627,28.2630832],[85.374387,28.2631143],[85.3744151,28.2631466],[85.3744841,28.2632164],[85.3745578,28.2632829],[85.3747236,28.263425],[85.3747891,28.263486],[85.374817,28.2635154],[85.3748394,28.2635422],[85.3748568,28.2635669],[85.3748693,28.2635898],[85.3748795,28.2636211],[85.3748814,28.2636366],[85.3748813,28.263652],[85.374879,28.2636672],[85.3748746,28.2636824],[85.3748597,28.2637122],[85.3748928,28.2637343],[85.3749251,28.2637534],[85.3749569,28.2637698],[85.3749885,28.2637835],[85.3750667,28.2638122],[85.3751456,28.2638368],[85.3752241,28.2638572],[85.3753014,28.2638729],[85.3753449,28.2638788],[85.3753932,28.2638819],[85.3754507,28.2638824],[85.3756279,28.2638788],[85.375684,28.2638816],[85.3757335,28.2638878],[85.375771,28.2638955],[85.3758094,28.263906],[85.3758491,28.2639194],[85.3758906,28.2639358],[85.3759792,28.2639774],[85.3761611,28.2640746],[85.3762403,28.2641137],[85.3762841,28.2641327],[85.3763255,28.2641484],[85.3763653,28.2641611],[85.376404,28.2641709],[85.3764353,28.2641767],[85.3764707,28.2641809],[85.3765956,28.2641888],[85.3766436,28.2641937],[85.376691,28.2642026],[85.3767318,28.2642156],[85.3767647,28.2642321],[85.3767992,28.264256],[85.3768305,28.2642822],[85.3769012,28.2643468],[85.3769361,28.2643748],[85.3769686,28.2643953],[85.377,28.2644093],[85.3770236,28.2644159],[85.3770505,28.2644205],[85.3770824,28.2644233],[85.3771811,28.264428],[85.3772118,28.2644324],[85.3772384,28.2644391],[85.3772651,28.264449],[85.3772942,28.2644624],[85.3774172,28.2645285],[85.377475,28.2645533],[85.377537,28.2645757],[85.3776037,28.2645959],[85.3776765,28.2646143],[85.3777414,28.2646282],[85.3778143,28.2646419],[85.3780585,28.2646816],[85.3781485,28.2646975],[85.3782362,28.2647157],[85.3783138,28.2647353],[85.3783935,28.2647601],[85.3784661,28.2647883],[85.3785329,28.2648202],[85.3785943,28.2648563],[85.3787268,28.2649325],[85.3787778,28.2649666],[85.3788018,28.2649868],[85.3788213,28.2650073],[85.3788365,28.2650283],[85.3788476,28.26505],[85.3788589,28.2650802],[85.3788678,28.2651104],[85.378874,28.265139],[85.3788774,28.2651654],[85.3788779,28.2651891],[85.3788756,28.2652101],[85.3788704,28.2652283],[85.3788625,28.2652437],[85.378852,28.2652566],[85.3788374,28.2652698],[85.378788,28.2653033],[85.3787717,28.2653128],[85.3787538,28.2653208],[85.3787129,28.2653331],[85.3786654,28.2653405],[85.3785649,28.2653484],[85.3785229,28.2653537],[85.3784806,28.2653635],[85.3784453,28.2653778],[85.3784249,28.26539],[85.3784033,28.2654061],[85.3783372,28.2654652],[85.3783132,28.2654848],[85.3782895,28.2655007],[85.3782665,28.2655119],[85.3782353,28.2655207],[85.378162,28.2655322],[85.3781324,28.2655417],[85.3781088,28.2655551],[85.3780848,28.2655742],[85.3780631,28.2655954],[85.3780119,28.2656503],[85.3779834,28.2656758],[85.3779536,28.2656966],[85.37792,28.2657154],[85.3778823,28.2657323],[85.3778398,28.2657477],[85.3777558,28.2657711],[85.3775489,28.2658179],[85.3774962,28.2658334],[85.3774514,28.2658501],[85.3774066,28.2658721],[85.377369,28.2658973],[85.3773378,28.2659261],[85.3773129,28.2659589],[85.3772997,28.2659836],[85.3772878,28.2660135],[85.3772586,28.2661146],[85.3772477,28.2661476],[85.3772362,28.2661745],[85.3772235,28.2661973],[85.3772115,28.2662137],[85.3771957,28.2662309],[85.3771366,28.2662839],[85.3771166,28.266304],[85.3771001,28.2663253],[85.3770894,28.2663463],[85.3770834,28.2663656],[85.377079,28.2663868],[85.3770755,28.2664342],[85.377079,28.2664867],[85.3770894,28.26654],[85.3770964,28.2665606],[85.377107,28.2665827],[85.3771605,28.2666668],[85.3771788,28.2667039],[85.3771879,28.2667319],[85.3771949,28.2667619],[85.3771999,28.2667938],[85.3772028,28.2668278],[85.3772024,28.2669023],[85.3771939,28.266988],[85.3772256,28.267026],[85.3772543,28.2670669],[85.3772787,28.2671091],[85.377298,28.2671509],[85.3773068,28.267181],[85.3773112,28.2672169],[85.3773118,28.2672526],[85.3773095,28.2673361],[85.3773113,28.2673744],[85.3773172,28.267407],[85.3773278,28.267434],[85.3773418,28.2674566],[85.3773597,28.2674786],[85.3773815,28.2675003],[85.3774076,28.2675219],[85.3774355,28.2675419],[85.3774684,28.2675629],[85.3775811,28.2676277],[85.3776311,28.2676529],[85.3777516,28.2677026],[85.3777802,28.2677171],[85.3778046,28.267732],[85.377842,28.2677595],[85.3778787,28.2677907],[85.3779146,28.2678256],[85.3779495,28.2678639],[85.3779831,28.2679055],[85.3780151,28.2679499],[85.3780451,28.2679965],[85.3780728,28.2680449],[85.3781032,28.2681086],[85.3781302,28.2681807],[85.3781544,28.2682624],[85.3781771,28.2683578],[85.3781854,28.2684122],[85.3781881,28.2684734],[85.3781858,28.2685408],[85.378175,28.2686777],[85.378172,28.2687351],[85.3781725,28.2687945],[85.3781775,28.2688465],[85.3782071,28.2688933],[85.3782376,28.2689361],[85.3782721,28.2689788],[85.378311,28.2690219],[85.378355,28.2690661],[85.3784419,28.269145],[85.378664,28.2693333],[85.3787227,28.2693877],[85.3787729,28.2694389],[85.3788591,28.2695269],[85.3790289,28.2696892],[85.379096,28.2697553],[85.3791617,28.2698245],[85.3792167,28.2698885],[85.3792466,28.2699269],[85.3792736,28.2699646],[85.3792977,28.2700018],[85.3793191,28.2700388],[85.3793379,28.2700757],[85.3793542,28.2701126],[85.379368,28.2701496],[85.3793792,28.2701867],[85.3793921,28.2702378],[85.3793989,28.2702353],[85.3794447,28.2702221],[85.3794895,28.270215],[85.3795293,28.2702144],[85.3795469,28.2702166],[85.3795628,28.2702204],[85.3795808,28.2702277],[85.3795988,28.2702385],[85.3796168,28.270253],[85.3796348,28.2702711],[85.3796527,28.2702925],[85.3796711,28.2703178],[85.3797118,28.2703843],[85.3797317,28.2704228],[85.3797486,28.2704638],[85.379762,28.2705061],[85.3797714,28.2705482],[85.3797769,28.2705863],[85.3797797,28.2706243],[85.379791,28.2706314],[85.3798529,28.2706766],[85.379916,28.2707283],[85.3800123,28.2708066],[85.3800557,28.2708474],[85.3800747,28.2708695],[85.38009,28.2708913],[85.3801017,28.2709131],[85.38011,28.2709353],[85.3801181,28.2709662],[85.380123,28.2709935],[85.3801246,28.2710177],[85.3801229,28.2710387],[85.3801152,28.2710638],[85.3800998,28.2710903],[85.3800796,28.2711159],[85.3800324,28.2711681],[85.380014,28.2711874],[85.3799924,28.2712058],[85.3799673,28.2712234],[85.3799382,28.2712406],[85.37988,28.2712693],[85.3797408,28.271329],[85.3797081,28.2713454],[85.3796809,28.2713612],[85.3796552,28.2713794],[85.3796343,28.2713984],[85.3796178,28.2714184],[85.3796056,28.2714397],[85.3795981,28.2714613],[85.3795944,28.2714857],[85.3795945,28.2715131],[85.3795984,28.2715441],[85.3796127,28.2716038],[85.3796581,28.27175],[85.3796666,28.2717864],[85.3796716,28.2718183],[85.3796732,28.2718472],[85.3796713,28.2718733],[85.3796661,28.2718969],[85.3796573,28.2719182],[85.3796437,28.2719394],[85.3796245,28.2719615],[85.3795525,28.272026],[85.3795302,28.2720479],[85.3795141,28.2720674],[85.3795021,28.2720864],[85.3794849,28.2721264],[85.379472,28.2721744],[85.3794633,28.2722256],[85.3794504,28.2723321],[85.379446,28.2723744],[85.3794443,28.272422],[85.3794474,28.272575],[85.379447,28.2726279],[85.3794438,28.2726766],[85.3794374,28.2727202],[85.3794179,28.2728071],[85.379394,28.2728884],[85.379366,28.272963],[85.379334,28.2730306],[85.3793102,28.2730685],[85.3792785,28.2731077],[85.3792448,28.2731429],[85.3791626,28.273223],[85.3791256,28.2732635],[85.3790966,28.2733026],[85.3790753,28.273341],[85.3790568,28.2733856],[85.3790365,28.2734445],[85.3790262,28.2734808],[85.3790184,28.2735191],[85.3790132,28.2735598],[85.3790104,28.2736033],[85.37901,28.2736501],[85.3790119,28.2737023],[85.3790294,28.2739142],[85.3790329,28.2740053],[85.3790316,28.2740544],[85.3790275,28.2740996],[85.3790205,28.2741419],[85.3790106,28.2741817],[85.3789909,28.2742371],[85.3789384,28.2743594],[85.3789201,28.2744145],[85.378908,28.2744738],[85.3789013,28.2745413],[85.3788992,28.2746071],[85.3788993,28.2747698],[85.3788942,28.2748543],[85.3788724,28.2750587],[85.3788552,28.2751791],[85.3788445,28.275236],[85.3788324,28.2752887],[85.3788189,28.2753381],[85.3788037,28.2753846],[85.3787803,28.2754381],[85.3787467,28.2754952],[85.3787093,28.2755485],[85.3786135,28.2756754],[85.3785697,28.2757424],[85.3785512,28.2757772],[85.3785367,28.2758108],[85.378526,28.2758436],[85.3785191,28.2758761],[85.3785092,28.2759526],[85.378506,28.2760166],[85.3785092,28.2760728],[85.3785191,28.2761218],[85.3785276,28.276145],[85.3785402,28.2761697],[85.3786011,28.276262],[85.3786226,28.2763029],[85.3786442,28.2763638],[85.3786615,28.276433],[85.3786751,28.2765117],[85.3786872,28.2766133],[85.3786911,28.2766642],[85.3786923,28.2767175],[85.3786909,28.2767738],[85.3786868,28.2768342],[85.3786735,28.2769503],[85.3786355,28.2772083],[85.3786251,28.2773035],[85.3786059,28.2775216],[85.3785961,28.2776092],[85.3785796,28.2777115],[85.3785698,28.2777559],[85.3785588,28.2777966],[85.3786422,28.277854],[85.3787098,28.2779062],[85.3787675,28.2779579],[85.3788166,28.2780102],[85.3788424,28.2780438],[85.3788957,28.2781217],[85.3789201,28.2781525],[85.3789452,28.2781786],[85.3789736,28.2782032],[85.3790055,28.2782267],[85.3790416,28.2782494],[85.3790772,28.278269],[85.379118,28.2782893],[85.3792739,28.2783587],[85.3793369,28.2783893],[85.3793991,28.2784253],[85.3794259,28.2784438],[85.3794504,28.2784629],[85.379494,28.2785026],[85.3795391,28.2785498],[85.3795854,28.2786036],[85.3797156,28.2787634],[85.3797587,28.2788109],[85.3797996,28.2788509],[85.3798917,28.27893],[85.3799971,28.2790108],[85.380118,28.2790954],[85.3802781,28.2792002],[85.3803942,28.2792725],[85.380513,28.2793421],[85.3806339,28.2794086],[85.3807567,28.2794718],[85.3807941,28.2794893],[85.3808341,28.279506],[85.3809239,28.2795374],[85.3810163,28.2795641],[85.3812614,28.2796281],[85.381332,28.2796498],[85.3813937,28.2796718],[85.3814613,28.2797009],[85.3815214,28.279733],[85.3815752,28.2797686],[85.3816233,28.2798081],[85.3817009,28.2798857],[85.3817487,28.2799264],[85.3818019,28.2799644],[85.381861,28.28],[85.3819271,28.280034],[85.3819874,28.2800612],[85.3820561,28.280089],[85.3822928,28.2801753],[85.3823813,28.2802097],[85.3824673,28.2802477],[85.3825416,28.2802866],[85.3826719,28.2803644],[85.3828016,28.280448],[85.3829311,28.2805377],[85.3830603,28.2806334],[85.3831894,28.2807354],[85.3833186,28.2808437],[85.3834482,28.2809585],[85.3835784,28.2810802],[85.3837077,28.2812071],[85.3838384,28.2813414],[85.3839711,28.2814835],[85.3841064,28.2816344],[85.3842442,28.2817938],[85.3843873,28.2819647],[85.3845379,28.2821498],[85.3847016,28.2823561],[85.3848182,28.2825119],[85.3848698,28.282576],[85.3849119,28.2826216],[85.3849621,28.2826696],[85.3851273,28.2828106],[85.3851796,28.2828573],[85.3852216,28.2828985],[85.3852578,28.2829381],[85.3852824,28.2829689],[85.3853078,28.2830051],[85.385388,28.2831333],[85.3854199,28.2831807],[85.3854551,28.2832253],[85.3854906,28.2832615],[85.3855216,28.2832865],[85.3855585,28.283311],[85.3855999,28.2833345],[85.3857214,28.2833984],[85.3857575,28.2834206],[85.3857881,28.2834426],[85.3858333,28.2834821],[85.3859277,28.2835754],[85.3859692,28.2836107],[85.3860038,28.2836347],[85.3860448,28.2836583],[85.38618,28.2837233],[85.3862239,28.2837462],[85.3862608,28.2837687],[85.3862925,28.2837918],[85.3863454,28.2838363],[85.3863902,28.2838784],[85.3864285,28.2839194],[85.3864607,28.2839599],[85.3864781,28.2839875],[85.386494,28.2840198],[85.3865096,28.28406],[85.3865388,28.2841492],[85.3865528,28.2841873],[85.3865705,28.2842256],[85.38659,28.2842574],[85.3866255,28.2843026],[85.3866677,28.284348],[85.3867164,28.2843935],[85.3867711,28.2844385],[85.3868239,28.2844747],[85.386883,28.2845062],[85.3869491,28.2845332],[85.3870232,28.2845564],[85.3870897,28.2845725],[85.3871654,28.2845872],[85.3874327,28.2846272],[85.3875342,28.2846454],[85.3876041,28.284657],[85.3876833,28.2846643],[85.3877663,28.2846679],[85.3879954,28.2846724],[85.388064,28.2846767],[85.3881246,28.2846835],[85.3881927,28.2846958],[85.3882542,28.2847127],[85.3883104,28.2847347],[85.388362,28.2847618],[85.3884396,28.2848136],[85.3884618,28.2848248],[85.3884858,28.2848344],[85.3885119,28.2848424],[85.3885405,28.2848491],[85.3885968,28.2848577],[85.3887471,28.2848731],[85.3887901,28.2848809],[85.3888276,28.2848912],[85.3889294,28.2849281],[85.3890216,28.2849688],[85.3890543,28.2849867],[85.3890893,28.2850096],[85.389199,28.2850933],[85.3892394,28.2851218],[85.3892802,28.2851457],[85.3893191,28.2851628],[85.3893518,28.2851736],[85.3893877,28.2851834],[85.3894743,28.2852016],[85.3895578,28.2852136],[85.3896428,28.2852198],[85.3897275,28.2852202],[85.3898106,28.2852145],[85.389848,28.2852078],[85.3898905,28.2851945],[85.3899328,28.2851776],[85.3900371,28.2851316],[85.3900906,28.2851128],[85.3901181,28.2851067],[85.3901428,28.2851044],[85.3901652,28.2851059],[85.3901857,28.2851111],[85.39021,28.2851227],[85.3902342,28.2851399],[85.3902583,28.2851628],[85.3902828,28.2851917],[85.3903055,28.2852234],[85.3903297,28.2852616],[85.3904056,28.2853956],[85.3904462,28.2854701],[85.3904816,28.2855452],[85.3905113,28.2856198],[85.3905349,28.2856931],[85.3905446,28.2857316],[85.3905526,28.2857725],[85.3905637,28.2858634],[85.3906357,28.2859197],[85.3907109,28.285988],[85.3907888,28.2860669],[85.39091,28.2861975],[85.3909746,28.286273],[85.3910409,28.2863623],[85.3911004,28.2864511],[85.3912385,28.286667],[85.3913122,28.2867728],[85.3913509,28.2868229],[85.391389,28.2868683],[85.3914273,28.2869098],[85.3914662,28.2869477],[85.3915439,28.2870163],[85.3916343,28.28709],[85.3917413,28.2871729],[85.3918329,28.2872405],[85.3919178,28.2872992],[85.3919978,28.2873502],[85.3920757,28.2873951],[85.3921507,28.2874334],[85.3922233,28.2874653],[85.392294,28.2874909],[85.3923568,28.2875092],[85.3924224,28.2875241],[85.3924906,28.2875355],[85.3925614,28.2875436],[85.3926348,28.2875482],[85.3927107,28.2875494],[85.3927892,28.2875472],[85.3928702,28.2875416],[85.3929537,28.2875325],[85.3930395,28.2875201],[85.3931277,28.2875042],[85.3932182,28.287485],[85.3933108,28.2874623],[85.3934055,28.2874364],[85.393502,28.2874071],[85.3936003,28.2873745],[85.3936644,28.2873502],[85.3938155,28.2872851],[85.3938849,28.2872581],[85.393978,28.2872265],[85.3940807,28.2871939],[85.3941795,28.2871647],[85.3942669,28.287141],[85.3943362,28.2871245],[85.3943889,28.2871147],[85.394424,28.2871118],[85.3944348,28.287113],[85.394441,28.2871159],[85.3944424,28.2871214],[85.3944369,28.2871293],[85.3944246,28.2871398],[85.394405,28.2871533],[85.3941634,28.2872924],[85.3940975,28.2873335],[85.3940409,28.2873719],[85.3939944,28.287407],[85.3939551,28.2874406],[85.3939229,28.2874729],[85.3938978,28.2875039],[85.3938331,28.2876074],[85.3938141,28.287632],[85.3937922,28.2876561],[85.3937671,28.2876799],[85.3937384,28.2877039],[85.393682,28.2877448],[85.3935471,28.2878339],[85.3934877,28.2878793],[85.3934631,28.2879015],[85.3934415,28.2879237],[85.3934227,28.2879463],[85.3934063,28.2879695],[85.3933616,28.2880435],[85.3933282,28.2881095],[85.3933044,28.2881708],[85.3932899,28.2882282],[85.3932766,28.288319],[85.3932742,28.2883553],[85.3932744,28.2883878],[85.3932773,28.2884175],[85.3932831,28.2884438],[85.3932915,28.2884669],[85.3933028,28.2884869],[85.3933193,28.2885065],[85.393342,28.2885264],[85.3933695,28.2885459],[85.3934192,28.2885774],[85.3934548,28.2885974],[85.3934964,28.2886157],[85.3935396,28.2886312],[85.3936548,28.2886683],[85.3936879,28.2886809],[85.3937167,28.2886938],[85.3937947,28.2887355],[85.3938731,28.2887844],[85.3939524,28.288841],[85.3940338,28.2889059],[85.3941134,28.2889756],[85.3941991,28.2890564],[85.3942882,28.2891451],[85.394441,28.2893017],[85.3945856,28.2894442],[85.3946493,28.2895117],[85.3946802,28.2895479],[85.3947072,28.2895828],[85.3947309,28.289617],[85.3947514,28.2896509],[85.3947719,28.2896921],[85.3947903,28.2897397],[85.3948066,28.2897917],[85.3948484,28.2899416],[85.3948641,28.2899868],[85.3948808,28.290026],[85.394918,28.2901001],[85.3949586,28.2901727],[85.3950024,28.2902431],[85.3950489,28.2903106],[85.3951023,28.2903796],[85.395164,28.2904507],[85.3952352,28.2905252],[85.3953205,28.2906081],[85.3953694,28.2906515],[85.3954226,28.2906938],[85.3954809,28.2907354],[85.3955452,28.290777],[85.3956068,28.2908138],[85.3956765,28.2908529],[85.3959366,28.2909898],[85.396042,28.291048],[85.3961481,28.291113],[85.3961951,28.291145],[85.3962389,28.2911772],[85.39635,28.2912619],[85.3964147,28.2913132],[85.396473,28.2913628],[85.3965234,28.29141],[85.3965931,28.2914837],[85.3966638,28.2915681],[85.3967371,28.2916651],[85.3968209,28.2917851],[85.39685,28.2918329],[85.3968782,28.2918899],[85.3969038,28.29195],[85.396967,28.2921107],[85.3969874,28.2921564],[85.3970073,28.2921954],[85.3970326,28.2922373],[85.3970592,28.292273],[85.3970877,28.2923032],[85.3971184,28.2923283],[85.3971453,28.2923456],[85.3971752,28.2923616],[85.3972086,28.2923765],[85.397246,28.2923905],[85.3973206,28.2924131],[85.3974935,28.2924577],[85.397548,28.2924708],[85.3976106,28.2924812],[85.3976742,28.2924887],[85.3978403,28.2925045],[85.3979296,28.2925179],[85.3979756,28.2925284],[85.398017,28.2925411],[85.3980545,28.2925563],[85.3980885,28.2925741],[85.3981325,28.2926038],[85.3981754,28.2926403],[85.3982175,28.2926839],[85.3982597,28.2927354],[85.398294,28.2927829],[85.3983305,28.2928381],[85.3984529,28.2930405],[85.3985023,28.2931173],[85.398549,28.2931824],[85.3986714,28.2933436],[85.3987036,28.2933894],[85.3987307,28.2934313],[85.3987594,28.2934814],[85.3987824,28.2935293],[85.3988001,28.2935759],[85.3988128,28.2936217],[85.3988327,28.2937248],[85.3988382,28.2937681],[85.3988411,28.293808],[85.3988413,28.2938459],[85.3988388,28.2938812],[85.3988336,28.2939143],[85.3988257,28.2939451],[85.3988162,28.2939703],[85.3987869,28.2940356],[85.3987718,28.2940789],[85.3987589,28.2941236],[85.3987482,28.29417],[85.3987399,28.294218],[85.3987337,28.2942677],[85.3987297,28.2943192],[85.398728,28.2943727],[85.3987284,28.2944284],[85.3987353,28.2945422],[85.3987505,28.294668],[85.3987737,28.2948066],[85.3988128,28.2950057],[85.3988272,28.2950803],[85.3988386,28.2951221],[85.3988478,28.2951437],[85.3988605,28.2951648],[85.3988768,28.2951857],[85.3988971,28.2952067],[85.39894,28.2952428],[85.3990471,28.2953215],[85.3990714,28.2953422],[85.3990913,28.2953618],[85.3991082,28.2953823],[85.3991211,28.2954029],[85.3991304,28.2954239],[85.3991361,28.2954454],[85.3991392,28.2954705],[85.3991402,28.2954994],[85.3991361,28.2955877],[85.39913,28.2956539],[85.3991185,28.2957224],[85.3991015,28.2957937],[85.3990786,28.295869],[85.3990524,28.295942],[85.39902,28.2960227],[85.3989033,28.2962862],[85.398859,28.2963972],[85.3987565,28.2966803],[85.3987282,28.2967509],[85.398701,28.2968126],[85.3986653,28.2968834],[85.3986288,28.2969444],[85.398591,28.2969966],[85.3985514,28.2970404],[85.3985555,28.2970772],[85.3985617,28.2971124],[85.3985698,28.2971461],[85.3985799,28.2971786],[85.3986092,28.2972647],[85.3986272,28.2973105],[85.3986478,28.2973516],[85.3986705,28.2973856],[85.3986997,28.2974181],[85.3987481,28.2974632],[85.3987994,28.2975068],[85.3988579,28.2975502],[85.3989248,28.2975946],[85.3990068,28.2976442],[85.3990733,28.2976813],[85.3991447,28.2977172],[85.3992214,28.2977521],[85.3993043,28.2977865],[85.3993635,28.2978077],[85.3994312,28.2978271],[85.3994961,28.2978429],[85.3996456,28.2978761],[85.3997143,28.2978934],[85.3997709,28.2979104],[85.3998216,28.2979288],[85.399894,28.2979591],[85.3999677,28.2979929],[85.4000428,28.2980302],[85.4001191,28.2980711],[85.4002183,28.2981291],[85.400317,28.2981931],[85.4004148,28.298263],[85.4005117,28.2983385],[85.4006073,28.2984196],[85.4007011,28.2985057],[85.4007929,28.2985966],[85.4008822,28.2986919],[85.4009372,28.298757],[85.4009935,28.2988325],[85.4010513,28.2989177],[85.4011652,28.2990954],[85.4012149,28.2991703],[85.4012696,28.2992469],[85.401322,28.2993128],[85.4014831,28.2995065],[85.4015318,28.2995618],[85.4015766,28.2996096],[85.4016242,28.2996565],[85.4016705,28.2996978],[85.4017162,28.299734],[85.4017617,28.2997654],[85.4018236,28.2998014],[85.4018915,28.2998338],[85.4019661,28.2998629],[85.4020484,28.2998891],[85.402133,28.2999114],[85.4022289,28.2999324],[85.4023287,28.2999513],[85.4025249,28.2999853],[85.4026148,28.2999974],[85.4027766,28.3000101],[85.4028376,28.3000163],[85.4028981,28.3000253],[85.4029517,28.3000371],[85.4030514,28.3000655],[85.4031392,28.3000961],[85.4032178,28.3001296],[85.403288,28.3001664],[85.4033181,28.3001856],[85.4033499,28.3002093],[85.4034757,28.3003173],[85.4035057,28.3003409],[85.4035337,28.3003604],[85.4036113,28.3004076],[85.4036939,28.3004516],[85.4037804,28.3004921],[85.40387,28.3005286],[85.4039071,28.300541],[85.4039467,28.3005514],[85.4039893,28.3005599],[85.4040357,28.3005666],[85.4041227,28.3005741],[85.4043294,28.3005844],[85.404382,28.3005892],[85.4044289,28.3005956],[85.4044752,28.3006044],[85.4045178,28.3006155],[85.4045574,28.3006289],[85.4045943,28.300645],[85.4046297,28.3006633],[85.4046685,28.3006856],[85.4047883,28.3007614],[85.4049217,28.3008472],[85.4050212,28.3009166],[85.4051689,28.3010244],[85.4052469,28.3010836],[85.4053192,28.3011426],[85.4053812,28.3011983],[85.4054387,28.3012568],[85.405488,28.3013151],[85.4055298,28.301374],[85.4055644,28.301434],[85.4056161,28.3015504],[85.4056641,28.3016417],[85.40572,28.3017329],[85.4057839,28.3018243],[85.405856,28.3019161],[85.4059362,28.3020084],[85.4060255,28.3021023],[85.4061249,28.3021988],[85.406237,28.3023005],[85.4064095,28.3024518],[85.4064695,28.3025006],[85.406525,28.3025423],[85.4065813,28.3025806],[85.4066357,28.3026132],[85.406689,28.3026405],[85.4067414,28.3026627],[85.4067874,28.3026773],[85.4068399,28.3026887],[85.4068994,28.3026973],[85.4070245,28.30271],[85.4070779,28.3027169],[85.4071331,28.3027271],[85.4071812,28.3027403],[85.4072971,28.3027802],[85.4073839,28.3028161],[85.4074222,28.3028349],[85.4074571,28.3028543],[85.4074888,28.3028745],[85.4075174,28.3028955],[85.4075518,28.3029258],[85.4075845,28.3029612],[85.4076161,28.303002],[85.407647,28.3030489],[85.4076736,28.3030952],[85.4077015,28.3031489],[85.407802,28.3033611],[85.407822,28.3034043],[85.4078419,28.3034535],[85.4079012,28.3036234],[85.4079253,28.3036868],[85.4079532,28.3037481],[85.4079831,28.3038009],[85.4080396,28.303886],[85.4080633,28.3039168],[85.4080865,28.3039432],[85.4081109,28.3039663],[85.4081405,28.3039897],[85.4082443,28.3040589],[85.4082806,28.3040854],[85.4083378,28.304135],[85.4083977,28.3041949],[85.4084525,28.3042554],[85.4085805,28.3044036],[85.408648,28.3044755],[85.408683,28.3045091],[85.4087172,28.3045391],[85.4087511,28.3045659],[85.408785,28.3045899],[85.4088308,28.3046164],[85.4088612,28.3046158],[85.408887,28.3046197],[85.408909,28.3046283],[85.4089273,28.3046416],[85.4089373,28.3046531],[85.4089505,28.3046723],[85.4090034,28.3047017],[85.4090248,28.3047166],[85.4090437,28.3047322],[85.4090613,28.304749],[85.4090913,28.3047563],[85.4091263,28.3047621],[85.4092438,28.3047742],[85.4092849,28.3047797],[85.4093221,28.3047872],[85.4093541,28.3047968],[85.4095348,28.3048616],[85.4095917,28.3048846],[85.4096415,28.3049072],[85.4096898,28.3049325],[85.4097331,28.3049589],[85.409772,28.3049869],[85.4098068,28.3050167],[85.4098307,28.3050415],[85.4098844,28.3051057],[85.4099103,28.3051331],[85.4099546,28.3051732],[85.4100019,28.305211],[85.4100515,28.305246],[85.4101027,28.3052778],[85.4101547,28.3053059],[85.4102072,28.3053302],[85.4102595,28.3053502],[85.4103112,28.3053659],[85.4103509,28.3053729],[85.410397,28.3053745],[85.4104422,28.3053718],[85.4105517,28.3053609],[85.4106061,28.3053596],[85.4106323,28.3053614],[85.4106563,28.3053652],[85.4106785,28.305371],[85.4106992,28.3053789],[85.4107458,28.3054025],[85.4107898,28.3054306],[85.4108213,28.3054554],[85.4108517,28.3054839],[85.4108805,28.3055157],[85.4109072,28.3055503],[85.4109314,28.305587],[85.4109525,28.305625],[85.41097,28.3056637],[85.4109838,28.3057022],[85.4109901,28.3057299],[85.4109933,28.3057615],[85.4109937,28.3057966],[85.4109904,28.3059008],[85.4109922,28.3059328],[85.4109967,28.3059609],[85.4110067,28.3059996],[85.4110203,28.3060411],[85.4110614,28.306142],[85.4110784,28.3061772],[85.4110986,28.3062127],[85.4111221,28.3062486],[85.4111494,28.3062855],[85.4112082,28.3063559],[85.4113297,28.3064876],[85.4113782,28.306543],[85.411425,28.3066028],[85.4114624,28.3066593],[85.4114917,28.3067131],[85.4115557,28.3068436],[85.4115917,28.3069051],[85.4116242,28.3069522],[85.4116588,28.3069986],[85.4116952,28.3070439],[85.4117332,28.3070878],[85.4117723,28.3071298],[85.4118124,28.3071698],[85.4118533,28.3072076],[85.4118948,28.3072428],[85.4119362,28.3072753],[85.4119779,28.307305],[85.4120197,28.307332],[85.4120614,28.307356],[85.4121029,28.3073772],[85.4121441,28.3073953],[85.412185,28.3074104],[85.4122255,28.3074225],[85.4122538,28.3074285],[85.412284,28.3074323],[85.4123164,28.307434],[85.4123514,28.3074334],[85.4124301,28.3074261],[85.4125985,28.3073996],[85.4126704,28.3073912],[85.4127089,28.3073891],[85.4127442,28.3073893],[85.4127769,28.3073918],[85.4128075,28.3073966],[85.4128522,28.3074086],[85.412897,28.3074263],[85.4129423,28.30745],[85.4129886,28.3074799],[85.4130372,28.307517],[85.4130896,28.3075623],[85.413144,28.3076138],[85.4132977,28.3077656],[85.4133465,28.3078099],[85.4133912,28.3078467],[85.4134443,28.3078848],[85.4134956,28.3079148],[85.4135462,28.3079374],[85.4135965,28.3079528],[85.4136236,28.3079581],[85.4136525,28.3079617],[85.4137172,28.3079639],[85.41378,28.307961],[85.4139303,28.3079487],[85.4140037,28.307947],[85.4140376,28.3079488],[85.4140692,28.3079525],[85.4140988,28.3079581],[85.4141268,28.3079657],[85.4141616,28.3079786],[85.414244,28.3080157],[85.414282,28.3080304],[85.4143081,28.308038],[85.4143358,28.308044],[85.4143964,28.3080516],[85.4144674,28.3080537],[85.4146196,28.3080493],[85.4146851,28.3080499],[85.4147205,28.3080522],[85.4147531,28.3080561],[85.4147836,28.3080618],[85.4148123,28.3080692],[85.4148907,28.3080857],[85.4149172,28.3080932],[85.4149302,28.3080988],[85.4149407,28.3081053],[85.4149488,28.3081126],[85.4149546,28.3081209],[85.4149605,28.308139],[85.4149625,28.3081629],[85.4149604,28.3081921],[85.4149546,28.3082244],[85.4149449,28.308251],[85.4149278,28.3082787],[85.4149081,28.3083032],[85.4148511,28.3083666],[85.4147856,28.308442],[85.4147124,28.3085151],[85.4146318,28.3085859],[85.414544,28.3086542],[85.414449,28.3087198],[85.4143475,28.3087823],[85.4142398,28.3088415],[85.4141268,28.3088969],[85.4140877,28.3089133],[85.4140454,28.3089276],[85.4139996,28.30894],[85.4139493,28.3089508],[85.4138531,28.3089657],[85.4136157,28.3089936],[85.4135525,28.3090041],[85.413497,28.3090162],[85.4134396,28.3090329],[85.413388,28.3090529],[85.4133412,28.3090764],[85.413299,28.3091039],[85.4132271,28.3091585],[85.4131745,28.3092037],[85.4131338,28.3092457],[85.4131179,28.3092657],[85.413105,28.309285],[85.4130924,28.3093096],[85.4130835,28.3093359],[85.4130783,28.3093639],[85.4130767,28.3093936],[85.4130789,28.3094251],[85.4130848,28.3094584],[85.4130943,28.3094937],[85.4131076,28.3095313],[85.4131385,28.3095997],[85.4131813,28.3096775],[85.4132284,28.3097537],[85.4133415,28.3099281],[85.4133895,28.3100093],[85.4134434,28.3101116],[85.4134617,28.3101404],[85.4134801,28.3101645],[85.4134983,28.3101834],[85.4135208,28.3102024],[85.4136127,28.3102652],[85.4136482,28.3102938],[85.4136938,28.3103406],[85.4137403,28.3103967],[85.4137855,28.3104584],[85.4138681,28.3105784],[85.4139429,28.3106899],[85.4140154,28.310807],[85.4140853,28.3109294],[85.4141527,28.3110569],[85.4142714,28.3112862],[85.4143036,28.3113533],[85.4143302,28.3114141],[85.4143546,28.3114776],[85.4143739,28.3115378],[85.4143885,28.3115958],[85.4143984,28.3116519],[85.4144076,28.3117411],[85.4144107,28.3118303],[85.4144076,28.3119175],[85.4143984,28.3120011],[85.4143828,28.3120866],[85.4146086,28.3126511],[85.4154331,28.3143164],[85.4154989,28.3148363],[85.4154992,28.3148495],[85.4154987,28.3149313],[85.4154959,28.3150044],[85.4154927,28.3150806],[85.4154875,28.3152975],[85.4154836,28.3153638],[85.4154779,28.3154226],[85.4154682,28.3154873],[85.4154553,28.3155463],[85.4154388,28.3156008],[85.4154186,28.3156513],[85.4153845,28.3157223],[85.4153517,28.3157809],[85.4153182,28.3158311],[85.4152834,28.3158734],[85.4152488,28.3159072],[85.4152381,28.3159159],[85.4152448,28.315956],[85.4152506,28.3160039],[85.4152567,28.3161048],[85.4152555,28.3162139],[85.4152485,28.3163169],[85.4152357,28.3164326],[85.4151706,28.3168769],[85.4151473,28.3170501],[85.4151253,28.3171787],[85.4151013,28.3172817],[85.4150676,28.3173943],[85.415029,28.3175055],[85.4149211,28.317797],[85.4148921,28.3178841],[85.4148689,28.3179632],[85.4148517,28.3180306],[85.4148358,28.3181016],[85.414807,28.318258],[85.4147847,28.3184089],[85.4147374,28.318771],[85.4147082,28.3189527],[85.4146906,28.3190412],[85.4146715,28.3191238],[85.4146505,28.3192017],[85.4146275,28.3192757],[85.4146031,28.3193421],[85.414572,28.3194151],[85.4144558,28.3196559],[85.414415,28.3197471],[85.4143801,28.3198394],[85.4143667,28.3198825],[85.4143559,28.3199244],[85.4143397,28.3200019],[85.4143264,28.3200817],[85.4143161,28.3201636],[85.4143089,28.3202471],[85.4143047,28.3203318],[85.4143036,28.3204172],[85.4143056,28.3205029],[85.4143107,28.3205882],[85.4143154,28.3206351],[85.4143226,28.3206839],[85.4143443,28.3207897],[85.414371,28.3208916],[85.4144446,28.3211454],[85.4144627,28.3212172],[85.4144766,28.3212822],[85.414499,28.3214161],[85.4145177,28.3215666],[85.4145314,28.32171],[85.4145583,28.3220396],[85.414574,28.3221937],[85.4145916,28.3223249],[85.4146124,28.3224438],[85.4146328,28.3225348],[85.4146586,28.322629],[85.41469,28.3227273],[85.4147276,28.3228318],[85.4147636,28.3229232],[85.4148059,28.3230246],[85.4149552,28.3233633],[85.4150099,28.3234913],[85.4150609,28.3236198],[85.4151025,28.3237364],[85.4151409,28.3238625],[85.4151698,28.323982],[85.4151897,28.3240971],[85.4151963,28.3241534],[85.4152008,28.3242089],[85.4152141,28.3243903],[85.4152172,28.3244821],[85.4152162,28.3245276],[85.4152132,28.3245697],[85.415208,28.3246092],[85.4152008,28.3246464],[85.415192,28.3246773],[85.4152109,28.3246978],[85.4152641,28.3247659],[85.4152814,28.3247917],[85.4152983,28.3248212],[85.4153699,28.3249714],[85.4153893,28.3250064],[85.415409,28.3250363],[85.4154604,28.3251094],[85.4154902,28.3251467],[85.4155217,28.3251778],[85.4155538,28.3252004],[85.4155882,28.3252175],[85.4156214,28.3252294],[85.4156618,28.3252366],[85.4157179,28.325239],[85.4157552,28.3252367],[85.4157962,28.3252287],[85.4158357,28.3252173],[85.4159346,28.3251843],[85.4159883,28.3251714],[85.4160611,28.3251609],[85.4161366,28.3251538],[85.416215,28.32515],[85.4162963,28.3251495],[85.4163806,28.3251524],[85.4164681,28.3251586],[85.4165593,28.3251681],[85.4166545,28.3251811],[85.4167646,28.3251999],[85.4168689,28.3252222],[85.4169673,28.3252481],[85.41706,28.3252776],[85.4171825,28.3253234],[85.4172886,28.3253697],[85.417337,28.3253938],[85.4173825,28.3254187],[85.4174253,28.3254443],[85.4174655,28.3254707],[85.4175022,28.3254989],[85.4175407,28.3255341],[85.4176546,28.3256551],[85.4176935,28.3256939],[85.4177297,28.3257253],[85.4177649,28.3257507],[85.4177853,28.3257628],[85.4178078,28.3257737],[85.41786,28.3257928],[85.4179134,28.3258068],[85.4180473,28.325836],[85.4180829,28.3258459],[85.4181138,28.3258564],[85.4181455,28.3258703],[85.4181733,28.3258861],[85.4181976,28.3259041],[85.4182187,28.3259245],[85.4182573,28.3259728],[85.4182771,28.3259928],[85.4182996,28.3260115],[85.4183251,28.3260289],[85.4183541,28.3260455],[85.4184111,28.326072],[85.4185549,28.3261297],[85.4185922,28.3261476],[85.4186242,28.3261659],[85.4186999,28.3262161],[85.4187798,28.3262738],[85.4188661,28.3263407],[85.4189718,28.3264266],[85.4190875,28.3265213],[85.419149,28.3265741],[85.4192048,28.326627],[85.4192518,28.3266777],[85.4193091,28.3267471],[85.4193483,28.3268032],[85.4193756,28.3268478],[85.4193934,28.3268804],[85.4194068,28.3269104],[85.4194159,28.3269383],[85.4194237,28.3269806],[85.4194264,28.3270269],[85.4194239,28.3270721],[85.4194394,28.3270793],[85.4194745,28.3270935],[85.4195116,28.3271063],[85.4195505,28.3271179],[85.419634,28.327137],[85.4197249,28.3271508],[85.4198072,28.3271589],[85.4198737,28.3271615],[85.4199328,28.3271588],[85.4199856,28.3271508],[85.4200089,28.3271443],[85.4200339,28.3271347],[85.420063,28.3271207],[85.4201519,28.3270739],[85.420181,28.3270619],[85.4202076,28.3270542],[85.4202379,28.3270489],[85.4202701,28.3270457],[85.4203044,28.3270447],[85.4203413,28.3270458],[85.4204202,28.3270537],[85.4205456,28.3270735],[85.4206074,28.3270848],[85.4206707,28.3270994],[85.4207354,28.3271172],[85.4208016,28.3271383],[85.4208696,28.3271628],[85.4209394,28.3271906],[85.4210115,28.3272219],[85.4210863,28.327257],[85.4211461,28.3272897],[85.4212843,28.3273757],[85.4213218,28.3273957],[85.4213566,28.3274115],[85.421419,28.3274386],[85.4214479,28.3274496],[85.4214765,28.3274572],[85.4215014,28.3274597],[85.421517,28.3274585],[85.421533,28.3274546],[85.4215495,28.3274482],[85.4215669,28.327439],[85.4215983,28.3274176],[85.4216739,28.3273582],[85.4216947,28.3273445],[85.4217139,28.3273342],[85.4217657,28.3273124],[85.4218215,28.3272935],[85.4218818,28.3272775],[85.4219476,28.327264],[85.422009,28.3272542],[85.4220784,28.3272456],[85.4223608,28.3272183],[85.4224844,28.3272058],[85.4226125,28.3271965],[85.4227455,28.3271905],[85.4228843,28.3271878],[85.4230288,28.3271882],[85.423182,28.3271917],[85.4233465,28.3271985],[85.4235291,28.3272087],[85.4237407,28.3272225],[85.4238123,28.3272294],[85.4238766,28.3272377],[85.424,28.3272583],[85.4241167,28.3272828],[85.4242268,28.3273113],[85.4243304,28.3273439],[85.4243925,28.3273666],[85.424456,28.3273926],[85.4245211,28.327422],[85.4245885,28.327455],[85.4246578,28.3274915],[85.4247311,28.3275324],[85.4249001,28.3276335],[85.4250438,28.3277178],[85.4251047,28.3277566],[85.4251352,28.3277787],[85.4251625,28.3278007],[85.4251871,28.3278231],[85.4252091,28.3278459],[85.4252149,28.3278534],[85.42535,28.3278905],[85.4254706,28.32792],[85.4255831,28.3279433],[85.4256895,28.3279609],[85.4257761,28.3279709],[85.4258674,28.3279768],[85.4259643,28.3279788],[85.4260686,28.3279769],[85.4261618,28.3279724],[85.4262659,28.3279649],[85.4266206,28.3279323],[85.4267558,28.3279216],[85.4268914,28.3279147],[85.4270124,28.3279136],[85.4270793,28.3279155],[85.4271432,28.3279194],[85.4272047,28.3279254],[85.427264,28.3279333],[85.4273214,28.3279434],[85.4273769,28.3279555],[85.4274308,28.3279697],[85.4274831,28.3279861],[85.4275602,28.3280153],[85.4276439,28.328053],[85.4277303,28.3280965],[85.427971,28.328224],[85.4280462,28.3282601],[85.4281147,28.3282893],[85.4281972,28.3283206],[85.4282822,28.3283502],[85.42837,28.328378],[85.4284605,28.3284041],[85.4285541,28.3284285],[85.4286511,28.3284515],[85.4287519,28.328473],[85.4288571,28.3284932],[85.4290596,28.3285266],[85.4292872,28.3285576],[85.4294995,28.3285824],[85.4300598,28.3286429],[85.4302077,28.3286568],[85.430373,28.3286661],[85.4305354,28.3286709],[85.4309483,28.3286779],[85.4310664,28.3286821],[85.4311724,28.3286878],[85.4312898,28.3286973],[85.4313991,28.3287096],[85.4315025,28.3287251],[85.4316008,28.328744],[85.4317113,28.3287713],[85.4319627,28.3288433],[85.4320245,28.3288585],[85.4320808,28.3288703],[85.4321419,28.3288793],[85.4322067,28.3288842],[85.4322759,28.3288849],[85.4323507,28.3288816],[85.4324178,28.3288757],[85.4324929,28.3288668],[85.4327474,28.3288291],[85.4328433,28.3288166],[85.4329388,28.328808],[85.4330234,28.3288052],[85.4330698,28.3288062],[85.433114,28.3288092],[85.4331563,28.3288142],[85.4331968,28.3288212],[85.4332357,28.3288303],[85.4332731,28.3288415],[85.4333092,28.3288548],[85.4333439,28.3288703],[85.4334319,28.3289155],[85.4335053,28.3289586],[85.4335683,28.3290023],[85.4336218,28.3290471],[85.4336575,28.3290837],[85.4336943,28.3291278],[85.4337294,28.3291753],[85.4337986,28.3292745],[85.4338589,28.3293622],[85.4339173,28.3294538],[85.433974,28.3295494],[85.4340288,28.3296488],[85.4340816,28.329752],[85.4341325,28.3298589],[85.4341813,28.3299692],[85.4342281,28.3300829],[85.434251,28.3301458],[85.4342717,28.3302127],[85.4342904,28.3302845],[85.4343073,28.3303625],[85.4343326,28.3305081],[85.4343825,28.3308528],[85.4343979,28.3309404],[85.4344144,28.3310187],[85.4344337,28.3310954],[85.4344552,28.3311664],[85.4344792,28.3312329],[85.4345059,28.3312954],[85.4345607,28.3314081],[85.4346169,28.331513],[85.4346744,28.3316101],[85.4347333,28.3316996],[85.434766,28.3317438],[85.4348025,28.331788],[85.4348432,28.3318325],[85.4348887,28.331878],[85.434986,28.3319661],[85.4351861,28.332133],[85.4352676,28.3322042],[85.4353485,28.3322821],[85.4353835,28.3323195],[85.4354154,28.3323564],[85.4354534,28.3324046],[85.4354906,28.3324561],[85.4355271,28.3325111],[85.4355634,28.3325703],[85.4355992,28.3326333],[85.4356358,28.332702],[85.4357167,28.3328672],[85.4358019,28.3329004],[85.4358847,28.3329292],[85.4359651,28.3329536],[85.4360995,28.3329891],[85.4362064,28.3330115],[85.4362809,28.3330224],[85.4363635,28.3330303],[85.4364546,28.3330356],[85.4365927,28.3330405],[85.4366534,28.3330409],[85.4367212,28.3330383],[85.4369502,28.3330197],[85.4370369,28.3330149],[85.4371234,28.333015],[85.4372009,28.3330212],[85.4372799,28.3330329],[85.4373027,28.3330372],[85.4373371,28.3330249],[85.437394,28.3330019],[85.4374156,28.3329915],[85.4374388,28.3329778],[85.4375204,28.3329205],[85.4375542,28.3328997],[85.4375909,28.3328836],[85.4376084,28.3328789],[85.4376258,28.3328763],[85.4376574,28.3328748],[85.4376837,28.3328763],[85.4377137,28.3328828],[85.4377451,28.3328949],[85.4377773,28.3329122],[85.4377786,28.3329131],[85.4378062,28.3329],[85.4378667,28.3328769],[85.4379306,28.3328582],[85.4379978,28.3328437],[85.4380687,28.3328333],[85.4381433,28.3328271],[85.4382222,28.3328251],[85.4382983,28.3328268],[85.4383788,28.332832],[85.4384644,28.3328406],[85.4385565,28.3328529],[85.4387322,28.3328826],[85.4391278,28.332959],[85.4393129,28.3329921],[85.4394295,28.3330171],[85.4394837,28.3330312],[85.4395341,28.3330462],[85.4395812,28.3330623],[85.4396256,28.3330797],[85.4397346,28.3331291],[85.4397839,28.3331543],[85.4398302,28.3331801],[85.4398736,28.3332066],[85.4399143,28.3332339],[85.4399523,28.333262],[85.4399877,28.3332909],[85.4400149,28.3333164],[85.4400783,28.3333829],[85.4401084,28.3334116],[85.4401451,28.3334409],[85.4401857,28.3334681],[85.4402306,28.3334935],[85.4402805,28.3335175],[85.4403272,28.333537],[85.4403803,28.3335568],[85.4405721,28.3336205],[85.4406477,28.3336477],[85.4407228,28.3336796],[85.4407873,28.3337133],[85.4408351,28.3337444],[85.4409257,28.3338115],[85.4409638,28.3338378],[85.441005,28.3338619],[85.4410437,28.3338793],[85.4410785,28.3338902],[85.4411187,28.3338989],[85.4412529,28.3339163],[85.4413002,28.3339245],[85.4413498,28.3339363],[85.4414012,28.3339507],[85.4414549,28.3339678],[85.4415119,28.3339881],[85.4416155,28.3340291],[85.4418527,28.3341292],[85.4419661,28.3341724],[85.4420668,28.3342042],[85.4421142,28.3342164],[85.4421601,28.3342263],[85.4422321,28.3342386],[85.4423079,28.3342487],[85.4423883,28.3342565],[85.4424747,28.3342623],[85.442644,28.334268],[85.443005,28.3342715],[85.4433827,28.3342768],[85.4435352,28.3342763],[85.4436758,28.3342739],[85.4438114,28.3342692],[85.44394,28.3342623],[85.4440632,28.334253],[85.4441817,28.3342414],[85.4443758,28.3342169],[85.4445739,28.3341862],[85.4447757,28.334149],[85.4449813,28.3341056],[85.4451778,28.334063],[85.4452741,28.33404],[85.4453671,28.3340135],[85.445449,28.3339849],[85.4455091,28.3339582],[85.4455988,28.3339126],[85.4456005,28.3339075],[85.4456206,28.3338328],[85.4456294,28.3338111],[85.4456397,28.3337936],[85.4456652,28.3337635],[85.4456992,28.3337338],[85.4457394,28.3337052],[85.4458134,28.3336584],[85.445864,28.3336298],[85.4459164,28.333607],[85.4459267,28.3335844],[85.4459468,28.3335474],[85.4459779,28.3335023],[85.446016,28.333459],[85.446061,28.3334174],[85.4461132,28.3333776],[85.4461723,28.3333395],[85.446239,28.3333027],[85.4463139,28.3332668],[85.4463994,28.3332306],[85.4464602,28.3332085],[85.4465352,28.3331853],[85.4465913,28.3331717],[85.4466504,28.3331627],[85.4467129,28.333158],[85.4467797,28.3331577],[85.4468499,28.3331616],[85.446928,28.3331698],[85.4470101,28.3331813],[85.4471401,28.3332017],[85.4471382,28.3331877],[85.4471399,28.3331697],[85.4471459,28.3331563],[85.4471561,28.3331445],[85.4471748,28.3331274],[85.4471999,28.3331082],[85.4472307,28.3330911],[85.4472633,28.3330772],[85.4473511,28.3330444],[85.4473758,28.3330331],[85.4473969,28.3330212],[85.4474391,28.3329907],[85.4475287,28.3329148],[85.4475707,28.332886],[85.4476132,28.3328634],[85.4476612,28.3328421],[85.4477157,28.3328215],[85.4477831,28.3327991],[85.4478109,28.3327916],[85.4478428,28.3327853],[85.4479521,28.332771],[85.4479922,28.3327641],[85.4480306,28.3327542],[85.4480631,28.3327412],[85.4480864,28.3327281],[85.4481092,28.332712],[85.4481317,28.3326925],[85.4481543,28.3326694],[85.4481941,28.3326208],[85.448292,28.3324868],[85.4483228,28.3324513],[85.4483528,28.3324225],[85.4483822,28.3323991],[85.4484167,28.3323749],[85.4485337,28.3323024],[85.4485744,28.3322755],[85.4486114,28.3322477],[85.4486424,28.3322198],[85.4486756,28.3321822],[85.448744,28.3320917],[85.4487776,28.3320556],[85.4487976,28.3320398],[85.4488224,28.3320247],[85.4489166,28.3319809],[85.4489506,28.331962],[85.4489666,28.3319503],[85.44898,28.3319381],[85.448991,28.331925],[85.4489997,28.3319108],[85.4490128,28.3318745],[85.449019,28.3318625],[85.4490283,28.3318529],[85.4490415,28.3318451],[85.449057,28.3318394],[85.4491027,28.3318263],[85.4491153,28.3318207],[85.4491252,28.3318143],[85.449142,28.3317968],[85.4491753,28.331747],[85.4491928,28.3317274],[85.4492161,28.3317125],[85.4492763,28.3316867],[85.449289,28.3316785],[85.449299,28.3316694],[85.4493113,28.331652],[85.4493376,28.3316018],[85.4493564,28.3315776],[85.4493788,28.3315551],[85.449405,28.3315342],[85.4494357,28.3315144],[85.4494976,28.331483],[85.4496143,28.3314341],[85.4496577,28.3314145],[85.4496989,28.3313926],[85.4497335,28.3313701],[85.449822,28.3313067],[85.4498476,28.3312851],[85.4498687,28.3312639],[85.4498918,28.3312323],[85.4499347,28.3311563],[85.4499556,28.3311287],[85.4499996,28.3310822],[85.4500164,28.3310695],[85.4500328,28.3310612],[85.4500621,28.3310535],[85.4500907,28.3310515],[85.4500995,28.3310531],[85.4501072,28.3310566],[85.4501138,28.3310621],[85.4501194,28.3310696],[85.4501271,28.3310906],[85.4501305,28.3311194],[85.4501296,28.3311558],[85.4501243,28.3312],[85.4501147,28.3312514],[85.4501004,28.3313122],[85.4500866,28.3313517],[85.4500425,28.3314474],[85.4500291,28.3314869],[85.4500178,28.3315289],[85.4500084,28.3315735],[85.450001,28.3316216],[85.4499915,28.3317227],[85.4499823,28.3319283],[85.449976,28.3320144],[85.4499639,28.3321033],[85.4499557,28.3321434],[85.4499459,28.3321812],[85.4499272,28.3322365],[85.4499015,28.3322968],[85.4498732,28.3323541],[85.4498003,28.3324936],[85.4497661,28.3325676],[85.4497511,28.332606],[85.4497392,28.3326426],[85.4497301,28.3326778],[85.4497238,28.3327122],[85.4497141,28.3327877],[85.4497096,28.3328489],[85.4497096,28.3329039],[85.4497142,28.3329536],[85.4497203,28.3329879],[85.4497288,28.3330236],[85.4497528,28.3330984],[85.4497718,28.3331429],[85.4497957,28.3331876],[85.4498246,28.3332326],[85.4498589,28.3332783],[85.4498977,28.3333241],[85.4499428,28.333372],[85.4499948,28.3334229],[85.4500618,28.3334846],[85.4500973,28.3335125],[85.4501415,28.3335395],[85.4501884,28.3335633],[85.4502443,28.3335892],[85.4502615,28.3335926],[85.4502961,28.3335976],[85.4503327,28.3336009],[85.4504121,28.3336021],[85.4504319,28.3335943],[85.4504617,28.3335865],[85.4505349,28.3335715],[85.4505901,28.3335593],[85.4506465,28.3335495],[85.4507035,28.3335421],[85.450761,28.3335371],[85.4508186,28.3335347],[85.450876,28.3335348],[85.4509328,28.3335374],[85.4509887,28.3335426],[85.4510215,28.3335473],[85.4510578,28.3335546],[85.4511927,28.3335887],[85.4512494,28.3336005],[85.4512913,28.3336062],[85.4513386,28.3336097],[85.4515032,28.3336128],[85.4515663,28.3336163],[85.4516291,28.333625],[85.4516573,28.3336313],[85.4516839,28.3336391],[85.4517222,28.3336541],[85.4517633,28.3336747],[85.4518044,28.3336988],[85.4519162,28.3337687],[85.4519511,28.333788],[85.4519832,28.3338033],[85.4520326,28.3338224],[85.4521462,28.3338604],[85.4521956,28.3338805],[85.4522527,28.3339082],[85.4523067,28.333937],[85.4523576,28.3339669],[85.4524052,28.3339978],[85.4524495,28.3340298],[85.4524905,28.3340627],[85.4525065,28.3340771],[85.4525412,28.3340815],[85.4525848,28.3340905],[85.452637,28.3341063],[85.4526933,28.3341283],[85.4527511,28.3341547],[85.4529113,28.3342334],[85.4529614,28.3342549],[85.4530072,28.3342715],[85.4530676,28.3342876],[85.4531373,28.3342993],[85.4532071,28.3343064],[85.4533841,28.3343194],[85.4534335,28.3343251],[85.453477,28.3343321],[85.4535241,28.3343429],[85.4535666,28.3343563],[85.4536054,28.3343727],[85.4536409,28.3343922],[85.4536438,28.3343942],[85.4537586,28.3344148],[85.453866,28.3344405],[85.4539251,28.3344599],[85.4540685,28.3345165],[85.4541089,28.3345289],[85.454146,28.3345371],[85.4541696,28.3345399],[85.4541964,28.3345409],[85.4542862,28.3345374],[85.4543188,28.3345375],[85.4543502,28.3345404],[85.4543777,28.3345467],[85.4544049,28.3345572],[85.4544599,28.3345847],[85.4544839,28.334595],[85.4545045,28.3346015],[85.4545266,28.3346064],[85.4545767,28.3346116],[85.454626,28.3346117],[85.4547428,28.3346063],[85.4547984,28.3346081],[85.4548242,28.3346116],[85.4548478,28.334617],[85.4548695,28.3346243],[85.4548894,28.3346336],[85.4549073,28.3346447],[85.4549263,28.3346593],[85.4550016,28.3347274],[85.4550342,28.3347495],[85.4550696,28.3347654],[85.4551483,28.3347936],[85.4551632,28.3347917],[85.4552333,28.3347856],[85.4554621,28.3347748],[85.4555417,28.3347694],[85.4557115,28.3347571],[85.4558769,28.3347499],[85.4560379,28.3347479],[85.4561946,28.334751],[85.4563471,28.3347592],[85.4564953,28.3347725],[85.4566392,28.334791],[85.4567788,28.3348146],[85.4569468,28.3348431],[85.457021,28.3348585],[85.4570589,28.3348685],[85.4570937,28.3348795],[85.457126,28.3348916],[85.457156,28.3349052],[85.4571978,28.3349294],[85.4572855,28.3349902],[85.4573219,28.3350108],[85.4573538,28.3350245],[85.4573872,28.335036],[85.4574222,28.3350454],[85.4574588,28.3350525],[85.4574971,28.3350575],[85.4575372,28.3350602],[85.4575791,28.3350609],[85.4576232,28.3350593],[85.4577119,28.3350507],[85.4578114,28.3350341],[85.4579161,28.3350116],[85.4581064,28.3349655],[85.4581616,28.3349505],[85.4582215,28.3349304],[85.4582879,28.3349047],[85.4584843,28.3348237],[85.4585472,28.3348013],[85.4586043,28.3347845],[85.4586692,28.3347688],[85.4587358,28.3347549],[85.458804,28.3347429],[85.458874,28.3347328],[85.4589458,28.3347245],[85.4590194,28.3347181],[85.459095,28.3347135],[85.4591725,28.3347108],[85.4593332,28.3347107],[85.4595039,28.3347178],[85.4596865,28.3347322],[85.4598866,28.3347543],[85.4599645,28.3347664],[85.460152,28.3348025],[85.4602028,28.33481],[85.4602487,28.3348146],[85.4604007,28.3348282],[85.4604026,28.3348171],[85.4604149,28.3347709],[85.4604287,28.3347282],[85.4604439,28.3346888],[85.4604605,28.3346529],[85.4604788,28.334622],[85.460503,28.33459],[85.460531,28.3345587],[85.4606126,28.3344742],[85.4606354,28.3344469],[85.4606536,28.3344212],[85.4606772,28.3343823],[85.4606997,28.3343409],[85.4607212,28.3342967],[85.4607417,28.3342497],[85.4607804,28.3341464],[85.4608178,28.3340253],[85.4608256,28.3339927],[85.4608423,28.333907],[85.4608564,28.3338612],[85.4608675,28.3338363],[85.4608819,28.3338094],[85.4609336,28.333726],[85.4610033,28.3336068],[85.4610382,28.3335529],[85.461077,28.3335037],[85.4610968,28.3334833],[85.4611171,28.3334653],[85.4611612,28.3334309],[85.4611971,28.3334068],[85.4612306,28.3333893],[85.4612619,28.3333784],[85.4613031,28.3333718],[85.4613488,28.3333713],[85.4613948,28.3333769],[85.4614357,28.3333881],[85.4614512,28.3333956],[85.4614655,28.3334062],[85.4614787,28.3334201],[85.4614911,28.3334375],[85.4615023,28.3334576],[85.4615133,28.3334819],[85.461536,28.3335436],[85.4615542,28.3335496],[85.4616086,28.333574],[85.4616697,28.333607],[85.4617289,28.3336429],[85.4618629,28.3337284],[85.4619484,28.3337839],[85.461983,28.3338092],[85.4620138,28.333834],[85.4620615,28.3338771],[85.4621055,28.333922],[85.462145,28.3339682],[85.4621798,28.3340151],[85.462205,28.3340587],[85.462257,28.3341758],[85.4622711,28.334203],[85.4622854,28.3342263],[85.4623151,28.3342685],[85.4623449,28.3343071],[85.4623747,28.3343422],[85.4624015,28.3343706],[85.4624087,28.3343681],[85.4624522,28.3343596],[85.4624925,28.3343566],[85.4625777,28.3343555],[85.4626136,28.3343536],[85.4628399,28.3343343],[85.4629139,28.3343304],[85.4629803,28.3343291],[85.4630465,28.3343306],[85.4631083,28.3343351],[85.4631666,28.3343428],[85.4632219,28.3343536],[85.4633248,28.3343841],[85.4633571,28.3343922],[85.4634339,28.3344075],[85.4634934,28.3344171],[85.4635469,28.3344229],[85.4635953,28.3344248],[85.4636405,28.3344228],[85.4636817,28.3344167],[85.4637191,28.3344065],[85.463753,28.3343922],[85.4637831,28.3343727],[85.4638478,28.3343171],[85.4638785,28.3342957],[85.4639144,28.3342785],[85.4639568,28.3342644],[85.4639992,28.3342543],[85.4641049,28.3342333],[85.4641585,28.3342184],[85.4642513,28.3341849],[85.4643383,28.3341497],[85.46442,28.3341126],[85.4644964,28.3340736],[85.4645676,28.3340325],[85.4646429,28.3339839],[85.4647241,28.3339267],[85.4648247,28.3338515],[85.4648788,28.3338081],[85.4649357,28.3337576],[85.4650009,28.3336952],[85.4651379,28.3335574],[85.4651986,28.3334983],[85.4652648,28.3334384],[85.4653268,28.3333881],[85.4654488,28.3332974],[85.4655555,28.3332237],[85.4656557,28.333161],[85.4657516,28.3331081],[85.4658179,28.3330757],[85.4658908,28.3330434],[85.465972,28.3330103],[85.4660702,28.3329729],[85.4662742,28.3328995],[85.4663542,28.3328735],[85.466428,28.3328518],[85.4664999,28.3328332],[85.4665684,28.3328184],[85.4666342,28.332807],[85.4666978,28.3327991],[85.4668164,28.3327892],[85.4668231,28.332789],[85.4669018,28.3327629],[85.4669439,28.3327508],[85.4669889,28.3327405],[85.4670373,28.3327318],[85.4670898,28.3327245],[85.4671956,28.3327149],[85.4673992,28.3327036],[85.4674806,28.3326976],[85.4675634,28.3326882],[85.4676353,28.3326756],[85.467676,28.332666],[85.4677141,28.3326548],[85.4677498,28.3326419],[85.4677833,28.3326275],[85.4678148,28.3326113],[85.4678442,28.3325932],[85.4678718,28.3325734],[85.4678975,28.3325517],[85.4679415,28.3325086],[85.4679846,28.3324607],[85.4680257,28.3324092],[85.4680634,28.3323556],[85.4680829,28.3323214],[85.4681006,28.3322803],[85.4681147,28.332239],[85.4681456,28.3321378],[85.4681642,28.3320883],[85.4681873,28.3320439],[85.4682002,28.3320252],[85.4682143,28.3320086],[85.4682332,28.3319912],[85.4682572,28.3319742],[85.4683417,28.3319272],[85.4683695,28.3319099],[85.4683925,28.3318918],[85.4684104,28.3318728],[85.4684201,28.3318585],[85.4684288,28.3318407],[85.4684516,28.3317771],[85.468461,28.3317553],[85.4684725,28.3317363],[85.4684859,28.3317219],[85.4685066,28.3317093],[85.4685589,28.3316883],[85.4685764,28.3316767],[85.4685851,28.3316667],[85.4685918,28.3316549],[85.4685968,28.3316409],[85.4685999,28.3316246],[85.4686017,28.3315912],[85.4685988,28.3314976],[85.4686012,28.3314719],[85.4686066,28.3314504],[85.468622,28.3314117],[85.4686421,28.3313714],[85.4686671,28.3313291],[85.4686971,28.3312844],[85.4687312,28.3312414],[85.4687714,28.3312],[85.4688177,28.3311602],[85.4688705,28.3311216],[85.468929,28.3310847],[85.4689375,28.33108],[85.4689391,28.3310727],[85.4689529,28.3310193],[85.4689686,28.3309676],[85.4690001,28.3308709],[85.4690219,28.3308146],[85.4690466,28.3307658],[85.4690742,28.3307262],[85.4690964,28.3307026],[85.4691242,28.3306784],[85.4692251,28.3306055],[85.4692624,28.330579],[85.4693013,28.3305536],[85.469342,28.3305295],[85.4693844,28.3305064],[85.4694751,28.3304636],[85.4695748,28.3304244],[85.469676,28.3303909],[85.4697905,28.3303584],[85.4699101,28.3303286],[85.4702411,28.330251],[85.4703408,28.3302248],[85.4704291,28.3301988],[85.4705285,28.3301652],[85.4706188,28.3301291],[85.4707021,28.33009],[85.470779,28.3300473],[85.4708214,28.3300203],[85.4709289,28.3299475],[85.4709902,28.3299116],[85.4710586,28.3298792],[85.4711347,28.329849],[85.4712202,28.3298203],[85.4713221,28.3297909],[85.4713779,28.3297767],[85.4714362,28.3297641],[85.4714972,28.3297529],[85.4715613,28.3297431],[85.4717001,28.3297274],[85.4718652,28.3297154],[85.4719008,28.3297144],[85.4719406,28.3297153],[85.4720862,28.3297254],[85.4721449,28.3297273],[85.472205,28.3297244],[85.4722575,28.3297154],[85.4723013,28.3297017],[85.4723484,28.3296808],[85.4723946,28.3296557],[85.4725173,28.3295834],[85.4725549,28.3295643],[85.4725894,28.3295495],[85.4726705,28.3295214],[85.472761,28.3294956],[85.4728628,28.3294714],[85.4729967,28.3294439],[85.4732518,28.3293926],[85.4733051,28.3293832],[85.473368,28.3293536],[85.4734347,28.329325],[85.4734865,28.3293052],[85.4735417,28.3292872],[85.4736008,28.3292708],[85.4736645,28.3292558],[85.4737295,28.3292427],[85.4738021,28.32923],[85.4740157,28.3291987],[85.4741027,28.3291886],[85.4741936,28.3291829],[85.4742892,28.3291814],[85.4743909,28.3291843],[85.4744931,28.3291909],[85.4746063,28.3292015],[85.475047,28.3292555],[85.475146,28.329266],[85.4752348,28.3292736],[85.4753366,28.3292796],[85.4754316,28.3292817],[85.4755214,28.32928],[85.4756072,28.3292745],[85.4757808,28.3292578],[85.4759214,28.3292408],[85.4760478,28.3292213],[85.476163,28.3291987],[85.476249,28.329177],[85.4763372,28.3291492],[85.4764286,28.3291151],[85.4765248,28.3290741],[85.4766115,28.3290333],[85.476707,28.3289852],[85.4770435,28.3288043],[85.4771794,28.3287345],[85.4772524,28.3286996],[85.4773213,28.3286688],[85.4773874,28.3286416],[85.4774513,28.3286177],[85.4775768,28.3285762],[85.4777089,28.3285384],[85.4778487,28.3285039],[85.4779983,28.3284722],[85.4781547,28.3284438],[85.4783287,28.3284164],[85.4785115,28.3283908],[85.4790237,28.3283234],[85.4791809,28.3283002],[85.4793213,28.328277],[85.4794819,28.3282465],[85.4796304,28.3282135],[85.4797699,28.3281774],[85.4799017,28.3281377],[85.4799953,28.3281056],[85.4800921,28.3280689],[85.4801931,28.3280271],[85.4803003,28.3279794],[85.4804969,28.3278854],[85.4809669,28.3276498],[85.4810941,28.3275897],[85.4812097,28.3275382],[85.4813321,28.3274882],[85.4814485,28.3274455],[85.4815608,28.3274095],[85.4816701,28.3273798],[85.4817777,28.3273571],[85.4820417,28.3273116],[85.4821125,28.327296],[85.4821753,28.3272788],[85.4822548,28.3272529],[85.4823361,28.3272231],[85.4824194,28.3271893],[85.4825051,28.3271514],[85.4825347,28.3270274],[85.4825464,28.3269546],[85.4825606,28.3268058],[85.4825708,28.326675],[85.4825775,28.3265542],[85.4825809,28.3264411],[85.4825811,28.3263326],[85.4825779,28.3262291],[85.4825714,28.3261298],[85.4825615,28.3260344],[85.4825457,28.3259274],[85.4825239,28.3258114],[85.4824956,28.3256837],[85.4824559,28.3255214],[85.4823958,28.3252682],[85.4823626,28.3251473],[85.4823427,28.3250871],[85.4823217,28.3250319],[85.4822992,28.3249808],[85.4822748,28.3249331],[85.4822528,28.3248972],[85.4821943,28.3248127],[85.4821692,28.3247671],[85.4821555,28.3247307],[85.4821446,28.3246884],[85.482137,28.3246461],[85.4821214,28.3245377],[85.4821089,28.3244805],[85.4820901,28.3244222],[85.4820653,28.3243595],[85.4820333,28.3242895],[85.4819318,28.3240814],[85.4819037,28.324014],[85.4818826,28.3239525],[85.481871,28.3239086],[85.4818617,28.3238618],[85.4818547,28.3238116],[85.4818498,28.3237571],[85.4818461,28.323654],[85.4818456,28.3234035],[85.4818426,28.3233371],[85.4818372,28.3232783],[85.4818278,28.3232172],[85.4818148,28.3231614],[85.4817979,28.3231099],[85.481777,28.3230624],[85.4817486,28.3230139],[85.4817107,28.3229626],[85.4816708,28.322916],[85.4815744,28.3228103],[85.481532,28.3227591],[85.4815,28.3227138],[85.4814752,28.3226701],[85.4814394,28.3225887],[85.4814077,28.3224974],[85.4813798,28.322395],[85.4813545,28.3222779],[85.4813405,28.3221864],[85.4813325,28.32209],[85.4813305,28.3219881],[85.4813346,28.3218796],[85.4813444,28.321767],[85.4813601,28.3216438],[85.4813819,28.3215078],[85.4814149,28.3213274],[85.4814361,28.3212225],[85.48146,28.3211184],[85.4814865,28.3210154],[85.4815156,28.3209139],[85.4815473,28.3208142],[85.4815813,28.3207165],[85.4816176,28.320621],[85.4816563,28.3205278],[85.4817546,28.320296],[85.4817862,28.320228],[85.4818165,28.3201688],[85.4818502,28.3201102],[85.4818847,28.320058],[85.4819206,28.3200113],[85.481958,28.3199696],[85.4819918,28.3199389],[85.4820324,28.3199086],[85.4820837,28.3198764],[85.4821985,28.3198118],[85.4822474,28.3197822],[85.4822958,28.3197479],[85.4823352,28.3197132],[85.4823771,28.3196664],[85.4824189,28.3196096],[85.482456,28.319552],[85.4825428,28.3194078],[85.4825916,28.319336],[85.4826357,28.31928],[85.4826878,28.3192197],[85.4828694,28.3190264],[85.4829347,28.3189535],[85.482995,28.3188788],[85.4830442,28.318808],[85.483091,28.3187315],[85.4831351,28.3186535],[85.4831762,28.3185743],[85.4832141,28.3184944],[85.4832486,28.3184142],[85.4832797,28.3183339],[85.4833071,28.3182539],[85.4833309,28.3181744],[85.4833416,28.318129],[85.4833505,28.3180774],[85.4833698,28.3179065],[85.4833786,28.3178454],[85.4833908,28.3177877],[85.4834063,28.3177369],[85.4834364,28.3176441],[85.4834525,28.3176033],[85.483473,28.3175671],[85.4834844,28.3175528],[85.4834968,28.3175407],[85.4835206,28.3175243],[85.483551,28.3175099],[85.483587,28.3174974],[85.4836477,28.3174804],[85.4836886,28.3174706],[85.4837319,28.3174636],[85.483778,28.3174595],[85.4838271,28.3174581],[85.4838787,28.3174594],[85.4839346,28.3174634],[85.4839961,28.3174702],[85.4840701,28.3174804],[85.4840775,28.3174818],[85.4840874,28.3174757],[85.4842905,28.3173617],[85.4843396,28.3173313],[85.4843825,28.3173023],[85.4844216,28.3172727],[85.4844564,28.3172428],[85.4844875,28.3172122],[85.4845151,28.3171806],[85.4845409,28.3171451],[85.4845665,28.3171027],[85.4846397,28.3169574],[85.4846673,28.3169076],[85.4846967,28.3168633],[85.4847273,28.316827],[85.4847567,28.3168006],[85.484794,28.3167746],[85.4848328,28.3167522],[85.4849272,28.316702],[85.4849708,28.3166751],[85.4850073,28.3166457],[85.4850217,28.3166305],[85.4850337,28.3166148],[85.4850462,28.3165931],[85.4850558,28.3165688],[85.4850628,28.3165416],[85.4850671,28.3165111],[85.4850689,28.3164796],[85.4850686,28.3164434],[85.4850589,28.3162957],[85.485058,28.3162331],[85.4850603,28.3162004],[85.4850649,28.316171],[85.485067,28.3161627],[85.4850489,28.3161358],[85.4850271,28.3160919],[85.4850123,28.3160473],[85.4850045,28.3160018],[85.4850038,28.3159553],[85.4850102,28.3159076],[85.4850249,28.3158488],[85.485046,28.3157846],[85.4850729,28.3157167],[85.4851045,28.3156483],[85.4851363,28.3155907],[85.4851747,28.3155334],[85.4852199,28.3154758],[85.4852727,28.3154172],[85.485327,28.3153632],[85.4853904,28.3153049],[85.485623,28.3151062],[85.4857158,28.3150282],[85.4858154,28.3149509],[85.4859224,28.3148738],[85.4860378,28.3147962],[85.4861601,28.3147189],[85.4862949,28.3146382],[85.4864456,28.3145519],[85.4866367,28.3144461],[85.486705,28.3144107],[85.4867827,28.3143742],[85.4870603,28.3142561],[85.4871684,28.3142068],[85.4872243,28.3141787],[85.4872755,28.3141506],[85.4873231,28.3141219],[85.4873674,28.3140926],[85.4874351,28.3140445],[85.4874895,28.3140036],[85.4875373,28.3139649],[85.4875796,28.3139276],[85.4876062,28.313901],[85.487632,28.3138716],[85.4876571,28.3138391],[85.4876818,28.3138032],[85.487732,28.3137189],[85.4878285,28.3135329],[85.4878729,28.3134546],[85.4878992,28.3134137],[85.4879256,28.3133772],[85.4879525,28.3133443],[85.4879803,28.3133147],[85.4880398,28.3132585],[85.4881034,28.3132039],[85.4881703,28.3131517],[85.4882396,28.3131025],[85.4882996,28.3130645],[85.4883643,28.3130284],[85.4884342,28.3129939],[85.4885102,28.3129606],[85.4885897,28.3129294],[85.4886784,28.3128978],[85.4887768,28.3128654],[85.4889232,28.3128196],[85.4889608,28.312809],[85.4890011,28.3127995],[85.4890916,28.3127836],[85.4891834,28.3127727],[85.4894173,28.3127506],[85.4894824,28.312742],[85.4895393,28.3127321],[85.4896009,28.3127176],[85.4896557,28.3127001],[85.4897046,28.3126792],[85.4897482,28.3126546],[85.4897782,28.3126335],[85.4898067,28.3126094],[85.4898337,28.3125824],[85.4898593,28.3125525],[85.4898837,28.3125194],[85.4899068,28.3124832],[85.4899289,28.3124435],[85.4899501,28.3124001],[85.489983,28.3123209],[85.4900154,28.3122275],[85.490044,28.3121331],[85.4901146,28.311885],[85.4901579,28.3117525],[85.4901835,28.3116863],[85.4902098,28.3116266],[85.4902375,28.3115724],[85.4902668,28.3115232],[85.4903619,28.3113787],[85.490443,28.3112638],[85.4905207,28.3111634],[85.4905968,28.3110753],[85.4906547,28.3110171],[85.490723,28.3109573],[85.4907987,28.3108975],[85.4909538,28.3107823],[85.4910181,28.3107328],[85.4910833,28.3106787],[85.491139,28.3106274],[85.4912825,28.3104856],[85.491375,28.3103871],[85.4914161,28.3103393],[85.491453,28.3102931],[85.4914863,28.3102478],[85.4915162,28.3102031],[85.4915414,28.31016],[85.4915662,28.3101106],[85.4915907,28.3100556],[85.4916582,28.3098942],[85.4916816,28.309845],[85.4917047,28.3098024],[85.4917341,28.309755],[85.4917673,28.3097072],[85.4918045,28.3096586],[85.4918464,28.3096084],[85.4919348,28.3095122],[85.4921143,28.3093308],[85.4921868,28.3092546],[85.4922584,28.3091725],[85.4923176,28.3090952],[85.4923402,28.3090597],[85.4923625,28.3090173],[85.4923842,28.3089689],[85.4924431,28.3088273],[85.4924633,28.3087858],[85.4924832,28.3087511],[85.4924921,28.3087387],[85.4925057,28.3086744],[85.4925265,28.3085973],[85.4925508,28.3085256],[85.4925788,28.3084587],[85.4926048,28.3083963],[85.492614,28.3083804],[85.4926241,28.3083682],[85.4926402,28.3083559],[85.4926616,28.3083459],[85.4927448,28.308323],[85.4927484,28.308322],[85.4927643,28.3082754],[85.4927919,28.3082096],[85.4928246,28.308144],[85.4928619,28.3080794],[85.4929036,28.3080164],[85.4929489,28.307956],[85.4929974,28.3078989],[85.4930484,28.3078459],[85.4930963,28.3078042],[85.4931547,28.307763],[85.4932148,28.3077265],[85.4933698,28.3076386],[85.4934123,28.307612],[85.4934491,28.3075866],[85.4934909,28.3075545],[85.4935333,28.3075193],[85.4936223,28.3074375],[85.4937035,28.3073552],[85.4938892,28.3071586],[85.493982,28.3070672],[85.4940271,28.3070264],[85.4940708,28.3069898],[85.4941137,28.3069565],[85.4941563,28.3069265],[85.4942078,28.3068945],[85.494264,28.3068645],[85.4943255,28.3068361],[85.4943935,28.3068088],[85.4944542,28.3067871],[85.494523,28.3067647],[85.4948342,28.3066707],[85.494913,28.3066434],[85.4949822,28.3066162],[85.4950501,28.3065852],[85.4951113,28.3065522],[85.4951668,28.3065168],[85.495217,28.3064787],[85.4952459,28.3064527],[85.4952743,28.3064232],[85.4953024,28.3063899],[85.4953309,28.306352],[85.4953804,28.3062773],[85.495494,28.3060909],[85.4954921,28.3060641],[85.4954882,28.305958],[85.4954882,28.3058548],[85.4954922,28.3057548],[85.4955001,28.3056585],[85.4955119,28.3055662],[85.4955276,28.3054781],[85.4955471,28.3053943],[85.4955681,28.3053265],[85.4955961,28.3052579],[85.4956312,28.3051878],[85.495674,28.3051149],[85.4957178,28.3050485],[85.49577,28.3049761],[85.4959733,28.304715],[85.4960532,28.304606],[85.496093,28.3045464],[85.4961276,28.3044896],[85.4961577,28.3044345],[85.4961835,28.3043807],[85.496204,28.3043315],[85.4962231,28.3042788],[85.4962411,28.3042222],[85.4962583,28.3041605],[85.496286,28.3040437],[85.4963461,28.3037579],[85.4963647,28.3036817],[85.4963836,28.3036143],[85.4964068,28.303544],[85.496432,28.30348],[85.4964596,28.3034212],[85.49649,28.3033671],[85.496526,28.3033128],[85.4965677,28.3032588],[85.4966154,28.3032045],[85.49667,28.3031489],[85.4967221,28.3031003],[85.4967822,28.3030478],[85.497003,28.3028661],[85.4970896,28.3027917],[85.497174,28.3027121],[85.4972443,28.3026363],[85.497337,28.3025256],[85.4974226,28.3024185],[85.4975016,28.3023141],[85.4975743,28.302212],[85.4976605,28.3020803],[85.4977438,28.3019395],[85.4978246,28.3017888],[85.4979037,28.3016267],[85.4979804,28.3014553],[85.4980582,28.3012671],[85.4981391,28.3010575],[85.4982343,28.3007977],[85.4983145,28.3005761],[85.498359,28.3004446],[85.4983956,28.300321],[85.4984229,28.3002084],[85.4984329,28.3001547],[85.4984409,28.3000983],[85.4984469,28.3000389],[85.4984511,28.2999753],[85.4984541,28.299843],[85.498451,28.2995758],[85.4984519,28.2994633],[85.498458,28.299346],[85.49847,28.2992419],[85.4984893,28.2991242],[85.4985107,28.2990099],[85.4985341,28.2988989],[85.4985596,28.2987912],[85.4985871,28.2986868],[85.4986167,28.2985857],[85.4986484,28.2984878],[85.4986822,28.2983933],[85.4987057,28.2983342],[85.4987325,28.2982734],[85.4987629,28.2982105],[85.4987975,28.2981442],[85.4988699,28.2980161],[85.4990155,28.297774],[85.4990735,28.2976744],[85.4991304,28.2975697],[85.4991772,28.297474],[85.4992245,28.2973656],[85.4992698,28.297251],[85.4993135,28.2971293],[85.4993564,28.2969985],[85.4993949,28.2968706],[85.4994351,28.2967279],[85.4995774,28.2961849],[85.4996405,28.2959583],[85.4996773,28.2958367],[85.4997142,28.2957239],[85.4997516,28.2956179],[85.4997901,28.2955175],[85.4998274,28.2954197],[85.4999159,28.2951745],[85.4999666,28.2950481],[85.4999978,28.2949798],[85.5000295,28.2949181],[85.5000623,28.2948618],[85.5000965,28.2948103],[85.5001233,28.2947744],[85.5001524,28.2947391],[85.5001837,28.2947043],[85.5002174,28.2946699],[85.5002923,28.2946018],[85.5003786,28.2945336],[85.5004539,28.29448],[85.5005403,28.294423],[85.5008787,28.2942162],[85.5009518,28.2941696],[85.5010159,28.2941267],[85.5011642,28.2940257],[85.5013175,28.2939241],[85.5014765,28.2938217],[85.5016416,28.2937179],[85.5018132,28.2936127],[85.5019928,28.293505],[85.5021819,28.293394],[85.5023831,28.2932781],[85.5024317,28.2932507],[85.5024572,28.2931694],[85.5024778,28.293082],[85.5024939,28.2929876],[85.5025058,28.2928844],[85.5025125,28.2927932],[85.502517,28.2926903],[85.5025228,28.2923482],[85.5025268,28.2922232],[85.5025343,28.292103],[85.5025457,28.2919959],[85.5025628,28.2918907],[85.5025852,28.2917938],[85.5026133,28.2917038],[85.5026472,28.2916199],[85.5026677,28.2915778],[85.5026928,28.2915316],[85.5028094,28.2913335],[85.5028349,28.291284],[85.5028553,28.2912383],[85.5028747,28.2911858],[85.5028912,28.29113],[85.5029052,28.2910701],[85.5029167,28.2910052],[85.5029249,28.2909446],[85.5029319,28.2908766],[85.50295,28.2906287],[85.5029596,28.2905285],[85.5029744,28.2904262],[85.5029941,28.2903363],[85.5030256,28.2902302],[85.5030669,28.290115],[85.5031164,28.2899928],[85.5032226,28.2897483],[85.503266,28.2896444],[85.503308,28.2895343],[85.503341,28.2894343],[85.5033689,28.289334],[85.5033937,28.2892287],[85.5034154,28.2891173],[85.5034346,28.2889983],[85.5034507,28.288876],[85.5034654,28.2887401],[85.503511,28.2882036],[85.5035353,28.2879747],[85.5035524,28.287851],[85.5035718,28.2877364],[85.5035938,28.2876285],[85.5036186,28.2875262],[85.5036736,28.2873235],[85.503727,28.2871395],[85.5037804,28.2869685],[85.5038346,28.286808],[85.5038904,28.2866554],[85.503948,28.2865108],[85.5040077,28.2863734],[85.5040696,28.2862426],[85.5041091,28.2861683],[85.5041551,28.2860928],[85.5042078,28.2860153],[85.5042683,28.2859342],[85.5043246,28.2858639],[85.5043896,28.2857869],[85.5046152,28.2855315],[85.5046985,28.2854345],[85.5047781,28.2853358],[85.5048451,28.2852451],[85.5048795,28.2851942],[85.5049108,28.2851445],[85.5049392,28.2850954],[85.5049648,28.2850469],[85.5049878,28.2849987],[85.5050081,28.2849507],[85.5050258,28.2849028],[85.5050409,28.2848549],[85.5050598,28.2847757],[85.5050738,28.2846846],[85.5050823,28.2845964],[85.5050971,28.2843888],[85.5051082,28.2842898],[85.505124,28.2842029],[85.505145,28.2841264],[85.505176,28.2840423],[85.5052141,28.2839565],[85.5052593,28.2838682],[85.5053122,28.2837767],[85.5053712,28.283684],[85.5054398,28.2835843],[85.5055187,28.2834762],[85.5056307,28.2833285],[85.5057404,28.2831913],[85.5058582,28.2830563],[85.5059837,28.2829239],[85.5061165,28.2827948],[85.5062559,28.2826693],[85.5064012,28.2825484],[85.5065516,28.2824325],[85.5067062,28.2823224],[85.506825,28.2822445],[85.5069508,28.2821683],[85.507084,28.2820938],[85.5072251,28.2820207],[85.507374,28.2819488],[85.5075325,28.2818774],[85.507702,28.2818058],[85.5078857,28.2817326],[85.5080979,28.2816538],[85.5083083,28.2815824],[85.5085165,28.2815186],[85.5087222,28.2814626],[85.5089252,28.2814143],[85.5091253,28.2813738],[85.5093224,28.2813411],[85.5094197,28.2813277],[85.5095162,28.2813163],[85.5096891,28.2812999],[85.5098567,28.2812886],[85.5100189,28.2812825],[85.5101754,28.2812816],[85.5102385,28.2812833],[85.5103028,28.2812867],[85.5104351,28.2812993],[85.5105737,28.2813194],[85.510721,28.2813474],[85.5108547,28.2813777],[85.5110029,28.2814153],[85.5111491,28.2814554],[85.5115275,28.2815626],[85.5117382,28.2816177],[85.5118505,28.2816439],[85.5119559,28.2816658],[85.5120564,28.2816837],[85.5121528,28.2816979],[85.5122485,28.2817087],[85.5123491,28.2817164],[85.5124556,28.2817212],[85.5125699,28.2817232],[85.5127891,28.2817204],[85.5131932,28.281706],[85.5133519,28.2817019],[85.5135136,28.2817016],[85.5136578,28.281706],[85.5137396,28.2817111],[85.5138179,28.2817181],[85.5138931,28.281727],[85.5139657,28.2817379],[85.514036,28.2817508],[85.5141041,28.2817658],[85.5141701,28.2817828],[85.5142343,28.281802],[85.5143328,28.2818374],[85.514439,28.2818831],[85.5145579,28.2819412],[85.5148061,28.2820714],[85.5149145,28.2821258],[85.5150304,28.282178],[85.5150843,28.2821995],[85.5151363,28.2822183],[85.515255,28.2822575],[85.5153702,28.2822927],[85.5154822,28.2823241],[85.5155914,28.2823518],[85.515698,28.2823759],[85.5158022,28.2823963],[85.5159041,28.2824132],[85.5160036,28.2824265],[85.516047,28.2824305],[85.5160926,28.2824328],[85.5161929,28.2824323],[85.5162903,28.2824266],[85.5165276,28.2824071],[85.5165919,28.2824038],[85.5166494,28.2824028],[85.5167105,28.2824042],[85.5167672,28.2824086],[85.5168205,28.282416],[85.5168709,28.2824265],[85.5169174,28.2824394],[85.5169653,28.2824556],[85.5170151,28.2824754],[85.5170678,28.2824992],[85.5171651,28.2825486],[85.5174028,28.2826789],[85.5174694,28.2827119],[85.5175301,28.2827387],[85.5176574,28.2827888],[85.5177872,28.2828355],[85.5179195,28.2828789],[85.5180543,28.2829188],[85.5181916,28.2829554],[85.5183314,28.2829885],[85.5184737,28.2830183],[85.5186186,28.2830448],[85.518766,28.2830678],[85.5189161,28.2830875],[85.5190687,28.2831038],[85.519224,28.2831168],[85.5193819,28.2831264],[85.5195426,28.2831326],[85.519706,28.2831355],[85.5198722,28.2831351],[85.52004,28.2831313],[85.5202108,28.2831242],[85.5203844,28.2831138],[85.5205611,28.2831001],[85.5207408,28.2830831],[85.5209238,28.2830627],[85.5211102,28.283039],[85.5213,28.283012],[85.5214929,28.2829816],[85.5216896,28.2829479],[85.5218906,28.2829107],[85.5220963,28.28287],[85.5223067,28.2828257],[85.5225229,28.2827776],[85.5227458,28.2827256],[85.5229767,28.2826693],[85.5231219,28.2826304],[85.5234503,28.2825349],[85.5236012,28.2824959],[85.5236861,28.2824771],[85.523773,28.2824603],[85.5238621,28.2824454],[85.5239535,28.2824324],[85.5240474,28.2824213],[85.5241443,28.282412],[85.5242444,28.2824045],[85.5243485,28.2823987],[85.5245443,28.2823925],[85.5247623,28.2823915],[85.5249834,28.2823947],[85.5255791,28.2824085],[85.5257582,28.2824099],[85.5259186,28.2824085],[85.5261012,28.2824027],[85.5262711,28.2823923],[85.5264318,28.2823772],[85.5265847,28.2823571],[85.526687,28.2823404],[85.5268007,28.2823195],[85.5272924,28.2822207],[85.5274124,28.2821998],[85.5275214,28.2821836],[85.5280808,28.2821087],[85.5282613,28.282087],[85.528424,28.2820698],[85.5285877,28.2820555],[85.5287414,28.2820454],[85.5288872,28.2820394],[85.5290263,28.2820374],[85.5291675,28.2820397],[85.5293029,28.2820464],[85.5294332,28.2820577],[85.5295587,28.2820736],[85.5296799,28.282094],[85.529797,28.2821192],[85.52991,28.282149],[85.5300192,28.2821836],[85.5302189,28.2822529],[85.5303537,28.2823031],[85.5304745,28.2823529],[85.5305814,28.2824028],[85.5306813,28.2824566],[85.5307272,28.2824844],[85.5307706,28.2825128],[85.5308117,28.282542],[85.5308505,28.282572],[85.530887,28.2826029],[85.5309212,28.2826346],[85.5309595,28.2826736],[85.5309978,28.2827159],[85.531036,28.2827616],[85.5310743,28.282811],[85.5311517,28.282921],[85.5312335,28.2830509],[85.5312573,28.2830933],[85.5312799,28.2831389],[85.5313015,28.2831882],[85.5313225,28.2832423],[85.5313567,28.2833436],[85.5314286,28.2835789],[85.5314665,28.2836859],[85.5315044,28.2837731],[85.5315246,28.2838122],[85.5315457,28.2838489],[85.5315744,28.2838932],[85.5316068,28.283938],[85.5316431,28.2839836],[85.5316839,28.2840309],[85.5317694,28.2841214],[85.5319415,28.2842908],[85.5320106,28.2843614],[85.5320788,28.2844371],[85.5321354,28.284508],[85.5322092,28.2846112],[85.5322803,28.2847191],[85.532349,28.2848318],[85.5324152,28.2849494],[85.532479,28.285072],[85.5325405,28.2851999],[85.5325999,28.2853333],[85.5326574,28.2854724],[85.532712,28.2856153],[85.5327651,28.2857647],[85.5328168,28.2859212],[85.5328675,28.2860859],[85.5329171,28.2862583],[85.5329668,28.2864426],[85.5330176,28.2866419],[85.5330721,28.2868671],[85.5331273,28.2871149],[85.5331748,28.28736],[85.5332142,28.2876014],[85.5332456,28.2878384],[85.5332797,28.2881547],[85.5333026,28.2884249],[85.5333161,28.2886721],[85.5333195,28.2887887],[85.5333206,28.2889015],[85.5333195,28.2890127],[85.533316,28.2891206],[85.5333102,28.2892255],[85.533302,28.2893277],[85.5332915,28.2894273],[85.5332786,28.2895245],[85.5332633,28.2896193],[85.5332456,28.2897118],[85.5332129,28.289858],[85.5331756,28.2900035],[85.5331337,28.2901474],[85.5330875,28.2902891],[85.5330373,28.2904279],[85.5329831,28.2905633],[85.5329253,28.2906948],[85.532864,28.290822],[85.5328019,28.2909413],[85.5327393,28.2910545],[85.532676,28.291162],[85.5326117,28.291264],[85.5325464,28.2913607],[85.53248,28.2914522],[85.5324124,28.2915386],[85.5323436,28.2916199],[85.532301,28.2916637],[85.5322491,28.291709],[85.5321941,28.2917517],[85.5320477,28.2918592],[85.5320068,28.291892],[85.5319719,28.2919227],[85.5319352,28.2919593],[85.5319044,28.2919958],[85.5318787,28.2920329],[85.5318579,28.2920709],[85.5318502,28.2920898],[85.5318434,28.2921124],[85.5318259,28.2921968],[85.5318173,28.2922284],[85.5318047,28.2922575],[85.5317885,28.292279],[85.5317706,28.2922924],[85.5317463,28.2923029],[85.5317156,28.292311],[85.5316496,28.2923227],[85.5316233,28.2923286],[85.5315986,28.2923374],[85.5315804,28.2923484],[85.5315616,28.2923684],[85.5315484,28.2923936],[85.5315406,28.2924243],[85.531538,28.2924611],[85.5315396,28.2924956],[85.5315446,28.2925363],[85.5315715,28.2926822],[85.5315797,28.2927378],[85.5315831,28.2927901],[85.5315804,28.2928341],[85.5315669,28.292908],[85.5315476,28.2929843],[85.5315221,28.2930637],[85.5314903,28.2931473],[85.5314545,28.2932298],[85.5314114,28.2933205],[85.5312681,28.2935973],[85.531184,28.2937549],[85.5310968,28.2939077],[85.5310068,28.2940553],[85.5309142,28.2941971],[85.5308195,28.2943326],[85.5307227,28.2944618],[85.530624,28.2945844],[85.5305235,28.2947002],[85.5304217,28.2948087],[85.5303184,28.2949101],[85.5302137,28.2950045],[85.5301077,28.2950916],[85.5300005,28.2951714],[85.5298922,28.2952439],[85.5297828,28.295309],[85.5296723,28.2953666],[85.5295864,28.2954069],[85.5294991,28.2954448],[85.5294111,28.29548],[85.529323,28.2955123],[85.5292352,28.2955415],[85.5291483,28.2955675],[85.5290626,28.2955902],[85.5289785,28.2956095],[85.5289072,28.2956232],[85.5288344,28.2956348],[85.5287599,28.2956444],[85.5286838,28.2956518],[85.5286061,28.295657],[85.5285269,28.2956602],[85.5284462,28.2956612],[85.528364,28.2956601],[85.5282803,28.2956568],[85.5281953,28.2956514],[85.5281089,28.2956439],[85.5280214,28.2956343],[85.5279326,28.2956226],[85.5278427,28.2956087],[85.5277519,28.2955928],[85.5276602,28.2955748],[85.5275989,28.2955606],[85.5275322,28.2955423],[85.5274544,28.2955181],[85.5272165,28.2954397],[85.5271397,28.2954178],[85.5270704,28.2954013],[85.5269717,28.2953821],[85.526871,28.2953658],[85.5267683,28.2953523],[85.5266637,28.2953416],[85.5265572,28.2953338],[85.526449,28.2953288],[85.5263393,28.2953267],[85.526228,28.2953275],[85.5261152,28.2953311],[85.5260011,28.2953376],[85.525886,28.295347],[85.52577,28.2953592],[85.5256533,28.2953742],[85.5255361,28.2953921],[85.5254186,28.2954127],[85.5253011,28.295436],[85.5252363,28.2954512],[85.5251691,28.2954702],[85.5250988,28.2954931],[85.5250241,28.2955205],[85.5248875,28.2955762],[85.5245677,28.295716],[85.5244844,28.2957497],[85.5244087,28.2957779],[85.5243321,28.2958032],[85.5242594,28.2958239],[85.5241894,28.2958402],[85.5241216,28.2958523],[85.5240241,28.2958647],[85.523922,28.2958735],[85.5238149,28.2958788],[85.5237018,28.2958805],[85.5235836,28.2958789],[85.5234561,28.2958738],[85.5233164,28.2958652],[85.5231502,28.2958523],[85.5230231,28.2958385],[85.5228828,28.2958169],[85.5227413,28.2957906],[85.5223617,28.295714],[85.5222472,28.2956939],[85.5221441,28.2956788],[85.5219934,28.2956607],[85.5218395,28.295645],[85.5216822,28.2956318],[85.5215211,28.2956211],[85.5213562,28.2956128],[85.5211867,28.2956069],[85.5210121,28.2956033],[85.5208315,28.2956021],[85.5206542,28.2956032],[85.5204694,28.2956064],[85.5202756,28.2956117],[85.5200698,28.2956192],[85.519635,28.29564],[85.5189525,28.2956788],[85.5180079,28.295728],[85.5176875,28.295746],[85.5173265,28.2957699],[85.517004,28.2957959],[85.5170022,28.2958002],[85.5169777,28.2958459],[85.5169481,28.2958904],[85.5169132,28.2959337],[85.5168732,28.2959758],[85.5168278,28.2960169],[85.516777,28.2960571],[85.5167206,28.2960965],[85.5166631,28.2961325],[85.5166003,28.2961682],[85.5165316,28.2962039],[85.5164559,28.2962402],[85.5163041,28.2963065],[85.5159844,28.2964368],[85.5159177,28.2964613],[85.5158404,28.2964828],[85.5157625,28.2964999],[85.5155636,28.2965384],[85.515508,28.2965513],[85.5154592,28.2965647],[85.5154065,28.2965823],[85.5153591,28.296602],[85.5153161,28.2966242],[85.5152772,28.2966489],[85.5152526,28.2966676],[85.5152282,28.2966889],[85.5151786,28.2967399],[85.5151313,28.2967974],[85.5150428,28.2969154],[85.515005,28.2969633],[85.5149635,28.2970106],[85.5149236,28.2970497],[85.5148893,28.2970787],[85.5148502,28.2971086],[85.5146547,28.2972423],[85.5146091,28.2972764],[85.51457,28.297309],[85.5145106,28.2973669],[85.5144507,28.2974359],[85.514387,28.2975197],[85.5142592,28.2977028],[85.5142021,28.2977802],[85.5141378,28.2978578],[85.5141065,28.2978913],[85.514075,28.2979218],[85.5140535,28.2979402],[85.5140282,28.297959],[85.5139651,28.2979986],[85.5138922,28.2980381],[85.5137473,28.2981111],[85.513751,28.2981527],[85.5137581,28.298192],[85.5137686,28.2982283],[85.5137866,28.2982686],[85.5138313,28.2983457],[85.5138474,28.2983773],[85.513859,28.2984105],[85.5138629,28.2984404],[85.5138614,28.2984621],[85.5138568,28.2984854],[85.5138493,28.2985102],[85.5138388,28.2985365],[85.5138253,28.2985642],[85.513809,28.298593],[85.5137686,28.2986526],[85.5137562,28.2986674],[85.5137422,28.2986806],[85.5137267,28.2986924],[85.5137096,28.2987027],[85.5136909,28.2987116],[85.5136704,28.2987191],[85.513624,28.2987301],[85.5135773,28.2987355],[85.5135223,28.2987373],[85.5134647,28.2987361],[85.5133038,28.298729],[85.5132561,28.2987289],[85.5132144,28.2987307],[85.5131691,28.2987357],[85.5131567,28.2987383],[85.5131199,28.2987637],[85.513085,28.298794],[85.5130616,28.2988206],[85.5130411,28.2988518],[85.5130234,28.2988878],[85.513008,28.2989293],[85.5129967,28.2989692],[85.5129863,28.2990156],[85.5129561,28.2991897],[85.5129414,28.2992594],[85.5129211,28.2993272],[85.5129094,28.2993566],[85.5128964,28.2993833],[85.5128721,28.2994243],[85.5128432,28.2994651],[85.5128093,28.299506],[85.5127698,28.299548],[85.5126913,28.2996211],[85.5125001,28.2997841],[85.512455,28.2998263],[85.5124164,28.2998658],[85.5123826,28.2999045],[85.5123533,28.2999428],[85.5123282,28.2999811],[85.5123071,28.3000198],[85.5122922,28.3000536],[85.5122781,28.3000928],[85.5122404,28.3002246],[85.5122255,28.3002709],[85.5122083,28.3003134],[85.5121892,28.3003498],[85.5121513,28.3004055],[85.5121029,28.3004633],[85.5120443,28.3005236],[85.5119535,28.3006091],[85.5118924,28.3006648],[85.5118357,28.3007137],[85.5117816,28.3007575],[85.5117293,28.3007969],[85.511678,28.3008324],[85.5116276,28.3008639],[85.5115781,28.3008916],[85.5115292,28.3009155],[85.5114676,28.3009395],[85.5113963,28.3009595],[85.5113241,28.3009746],[85.5111355,28.301008],[85.5110817,28.3010201],[85.5110342,28.3010334],[85.5109281,28.3010679],[85.5108252,28.3011045],[85.5107255,28.301143],[85.5106292,28.3011834],[85.5105365,28.3012257],[85.5104473,28.3012698],[85.5103617,28.3013157],[85.5102798,28.3013634],[85.5102012,28.3014086],[85.5099966,28.3015179],[85.5099029,28.3015707],[85.509811,28.3016291],[85.5097718,28.3016572],[85.5097365,28.3016851],[85.5097003,28.3017173],[85.5096688,28.3017496],[85.5096418,28.3017822],[85.5096193,28.3018151],[85.5096011,28.3018486],[85.5095873,28.3018827],[85.5095779,28.3019174],[85.5095727,28.3019527],[85.5095694,28.302025],[85.5095723,28.3020895],[85.5095813,28.3021442],[85.509588,28.3021676],[85.5095962,28.3021885],[85.5096055,28.3022048],[85.5096178,28.30222],[85.5096332,28.3022343],[85.509652,28.3022478],[85.5096736,28.3022603],[85.5096994,28.3022729],[85.5098116,28.3023184],[85.5098574,28.3023405],[85.5098799,28.3023543],[85.5098986,28.3023688],[85.509914,28.3023842],[85.5099263,28.3024006],[85.509945,28.3024328],[85.509962,28.3024668],[85.5099764,28.3025007],[85.5099876,28.3025332],[85.5099952,28.3025631],[85.5099993,28.3025905],[85.5099999,28.302615],[85.509997,28.3026363],[85.5099891,28.3026576],[85.5099755,28.3026784],[85.5099563,28.302699],[85.509931,28.3027195],[85.5099037,28.3027377],[85.5098705,28.3027569],[85.5097377,28.3028249],[85.5097089,28.3028395],[85.5096779,28.3028526],[85.5096444,28.3028643],[85.5096081,28.3028747],[85.5095671,28.3028843],[85.5095209,28.3028931],[85.5093301,28.302921],[85.5092494,28.3029362],[85.5092068,28.3029472],[85.5091683,28.3029596],[85.5091332,28.3029738],[85.5091012,28.3029899],[85.5090594,28.3030151],[85.509018,28.3030434],[85.508977,28.3030749],[85.5089365,28.3031095],[85.5088964,28.3031472],[85.5088569,28.3031882],[85.5088177,28.3032322],[85.5087791,28.3032794],[85.508741,28.3033296],[85.5087034,28.303383],[85.5086662,28.3034394],[85.5086296,28.303499],[85.508558,28.3036272],[85.5084883,28.3037678],[85.5084448,28.3038671],[85.5084064,28.303968],[85.5083736,28.3040689],[85.5083469,28.3041686],[85.5083334,28.3042396],[85.508325,28.304319],[85.5083211,28.304408],[85.5083201,28.3045935],[85.5083178,28.3046727],[85.5083111,28.3047555],[85.5082998,28.3048286],[85.5082886,28.3048774],[85.5082739,28.3049303],[85.5081892,28.3051828],[85.5081714,28.3052444],[85.5081583,28.3053],[85.5081466,28.3053692],[85.5081388,28.3054418],[85.5081349,28.3055186],[85.5081347,28.3056009],[85.5081376,28.3056787],[85.5081436,28.3057654],[85.508175,28.3060864],[85.5081848,28.3062189],[85.5081876,28.30629],[85.5081881,28.3063562],[85.5081862,28.3064189],[85.5081819,28.3064787],[85.508162,28.3066719],[85.5081413,28.3068267],[85.5081193,28.3069511],[85.5081423,28.3070081],[85.5081717,28.3070914],[85.508196,28.3071722],[85.5082151,28.3072508],[85.508229,28.3073273],[85.5082397,28.3074053],[85.5082472,28.3074782],[85.5082517,28.3075472],[85.5082531,28.3076128],[85.5082516,28.3076754],[85.5082471,28.307735],[85.5082396,28.3077918],[85.508229,28.3078459],[85.5082104,28.3079479],[85.5081991,28.3079915],[85.508191,28.3080124],[85.5081816,28.3080303],[85.5081707,28.3080454],[85.5081583,28.308058],[85.5081452,28.3080676],[85.5081287,28.3080769],[85.508064,28.3081052],[85.508031,28.3081201],[85.5080243,28.3081406],[85.5079974,28.3082128],[85.5079462,28.3083409],[85.5079127,28.3084171],[85.507872,28.3084942],[85.5078238,28.3085729],[85.5077675,28.3086539],[85.5077052,28.3087349],[85.5076329,28.3088217],[85.5075501,28.308915],[85.5074276,28.3090481],[85.5073583,28.3091186],[85.5072773,28.309193],[85.5071928,28.3092651],[85.5069633,28.309454],[85.5068965,28.3095124],[85.5068383,28.3095666],[85.5068079,28.3095975],[85.5067773,28.3096314],[85.5067147,28.3097099],[85.5066525,28.3097982],[85.5065339,28.3099783],[85.5064835,28.3100519],[85.5064287,28.3101254],[85.5063767,28.3101868],[85.5063444,28.3102205],[85.5063121,28.3102507],[85.5062795,28.3102777],[85.5062465,28.3103016],[85.5062129,28.3103226],[85.5061786,28.3103406],[85.5061435,28.3103558],[85.5061075,28.3103681],[85.5060132,28.3103917],[85.5059573,28.3104106],[85.505903,28.3104344],[85.5058504,28.3104632],[85.5057992,28.3104971],[85.5057493,28.3105361],[85.5057005,28.3105805],[85.5056526,28.3106304],[85.5056051,28.3106861],[85.5055708,28.3107305],[85.5055363,28.3107786],[85.5054653,28.3108876],[85.5053913,28.3110136],[85.5052454,28.3112781],[85.5051821,28.3113885],[85.5051126,28.3115001],[85.5050468,28.3115939],[85.5047393,28.3119969],[85.504592,28.3121971],[85.5045199,28.3123001],[85.5044545,28.3123979],[85.5043946,28.3124922],[85.5043396,28.3125839],[85.5042765,28.3127001],[85.5041436,28.3129653],[85.5040803,28.3130789],[85.5040279,28.3131619],[85.5039695,28.3132459],[85.5039045,28.3133319],[85.5038317,28.3134214],[85.5037633,28.3135009],[85.5036851,28.3135878],[85.5034028,28.3138896],[85.5032923,28.3140111],[85.503183,28.3141389],[85.5030902,28.3142576],[85.5030057,28.3143751],[85.5029211,28.3144998],[85.5028358,28.3146328],[85.5027483,28.3147763],[85.5026644,28.31492],[85.5025738,28.3150807],[85.5022346,28.3157047],[85.5020874,28.315967],[85.5020048,28.3161076],[85.5019253,28.3162374],[85.5018474,28.3163589],[85.5017702,28.3164734],[85.5017116,28.3165554],[85.5016441,28.3166449],[85.5013904,28.3169647],[85.5012895,28.3170969],[85.5012375,28.3171692],[85.5011908,28.3172379],[85.5011485,28.3173043],[85.5011102,28.3173691],[85.5010636,28.3174582],[85.5010176,28.317561],[85.5009775,28.3176615],[85.500887,28.3179016],[85.5008383,28.3180189],[85.5008126,28.3180744],[85.5007868,28.3181256],[85.5007603,28.3181732],[85.500733,28.3182177],[85.5006505,28.3183399],[85.5005634,28.3184572],[85.5004724,28.3185688],[85.5003782,28.3186739],[85.5002813,28.3187719],[85.5001822,28.3188623],[85.5000812,28.3189448],[85.4999787,28.3190192],[85.4999388,28.3190446],[85.4998927,28.3190708],[85.4997405,28.319148],[85.4996885,28.3191759],[85.4996419,28.3192037],[85.4996015,28.3192314],[85.4995527,28.3192714],[85.499503,28.31932],[85.4994486,28.3193813],[85.4993375,28.3195181],[85.4992876,28.319576],[85.4992316,28.3196332],[85.4991772,28.3196792],[85.4990994,28.3197365],[85.4990349,28.3197801],[85.4989748,28.3198158],[85.4989179,28.3198442],[85.4988706,28.3198618],[85.4988153,28.3198754],[85.4987613,28.3198843],[85.4986364,28.3199005],[85.4985797,28.3199108],[85.4985338,28.3199231],[85.4984936,28.3199385],[85.498448,28.3199608],[85.4984022,28.3199863],[85.4983565,28.3200149],[85.4983112,28.3200466],[85.4982665,28.320081],[85.4982228,28.3201179],[85.4981805,28.320157],[85.49814,28.3201978],[85.498081,28.3202654],[85.4980252,28.3203401],[85.4979737,28.3204204],[85.4979279,28.3205043],[85.4979134,28.3205358],[85.4979006,28.3205695],[85.4978892,28.3206058],[85.4978791,28.3206452],[85.497863,28.3207297],[85.4978389,28.3209045],[85.4978265,28.3209778],[85.4978087,28.3210527],[85.4977864,28.3211172],[85.4977375,28.3212307],[85.4976887,28.3213318],[85.4976389,28.3214233],[85.4975876,28.3215058],[85.4975343,28.3215801],[85.497479,28.3216461],[85.4974217,28.3217039],[85.4973922,28.3217298],[85.4973621,28.3217536],[85.4972999,28.3217964],[85.4972286,28.3218379],[85.4971478,28.3218783],[85.4970557,28.3219186],[85.4970161,28.3219333],[85.496974,28.3219457],[85.4969291,28.3219559],[85.4968808,28.321964],[85.4968285,28.3219703],[85.4967699,28.3219749],[85.4965304,28.3219839],[85.4964275,28.3219919],[85.4963724,28.3219994],[85.4963217,28.3220092],[85.4962747,28.3220215],[85.4962307,28.3220365],[85.49613,28.3220773],[85.4960437,28.3221173],[85.4959675,28.3221585],[85.4959006,28.3222015],[85.4958739,28.3222217],[85.4958474,28.3222445],[85.4958209,28.3222702],[85.4957939,28.3222992],[85.4957432,28.3223604],[85.4956493,28.322485],[85.4956095,28.3225353],[85.4955657,28.3225849],[85.4955235,28.3226258],[85.4954606,28.3226788],[85.4953926,28.322731],[85.4953193,28.3227824],[85.4952402,28.3228335],[85.4951556,28.322884],[85.4950631,28.3229357],[85.4949606,28.3229896],[85.4948834,28.3230283],[85.49485,28.3230783],[85.4947747,28.3231795],[85.4946925,28.3232798],[85.494604,28.3233783],[85.4945099,28.3234744],[85.4944722,28.3235093],[85.4944313,28.3235437],[85.4943867,28.3235778],[85.4943378,28.3236122],[85.494228,28.3236817],[85.4939924,28.3238176],[85.4938928,28.3238785],[85.4938877,28.3238819],[85.4938288,28.3239922],[85.4937613,28.3241124],[85.4936901,28.3242334],[85.4936151,28.3243551],[85.4935363,28.3244777],[85.4934536,28.3246015],[85.4933669,28.3247265],[85.4932762,28.3248529],[85.4932207,28.3249276],[85.4932305,28.3249783],[85.4932417,28.325066],[85.4932455,28.3251516],[85.4932417,28.3252324],[85.493237,28.3252704],[85.4932305,28.3253066],[85.4932198,28.3253487],[85.493205,28.3253919],[85.4931861,28.3254364],[85.4931629,28.3254827],[85.493136,28.32553],[85.4931041,28.3255805],[85.4930181,28.3257025],[85.4929818,28.3257492],[85.4929415,28.3257959],[85.492897,28.3258429],[85.4928479,28.3258906],[85.4927947,28.3259384],[85.4927354,28.3259887],[85.4925836,28.326108],[85.4925389,28.3261396],[85.4924211,28.3262155],[85.4923889,28.3262393],[85.4923616,28.3262625],[85.4923361,28.326288],[85.4923101,28.3263185],[85.4922139,28.3264503],[85.4921907,28.3264793],[85.4921685,28.3265039],[85.4921112,28.3265595],[85.4920465,28.3266158],[85.4919733,28.3266737],[85.4918885,28.3267356],[85.4918395,28.3267686],[85.4918126,28.3268317],[85.491707,28.327106],[85.4916576,28.3272224],[85.4916334,28.327272],[85.4916058,28.3273228],[85.4915746,28.3273754],[85.4915391,28.3274307],[85.4914662,28.3275354],[85.4912689,28.3278041],[85.4912148,28.3278842],[85.49117,28.3279575],[85.4911248,28.3280423],[85.4910892,28.328124],[85.4910626,28.328204],[85.4910526,28.3282436],[85.4910447,28.3282832],[85.4910383,28.3283297],[85.4910279,28.3284439],[85.4910211,28.3284953],[85.4910051,28.3285755],[85.4909829,28.3286579],[85.4909546,28.3287434],[85.4909195,28.3288334],[85.4908821,28.3289185],[85.4908372,28.3290126],[85.4906676,28.3293439],[85.4904613,28.3297795],[85.4904039,28.3298903],[85.4903487,28.3299862],[85.4903168,28.3300367],[85.4902846,28.330084],[85.4902521,28.3301282],[85.4902189,28.3301697],[85.4902042,28.3301865],[85.4902022,28.3302162],[85.4902027,28.3302671],[85.4902065,28.3303147],[85.4902136,28.3303593],[85.4902241,28.3304013],[85.490238,28.3304408],[85.4902554,28.3304779],[85.4902619,28.3304886],[85.490306,28.3305128],[85.4904102,28.3305662],[85.490475,28.3305997],[85.49054,28.3306312],[85.490605,28.3306607],[85.4906699,28.330688],[85.4907346,28.3307131],[85.490799,28.3307359],[85.490863,28.3307565],[85.4909265,28.3307749],[85.4910223,28.3307993],[85.4911092,28.3308181],[85.4911904,28.3308318],[85.4912671,28.3308408],[85.4913451,28.330846],[85.4914208,28.3308478],[85.4914937,28.330846],[85.4915637,28.3308408],[85.4916186,28.3308326],[85.4916787,28.3308187],[85.4917405,28.3308004],[85.4919123,28.3307443],[85.4919657,28.33073],[85.4920141,28.33072],[85.4920751,28.3307121],[85.4922244,28.3307],[85.4922643,28.3306943],[85.4922997,28.330687],[85.4924543,28.3306552],[85.4924938,28.3306445],[85.4925268,28.3306327],[85.4925585,28.3306172],[85.4925841,28.3305992],[85.492604,28.3305786],[85.4926183,28.3305552],[85.4926244,28.3305376],[85.4926339,28.330495],[85.4926403,28.3304783],[85.49265,28.3304629],[85.4926628,28.3304485],[85.4926788,28.330435],[85.4926981,28.3304223],[85.4927435,28.3304001],[85.492827,28.3303684],[85.492883,28.3303486],[85.4929398,28.3303327],[85.4929955,28.3303213],[85.4930487,28.3303146],[85.4930982,28.3303127],[85.4931439,28.3303155],[85.4931855,28.3303232],[85.4932225,28.3303355],[85.4932393,28.3303437],[85.493256,28.3303541],[85.4932904,28.3303825],[85.4933216,28.330415],[85.4933981,28.3305029],[85.4934208,28.3305257],[85.4934422,28.3305442],[85.4934817,28.3305721],[85.4935286,28.3305995],[85.4935754,28.3306231],[85.4936898,28.3306769],[85.4937458,28.3307067],[85.4937963,28.3307398],[85.4938377,28.3307749],[85.4939256,28.3308738],[85.4939608,28.3309042],[85.4940047,28.3309334],[85.4940503,28.3309583],[85.4941635,28.3310146],[85.4942179,28.331047],[85.4942432,28.3310656],[85.4942649,28.3310848],[85.4942835,28.331105],[85.4942991,28.3311264],[85.4943186,28.3311594],[85.4943364,28.3311948],[85.494352,28.3312318],[85.494365,28.3312692],[85.4943839,28.3313418],[85.4943939,28.3314086],[85.4943956,28.3314395],[85.494395,28.3314688],[85.4943921,28.3314962],[85.494387,28.3315219],[85.4943727,28.3315663],[85.4943524,28.3316103],[85.4943274,28.3316512],[85.4942991,28.3316867],[85.4942776,28.3317076],[85.4942514,28.3317283],[85.4942202,28.3317494],[85.4941783,28.3317746],[85.4941379,28.3317953],[85.4940907,28.3318144],[85.4940418,28.3318308],[85.4939366,28.3318625],[85.4938133,28.3318978],[85.4936797,28.3319291],[85.4935332,28.3319571],[85.4933653,28.3319833],[85.4932911,28.3319924],[85.4932085,28.3319995],[85.4928868,28.332016],[85.4927501,28.3320272],[85.4925045,28.3320524],[85.4923804,28.3320682],[85.4922616,28.3320892],[85.4922078,28.3321015],[85.4921569,28.3321151],[85.4921171,28.3321277],[85.4920761,28.3321426],[85.4919892,28.3321804],[85.4919005,28.3322252],[85.4917282,28.3323198],[85.4916558,28.3323578],[85.4915791,28.3323942],[85.4915088,28.3324227],[85.4913832,28.3324667],[85.4912592,28.332506],[85.4912599,28.3325429],[85.4912566,28.33261],[85.4912487,28.3326732],[85.4912361,28.3327327],[85.4912269,28.3327628],[85.4912137,28.3327958],[85.4911497,28.3329317],[85.4911385,28.3329615],[85.4911305,28.3329892],[85.4911212,28.3330445],[85.4911181,28.3331073],[85.4911202,28.3331694],[85.4911313,28.3333272],[85.4911321,28.3333718],[85.4911305,28.3334116],[85.4911153,28.3336076],[85.4911075,28.3336769],[85.4910984,28.333739],[85.491087,28.3337991],[85.4910736,28.3338547],[85.4910663,28.3338786],[85.4911154,28.333917],[85.4911495,28.3339476],[85.4911848,28.3339853],[85.4912894,28.3341151],[85.4913265,28.334158],[85.4913627,28.3341941],[85.4913983,28.3342234],[85.4914233,28.3342404],[85.491452,28.3342572],[85.4915962,28.3343275],[85.4916295,28.3343462],[85.4916576,28.3343649],[85.4916952,28.3343937],[85.4917322,28.3344253],[85.4917685,28.3344593],[85.4918039,28.3344958],[85.4918383,28.3345346],[85.4918716,28.3345754],[85.4919035,28.3346181],[85.4919339,28.3346626],[85.4919627,28.3347086],[85.4919897,28.3347558],[85.4920147,28.3348039],[85.4920376,28.3348527],[85.4920583,28.3349018],[85.4920765,28.334951],[85.4920923,28.335],[85.4921055,28.3350485],[85.4921243,28.3351345],[85.4921379,28.3352182],[85.4921461,28.3352987],[85.4921488,28.3353755],[85.4921461,28.3354479],[85.492138,28.3355158],[85.4921244,28.3355792],[85.4921055,28.3356378],[85.4920841,28.335693],[85.4920688,28.3357271],[85.4920524,28.335756],[85.4920348,28.3357792],[85.4920067,28.3358051],[85.4919706,28.335829],[85.491926,28.3358513],[85.4918698,28.3358735],[85.4918403,28.3358824],[85.4918086,28.3358887],[85.4917744,28.3358925],[85.4917369,28.3358937],[85.4916658,28.3358904],[85.4914926,28.3358735],[85.491443,28.3358695],[85.4913927,28.3358634],[85.4913419,28.3358551],[85.4912903,28.3358447],[85.4912378,28.3358321],[85.4911843,28.3358173],[85.4911594,28.3358091],[85.4910921,28.3358841],[85.4909412,28.3360447],[85.490913,28.3360729],[85.4908788,28.3361022],[85.4907432,28.3362025],[85.490691,28.3362459],[85.4906657,28.3362711],[85.4906444,28.3362962],[85.4906269,28.3363217],[85.4906128,28.3363478],[85.4905971,28.3363859],[85.4905834,28.3364283],[85.4905717,28.3364748],[85.4905623,28.3365247],[85.4905573,28.3365636],[85.4905547,28.3366043],[85.4905544,28.3366466],[85.4905564,28.3366905],[85.4905608,28.3367359],[85.4905674,28.3367825],[85.4905764,28.3368301],[85.4905875,28.3368783],[85.4905954,28.336905],[85.4906055,28.3369322],[85.4906332,28.3369891],[85.4906703,28.3370495],[85.4907544,28.3371709],[85.4907882,28.3372234],[85.490819,28.3372802],[85.4908402,28.3373331],[85.4908663,28.3374214],[85.4908873,28.33751],[85.4909027,28.3375966],[85.4909122,28.3376801],[85.4909157,28.3377589],[85.4909133,28.3378329],[85.4909049,28.3379016],[85.4908907,28.3379646],[85.4908705,28.3380212],[85.4908421,28.3380785],[85.4908052,28.3381371],[85.4907592,28.3381977],[85.4907093,28.3382551],[85.4906493,28.3383175],[85.490436,28.3385204],[85.4903937,28.338559],[85.4903473,28.3385969],[85.4902961,28.3386344],[85.4902392,28.3386722],[85.4901303,28.3387374],[85.4898678,28.3388835],[85.4898018,28.3389234],[85.489744,28.3389613],[85.4896881,28.3390016],[85.4896379,28.3390423],[85.4895926,28.3390838],[85.4895518,28.3391267],[85.4895137,28.3391743],[85.4894257,28.3392977],[85.4893998,28.3393288],[85.489375,28.339354],[85.4893401,28.3393826],[85.4893019,28.3394075],[85.4892604,28.3394287],[85.4892155,28.3394461],[85.4891671,28.3394599],[85.4891151,28.3394701],[85.4890592,28.3394768],[85.4889992,28.3394799],[85.4889436,28.3394798],[85.4888842,28.3394771],[85.4888204,28.3394716],[85.4887511,28.3394635],[85.4886215,28.3394437],[85.4883446,28.3393949],[85.4882382,28.3393793],[85.4881857,28.3393716],[85.488131,28.3393615],[85.4880737,28.3393489],[85.4880125,28.3393334],[85.4879009,28.3393015],[85.4876457,28.3392224],[85.4875258,28.3391894],[85.4874232,28.3391667],[85.4873288,28.3391519],[85.4872237,28.339141],[85.4871166,28.3391333],[85.4870077,28.3391286],[85.4868972,28.339127],[85.4867853,28.3391286],[85.4866724,28.3391333],[85.4865587,28.339141],[85.4864446,28.3391519],[85.4862783,28.3391735],[85.4861124,28.3392019],[85.4859484,28.3392369],[85.4857878,28.3392782],[85.4857148,28.3393011],[85.4856399,28.3393293],[85.4855622,28.3393633],[85.4854803,28.3394036],[85.48541,28.3394413],[85.4853324,28.3394855],[85.4849923,28.3396879],[85.4849052,28.3397359],[85.4848254,28.3397762],[85.4847463,28.3398119],[85.4846705,28.3398416],[85.4845968,28.3398658],[85.4845247,28.3398845],[85.4844463,28.3398994],[85.4843589,28.3399106],[85.4842605,28.3399188],[85.4840545,28.3399302],[85.4839661,28.3399366],[85.4838738,28.3399467],[85.4837921,28.3399603],[85.4837226,28.3399763],[85.4836482,28.3399979],[85.4835669,28.3400254],[85.4834672,28.3400629],[85.4834544,28.3400694],[85.483381,28.3401048],[85.4833048,28.3401352],[85.4832256,28.3401607],[85.4831432,28.3401815],[85.4831177,28.3401863],[85.4830491,28.3402021],[85.4829837,28.3402129],[85.4828843,28.3402247],[85.4827945,28.3402328],[85.4827108,28.3402377],[85.482632,28.3402393],[85.4825568,28.3402377],[85.4824853,28.3402327],[85.4824171,28.3402245],[85.4823521,28.3402129],[85.4822691,28.3401958],[85.4822206,28.3401842],[85.4821766,28.3401712],[85.4821385,28.3401567],[85.4817191,28.340093],[85.4815789,28.3400753],[85.4814533,28.3400631],[85.4813162,28.3400547],[85.4811888,28.340053],[85.4810691,28.3400579],[85.4810116,28.3400628],[85.4809557,28.3400694],[85.4808902,28.3400793],[85.4808176,28.3400924],[85.4805653,28.3401449],[85.4804659,28.3401637],[85.4803641,28.3401788],[85.4802721,28.3401873],[85.4801811,28.3401918],[85.4800955,28.3401942],[85.4800144,28.3401945],[85.4799371,28.3401926],[85.479863,28.3401887],[85.4797921,28.3401825],[85.4797242,28.3401742],[85.4796592,28.3401637],[85.4796086,28.3401534],[85.4795575,28.3401407],[85.4795057,28.3401256],[85.4794531,28.3401081],[85.4793997,28.3400882],[85.4793451,28.3400658],[85.4792316,28.3400129],[85.4791269,28.3399577],[85.4790114,28.3398912],[85.4785749,28.3396215],[85.4784299,28.3395332],[85.4782804,28.3394376],[85.4781252,28.339334],[85.477962,28.3392208],[85.477639,28.3389991],[85.4775586,28.3389416],[85.4774881,28.3388885],[85.477414,28.3388291],[85.4773472,28.338771],[85.4772865,28.3387132],[85.4772312,28.3386551],[85.4771989,28.3386168],[85.4771652,28.3385718],[85.4770627,28.3384196],[85.4770249,28.3383666],[85.4769863,28.3383185],[85.4769699,28.338312],[85.4768653,28.3382759],[85.4767481,28.3382397],[85.4765872,28.338194],[85.4764806,28.338167],[85.4763615,28.3381422],[85.4762299,28.3381193],[85.4760291,28.3380884],[85.475902,28.3380717],[85.4757616,28.3380584],[85.4756068,28.3380482],[85.4752885,28.3380324],[85.4751526,28.3380242],[85.4750099,28.3380125],[85.4748825,28.3379979],[85.4746393,28.337962],[85.4743847,28.3379177],[85.4741158,28.3378648],[85.4738264,28.3378017],[85.4735991,28.3377492],[85.4734221,28.3377058],[85.4732628,28.3376633],[85.4731174,28.3376207],[85.4729096,28.3375554],[85.4727515,28.3375017],[85.4726106,28.3374485],[85.4724838,28.3373944],[85.4724384,28.3373724],[85.4723889,28.3373454],[85.4722235,28.337246],[85.4721593,28.3372097],[85.4720929,28.3371772],[85.4720312,28.337153],[85.4719689,28.3371345],[85.471898,28.3371179],[85.4718263,28.3371042],[85.4716691,28.3370776],[85.4715504,28.3370578],[85.4714294,28.3370405],[85.471306,28.3370258],[85.4711801,28.3370136],[85.4710515,28.3370039],[85.47092,28.3369968],[85.4707855,28.3369921],[85.4706477,28.33699],[85.4705076,28.3369903],[85.4703635,28.336993],[85.470215,28.3369982],[85.4700615,28.3370059],[85.4699028,28.337016],[85.469737,28.3370287],[85.4695625,28.3370441],[85.469376,28.3370625],[85.4693203,28.3370665],[85.4692565,28.3370677],[85.4690468,28.3370623],[85.4689745,28.3370619],[85.4689093,28.3370646],[85.4688518,28.3370705],[85.4688159,28.3370765],[85.4687824,28.3370842],[85.468751,28.3370936],[85.4687216,28.3371048],[85.468694,28.3371178],[85.4686682,28.3371326],[85.4686441,28.3371494],[85.4686216,28.3371681],[85.4685764,28.3372134],[85.4685406,28.3372433],[85.4685021,28.3372686],[85.4684609,28.3372895],[85.4684168,28.337306],[85.4683698,28.3373182],[85.4683196,28.337326],[85.4682659,28.3373296],[85.4682084,28.337329],[85.4681599,28.3373255],[85.4681082,28.3373193],[85.4680528,28.3373104],[85.4679926,28.3372986],[85.4678803,28.3372725],[85.4676123,28.3372038],[85.467482,28.3371755],[85.4674219,28.3371654],[85.4673659,28.3371584],[85.4673134,28.3371543],[85.4672639,28.337153],[85.4671811,28.337156],[85.4670888,28.3371643],[85.4669904,28.3371771],[85.4667116,28.3372188],[85.4666258,28.3372283],[85.4666033,28.3372299],[85.4665502,28.3372616],[85.4664951,28.3372888],[85.4664304,28.3373144],[85.4663599,28.3373371],[85.4663145,28.3373475],[85.4662637,28.337354],[85.4662041,28.3373571],[85.4661942,28.3373572],[85.46611,28.3373841],[85.4658213,28.337473],[85.4656769,28.3375206],[85.4655422,28.3375703],[85.4654233,28.3376207],[85.4652915,28.3376834],[85.4651467,28.337757],[85.4650061,28.3378319],[85.4646505,28.3380253],[85.4644548,28.3381269],[85.4643506,28.3381776],[85.4642521,28.3382229],[85.4641574,28.3382634],[85.4640656,28.3382996],[85.4640201,28.3383155],[85.4639687,28.3383309],[85.4637657,28.3383829],[85.4636808,28.3384081],[85.4636358,28.3384243],[85.4635949,28.3384415],[85.4635572,28.3384603],[85.4635224,28.3384806],[85.4635019,28.3384952],[85.4634489,28.3385374],[85.4634324,28.3385482],[85.4634168,28.3385561],[85.4633937,28.3385635],[85.4633666,28.3385674],[85.4633385,28.3385682],[85.4632623,28.3385667],[85.4632401,28.3385681],[85.4632207,28.3385712],[85.4631949,28.338578],[85.463167,28.3385881],[85.4630482,28.3386429],[85.4630201,28.3386539],[85.4629944,28.3386617],[85.46293,28.3386745],[85.4628614,28.338681],[85.4627884,28.3386812],[85.4627105,28.3386752],[85.4626284,28.3386631],[85.4625399,28.3386448],[85.4624434,28.3386198],[85.4623306,28.3385862],[85.4622857,28.3385696],[85.4622366,28.3385465],[85.46219,28.3385211],[85.4620781,28.3384562],[85.46202,28.3384264],[85.4619901,28.3384135],[85.4619618,28.3384032],[85.4619346,28.3383955],[85.4619082,28.3383901],[85.4618728,28.3383864],[85.4618356,28.3383863],[85.4617962,28.3383899],[85.4617539,28.338397],[85.4617148,28.3384061],[85.4616713,28.3384184],[85.4615124,28.3384702],[85.4614473,28.3384892],[85.4613801,28.3385039],[85.4613198,28.3385108],[85.4612684,28.3385122],[85.461211,28.338511],[85.4610165,28.3384985],[85.4609427,28.3384957],[85.4607123,28.3384912],[85.4605899,28.3384919],[85.4604734,28.3384982],[85.4604201,28.3385037],[85.4603694,28.3385108],[85.4602338,28.3385302],[85.4601665,28.3385433],[85.4601339,28.3385521],[85.4601043,28.338562],[85.4600773,28.3385734],[85.4600526,28.3385862],[85.4600155,28.338611],[85.4599768,28.3386435],[85.4599375,28.3386819],[85.4598715,28.3387522],[85.4598293,28.3388024],[85.4597878,28.3388638],[85.4597518,28.3389259],[85.4596719,28.3390744],[85.4596297,28.3391437],[85.4596077,28.3391749],[85.4595856,28.3392028],[85.4595629,28.3392278],[85.4595396,28.33925],[85.4594757,28.3393018],[85.4594046,28.3393502],[85.4593272,28.3393946],[85.4592447,28.3394345],[85.4591582,28.3394693],[85.4590693,28.3394983],[85.4589797,28.3395208],[85.4588909,28.3395367],[85.4587688,28.3395518],[85.4587212,28.3395553],[85.4586779,28.3395564],[85.4586366,28.3395552],[85.4585982,28.3395515],[85.4585623,28.3395454],[85.4585289,28.3395367],[85.4585088,28.3395292],[85.458487,28.3395184],[85.4583939,28.3394628],[85.4583701,28.3394524],[85.4583478,28.3394462],[85.4583248,28.3394429],[85.4582985,28.3394419],[85.458197,28.3394462],[85.4581463,28.339445],[85.4581215,28.3394462],[85.4581035,28.3394494],[85.4580855,28.3394552],[85.4580671,28.3394636],[85.4580482,28.3394746],[85.4580126,28.3395011],[85.4579473,28.3395584],[85.4579206,28.3395801],[85.4578919,28.3395992],[85.4578651,28.3396121],[85.4578303,28.3396226],[85.4577932,28.3396286],[85.4577533,28.3396301],[85.45771,28.3396272],[85.4576675,28.3396208],[85.4576199,28.3396105],[85.4574336,28.339559],[85.4573544,28.3395412],[85.457312,28.3395351],[85.4572728,28.3395323],[85.457236,28.3395328],[85.4572013,28.3395367],[85.4571314,28.3395501],[85.4570655,28.3395669],[85.457036,28.3395766],[85.4570063,28.3395891],[85.4569762,28.3396044],[85.4569452,28.3396227],[85.4569122,28.3396447],[85.4568766,28.3396709],[85.4567353,28.3397854],[85.4566726,28.3398316],[85.4566372,28.3398541],[85.4566033,28.3398725],[85.4565702,28.3398874],[85.4565375,28.3398988],[85.4564938,28.3399105],[85.4564479,28.3399206],[85.4563998,28.3399289],[85.4563497,28.3399355],[85.4562975,28.3399403],[85.4562435,28.3399433],[85.456221,28.3399434],[85.4561601,28.3399609],[85.4560674,28.3399826],[85.4559851,28.3400016],[85.4559461,28.3400089],[85.4559079,28.3400126],[85.4558743,28.3400116],[85.4558378,28.3400047],[85.4557978,28.3399911],[85.4557563,28.3399725],[85.4556811,28.3399344],[85.4556323,28.3399089],[85.4555848,28.3398818],[85.455539,28.3398532],[85.4554951,28.3398232],[85.4554534,28.3397921],[85.4554141,28.33976],[85.4553774,28.3397269],[85.4553432,28.339693],[85.455314,28.3396584],[85.4552853,28.3396161],[85.4552607,28.3395736],[85.4552063,28.3394724],[85.4551781,28.3394257],[85.4551501,28.3393871],[85.4551211,28.339355],[85.4550843,28.3393211],[85.4550439,28.3392875],[85.4550072,28.3392604],[85.4549672,28.3392347],[85.4549236,28.3392101],[85.4548758,28.3391865],[85.4548259,28.3391644],[85.4547697,28.339142],[85.4546094,28.3390847],[85.454561,28.3390716],[85.454457,28.339054],[85.4544142,28.3390442],[85.454392,28.3390369],[85.4543723,28.3390285],[85.4543548,28.3390187],[85.4543391,28.3390075],[85.4543124,28.3389844],[85.4542909,28.3389624],[85.454274,28.3389411],[85.4542654,28.3389267],[85.4541803,28.3388953],[85.4540867,28.3388567],[85.4540414,28.3388353],[85.4540002,28.3388135],[85.4539623,28.3387909],[85.4539275,28.3387673],[85.4539022,28.3387473],[85.4538755,28.3387229],[85.4537674,28.3386123],[85.4537413,28.3385897],[85.4537367,28.3385862],[85.4537309,28.338586],[85.4536589,28.3385793],[85.453621,28.3385721],[85.453587,28.3385623],[85.4535561,28.3385498],[85.453528,28.3385343],[85.4535036,28.3385158],[85.4534498,28.3384664],[85.45344,28.3384598],[85.4533664,28.3384384],[85.453309,28.3384203],[85.4532874,28.3384133],[85.4532577,28.3384088],[85.453217,28.3384038],[85.4531714,28.3384011],[85.4530114,28.3384016],[85.4529487,28.3383992],[85.4528958,28.338394],[85.4528409,28.3383862],[85.4527832,28.3383759],[85.4527216,28.3383627],[85.4526096,28.3383345],[85.4523542,28.3382636],[85.452235,28.338235],[85.4521341,28.3382166],[85.4520411,28.3382061],[85.4519839,28.3382032],[85.4518519,28.3382004],[85.4517901,28.3381964],[85.4517175,28.3381879],[85.4516435,28.3381763],[85.4515682,28.3381616],[85.4514915,28.3381438],[85.4514135,28.3381229],[85.4513343,28.338099],[85.4512538,28.338072],[85.4511721,28.3380419],[85.4509817,28.3379749],[85.4509351,28.3379564],[85.4508946,28.337938],[85.450853,28.3379158],[85.4508165,28.3378921],[85.4507846,28.3378666],[85.450757,28.3378392],[85.4507245,28.3378015],[85.4507127,28.3377859],[85.4504949,28.3377643],[85.4504272,28.337754],[85.4503671,28.3377414],[85.450308,28.337726],[85.4502476,28.337708],[85.450186,28.3376875],[85.4501231,28.3376645],[85.4499926,28.3376105],[85.4498542,28.3375453],[85.4497914,28.3375127],[85.4497275,28.3374768],[85.449697,28.3374585],[85.4496651,28.3374518],[85.4495716,28.3374289],[85.4494817,28.3374035],[85.4493956,28.3373757],[85.4492928,28.3373406],[85.4492338,28.3373184],[85.4491806,28.3372946],[85.4491349,28.3372695],[85.4491045,28.3372485],[85.4490734,28.3372221],[85.4490408,28.3371899],[85.4489464,28.3370897],[85.4489145,28.3370608],[85.4488838,28.3370378],[85.448816,28.3369963],[85.4487293,28.3369509],[85.4486795,28.3369293],[85.4486217,28.33691],[85.448565,28.3368949],[85.44843,28.3368629],[85.4483663,28.3368446],[85.4483413,28.3368704],[85.4483122,28.3368964],[85.4482806,28.3369212],[85.448244,28.3369472],[85.4481343,28.3370173],[85.4480894,28.3370415],[85.4480356,28.3370629],[85.4479817,28.3370796],[85.44785,28.3371154],[85.4477858,28.3371374],[85.4477554,28.3371507],[85.4477282,28.3371652],[85.4477037,28.337181],[85.4476817,28.3371983],[85.447621,28.3372532],[85.4475796,28.3372973],[85.4475631,28.3373186],[85.4475496,28.3373393],[85.4475388,28.3373595],[85.4475309,28.3373793],[85.4475255,28.3373995],[85.4475222,28.3374216],[85.4475209,28.3374457],[85.4475216,28.3374722],[85.4475285,28.3375298],[85.447546,28.3376207],[85.4475531,28.3376492],[85.4475635,28.3376782],[85.4475772,28.3377081],[85.4475946,28.3377395],[85.4476318,28.3377958],[85.4477263,28.3379242],[85.4477478,28.3379571],[85.4477652,28.3379873],[85.4477798,28.3380176],[85.4477908,28.3380468],[85.4477983,28.3380754],[85.4478024,28.3381035],[85.4478165,28.3382293],[85.4478179,28.3382658],[85.4478163,28.3382964],[85.447811,28.3383243],[85.447802,28.3383467],[85.4477891,28.3383635],[85.4477723,28.338375],[85.4477588,28.3383794],[85.4477249,28.3383855],[85.4477119,28.3383901],[85.447696,28.3384018],[85.4476819,28.3384199],[85.447671,28.3384402],[85.4476486,28.33849],[85.4476365,28.3385108],[85.447605,28.3385531],[85.4475704,28.3385938],[85.4475325,28.3386331],[85.4474914,28.3386711],[85.4474469,28.3387078],[85.4473988,28.3387433],[85.447347,28.3387779],[85.4472912,28.3388117],[85.4472394,28.3388404],[85.4471839,28.338869],[85.4470589,28.3389271],[85.4469371,28.3389782],[85.4466707,28.3390847],[85.4465654,28.3391293],[85.4464375,28.3391843],[85.4463112,28.3392354],[85.4461863,28.3392826],[85.446063,28.339326],[85.4459412,28.3393656],[85.4458209,28.3394013],[85.4457021,28.3394332],[85.4455847,28.3394612],[85.4454463,28.3394915],[85.4453426,28.3395117],[85.4452486,28.3395267],[85.4451623,28.3395367],[85.4451147,28.3395394],[85.4450613,28.3395393],[85.4448864,28.3395299],[85.4448237,28.3395283],[85.4447635,28.3395304],[85.4447097,28.3395367],[85.4446703,28.3395448],[85.4446645,28.3395481],[85.4445788,28.3395893],[85.4444873,28.3396272],[85.4443903,28.3396618],[85.4442879,28.339693],[85.4442381,28.3397053],[85.4441827,28.3397159],[85.4441203,28.3397251],[85.4439343,28.3397485],[85.4438761,28.3397586],[85.4438245,28.3397702],[85.4437695,28.3397864],[85.4436396,28.3398302],[85.4435734,28.3398475],[85.4435156,28.3398576],[85.4434553,28.3398647],[85.4433924,28.3398691],[85.4433267,28.3398705],[85.4432584,28.3398691],[85.4431869,28.3398648],[85.4431119,28.3398576],[85.4430327,28.3398475],[85.442963,28.339836],[85.4428901,28.3398209],[85.4428139,28.3398023],[85.4427334,28.3397799],[85.4426583,28.3397545],[85.4425771,28.3397206],[85.4424948,28.3396813],[85.4424681,28.3396677],[85.4423662,28.3396438],[85.4422806,28.3396209],[85.4421989,28.3395973],[85.4421205,28.3395725],[85.4420453,28.3395467],[85.4419731,28.3395197],[85.4419037,28.3394914],[85.4417323,28.3394154],[85.4416612,28.3393809],[85.4415961,28.3393469],[85.4415538,28.339323],[85.4414653,28.3392878],[85.4413576,28.339242],[85.4412533,28.3391945],[85.4411523,28.3391454],[85.4410548,28.3390946],[85.4409606,28.3390422],[85.4408699,28.3389881],[85.4407959,28.3389413],[85.4407225,28.3388926],[85.4406497,28.3388419],[85.4405777,28.3387894],[85.4405066,28.3387352],[85.4404366,28.3386793],[85.4403678,28.338622],[85.4403003,28.3385633],[85.4402561,28.3385219],[85.4402089,28.3384734],[85.4400604,28.3383075],[85.4400051,28.3382484],[85.4399487,28.3381938],[85.4398948,28.3381481],[85.4398542,28.3381189],[85.4397514,28.3380521],[85.4397246,28.3380323],[85.4397017,28.338013],[85.439673,28.3379838],[85.4396134,28.3379145],[85.4395858,28.3378874],[85.4395361,28.3378494],[85.4394769,28.3378132],[85.4394076,28.3377782],[85.4393058,28.337733],[85.439236,28.3377023],[85.4391957,28.3376862],[85.4391574,28.3376736],[85.4391223,28.3376654],[85.4390887,28.3376611],[85.4390505,28.3376597],[85.4389196,28.3376654],[85.4387303,28.3376731],[85.4386476,28.337679],[85.4385701,28.3376863],[85.4384958,28.3376954],[85.438425,28.3377061],[85.4384022,28.3377103],[85.4383494,28.3377352],[85.4383148,28.337748],[85.4382829,28.3377565],[85.4382125,28.3377701],[85.4381506,28.337779],[85.4380948,28.3377836],[85.4380826,28.3377837],[85.4380556,28.3377855],[85.4380325,28.3377845],[85.438012,28.3377812],[85.4380098,28.3377806],[85.4380013,28.3377798],[85.4379634,28.3377714],[85.4379316,28.3377586],[85.4379058,28.3377414],[85.4378943,28.33773],[85.437884,28.3377161],[85.437878,28.3377054],[85.4378534,28.337681],[85.4378179,28.3376368],[85.4377706,28.3375688],[85.4377423,28.3375247],[85.4377166,28.337479],[85.4376937,28.3374323],[85.437674,28.3373854],[85.4376623,28.337349],[85.4376531,28.3373076],[85.4376478,28.3372724],[85.4376376,28.3372584],[85.4376191,28.3372285],[85.4375969,28.3371809],[85.4375544,28.3370669],[85.4375418,28.3370402],[85.4375286,28.3370173],[85.437506,28.3369864],[85.437477,28.3369547],[85.4374456,28.3369252],[85.4373605,28.3368506],[85.4373174,28.336806],[85.4372502,28.3367226],[85.4371883,28.3366375],[85.4371611,28.3365955],[85.4369832,28.3365933],[85.4367839,28.3365844],[85.4365942,28.3365716],[85.4361552,28.3365375],[85.4359459,28.3365247],[85.4357773,28.3365177],[85.4352396,28.3365002],[85.4350659,28.3364908],[85.434911,28.3364787],[85.4347434,28.3364602],[85.434588,28.3364367],[85.434442,28.3364077],[85.434372,28.3363912],[85.4343038,28.3363731],[85.4341287,28.336321],[85.4339655,28.3362659],[85.4338135,28.3362075],[85.4337416,28.3361771],[85.4336723,28.3361457],[85.4335931,28.3361054],[85.4335135,28.3360584],[85.4334331,28.3360042],[85.4333505,28.3359422],[85.433268,28.3358744],[85.4331791,28.3357957],[85.433088,28.3357108],[85.4328361,28.3354701],[85.4327572,28.3353982],[85.4326851,28.3353358],[85.4326001,28.3352674],[85.4325183,28.3352076],[85.4324381,28.3351553],[85.4323587,28.33511],[85.4322824,28.3350723],[85.4321947,28.3350343],[85.4321098,28.3350008],[85.4319092,28.3349252],[85.4318128,28.3348861],[85.4317267,28.3348467],[85.4316513,28.3348069],[85.4316063,28.3347798],[85.4315618,28.3347503],[85.4315177,28.3347184],[85.431474,28.3346841],[85.4314306,28.3346472],[85.4313873,28.3346076],[85.431344,28.3345652],[85.4313005,28.3345198],[85.4312161,28.3344243],[85.4311267,28.3343132],[85.4310367,28.3341934],[85.4307889,28.3338526],[85.43071,28.3337506],[85.4306369,28.3336621],[85.4305489,28.3335652],[85.4305056,28.3335213],[85.4304623,28.3334804],[85.430419,28.333442],[85.4303754,28.3334061],[85.4303315,28.3333727],[85.4302872,28.3333417],[85.4302009,28.333288],[85.4299982,28.3331726],[85.4299504,28.3331428],[85.4299083,28.3331143],[85.4298567,28.3330754],[85.4298053,28.333032],[85.4297537,28.3329838],[85.4297011,28.33293],[85.4296512,28.3328751],[85.4295976,28.3328125],[85.4293987,28.3325661],[85.4293125,28.3324644],[85.4292639,28.3324114],[85.4292171,28.3323636],[85.429171,28.3323202],[85.4291251,28.3322807],[85.428994,28.3321754],[85.4288788,28.3320888],[85.4287716,28.3320148],[85.4286704,28.3319523],[85.4286285,28.3319291],[85.4285857,28.3319075],[85.4285419,28.3318875],[85.4284972,28.3318691],[85.4284045,28.331837],[85.4283075,28.3318111],[85.428206,28.3317914],[85.4280995,28.3317777],[85.4279873,28.3317699],[85.4278688,28.3317681],[85.4277688,28.3317708],[85.4276631,28.3317773],[85.4275508,28.3317877],[85.4274294,28.3318021],[85.427202,28.3318355],[85.4267942,28.3319039],[85.4266391,28.3319286],[85.4264849,28.3319504],[85.4263465,28.3319666],[85.4262005,28.3319788],[85.4260647,28.3319847],[85.4259368,28.3319842],[85.4258158,28.3319775],[85.4257156,28.3319708],[85.4254743,28.3319591],[85.4253535,28.3319492],[85.4252854,28.3319407],[85.4252226,28.33193],[85.4251638,28.3319171],[85.4251085,28.3319017],[85.4250426,28.3318784],[85.424971,28.331847],[85.4249019,28.3318125],[85.4247265,28.3317198],[85.4246752,28.3316949],[85.4246285,28.3316744],[85.4245752,28.3316536],[85.4245186,28.3316341],[85.424458,28.3316157],[85.4243924,28.331598],[85.4242679,28.3315691],[85.4239592,28.331505],[85.4238749,28.3314847],[85.4238001,28.3314641],[85.4237204,28.3314385],[85.4236475,28.3314106],[85.4235801,28.33138],[85.4235175,28.3313463],[85.4234615,28.3313605],[85.4234021,28.3313729],[85.4233355,28.3313847],[85.4230446,28.3314286],[85.4229743,28.3314422],[85.4229111,28.331457],[85.4228291,28.3314812],[85.4226496,28.3315415],[85.4225732,28.3315632],[85.4224735,28.3315858],[85.4223657,28.3316057],[85.4222473,28.3316235],[85.4221097,28.3316405],[85.4219928,28.3316527],[85.4218843,28.3316619],[85.4217817,28.3316683],[85.421684,28.331672],[85.4215899,28.331673],[85.4214994,28.3316713],[85.4214121,28.3316669],[85.4213277,28.3316598],[85.4212233,28.3316466],[85.4211096,28.3316272],[85.4209841,28.3316015],[85.4208159,28.3315632],[85.420762,28.3315496],[85.4207061,28.3315333],[85.4205858,28.3314921],[85.4204707,28.3314469],[85.4201885,28.3313294],[85.4201095,28.3312991],[85.4200379,28.3312739],[85.4199595,28.3312496],[85.4198852,28.3312303],[85.4198136,28.3312159],[85.4197442,28.331206],[85.419638,28.3311963],[85.4195842,28.331187],[85.419529,28.3311731],[85.4194718,28.3311545],[85.4194114,28.3311309],[85.4193068,28.3310823],[85.4191045,28.3309769],[85.41902,28.3309356],[85.4187855,28.3308272],[85.41871,28.330789],[85.4186435,28.3307522],[85.4186086,28.3307307],[85.4185707,28.3307049],[85.418449,28.3306144],[85.4184037,28.3305824],[85.418358,28.3305533],[85.4183152,28.3305301],[85.418281,28.3305145],[85.4182421,28.3304993],[85.418089,28.3304483],[85.4180255,28.3304239],[85.417894,28.3303649],[85.4177773,28.3303078],[85.4176716,28.3302505],[85.4175754,28.3301923],[85.4174874,28.3301323],[85.4174077,28.3300706],[85.4173361,28.330007],[85.4172724,28.3299411],[85.4172347,28.3298943],[85.4171977,28.3298389],[85.4171588,28.329771],[85.4170813,28.3296211],[85.4170459,28.329557],[85.4170049,28.3294926],[85.4169635,28.3294391],[85.4169165,28.3293889],[85.4168602,28.3293367],[85.4168026,28.3292883],[85.416654,28.3291691],[85.4166005,28.3291217],[85.4165968,28.3291198],[85.416495,28.3290624],[85.4164523,28.3290398],[85.4164068,28.3290192],[85.4163648,28.3290046],[85.4163099,28.3289898],[85.4162528,28.3289768],[85.4161938,28.3289656],[85.4161331,28.3289563],[85.4160516,28.3289485],[85.4159603,28.3289459],[85.4158659,28.3289478],[85.4156793,28.3289563],[85.4155046,28.3289653],[85.4153313,28.328979],[85.4151597,28.3289974],[85.41499,28.3290205],[85.4148227,28.3290483],[85.414658,28.3290807],[85.4144961,28.3291176],[85.4143372,28.3291591],[85.4142202,28.3291946],[85.4141731,28.3292073],[85.4141235,28.3292183],[85.4140719,28.3292278],[85.4139617,28.3292424],[85.4138404,28.3292515],[85.4137,28.3292556],[85.4135292,28.3292592],[85.413436,28.3292566],[85.4133912,28.3292524],[85.4133498,28.3292461],[85.4133112,28.3292375],[85.4132751,28.3292266],[85.4132285,28.3292067],[85.4131278,28.3291512],[85.413082,28.3291301],[85.4130394,28.329115],[85.4129942,28.3291018],[85.4129461,28.3290903],[85.4128946,28.3290804],[85.4128407,28.3290722],[85.4127814,28.3290653],[85.4126282,28.3290529],[85.4125102,28.3290448],[85.4124365,28.3290426],[85.4123694,28.3290451],[85.4123096,28.3290529],[85.4122861,28.3290583],[85.4122602,28.3290664],[85.4121494,28.3291087],[85.4121222,28.3291161],[85.4120972,28.3291204],[85.4120332,28.3291263],[85.4119829,28.3291267],[85.41194,28.3291216],[85.4119212,28.3291169],[85.4119041,28.3291108],[85.4118831,28.3291006],[85.4118617,28.3290876],[85.4118405,28.3290721],[85.4118201,28.3290545],[85.4118013,28.3290355],[85.4117845,28.3290156],[85.4117704,28.3289955],[85.4117593,28.3289756],[85.4117502,28.3289525],[85.4117441,28.3289263],[85.4117409,28.3288972],[85.4117406,28.3288652],[85.4117433,28.3288303],[85.4117491,28.3287933],[85.4117577,28.3287544],[85.4117689,28.3287149],[85.411789,28.328665],[85.4118181,28.328613],[85.4118564,28.3285591],[85.4119041,28.3285025],[85.411926,28.3284817],[85.4119849,28.3284346],[85.4119992,28.3284202],[85.4120103,28.328406],[85.4120193,28.3283904],[85.4120275,28.3283718],[85.412049,28.328305],[85.4120586,28.3282804],[85.4120776,28.3282445],[85.4121029,28.3282062],[85.4121941,28.3280913],[85.4122226,28.3280523],[85.412245,28.3280158],[85.4122613,28.3279811],[85.4122771,28.3279349],[85.4122892,28.3278849],[85.4122978,28.3278307],[85.4123028,28.3277718],[85.4123045,28.3277106],[85.4123032,28.3276423],[85.4122903,28.3274501],[85.4122834,28.3273756],[85.4122738,28.3273012],[85.4122617,28.3272274],[85.412247,28.3271546],[85.4122299,28.3270832],[85.4122104,28.3270135],[85.4121887,28.3269458],[85.4121648,28.3268804],[85.4121362,28.3268166],[85.4120985,28.3267493],[85.4120496,28.3266746],[85.4119392,28.3265204],[85.4118934,28.3264527],[85.4118499,28.3263792],[85.4118172,28.3263108],[85.411793,28.3262453],[85.4117715,28.326171],[85.4117524,28.3260892],[85.4117031,28.32585],[85.4116838,28.3257765],[85.4116627,28.3257121],[85.4116302,28.3256342],[85.4115872,28.3255497],[85.4115417,28.3254709],[85.411429,28.325286],[85.4113771,28.3251924],[85.4113545,28.3251461],[85.4113351,28.3251018],[85.4113189,28.3250589],[85.4113055,28.3250169],[85.4112785,28.3249104],[85.4112566,28.3247963],[85.4112399,28.3246743],[85.4112282,28.3245438],[85.4112271,28.3244697],[85.4112348,28.3242883],[85.4112332,28.3242395],[85.4112282,28.3241962],[85.4112222,28.3241668],[85.4112135,28.3241368],[85.4112021,28.324106],[85.4111878,28.3240741],[85.4111478,28.3240015],[85.4110487,28.323848],[85.4110091,28.3237797],[85.4109906,28.3237417],[85.4109761,28.3237055],[85.4109652,28.3236705],[85.4109579,28.3236362],[85.4109349,28.3235161],[85.4109283,28.3234548],[85.4109288,28.3234258],[85.4109322,28.3233999],[85.4109387,28.3233767],[85.4109482,28.3233562],[85.4109612,28.3233374],[85.410979,28.3233177],[85.4109881,28.3233097],[85.4109977,28.3232124],[85.4110305,28.3229503],[85.4110425,28.3228392],[85.4110507,28.3227245],[85.411052,28.3226248],[85.4110481,28.3225142],[85.4110407,28.3223903],[85.4110074,28.3219829],[85.4109971,28.3218353],[85.4109907,28.3216934],[85.4109893,28.3215658],[85.4109912,28.3214869],[85.4109952,28.3214115],[85.4110015,28.3213391],[85.4110099,28.3212692],[85.4110207,28.3212016],[85.4110338,28.321136],[85.4110493,28.3210724],[85.4110671,28.3210106],[85.411083,28.3209646],[85.4111248,28.3208554],[85.4111425,28.3207994],[85.411151,28.3207583],[85.4111558,28.3207111],[85.4111576,28.3205509],[85.4111612,28.3204932],[85.4111654,28.3204646],[85.4111711,28.3204385],[85.4111785,28.3204144],[85.4111878,28.3203921],[85.4112061,28.3203595],[85.4112309,28.3203253],[85.4112583,28.3202932],[85.4113325,28.3202124],[85.4113688,28.3201658],[85.4114259,28.320076],[85.4114801,28.3199782],[85.4115315,28.3198724],[85.41158,28.3197584],[85.4115943,28.3197199],[85.4116072,28.3196791],[85.4116293,28.3195895],[85.411648,28.3194824],[85.411678,28.319251],[85.4116938,28.3191513],[85.4117025,28.3191088],[85.4116831,28.3189328],[85.411667,28.3187554],[85.4116573,28.3185904],[85.4116552,28.318442],[85.4116572,28.3183682],[85.4116612,28.3182971],[85.4116673,28.3182286],[85.4116757,28.3181625],[85.4116861,28.3180984],[85.4116988,28.3180364],[85.4117137,28.3179762],[85.4117309,28.3179179],[85.4117585,28.3178361],[85.4117879,28.3177583],[85.4118189,28.317685],[85.4118516,28.3176162],[85.4118834,28.3175609],[85.4119252,28.3175025],[85.4119693,28.3174487],[85.4120782,28.3173238],[85.4121285,28.3172594],[85.4121507,28.3172268],[85.4121696,28.3171953],[85.4121855,28.3171642],[85.4121986,28.3171334],[85.4122206,28.3170647],[85.4122384,28.3169852],[85.4122513,28.3169034],[85.412274,28.3167261],[85.4122814,28.3166453],[85.4122817,28.3165555],[85.4122749,28.3164559],[85.4122609,28.316345],[85.412243,28.3162387],[85.4122188,28.3161182],[85.4121241,28.3157049],[85.4120927,28.3155556],[85.4120791,28.3154791],[85.4120689,28.3154105],[85.4120622,28.3153483],[85.4120587,28.3152919],[85.412059,28.3152272],[85.4120646,28.3151704],[85.4120755,28.3151209],[85.4120909,28.3150811],[85.4120875,28.315072],[85.412073,28.3150209],[85.4120627,28.3149663],[85.4120566,28.3149079],[85.4120546,28.3148446],[85.4120561,28.314784],[85.4120608,28.3147159],[85.4120875,28.3144637],[85.4120943,28.3144056],[85.4121047,28.314341],[85.4121468,28.3141364],[85.4121598,28.3140661],[85.4121691,28.3140014],[85.4121744,28.3139423],[85.4121817,28.3138271],[85.4121836,28.31376],[85.4121813,28.313698],[85.4121744,28.313643],[85.4121616,28.3135863],[85.4121421,28.313525],[85.4121159,28.3134581],[85.4120779,28.3133727],[85.4120479,28.313312],[85.412012,28.3132476],[85.4119694,28.313178],[85.4119138,28.3130927],[85.4118666,28.3130242],[85.4118156,28.3129549],[85.4117605,28.3128845],[85.4117013,28.3128127],[85.4116526,28.3127593],[85.4115942,28.3127032],[85.4115358,28.312652],[85.4113927,28.3125316],[85.4113227,28.3124681],[85.41126,28.3124032],[85.4112331,28.3123714],[85.4112089,28.3123396],[85.4111592,28.3122701],[85.4111317,28.3122237],[85.4111157,28.3121883],[85.4111014,28.3121479],[85.4110883,28.3121018],[85.4110737,28.3120402],[85.411068,28.3120082],[85.4110646,28.3119744],[85.4110637,28.3119384],[85.4110652,28.3118994],[85.4110729,28.3118274],[85.4110978,28.3116613],[85.4111042,28.3115841],[85.4111032,28.3115425],[85.4110548,28.311438],[85.4110017,28.3113311],[85.4109437,28.3112216],[85.4108803,28.3111087],[85.4108431,28.3110469],[85.4107998,28.3109799],[85.4106186,28.310719],[85.410544,28.3106043],[85.4104196,28.3103936],[85.4103483,28.3103371],[85.4102764,28.3102736],[85.4102429,28.3102396],[85.4102136,28.310206],[85.4101881,28.3101723],[85.4101661,28.3101382],[85.4101157,28.3100485],[85.4101002,28.3100147],[85.4100889,28.3099837],[85.4100811,28.3099527],[85.4100762,28.3099195],[85.4100741,28.3098838],[85.4100748,28.3098451],[85.4100833,28.3097646],[85.4100862,28.3097472],[85.4100543,28.3096753],[85.4100267,28.3096083],[85.4100006,28.3095342],[85.4099768,28.3094496],[85.4099576,28.3093675],[85.409916,28.3091719],[85.409892,28.3090757],[85.4098642,28.3089874],[85.4098326,28.3089099],[85.4097648,28.3087641],[85.4097165,28.3086735],[85.4096914,28.308633],[85.4096659,28.3085966],[85.4096398,28.308564],[85.4096128,28.3085348],[85.4095875,28.308511],[85.4095596,28.3084877],[85.4094951,28.3084415],[85.4094184,28.3083954],[85.4093153,28.3083408],[85.4092516,28.3083099],[85.4091865,28.3082815],[85.4091203,28.3082559],[85.4090534,28.3082332],[85.4089861,28.3082134],[85.4089187,28.3081966],[85.4088516,28.308183],[85.408785,28.3081726],[85.4087484,28.308169],[85.4086659,28.3081638],[85.4086298,28.3081597],[85.4085677,28.3081478],[85.408504,28.3081303],[85.4084384,28.3081073],[85.4083701,28.3080784],[85.4083008,28.3080447],[85.4082262,28.3080041],[85.4081451,28.3079564],[85.4080348,28.3078881],[85.4079856,28.307855],[85.4079335,28.3078157],[85.4078759,28.307768],[85.4077045,28.3076198],[85.4076478,28.3075755],[85.407595,28.3075389],[85.4075283,28.3075004],[85.407403,28.3074385],[85.4073558,28.3074136],[85.4073102,28.3073859],[85.4072717,28.3073578],[85.4072248,28.3073176],[85.4071798,28.3072746],[85.4071372,28.3072291],[85.4070974,28.3071818],[85.407061,28.3071331],[85.4070282,28.3070835],[85.4069992,28.3070332],[85.4069742,28.3069827],[85.4069588,28.3069405],[85.4069303,28.3068366],[85.4069206,28.3068108],[85.4069095,28.3067887],[85.4068901,28.3067613],[85.4068376,28.3067023],[85.4068268,28.3066869],[85.406819,28.3066723],[85.4068125,28.3066547],[85.4068079,28.3066356],[85.4068043,28.3065925],[85.4068079,28.3065423],[85.4068194,28.3064734],[85.4067931,28.3064136],[85.4067846,28.3063863],[85.4067781,28.306355],[85.4067642,28.3062316],[85.4067543,28.3061808],[85.4067301,28.3061042],[85.4066973,28.3060229],[85.4066552,28.3059353],[85.4065991,28.3058316],[85.4065799,28.3057995],[85.406558,28.305767],[85.4065049,28.3056994],[85.40645,28.3056381],[85.4063174,28.3054989],[85.4062574,28.3054297],[85.4062095,28.3053645],[85.4061896,28.3053328],[85.4061723,28.3053013],[85.4061601,28.3052744],[85.4061303,28.3051987],[85.4061193,28.3051771],[85.4061076,28.305159],[85.4060964,28.3051456],[85.4060824,28.3051319],[85.4060168,28.3050804],[85.4059912,28.3050555],[85.4059771,28.3050369],[85.4059644,28.3050161],[85.405953,28.304993],[85.4059428,28.3049672],[85.405927,28.3049145],[85.405892,28.3047694],[85.405878,28.3047282],[85.4058619,28.3046934],[85.4058282,28.3046366],[85.4057861,28.3045758],[85.4057396,28.3045157],[85.405642,28.3043959],[85.4055735,28.3043124],[85.4055022,28.3042298],[85.405428,28.3041481],[85.4053511,28.3040674],[85.4052714,28.3039877],[85.4051891,28.3039091],[85.4051041,28.3038315],[85.4050166,28.3037552],[85.4049264,28.3036799],[85.4048339,28.303606],[85.404739,28.3035334],[85.4046418,28.3034622],[85.4045424,28.3033925],[85.4044409,28.3033244],[85.4043375,28.3032578],[85.4042322,28.303193],[85.4041227,28.3031286],[85.4040151,28.3030683],[85.4039093,28.3030122],[85.4038053,28.3029602],[85.403671,28.3028971],[85.4035395,28.3028392],[85.4034104,28.3027865],[85.4032836,28.3027389],[85.4031589,28.3026963],[85.4030362,28.3026586],[85.4029154,28.3026258],[85.4027965,28.302598],[85.4027382,28.3025866],[85.4026735,28.3025762],[85.4023912,28.3025409],[85.4023251,28.302531],[85.4022662,28.3025204],[85.4020816,28.3024827],[85.401931,28.3024489],[85.4017952,28.3024148],[85.4016711,28.3023795],[85.4015535,28.3023413],[85.4014438,28.3023005],[85.4013409,28.3022569],[85.4012444,28.30221],[85.4011514,28.3021605],[85.4010684,28.3021138],[85.4009924,28.302068],[85.4009223,28.3020226],[85.4008569,28.3019766],[85.4007963,28.3019302],[85.4007401,28.301883],[85.4006882,28.3018349],[85.4006642,28.3018073],[85.4006181,28.301742],[85.400597,28.301716],[85.400572,28.3016934],[85.4005592,28.3016855],[85.4005459,28.3016797],[85.4005252,28.3016746],[85.4004683,28.3016668],[85.400439,28.3016587],[85.4004099,28.3016481],[85.4003811,28.301635],[85.4003525,28.3016194],[85.4003241,28.3016013],[85.4002959,28.3015806],[85.4002679,28.3015574],[85.4002399,28.3015315],[85.4001851,28.3014731],[85.4001294,28.3014035],[85.4000719,28.3013218],[85.4000027,28.3012141],[85.3999761,28.3011641],[85.3999214,28.3010386],[85.3999043,28.3010075],[85.3998863,28.3009813],[85.3998697,28.3009621],[85.3998488,28.3009423],[85.3997526,28.3008648],[85.3997334,28.3008453],[85.3997182,28.300826],[85.3997005,28.3007956],[85.3996854,28.3007589],[85.3996737,28.300721],[85.3996471,28.3006203],[85.3996276,28.3005674],[85.3995934,28.3004965],[85.3995584,28.3004323],[85.3995225,28.3003741],[85.3994853,28.3003216],[85.3994707,28.3003041],[85.3994537,28.3002869],[85.3994119,28.3002529],[85.3993668,28.3002231],[85.3992504,28.3001534],[85.39922,28.3001326],[85.3991947,28.3001126],[85.3991696,28.3000887],[85.3991496,28.3000641],[85.3991341,28.3000383],[85.3991232,28.3000112],[85.3991102,28.2999595],[85.3990984,28.2999342],[85.3990812,28.2999117],[85.3990585,28.2998917],[85.3990297,28.2998737],[85.3990021,28.2998605],[85.3989689,28.2998477],[85.3988537,28.2998115],[85.3988135,28.2997974],[85.3987776,28.299782],[85.3987481,28.2997654],[85.3986705,28.2997138],[85.3985971,28.2996618],[85.3985279,28.2996093],[85.3984629,28.2995563],[85.398402,28.2995027],[85.3983451,28.2994486],[85.3982924,28.2993939],[85.3982437,28.2993386],[85.3982014,28.299284],[85.3981585,28.2992199],[85.398119,28.2991541],[85.3980193,28.2989795],[85.3979885,28.2989296],[85.3979591,28.2988859],[85.3978878,28.2987905],[85.3978038,28.2986887],[85.3977138,28.2985872],[85.3974627,28.298313],[85.3973889,28.2982275],[85.3973253,28.2981487],[85.397267,28.2980692],[85.397206,28.2979777],[85.3971483,28.2978845],[85.3970012,28.2976389],[85.3969564,28.2975681],[85.3969147,28.2975058],[85.3968654,28.2974374],[85.3968166,28.2973759],[85.3967675,28.29732],[85.3967174,28.2972692],[85.3966501,28.2972071],[85.3965779,28.2971454],[85.3965012,28.2970842],[85.3964199,28.2970234],[85.3963813,28.2969977],[85.3963359,28.2969717],[85.3961665,28.2968883],[85.3961016,28.2968525],[85.396069,28.2968314],[85.3960404,28.29681],[85.3960152,28.2967879],[85.3959931,28.2967647],[85.3959667,28.2967313],[85.3959418,28.2966937],[85.3959184,28.2966516],[85.395896,28.2966046],[85.3958758,28.2965557],[85.3958554,28.2964999],[85.3957991,28.296325],[85.3957721,28.29624],[85.3957553,28.2961816],[85.3957428,28.2961281],[85.3957344,28.2960792],[85.3957275,28.2960099],[85.3957252,28.2959408],[85.3957275,28.295873],[85.3957344,28.2958076],[85.3957405,28.2957716],[85.3956808,28.2957049],[85.3956251,28.295638],[85.3955733,28.2955707],[85.3955255,28.2955028],[85.3954815,28.2954345],[85.3954413,28.2953655],[85.3954049,28.2952959],[85.3953723,28.2952256],[85.3953482,28.2951654],[85.3953249,28.295097],[85.3952446,28.2948151],[85.3952244,28.2947514],[85.3952041,28.2946953],[85.3951345,28.2945206],[85.395072,28.2943784],[85.3950095,28.2942522],[85.3949455,28.2941391],[85.3948837,28.2940439],[85.3947773,28.2938933],[85.3946309,28.2936923],[85.3944702,28.2934838],[85.3942927,28.2932647],[85.3940918,28.2930268],[85.3939128,28.2928205],[85.3937814,28.2926775],[85.3937378,28.2926361],[85.3936851,28.2925935],[85.3936256,28.2925507],[85.3934531,28.2924336],[85.3934029,28.2923955],[85.3933611,28.2923594],[85.3933176,28.2923146],[85.393283,28.2922692],[85.3932566,28.2922222],[85.3932464,28.2921979],[85.3932382,28.2921731],[85.3932316,28.2921353],[85.3932252,28.2921214],[85.3932175,28.2921156],[85.3932062,28.2921122],[85.3931619,28.2921105],[85.3931476,28.2921084],[85.3931217,28.2920997],[85.3930966,28.292087],[85.3930721,28.2920702],[85.3930477,28.2920489],[85.3930267,28.2920273],[85.3930045,28.2920012],[85.3929281,28.2919003],[85.3928958,28.2918611],[85.3928598,28.291825],[85.3928243,28.291798],[85.3927928,28.2917795],[85.3927079,28.2917333],[85.3926563,28.2917019],[85.392605,28.2916682],[85.3925537,28.2916321],[85.3925024,28.2915935],[85.3923992,28.2915084],[85.3922937,28.2914118],[85.3921946,28.2913129],[85.3920873,28.2911984],[85.3919893,28.2910889],[85.3917378,28.2908021],[85.3916964,28.2907535],[85.3915804,28.2906094],[85.3915418,28.2905665],[85.391505,28.2905305],[85.3914752,28.2905049],[85.3914406,28.2904783],[85.3913105,28.2903879],[85.3912592,28.2903494],[85.3911785,28.2902802],[85.3910928,28.2901982],[85.3910131,28.290116],[85.3908205,28.2899104],[85.390716,28.2898062],[85.3905642,28.2896646],[85.3904119,28.2895264],[85.390259,28.2893918],[85.3901056,28.2892606],[85.3899517,28.289133],[85.3897973,28.2890089],[85.3896425,28.2888884],[85.3894873,28.2887714],[85.3892793,28.2886192],[85.3891251,28.2885127],[85.3890336,28.2884563],[85.388928,28.2883989],[85.3888239,28.2883474],[85.3885671,28.288226],[85.3884362,28.2881584],[85.3883714,28.2881214],[85.3883122,28.2880844],[85.3882575,28.2880468],[85.3882068,28.2880083],[85.3881348,28.2879459],[85.387984,28.2878027],[85.3879222,28.2877496],[85.3878595,28.2877014],[85.3877928,28.2876537],[85.3877217,28.2876061],[85.3876455,28.2875584],[85.387565,28.2875108],[85.387477,28.2874615],[85.3872626,28.2873487],[85.3871946,28.2873172],[85.3870587,28.2872623],[85.3870035,28.2872383],[85.3869478,28.28721],[85.3869004,28.2871805],[85.3868604,28.287151],[85.3868184,28.2871166],[85.3867735,28.2870766],[85.3867193,28.2870253],[85.3866339,28.2869392],[85.3865615,28.2868582],[85.3864997,28.2867794],[85.3864477,28.286702],[85.3864181,28.2866497],[85.3863877,28.2865883],[85.3863363,28.2865684],[85.3862925,28.2865468],[85.3861132,28.2864425],[85.3859463,28.2863388],[85.3857903,28.2862346],[85.3856446,28.2861295],[85.3855082,28.286023],[85.3853812,28.2859148],[85.3852633,28.2858049],[85.3852077,28.2857493],[85.3851543,28.2856931],[85.3851106,28.2856431],[85.3850644,28.2855847],[85.3849225,28.2853873],[85.3848704,28.2853183],[85.3848176,28.2852551],[85.3847663,28.2852016],[85.3847257,28.2851638],[85.384682,28.2851258],[85.3845837,28.285048],[85.384471,28.2849672],[85.3843007,28.2848524],[85.3841956,28.284787],[85.3839531,28.2846483],[85.3838974,28.2846138],[85.383848,28.2845808],[85.3837565,28.2845124],[85.3836593,28.2844307],[85.383566,28.2843455],[85.3833268,28.2841186],[85.3832547,28.2840543],[85.3831883,28.2839987],[85.3830868,28.2839194],[85.3829785,28.2838396],[85.3828624,28.2837587],[85.3827364,28.2836751],[85.3826205,28.2836012],[85.3824905,28.2835208],[85.3820274,28.2832429],[85.3818439,28.2831304],[85.3816579,28.2830111],[85.381494,28.2828993],[85.3811942,28.2826949],[85.3810857,28.2826183],[85.3809711,28.2825307],[85.3809204,28.2824885],[85.3808731,28.2824466],[85.3808004,28.2823752],[85.3806384,28.2821993],[85.3805627,28.2821233],[85.3805019,28.282069],[85.3804361,28.2820154],[85.3803647,28.2819621],[85.3802866,28.281908],[85.3802097,28.2818583],[85.380123,28.2818051],[85.379792,28.2816124],[85.3796555,28.2815294],[85.3795833,28.2814826],[85.3795171,28.2814371],[85.3794558,28.2813922],[85.3793986,28.2813472],[85.3792839,28.2812484],[85.3790382,28.2810228],[85.378933,28.2809333],[85.3788834,28.280896],[85.3788254,28.280857],[85.3786254,28.2807364],[85.3785537,28.2806904],[85.378487,28.2806416],[85.3784318,28.2805933],[85.3784286,28.2805971],[85.3783932,28.2806341],[85.3783503,28.2806721],[85.3783059,28.280707],[85.3781905,28.2807929],[85.3781311,28.2808428],[85.378052,28.2809182],[85.3779741,28.2809977],[85.3778974,28.2810811],[85.3778221,28.2811684],[85.3777482,28.2812595],[85.3776758,28.2813543],[85.3776051,28.2814526],[85.3775361,28.2815542],[85.3774429,28.281698],[85.3773763,28.2818087],[85.3773215,28.2819109],[85.3772774,28.2820069],[85.3772608,28.2820504],[85.3772452,28.2820992],[85.3772293,28.2821576],[85.3771842,28.2823394],[85.3771667,28.2823966],[85.3771481,28.2824466],[85.3771099,28.2825359],[85.3770753,28.2826093],[85.3770409,28.2826739],[85.3770058,28.2827312],[85.3769845,28.2827613],[85.3769604,28.2827913],[85.3769333,28.2828216],[85.3769026,28.2828526],[85.3768408,28.2829089],[85.3766755,28.283049],[85.3766302,28.2830917],[85.3765919,28.2831321],[85.3765598,28.2831711],[85.3765267,28.2832169],[85.3764152,28.2833917],[85.3763676,28.2834595],[85.37634,28.2834935],[85.3763124,28.2835233],[85.3762844,28.2835493],[85.3762556,28.2835719],[85.3762256,28.2835912],[85.3761904,28.2836096],[85.3761498,28.2836276],[85.3760268,28.2836774],[85.3759897,28.2836956],[85.3759581,28.2837142],[85.3759144,28.2837466],[85.3758699,28.2837874],[85.3758229,28.283838],[85.3757288,28.2839493],[85.3756872,28.2839956],[85.3756408,28.2840407],[85.375596,28.2840763],[85.37556,28.2840997],[85.3755208,28.2841215],[85.3754782,28.2841419],[85.3754312,28.2841613],[85.3753355,28.2841941],[85.3751457,28.2842494],[85.3750685,28.284274],[85.3749905,28.2843035],[85.3749234,28.284335],[85.3748662,28.2843677],[85.3748043,28.2844078],[85.3746142,28.2845455],[85.374549,28.2845904],[85.3744886,28.2846279],[85.3744319,28.2846584],[85.3743781,28.2846823],[85.374316,28.284705],[85.3742555,28.2847239],[85.3741123,28.2847655],[85.3740432,28.2847882],[85.3739813,28.2848128],[85.3739275,28.2848395],[85.3738775,28.2848702],[85.3738249,28.2849085],[85.3737698,28.2849539],[85.3736127,28.2850912],[85.3735614,28.2851308],[85.3735136,28.2851628],[85.3734476,28.2852001],[85.3733763,28.2852345],[85.3732989,28.2852663],[85.3732137,28.2852962],[85.3731382,28.2853193],[85.3730529,28.2853428],[85.3727689,28.2854128],[85.3726656,28.2854399],[85.3725666,28.2854691],[85.3724789,28.2854991],[85.3722574,28.2855766],[85.3721992,28.2856008],[85.3721992,28.2856009],[85.3721877,28.2856062],[85.3718118,28.2857805],[85.3706162,28.2863351],[85.3698533,28.2866403],[85.3693138,28.286688],[85.3687757,28.2867357],[85.3680587,28.286643],[85.3678283,28.2866132],[85.3676696,28.2866308],[85.3675463,28.2866438],[85.3674398,28.2866527],[85.3673419,28.2866579],[85.3672507,28.2866596],[85.3671634,28.2866578],[85.3670805,28.2866525],[85.3670014,28.2866435],[85.3669257,28.2866308],[85.3668588,28.2866166],[85.3668018,28.2866022],[85.3667184,28.2865768],[85.3666439,28.2865496],[85.3665765,28.28652],[85.3665157,28.2864877],[85.3664906,28.2864715],[85.3664638,28.2864512],[85.3663556,28.2863587],[85.3663301,28.2863403],[85.3663172,28.2863325],[85.3658483,28.2862192],[85.3658159,28.2862202],[85.3657591,28.2862246],[85.3656961,28.2862317],[85.3655144,28.2862589],[85.3654391,28.2862742],[85.3652614,28.2863207],[85.3652141,28.2863298],[85.3651711,28.2863351],[85.3650925,28.2863396],[85.3650147,28.2863394],[85.3649389,28.2863348],[85.3648659,28.2863256],[85.3647847,28.2863094],[85.3647015,28.2862863],[85.364617,28.2862567],[85.3645322,28.2862207],[85.3644678,28.2861886],[85.3643891,28.2861444],[85.3643256,28.2861107],[85.3641863,28.2860449],[85.3641277,28.2860155],[85.364071,28.2859829],[85.364025,28.285951],[85.3640018,28.2859316],[85.363984,28.2859142],[85.3639348,28.2859257],[85.363693,28.2859823],[85.3635881,28.2860014],[85.3630541,28.2859537],[85.362234,28.285906],[85.3616809,28.2860205],[85.3614616,28.2860777],[85.3606415,28.2861826],[85.3600216,28.286173],[85.3597737,28.2862016],[85.3594208,28.2862779],[85.3590108,28.2864019],[85.3586484,28.2864782],[85.358019,28.2866022],[85.3575327,28.2866689],[85.3572275,28.2867357],[85.3569224,28.2867833],[85.3567926,28.2867968],[85.3567058,28.2868057],[85.3566811,28.2868243],[85.3566511,28.2868436],[85.3566176,28.2868625],[85.3565458,28.2868969],[85.3564074,28.286955],[85.3563263,28.2869887],[85.3562465,28.2870189],[85.3561681,28.2870456],[85.3560911,28.2870689],[85.3560155,28.2870886],[85.3559413,28.2871048],[85.3558685,28.2871175],[85.3557971,28.2871266],[85.3557382,28.2871303],[85.3556059,28.2871319],[85.3555492,28.2871362],[85.3555036,28.2871435],[85.3554537,28.2871548],[85.3552606,28.287212],[85.3552168,28.2872233],[85.3551773,28.2872315],[85.3550644,28.2872495],[85.3549507,28.2872628],[85.3548371,28.2872712],[85.3547241,28.2872749],[85.3546124,28.2872736],[85.3545026,28.2872676],[85.3543951,28.2872567],[85.3542904,28.2872411],[85.3542264,28.2872273],[85.3541557,28.2872071],[85.3540893,28.2871849],[85.3539372,28.2871304],[85.3538655,28.2871072],[85.3538038,28.2870906],[85.3537469,28.287079],[85.3536814,28.2870713],[85.3536074,28.2870689],[85.3535361,28.2870707],[85.353365,28.2870796],[85.3532793,28.2870801],[85.3532376,28.2870778],[85.3531987,28.2870738],[85.3531619,28.2870678],[85.353127,28.2870599],[85.3530647,28.2870446],[85.3530468,28.2870384],[85.3530317,28.2870313],[85.3529866,28.2870026],[85.3529749,28.286993],[85.3529676,28.2869955],[85.3529297,28.2870045],[85.3528887,28.2870109],[85.3528439,28.2870147],[85.3527604,28.2870158],[85.3525667,28.2870092],[85.3525202,28.2870097],[85.3524786,28.2870122],[85.3523681,28.2870183],[85.3522303,28.2870211],[85.3520306,28.28704],[85.3520167,28.2870438],[85.3519274,28.2870651],[85.3518292,28.2870859],[85.351713,28.287109],[85.3516966,28.2871171],[85.3516418,28.2871528],[85.3516203,28.2871648],[85.3515913,28.287176],[85.3515571,28.2871842],[85.3515238,28.287189],[85.3514461,28.287197],[85.3514105,28.2872029],[85.3512956,28.2872253],[85.3511939,28.2872573],[85.351134,28.2873078],[85.3509566,28.2874686],[85.3509053,28.2875109],[85.3508574,28.2875462],[85.3508039,28.2875817],[85.3507478,28.2876158],[85.3506893,28.2876486],[85.3506286,28.2876797],[85.3505397,28.287722],[85.350476,28.2877465],[85.3503782,28.2877812],[85.3503518,28.2877888],[85.3503286,28.2877938],[85.3503049,28.2877963],[85.3502835,28.2877957],[85.3502643,28.2877918],[85.3502471,28.2877846],[85.3502275,28.2877729],[85.3502112,28.2877609],[85.3502077,28.2877575],[85.3501686,28.287763],[85.3501171,28.287768],[85.3500638,28.287771],[85.3500089,28.287772],[85.3499623,28.2877712],[85.3497513,28.2878323],[85.3494556,28.2879181],[85.3491314,28.2880516],[85.3489884,28.2881661],[85.348893,28.2883186],[85.3489025,28.2885857],[85.34875,28.2887096],[85.3482827,28.2887955],[85.3479775,28.288929],[85.3477589,28.2891139],[85.3477296,28.2891388],[85.3475866,28.289339],[85.3473386,28.2896156],[85.3474022,28.2898231],[85.3474817,28.2900828],[85.3474912,28.2904452],[85.3475007,28.2906741],[85.3474817,28.2910746],[85.3474817,28.2913875],[85.3474819,28.291389],[85.347485,28.2914391],[85.3475097,28.2914674],[85.3475381,28.2915042],[85.3475794,28.2915657],[85.3476107,28.2916246],[85.3476226,28.2916528],[85.3476275,28.2916672],[85.347631,28.2916697],[85.3476555,28.2916834],[85.3477095,28.2917041],[85.3477297,28.2917143],[85.347745,28.2917258],[85.3477606,28.291741],[85.3477763,28.2917599],[85.3477868,28.2917612],[85.3478106,28.2917654],[85.347834,28.2917722],[85.3478571,28.2917815],[85.3478798,28.2917934],[85.3479023,28.2918078],[85.3479247,28.2918248],[85.3479469,28.2918445],[85.3479691,28.2918669],[85.348009,28.291914],[85.3480508,28.291972],[85.3480855,28.2920257],[85.3481873,28.2921903],[85.3482504,28.292287],[85.3482688,28.292321],[85.3482827,28.2923524],[85.3482953,28.2923903],[85.3483052,28.292431],[85.3483121,28.292474],[85.3483161,28.292519],[85.3483171,28.2925655],[85.348315,28.2926126],[85.3483143,28.2926189],[85.3483326,28.2926394],[85.3483584,28.2926787],[85.3483811,28.2927229],[85.3484035,28.2927763],[85.3484639,28.2929532],[85.3484756,28.29299],[85.3484859,28.2930291],[85.3485024,28.2931166],[85.3485132,28.2932059],[85.3485306,28.2934014],[85.3485367,28.2934968],[85.3485358,28.293604],[85.3485297,28.2937095],[85.3485081,28.2939771],[85.3485045,28.2940532],[85.3485038,28.2941212],[85.3485043,28.294136],[85.348508,28.2941677],[85.3485108,28.2942245],[85.3485108,28.2942388],[85.3485135,28.2942659],[85.3485246,28.2943313],[85.3485402,28.2943931],[85.3485563,28.2944401],[85.3485998,28.2945488],[85.3486165,28.2946029],[85.3486247,28.2946528],[85.348634,28.2947696],[85.3486387,28.2947976],[85.3486451,28.2948223],[85.3486688,28.2948904],[85.3486932,28.2949443],[85.3487201,28.2949883],[85.3487347,28.2950066],[85.34875,28.2950225],[85.348766,28.2950354],[85.3487857,28.2950473],[85.3488759,28.2950867],[85.3488957,28.2950973],[85.3489121,28.2951083],[85.3489439,28.2951342],[85.3489722,28.2951605],[85.3489844,28.2951737],[85.348972,28.2952184],[85.3489499,28.2952847],[85.3489425,28.295351],[85.3489425,28.2954099],[85.348972,28.2954762],[85.3489867,28.2955057],[85.3491055,28.2956319],[85.3491055,28.2956328],[85.3491028,28.2957091],[85.3490948,28.2958435],[85.3490897,28.2958902],[85.3490833,28.2959317],[85.3490746,28.2959716],[85.3490639,28.2960079],[85.3490511,28.2960411],[85.349036,28.2960715],[85.3490055,28.2961219],[85.3489847,28.2961505],[85.3489788,28.2961701],[85.3489643,28.296204],[85.348945,28.2962406],[85.3488827,28.2963476],[85.3488663,28.2963825],[85.3488549,28.2964148],[85.3488411,28.29647],[85.3488263,28.2965483],[85.3488121,28.2966388],[85.3488019,28.2967291],[85.3487958,28.2968188],[85.3487938,28.2969075],[85.3487958,28.2969947],[85.3488019,28.2970801],[85.3488121,28.2971634],[85.3488263,28.2972444],[85.3488561,28.2973572],[85.3488644,28.297397],[85.3488739,28.2974745],[85.348877,28.2975487],[85.3488739,28.2976184],[85.3488644,28.2976831],[85.3488448,28.2977978],[85.3488373,28.2978288],[85.3488285,28.2978547],[85.3488169,28.2978786],[85.3488032,28.2978976],[85.3487873,28.2979119],[85.348769,28.2979215],[85.3487309,28.297931],[85.3487144,28.2979385],[85.348699,28.297949],[85.3486848,28.2979627],[85.3486713,28.2979799],[85.34865,28.2980162],[85.348605,28.29811],[85.3485918,28.2981322],[85.3485783,28.2981503],[85.3485205,28.2982178],[85.3484743,28.298267],[85.3484303,28.2983079],[85.3483876,28.2983411],[85.348359,28.2983697],[85.3483533,28.29838],[85.3483492,28.2983919],[85.3483459,28.2984203],[85.3483492,28.2984547],[85.348359,28.2984936],[85.3483658,28.2985099],[85.3483876,28.2985509],[85.3483966,28.2985751],[85.3484034,28.2986011],[85.3484079,28.298629],[85.3484105,28.2986594],[85.3484101,28.2987188],[85.3484005,28.2988759],[85.3484017,28.2989212],[85.3484067,28.2989609],[85.3484162,28.2990038],[85.3484299,28.2990503],[85.3485044,28.2992509],[85.3485196,28.2992988],[85.3485306,28.2993424],[85.3485435,28.2994068],[85.3485541,28.2994714],[85.3485626,28.2995359],[85.3485688,28.2995998],[85.3485793,28.2997207],[85.3485819,28.2997879],[85.3485787,28.2998503],[85.3485688,28.299905],[85.3485551,28.2999457],[85.3485116,28.300048],[85.3484994,28.3000863],[85.3484892,28.3001267],[85.3484807,28.3001696],[85.3484738,28.3002155],[85.3484648,28.3003173],[85.3484563,28.3005318],[85.3484498,28.3006234],[85.348444,28.3006728],[85.3484365,28.3007184],[85.3484273,28.3007611],[85.3484162,28.3008014],[85.3484023,28.3008423],[85.3483878,28.3008787],[85.3483873,28.3008836],[85.3483802,28.3009294],[85.348357,28.3010362],[85.3483281,28.3011439],[85.3482492,28.3014163],[85.3482244,28.3015151],[85.3482558,28.3015622],[85.3482854,28.3016177],[85.3483065,28.3016714],[85.3483188,28.301722],[85.3483215,28.301746],[85.3483221,28.301769],[85.3483203,28.301791],[85.3483164,28.3018119],[85.3483102,28.3018317],[85.3483018,28.3018503],[85.3482811,28.3018856],[85.3482569,28.3019199],[85.3482316,28.3019499],[85.3482301,28.3019514],[85.348221,28.3019853],[85.3482101,28.3020089],[85.3482145,28.3020647],[85.3482142,28.3021332],[85.3482112,28.3021642],[85.3482064,28.3021936],[85.3481954,28.3022399],[85.3481811,28.3022873],[85.3481248,28.3023343],[85.3480291,28.3024448],[85.3479923,28.3025037],[85.3479481,28.30257],[85.3479112,28.3027395],[85.3478744,28.3028352],[85.3478749,28.302842],[85.3478699,28.3028503],[85.3478059,28.302947],[85.3477786,28.3029815],[85.3477138,28.3030495],[85.3476882,28.3030796],[85.3476663,28.3031137],[85.3476533,28.3031473],[85.3476438,28.3032045],[85.347634,28.3032277],[85.347618,28.3032513],[85.3475994,28.3032722],[85.3475508,28.303321],[85.3475293,28.3033475],[85.3475002,28.3033954],[85.3474725,28.3034514],[85.3474487,28.303508],[85.3473926,28.303653],[85.3473577,28.303729],[85.3473299,28.3037793],[85.3472963,28.3038341],[85.3471785,28.3040089],[85.3471374,28.304073],[85.3471008,28.3041367],[85.3470716,28.3041962],[85.347065,28.3042144],[85.3470612,28.3042298],[85.3470568,28.3042972],[85.3470519,28.3043281],[85.3470452,28.3043571],[85.3470389,28.3043759],[85.3470297,28.3043963],[85.3469832,28.3044799],[85.3469752,28.3044992],[85.3469698,28.3045174],[85.3469604,28.3045787],[85.3469487,28.3046141],[85.3469302,28.3046515],[85.3469059,28.3046903],[85.3468614,28.3047531],[85.3467906,28.3048427],[85.3467695,28.3048764],[85.3467488,28.304914],[85.3467058,28.3050077],[85.3466886,28.3050552],[85.3466545,28.3051787],[85.3466351,28.305234],[85.3465966,28.305319],[85.3465596,28.3053849],[85.3465224,28.3054483],[85.3465086,28.3054639],[85.3464936,28.3054745],[85.3464701,28.3054839],[85.3464571,28.305493],[85.3464456,28.3055066],[85.3464357,28.305524],[85.3464104,28.3055775],[85.3464006,28.3055916],[85.3463899,28.3056018],[85.3463636,28.3056176],[85.3463318,28.3056303],[85.3463263,28.3056548],[85.3463178,28.3056812],[85.3462655,28.3058035],[85.3462552,28.3058336],[85.3462485,28.3058611],[85.3462413,28.3059056],[85.3462365,28.3059499],[85.3462342,28.3059933],[85.3462343,28.3060355],[85.3462374,28.3060758],[85.3462439,28.3061203],[85.346272,28.3062476],[85.3462862,28.306298],[85.346328,28.3064214],[85.346337,28.3064563],[85.3463428,28.3064881],[85.34635,28.3065547],[85.3463524,28.3066119],[85.34635,28.3066633],[85.3463428,28.3067097],[85.3463314,28.3067548],[85.3463183,28.3067937],[85.3463033,28.3068273],[85.3462862,28.3068558],[85.3462746,28.3068718],[85.3462751,28.3069038],[85.346272,28.3069312],[85.346267,28.3069506],[85.3462589,28.3069717],[85.3462249,28.3070397],[85.3462009,28.3070838],[85.3461697,28.3071307],[85.3461374,28.3071737],[85.3460594,28.3072718],[85.3460244,28.30732],[85.3459964,28.3073647],[85.345975,28.3074074],[85.3459529,28.3074639],[85.3459326,28.3075286],[85.3459143,28.3075989],[85.3458855,28.3077233],[85.3458736,28.3077806],[85.3458495,28.3079186],[85.3458336,28.3079873],[85.3458143,28.3080455],[85.3457626,28.3081758],[85.345744,28.3082372],[85.3457315,28.3082981],[85.3457205,28.3083692],[85.3457108,28.3084478],[85.3457055,28.3085106],[85.3457041,28.3085673],[85.3457063,28.308619],[85.3457142,28.3086735],[85.345744,28.3088123],[85.345752,28.3088837],[85.3457547,28.3089641],[85.3457533,28.3090411],[85.3457456,28.3092228],[85.3457454,28.309312],[85.345751,28.3093941],[85.3457629,28.3094676],[85.3457782,28.3095371],[85.3457912,28.3095808],[85.3458021,28.309606],[85.3458171,28.3096323],[85.3458373,28.3096612],[85.3459024,28.3097467],[85.34592,28.3097753],[85.3459326,28.3098024],[85.3459474,28.3098449],[85.3459595,28.3098895],[85.3459688,28.3099353],[85.345975,28.3099815],[85.345979,28.3100562],[85.345978,28.3100905],[85.345975,28.310123],[85.3459681,28.3101816],[85.3459631,28.3101987],[85.3459562,28.3102125],[85.3459382,28.3102341],[85.3459609,28.310288],[85.3459752,28.3103315],[85.3459869,28.3103793],[85.3459961,28.3104317],[85.3460033,28.3104907],[85.3460095,28.3105523],[85.346008,28.3105897],[85.3459975,28.3106334],[85.3459798,28.3106746],[85.3459662,28.3106962],[85.3459468,28.3107217],[85.3459247,28.3107442],[85.3458633,28.3107917],[85.3458383,28.310816],[85.3458076,28.310857],[85.3457817,28.3109008],[85.3457673,28.3109315],[85.3457552,28.3109625],[85.3457459,28.3109933],[85.3457393,28.3110234],[85.3457388,28.3110425],[85.3457446,28.3110839],[85.3457454,28.3110996],[85.3457423,28.3111136],[85.3457346,28.3111224],[85.3457268,28.3111268],[85.3457411,28.3111869],[85.3457487,28.3112356],[85.345751,28.311294],[85.3457535,28.3113157],[85.3457651,28.311357],[85.3457858,28.3114006],[85.3458153,28.3114469],[85.3458619,28.311509],[85.3458945,28.3115456],[85.3459688,28.3116147],[85.3459986,28.3116457],[85.3460447,28.3117001],[85.346079,28.311744],[85.3461075,28.3117853],[85.3461306,28.3118249],[85.346153,28.3118675],[85.3461636,28.3118956],[85.3461693,28.3119244],[85.3461712,28.3119555],[85.3461693,28.3119873],[85.3461636,28.3120182],[85.3461504,28.3120537],[85.3461212,28.3121078],[85.3461031,28.3121466],[85.3461178,28.3121746],[85.3461259,28.312202],[85.3461274,28.3122222],[85.3461259,28.3122445],[85.3461213,28.3122612],[85.3461119,28.3122782],[85.3460995,28.3122942],[85.3460618,28.3123362],[85.3460524,28.3123496],[85.3460458,28.3123623],[85.3460352,28.3124039],[85.3460269,28.3124189],[85.3459986,28.3124378],[85.3459882,28.3124483],[85.3459785,28.3124619],[85.3459515,28.3125132],[85.3459397,28.312537],[85.3459135,28.3125996],[85.3458949,28.3126311],[85.3458619,28.3126688],[85.3458328,28.3126925],[85.3457597,28.312736],[85.3457299,28.3127584],[85.3457144,28.3127741],[85.3456811,28.3128128],[85.3456639,28.3128291],[85.345635,28.3128476],[85.3455652,28.3128786],[85.3455366,28.3128951],[85.3455037,28.3129192],[85.3454787,28.3129399],[85.3454584,28.31296],[85.3454423,28.3129799],[85.3454227,28.3130138],[85.3454071,28.3130537],[85.3453961,28.3130984],[85.3453904,28.3131449],[85.3453907,28.3131668],[85.345394,28.3131911],[85.3454173,28.3132816],[85.3454234,28.3133194],[85.3454271,28.3133925],[85.3454234,28.3134467],[85.345416,28.3134851],[85.3454055,28.313522],[85.3453922,28.3135565],[85.3453763,28.3135881],[85.345362,28.3136114],[85.345348,28.3136305],[85.3453194,28.3136633],[85.3452937,28.3136867],[85.3452687,28.3137025],[85.3452443,28.3137107],[85.345222,28.3137125],[85.3451924,28.3137107],[85.3451551,28.3137037],[85.3451175,28.3136905],[85.3450819,28.313672],[85.345051,28.3136494],[85.3450322,28.3136308],[85.3450141,28.313608],[85.3449967,28.3135811],[85.3449803,28.3135504],[85.3449691,28.3135252],[85.3449597,28.3134991],[85.3449524,28.3134727],[85.3449473,28.3134467],[85.3449442,28.3134163],[85.3449439,28.3133839],[85.3449466,28.3133499],[85.344952,28.3133147],[85.3449756,28.3132345],[85.3449786,28.3131995],[85.3449728,28.31311],[85.3449732,28.3130885],[85.3449756,28.3130695],[85.3449822,28.3130378],[85.3449897,28.3130129],[85.3449993,28.3129898],[85.3450113,28.3129668],[85.3450255,28.3129445],[85.3450416,28.3129234],[85.3450552,28.3129096],[85.3450896,28.3128813],[85.3451029,28.3128668],[85.3451135,28.312848],[85.3451307,28.3128014],[85.3451406,28.3127819],[85.3451591,28.3127516],[85.3451661,28.3127442],[85.3451736,28.3127395],[85.3451971,28.3127348],[85.3452093,28.3127302],[85.3452206,28.3127234],[85.3452309,28.3127141],[85.3452406,28.3127022],[85.3452575,28.3126727],[85.3452865,28.312604],[85.3453004,28.3125766],[85.3453183,28.3125525],[85.3453281,28.3125436],[85.3453386,28.3125368],[85.345373,28.3125219],[85.3454187,28.3125085],[85.3454412,28.3125046],[85.3454669,28.3125034],[85.3455486,28.3125086],[85.345575,28.3125091],[85.345597,28.3125075],[85.3456167,28.3125038],[85.3456502,28.3124943],[85.3456733,28.3124849],[85.3456987,28.312468],[85.345723,28.312443],[85.3457456,28.3124116],[85.3457817,28.3123529],[85.3457938,28.3123294],[85.3458041,28.3122999],[85.3458284,28.3121918],[85.3458391,28.3121562],[85.3458463,28.3121398],[85.3458545,28.3121266],[85.3458637,28.3121163],[85.3458741,28.3121088],[85.3458666,28.3120889],[85.3458496,28.3120568],[85.3457959,28.311971],[85.3457811,28.3119404],[85.3457672,28.3119057],[85.3457136,28.311738],[85.3456985,28.3116987],[85.3456827,28.3116646],[85.345656,28.3116197],[85.3455842,28.3115168],[85.3455679,28.3114885],[85.3455554,28.3114619],[85.3455351,28.3114033],[85.3455177,28.3113346],[85.3455015,28.3112421],[85.3454969,28.3111983],[85.3454946,28.3111562],[85.3454945,28.3111157],[85.3454968,28.3110769],[85.3455014,28.3110399],[85.3455083,28.3110046],[85.3455166,28.3109766],[85.345539,28.3109162],[85.345546,28.3108914],[85.3455518,28.3108519],[85.3455507,28.3108443],[85.3455476,28.310791],[85.3455507,28.3107076],[85.3455576,28.3106367],[85.3455849,28.3104773],[85.3455932,28.3104058],[85.3455948,28.3102888],[85.3455979,28.3102455],[85.345602,28.3102207],[85.3456089,28.3101932],[85.3456409,28.3100946],[85.3456238,28.3100554],[85.3455932,28.3099768],[85.3455673,28.3099089],[85.3455507,28.3098542],[85.3455383,28.3097886],[85.3455272,28.3096845],[85.3455233,28.3096319],[85.345522,28.309574],[85.3455307,28.3093121],[85.3455303,28.3092499],[85.3455272,28.3091942],[85.3455083,28.3090292],[85.3455056,28.3089364],[85.3455083,28.3088076],[85.345511,28.3086169],[85.3455162,28.308525],[85.3455218,28.308479],[85.3455293,28.3084366],[85.3455389,28.3083969],[85.3455507,28.3083597],[85.3455839,28.3082852],[85.3455932,28.3082607],[85.3456014,28.3082274],[85.3456059,28.3081894],[85.3456069,28.3081493],[85.3456053,28.3080369],[85.3456075,28.308003],[85.345612,28.3079731],[85.34563,28.3078973],[85.3456518,28.3078271],[85.3456772,28.3077628],[85.3457063,28.3077044],[85.3457539,28.3076335],[85.3457676,28.3076101],[85.3457783,28.3075852],[85.3457983,28.3075267],[85.34581,28.3075017],[85.345822,28.3074835],[85.3458619,28.307431],[85.3458843,28.3073929],[85.3459044,28.3073524],[85.3459222,28.3073099],[85.3459373,28.307266],[85.3459562,28.3071905],[85.345975,28.3070915],[85.3459801,28.3070389],[85.3459801,28.3069799],[85.3459761,28.3069217],[85.3459613,28.3067734],[85.3459588,28.3066929],[85.345903,28.3066042],[85.345876,28.3065541],[85.3458441,28.3064798],[85.3458167,28.3064025],[85.3457943,28.3063232],[85.345777,28.3062429],[85.3457606,28.3061683],[85.3457554,28.3061369],[85.3457542,28.3061053],[85.3457582,28.3060779],[85.3457675,28.3060539],[85.3458006,28.3059931],[85.3458102,28.3059641],[85.345827,28.3058958],[85.3458383,28.3058658],[85.3458548,28.3058374],[85.3459043,28.3057668],[85.345919,28.305739],[85.3459329,28.3057067],[85.3459706,28.3055971],[85.3459855,28.3055586],[85.3460029,28.3055232],[85.3460222,28.3054933],[85.3460513,28.3054555],[85.346074,28.305432],[85.3461039,28.3054088],[85.34614,28.3053707],[85.3461581,28.3053562],[85.3461805,28.3053432],[85.3462058,28.305332],[85.3462799,28.3053035],[85.3463014,28.3052927],[85.3463192,28.3052812],[85.3463456,28.3052602],[85.3463713,28.3052371],[85.3463957,28.3052125],[85.3464182,28.3051869],[85.3464317,28.3051689],[85.3464439,28.305149],[85.3464653,28.3051023],[85.3464816,28.305052],[85.346519,28.3049121],[85.3465337,28.304872],[85.3465502,28.304838],[85.3465685,28.3048084],[85.3465916,28.3047769],[85.3466727,28.3046805],[85.3466994,28.3046467],[85.3467215,28.3046143],[85.3467388,28.3045834],[85.346762,28.30453],[85.3467828,28.3044687],[85.3468015,28.3043989],[85.3468236,28.3043006],[85.3468294,28.3042626],[85.3468348,28.3041849],[85.3468385,28.3041528],[85.3468458,28.3041205],[85.3468566,28.3040931],[85.3468685,28.3040714],[85.3468703,28.3040637],[85.3468834,28.3040235],[85.3469011,28.3039796],[85.3469286,28.3039197],[85.3469503,28.3038785],[85.3469781,28.3038349],[85.3470089,28.3037925],[85.3470946,28.3036808],[85.3471185,28.3036464],[85.3471384,28.3036145],[85.3471801,28.3035347],[85.3472719,28.303326],[85.347296,28.3032764],[85.3473196,28.3032331],[85.3473408,28.3031993],[85.347367,28.303163],[85.3474664,28.3030405],[85.347503,28.3029917],[85.3475354,28.3029394],[85.347558,28.3028898],[85.3475687,28.3028535],[85.3475762,28.3028121],[85.3475797,28.3027767],[85.347567,28.3027598],[85.3475494,28.302732],[85.3475334,28.3027017],[85.3475198,28.3026705],[85.347511,28.3026435],[85.3475046,28.3026141],[85.3475007,28.3025824],[85.3474995,28.3025491],[85.3475008,28.3025146],[85.3475047,28.3024798],[85.3475111,28.3024456],[85.3475198,28.302413],[85.347526,28.302397],[85.3475351,28.3023797],[85.3475825,28.3023064],[85.347591,28.3022876],[85.3475961,28.3022699],[85.3476021,28.3022343],[85.3476039,28.3022072],[85.347602,28.3021841],[85.3475961,28.302165],[85.347581,28.3021413],[85.347558,28.3021174],[85.3475433,28.3021073],[85.3475398,28.302106],[85.347534,28.3021064],[85.3474169,28.3021113],[85.3473497,28.302129],[85.34731,28.3021364],[85.3470745,28.3021623],[85.3470021,28.3021728],[85.3469379,28.3021846],[85.3468738,28.3021996],[85.3468148,28.302217],[85.3467601,28.3022372],[85.3467092,28.3022604],[85.3466462,28.3022965],[85.3466234,28.3023081],[85.3465915,28.3023196],[85.3465548,28.3023275],[85.3465132,28.3023321],[85.346426,28.3023365],[85.346389,28.3023398],[85.3463511,28.3023462],[85.3463183,28.3023558],[85.3462956,28.3023656],[85.3462419,28.3023929],[85.3462134,28.3024034],[85.3461799,28.3024097],[85.3461415,28.3024118],[85.3460989,28.30241],[85.3460322,28.3024034],[85.3459774,28.3023959],[85.3459197,28.3023839],[85.3458588,28.3023674],[85.3457938,28.3023462],[85.3457591,28.3023325],[85.3457219,28.3023146],[85.3456426,28.3022693],[85.3456123,28.30227],[85.3455849,28.3022686],[85.3455598,28.302265],[85.3455366,28.3022592],[85.34548,28.3022356],[85.3454287,28.3022207],[85.3453697,28.3022107],[85.3453124,28.3022056],[85.3451689,28.3021979],[85.34496,28.3021769],[85.3449566,28.3021775],[85.344926,28.3021841],[85.344876,28.302195],[85.3448191,28.3022029],[85.3447646,28.3022075],[85.3446375,28.3022152],[85.3445803,28.3022209],[85.3444834,28.3022634],[85.3444334,28.3022828],[85.344364,28.3023043],[85.3442805,28.3023256],[85.3442804,28.3023256],[85.3442492,28.3023374],[85.3442203,28.3023462],[85.3441859,28.3023538],[85.3441467,28.3023592],[85.3441278,28.3023605],[85.3440506,28.3023804],[85.3439855,28.3024006],[85.3439141,28.302429],[85.3437878,28.3024883],[85.3437387,28.3025099],[85.343688,28.3025288],[85.3436414,28.3025421],[85.3435795,28.3025526],[85.3435111,28.3026062],[85.3434723,28.3026337],[85.3434304,28.3026568],[85.3434104,28.3026648],[85.3433907,28.3026705],[85.343354,28.3026775],[85.3433161,28.302682],[85.3432782,28.3026836],[85.3432411,28.3026825],[85.3432059,28.3026787],[85.3431727,28.3026721],[85.3431685,28.3026709],[85.3430332,28.3026976],[85.3429933,28.3027037],[85.3429485,28.3027079],[85.3427849,28.3027152],[85.3427192,28.3027206],[85.3426846,28.3027256],[85.3426526,28.302732],[85.3426228,28.3027399],[85.3425947,28.3027495],[85.3425257,28.3027821],[85.3425005,28.3027919],[85.3424764,28.3027976],[85.3424224,28.3028056],[85.3424015,28.3028108],[85.3423565,28.3028289],[85.3423024,28.3028579],[85.3422695,28.30288],[85.3422358,28.3029087],[85.3422047,28.3029398],[85.342127,28.3030234],[85.3420809,28.3030654],[85.3420188,28.3031136],[85.3419724,28.3031455],[85.3419408,28.3031632],[85.3419042,28.3031796],[85.3418638,28.3031945],[85.3417463,28.3032338],[85.3417108,28.3032482],[85.3416801,28.3032634],[85.3416419,28.3032864],[85.3415599,28.3033416],[85.3415246,28.3033624],[85.341433,28.3034183],[85.3413973,28.3034369],[85.3413806,28.303443],[85.3413673,28.3034451],[85.3413572,28.3034434],[85.3413501,28.3034378],[85.3413455,28.3034291],[85.3413417,28.3034168],[85.3413376,28.3033853],[85.3413389,28.3033539],[85.3413454,28.3033294],[85.341357,28.3033126],[85.3413867,28.3032847],[85.3413973,28.3032728],[85.341406,28.303259],[85.341414,28.3032425],[85.3414416,28.3031687],[85.3414496,28.3031535],[85.3414586,28.3031408],[85.3414737,28.3031242],[85.341501,28.3030984],[85.3415533,28.3030519],[85.3416119,28.3030061],[85.3416772,28.3029607],[85.3417509,28.3029145],[85.3417915,28.3028926],[85.3418391,28.3028718],[85.3419976,28.3028155],[85.3420519,28.3027941],[85.3421006,28.3027704],[85.3421422,28.3027448],[85.3422475,28.3026748],[85.3422753,28.3026539],[85.3422983,28.3026341],[85.3423199,28.3026118],[85.342337,28.3025892],[85.34235,28.302566],[85.342359,28.3025421],[85.3423637,28.3025232],[85.3423701,28.3025083],[85.3423794,28.3024941],[85.3423916,28.3024805],[85.3424069,28.3024676],[85.3424249,28.3024553],[85.3424461,28.3024434],[85.3425005,28.3024195],[85.3425269,28.3024114],[85.3425579,28.302406],[85.3425913,28.3024032],[85.342656,28.3024006],[85.3427051,28.3024013],[85.342819,28.3024116],[85.3428474,28.3024119],[85.3428729,28.30241],[85.342906,28.3024039],[85.3429895,28.30238],[85.3430285,28.3023723],[85.3431228,28.3023676],[85.3431847,28.3023572],[85.3432677,28.3023358],[85.3432688,28.3023348],[85.3433126,28.3022822],[85.3433335,28.3022604],[85.3433563,28.3022407],[85.3433814,28.3022216],[85.343439,28.302185],[85.3435071,28.3021496],[85.3436005,28.3021078],[85.3436545,28.3020865],[85.343715,28.3020662],[85.3437831,28.3020465],[85.343877,28.302022],[85.3439451,28.3020059],[85.344016,28.3019915],[85.3440901,28.3019788],[85.3441679,28.3019676],[85.3442491,28.301958],[85.3443358,28.3019497],[85.344535,28.3019362],[85.3446104,28.3019305],[85.3446203,28.3019273],[85.3446807,28.3019118],[85.3447452,28.3018992],[85.3448152,28.3018892],[85.3448758,28.3018829],[85.3449436,28.3018779],[85.345184,28.3018663],[85.3452788,28.3018599],[85.345387,28.3018545],[85.345508,28.3018558],[85.3456321,28.3018625],[85.3459672,28.3018871],[85.3460673,28.3018909],[85.3461565,28.3018909],[85.3462575,28.3018854],[85.3463448,28.3018745],[85.3463564,28.3018599],[85.3463925,28.3018207],[85.3464348,28.301786],[85.3464838,28.3017553],[85.3465403,28.3017281],[85.3465952,28.3017072],[85.3466589,28.3016874],[85.3467241,28.3016702],[85.3468997,28.3016274],[85.3469335,28.3016175],[85.3469963,28.3015701],[85.3470253,28.3015511],[85.3470525,28.3015357],[85.3470977,28.3015157],[85.3472015,28.3014788],[85.3472314,28.3014649],[85.3472453,28.3014537],[85.3472639,28.3014408],[85.3472814,28.3014308],[85.3473012,28.3014231],[85.3473148,28.3014139],[85.3473506,28.3013862],[85.3473867,28.3013552],[85.347423,28.3013208],[85.3474601,28.3012827],[85.3474995,28.3012375],[85.3475871,28.3012146],[85.3476534,28.3010378],[85.3476534,28.3009568],[85.347646,28.3008758],[85.3476018,28.3008095],[85.3475919,28.3007976],[85.347565,28.3007653],[85.347484,28.3007505],[85.3473863,28.300208],[85.3473514,28.3000139],[85.3472507,28.2998038],[85.3472528,28.299638],[85.3472617,28.2993758],[85.347268,28.2992826],[85.3472762,28.2991987],[85.3472875,28.2991173],[85.3473015,28.2990415],[85.3473185,28.2989705],[85.3473386,28.2989037],[85.3473596,28.2988493],[85.3473873,28.2987912],[85.3474234,28.2987262],[85.3475055,28.2985906],[85.3475396,28.2985311],[85.3475719,28.298467],[85.3475961,28.2984078],[85.3476096,28.2983666],[85.3476133,28.2983535],[85.3476056,28.2983411],[85.3475881,28.2983032],[85.3475744,28.2982608],[85.3475647,28.2982139],[85.347559,28.298163],[85.3475574,28.298108],[85.3475599,28.2980502],[85.3475665,28.2979906],[85.347577,28.297931],[85.3475856,28.2979014],[85.3475988,28.2978716],[85.3476169,28.2978413],[85.3476401,28.2978099],[85.3476904,28.2977544],[85.3478195,28.2976285],[85.3478488,28.2975957],[85.3478724,28.2975652],[85.3478918,28.2975344],[85.3479062,28.2975043],[85.3479157,28.2974745],[85.3479203,28.2974447],[85.3479214,28.2973904],[85.3479168,28.2973323],[85.3479067,28.297273],[85.3478917,28.2972158],[85.3478787,28.2971838],[85.3478588,28.2971499],[85.3478365,28.2971187],[85.3477809,28.2970479],[85.3477571,28.297013],[85.34774,28.2969802],[85.3477296,28.2969488],[85.347722,28.2969022],[85.3477194,28.2968496],[85.3477219,28.2967902],[85.3477296,28.2967199],[85.3477367,28.2966839],[85.3477487,28.2966452],[85.347767,28.2966002],[85.3478118,28.2965048],[85.3478297,28.2964628],[85.3478449,28.2964178],[85.3478536,28.2963766],[85.3478581,28.2963316],[85.3478595,28.296281],[85.3478536,28.2961287],[85.3478483,28.2960602],[85.3478379,28.295984],[85.3477929,28.2957481],[85.3477801,28.2956715],[85.347772,28.2956066],[85.3477677,28.295547],[85.3477634,28.2954098],[85.3477644,28.2953616],[85.3477678,28.2953181],[85.3477742,28.2952774],[85.347798,28.2951748],[85.3478059,28.2951274],[85.347809,28.2950721],[85.3478067,28.2950102],[85.3478009,28.2949509],[85.3477828,28.2948085],[85.3477773,28.2947364],[85.3477763,28.2946619],[85.3477785,28.2945787],[85.3477957,28.2943094],[85.3478,28.2942136],[85.3478001,28.2941918],[85.3477565,28.2940568],[85.3477298,28.2939646],[85.3477064,28.293876],[85.3476861,28.2937909],[85.347669,28.293709],[85.3476549,28.2936301],[85.3476439,28.2935542],[85.347635,28.2934696],[85.3476302,28.2933887],[85.3476295,28.2933113],[85.3476296,28.2933097],[85.3476126,28.2931908],[85.347605,28.293156],[85.3475961,28.2931248],[85.3475787,28.2930798],[85.3475347,28.2929834],[85.3475236,28.2929539],[85.3474626,28.2928674],[85.3473892,28.2927658],[85.3473422,28.2926931],[85.3473062,28.2926254],[85.3472924,28.2925934],[85.3472814,28.2925622],[85.3472645,28.2924999],[85.3472519,28.2924348],[85.3472447,28.2923738],[85.347243,28.2923713],[85.3472097,28.2923319],[85.3471248,28.292244],[85.34709,28.2921998],[85.3470005,28.2920659],[85.3469474,28.2919792],[85.3469045,28.2918969],[85.3468873,28.2918579],[85.3468728,28.2918197],[85.3468643,28.2917895],[85.3468473,28.291706],[85.3468393,28.2916822],[85.3468293,28.2916622],[85.3468021,28.2916242],[85.3467885,28.2915942],[85.3467795,28.291558],[85.346775,28.2915206],[85.3467696,28.2914341],[85.3467653,28.2914078],[85.3467503,28.2913425],[85.3467466,28.2913121],[85.3467473,28.2912959],[85.3467504,28.291282],[85.346756,28.2912702],[85.3467641,28.2912603],[85.3467859,28.291244],[85.3467875,28.2912433],[85.3467822,28.2912268],[85.3467778,28.2912032],[85.3467781,28.2911829],[85.3467843,28.2911593],[85.3467901,28.2911479],[85.3467699,28.2911075],[85.3467577,28.291074],[85.3467492,28.2910378],[85.3467441,28.2909986],[85.3467424,28.2909558],[85.3467437,28.2909141],[85.3467477,28.2908671],[85.3467699,28.2907002],[85.3467796,28.2906278],[85.3467744,28.2905774],[85.3467754,28.2905186],[85.3467825,28.2904534],[85.3467954,28.2903862],[85.3468208,28.2903013],[85.3468291,28.2902528],[85.3468318,28.2901981],[85.3468298,28.2901424],[85.3468187,28.2899938],[85.3468183,28.2899499],[85.3468208,28.289911],[85.3468362,28.2897968],[85.3468581,28.289684],[85.3468862,28.2895739],[85.3469202,28.2894676],[85.3469598,28.2893661],[85.3470047,28.28927],[85.3470546,28.2891799],[85.3470964,28.289116],[85.3472051,28.2890529],[85.347434,28.2888241],[85.3475675,28.2886524],[85.3477582,28.2883568],[85.3478822,28.2882328],[85.3482255,28.2879944],[85.3485497,28.2876034],[85.3488072,28.2874699],[85.3493182,28.2874549],[85.3495007,28.2874252],[85.3496082,28.2874032],[85.3497079,28.2873756],[85.3498176,28.2873399],[85.349922,28.2873023],[85.3501739,28.2872075],[85.3503047,28.2871622],[85.350371,28.2871417],[85.3504337,28.2871244],[85.350494,28.2871099],[85.3505523,28.287098],[85.3507335,28.2870694],[85.3509214,28.2870356],[85.3510549,28.2870093],[85.3510805,28.2870036],[85.3513533,28.2869073],[85.3515933,28.286843],[85.3516585,28.2868119],[85.3517634,28.2867547],[85.3517959,28.28674],[85.3518306,28.2867268],[85.3518677,28.286715],[85.351908,28.2867043],[85.3519908,28.2866872],[85.3521559,28.2866609],[85.352224,28.2866483],[85.3522938,28.2866315],[85.3523546,28.2866117],[85.3525719,28.2865351],[85.3526293,28.2865119],[85.3526789,28.2864886],[85.3527284,28.2864608],[85.3527715,28.286431],[85.3528089,28.2863987],[85.3528409,28.2863638],[85.3528696,28.2863256],[85.3528879,28.2863124],[85.352911,28.2863035],[85.3529385,28.2862992],[85.3529695,28.2862995],[85.3529954,28.2863035],[85.3530031,28.286297],[85.3533273,28.2860967],[85.3538041,28.2860586],[85.3539518,28.2861542],[85.3540997,28.2861349],[85.3545288,28.2863161],[85.3548227,28.286414],[85.3549866,28.2864686],[85.3552631,28.2864686],[85.3558162,28.2864019],[85.3561786,28.2863161],[85.3564456,28.2862302],[85.3565505,28.286173],[85.3568461,28.2860777],[85.3571226,28.2859632],[85.3573897,28.2858011],[85.3578188,28.2856962],[85.3580763,28.2855627],[85.3587819,28.2854769],[85.3593064,28.2854101],[85.3599835,28.2855055],[85.360527,28.2855055],[85.3609848,28.2854674],[85.3612422,28.2853911],[85.3616332,28.2852671],[85.361719,28.2852099],[85.3619384,28.2851241],[85.3620719,28.2850955],[85.3621195,28.2850856],[85.3623484,28.2850382],[85.3628157,28.2850096],[85.3636644,28.2850478],[85.3645989,28.285248],[85.364795,28.2853019],[85.3649804,28.2853529],[85.3654572,28.2853911],[85.3664394,28.2854197],[85.3665157,28.2854152],[85.3665446,28.2854246],[85.3665942,28.2854373],[85.3666395,28.2854446],[85.3666693,28.2854461],[85.3667925,28.2854204],[85.3671089,28.2853443],[85.3671928,28.2853273],[85.367269,28.2853148],[85.3673583,28.2853045],[85.3674574,28.2852976],[85.3675622,28.2852939],[85.3678586,28.2852883],[85.3679501,28.2852837],[85.3680319,28.2852766],[85.3681485,28.285261],[85.3684215,28.2852156],[85.3684922,28.2852064],[85.3685564,28.2852003],[85.3686234,28.2851978],[85.3687914,28.2851981],[85.3688385,28.2851956],[85.3688806,28.2851908],[85.3689258,28.2851822],[85.3690384,28.2851535],[85.3690904,28.2851431],[85.369139,28.2851369],[85.3691795,28.2851332],[85.3692149,28.2851177],[85.3692654,28.2850976],[85.3693144,28.2850804],[85.3693617,28.2850662],[85.3694076,28.2850549],[85.3694523,28.2850464],[85.369479,28.2850434],[85.3695467,28.2850394],[85.3695816,28.2850335],[85.3696146,28.2850216],[85.3696495,28.2850026],[85.3696812,28.284981],[85.3697532,28.284927],[85.3697886,28.2849041],[85.3698689,28.2848593],[85.3699498,28.2848169],[85.370031,28.2847772],[85.3701123,28.28474],[85.3701936,28.2847056],[85.3702745,28.2846741],[85.3703552,28.2846454],[85.3704353,28.2846196],[85.3704769,28.2846081],[85.3705211,28.2845984],[85.3705683,28.2845903],[85.3706195,28.2845837],[85.3707159,28.2845754],[85.3709505,28.284562],[85.3710131,28.2845562],[85.3710687,28.2845489],[85.3711268,28.2845383],[85.3711801,28.2845251],[85.3712297,28.2845092],[85.371276,28.2844902],[85.3713672,28.2844446],[85.3714572,28.2843919],[85.3715439,28.2843333],[85.3716252,28.2842703],[85.3716535,28.2842453],[85.3716815,28.2842176],[85.3717095,28.2841869],[85.3717378,28.2841527],[85.3717913,28.2840808],[85.3718909,28.2839347],[85.3719335,28.2838751],[85.3719806,28.2838157],[85.3720262,28.2837659],[85.3720826,28.2837107],[85.3721402,28.2836572],[85.372199,28.2836054],[85.3722588,28.2835556],[85.3723194,28.2835078],[85.3723807,28.2834622],[85.3724425,28.2834189],[85.3725047,28.2833779],[85.3725818,28.283331],[85.3726661,28.283284],[85.3727594,28.2832358],[85.3728669,28.2831839],[85.3729241,28.2831591],[85.3729896,28.283135],[85.3732152,28.2830645],[85.3732989,28.2830355],[85.3733798,28.2830013],[85.3734156,28.2829831],[85.3734489,28.282964],[85.3734923,28.2829351],[85.3735368,28.2829009],[85.3735835,28.2828606],[85.3736364,28.2828107],[85.3736522,28.2827273],[85.3736591,28.2826985],[85.3736684,28.2826687],[85.3736944,28.2826051],[85.3737272,28.2825407],[85.3737972,28.2824165],[85.3738306,28.2823597],[85.3738678,28.2823046],[85.3739089,28.282251],[85.373954,28.2821989],[85.3740032,28.2821481],[85.3740566,28.2820984],[85.3741146,28.2820497],[85.3741774,28.2820015],[85.3742374,28.2819592],[85.374302,28.2819167],[85.3743717,28.2818738],[85.374448,28.2818295],[85.3746021,28.281746],[85.3746499,28.2817214],[85.3746617,28.2816503],[85.3746767,28.281579],[85.374695,28.281508],[85.3747165,28.2814378],[85.3747361,28.2813868],[85.3747878,28.2812722],[85.374807,28.2812179],[85.3748131,28.2811916],[85.3748169,28.2811633],[85.3748186,28.2811325],[85.374818,28.2810989],[85.3748124,28.2810345],[85.3747918,28.2808808],[85.3747888,28.2808416],[85.3747883,28.2808073],[85.3747909,28.280772],[85.374797,28.2807407],[85.3748066,28.2807126],[85.3748199,28.2806876],[85.3748317,28.2806718],[85.3748462,28.2806566],[85.3748637,28.2806419],[85.3748844,28.2806273],[85.3749263,28.280603],[85.3750296,28.2805502],[85.3750745,28.2805225],[85.3751067,28.2804959],[85.3751304,28.2804677],[85.3751444,28.2804446],[85.3751574,28.280419],[85.3751801,28.2803594],[85.375199,28.2802893],[85.3752209,28.2801832],[85.3752292,28.2801216],[85.3752377,28.2799828],[85.3752468,28.2799245],[85.3752667,28.2798361],[85.3752811,28.2797796],[85.3752966,28.2797291],[85.3753133,28.2796856],[85.3753324,28.2796462],[85.3753534,28.2796127],[85.3753766,28.2795848],[85.375402,28.2795623],[85.3754206,28.2795499],[85.3754416,28.2795385],[85.3754917,28.2795183],[85.3755524,28.2795014],[85.3756348,28.2794847],[85.3756797,28.2794805],[85.3757892,28.279481],[85.3758173,28.2794778],[85.3758417,28.2794718],[85.3758965,28.2794515],[85.3759415,28.2794292],[85.375975,28.2794057],[85.3759875,28.2793936],[85.3759969,28.2793812],[85.3760051,28.2793644],[85.3760096,28.2793446],[85.3760107,28.2793216],[85.3760082,28.2792952],[85.3759953,28.2792392],[85.3759581,28.2791226],[85.3759497,28.279097],[85.3759386,28.279071],[85.3759245,28.2790442],[85.3759074,28.2790163],[85.3758714,28.2789658],[85.3757796,28.2788484],[85.3757576,28.2788169],[85.3757398,28.2787881],[85.3757239,28.2787574],[85.375712,28.2787277],[85.3757039,28.2786986],[85.3756995,28.2786699],[85.3756967,28.2786175],[85.375698,28.2785668],[85.3757033,28.2785193],[85.3757124,28.2784759],[85.3757253,28.2784369],[85.3757439,28.2783954],[85.3757684,28.2783505],[85.3758029,28.2782948],[85.3758285,28.2782597],[85.3758608,28.2782234],[85.3758953,28.2781898],[85.3759772,28.278115],[85.3759781,28.2781041],[85.3759888,28.2780362],[85.3760047,28.2779659],[85.3760258,28.2778934],[85.3760453,28.277838],[85.3760347,28.277755],[85.3760267,28.2776707],[85.3760226,28.2775822],[85.3760225,28.2774886],[85.3760262,28.277388],[85.3760407,28.2772039],[85.3760512,28.2771049],[85.3760253,28.2770755],[85.3759963,28.2770458],[85.3759279,28.2769847],[85.3758511,28.2769246],[85.3756968,28.2768124],[85.3756352,28.2767658],[85.3755742,28.2767155],[85.3755241,28.2766684],[85.3754971,28.2766394],[85.3754731,28.2766106],[85.3754522,28.2765817],[85.3754341,28.2765527],[85.3754188,28.2765233],[85.3754062,28.2764934],[85.3753963,28.2764631],[85.375389,28.2764323],[85.3753704,28.2763408],[85.375364,28.2762901],[85.3753637,28.2762668],[85.3753656,28.2762462],[85.3753697,28.2762281],[85.3753761,28.2762124],[85.375389,28.2761949],[85.375409,28.2761791],[85.3754344,28.2761651],[85.3754929,28.2761391],[85.3755173,28.2761268],[85.3755401,28.2761119],[85.3755572,28.276096],[85.3755851,28.2760591],[85.3756089,28.2760184],[85.3756188,28.2759964],[85.3756273,28.2759726],[85.3756398,28.2759189],[85.3756465,28.2758573],[85.3756477,28.2757856],[85.3756449,28.2757524],[85.3756375,28.2757186],[85.3756256,28.2756838],[85.3756089,28.2756475],[85.3755906,28.2756145],[85.3755678,28.2755784],[85.3754753,28.2754477],[85.3754398,28.2753931],[85.3754091,28.2753351],[85.3753978,28.2753078],[85.375389,28.2752811],[85.3753591,28.2751741],[85.3753436,28.2751037],[85.3753362,28.27504],[85.3753357,28.2750111],[85.3753373,28.2749836],[85.3753426,28.2749445],[85.3753505,28.2749054],[85.3753608,28.2748671],[85.3753733,28.2748305],[85.3753877,28.2747965],[85.3754038,28.2747652],[85.3754216,28.2747369],[85.3754408,28.274712],[85.3754588,28.2746941],[85.3754818,28.2746768],[85.375509,28.2746603],[85.3755918,28.2746152],[85.3756156,28.2745991],[85.3756348,28.2745827],[85.3756587,28.2745548],[85.3756807,28.2745192],[85.3756985,28.2744826],[85.3757366,28.2743949],[85.3757572,28.2743551],[85.375779,28.2743233],[85.3758029,28.2742981],[85.3758561,28.2742558],[85.3758805,28.2742399],[85.3759038,28.2742273],[85.3759015,28.2742103],[85.3758885,28.2741154],[85.3759469,28.2741194],[85.3760994,28.2737571],[85.3762234,28.2730705],[85.376233,28.2726509],[85.3762043,28.272279],[85.3761281,28.2719547],[85.3760708,28.2717449],[85.3760327,28.2714684],[85.3758897,28.2711728],[85.3756894,28.270839],[85.3756703,28.2706578],[85.3756799,28.2703813],[85.3757085,28.2702001],[85.3757371,28.2699998],[85.3757561,28.26979],[85.3757466,28.2696947],[85.3756894,28.2693514],[85.3754533,28.2690647],[85.3754224,28.2690272],[85.3752603,28.2684455],[85.375184,28.2682166],[85.3751172,28.2680831],[85.375083,28.2675552],[85.3750696,28.2673488],[85.3749933,28.2672058],[85.3748163,28.2671999],[85.3747493,28.2671142],[85.3746748,28.2670272],[85.3746351,28.2669864],[85.374589,28.2669443],[85.3745333,28.2668977],[85.3743604,28.2667601],[85.3743493,28.2667502],[85.3742635,28.2667356],[85.3741839,28.2667188],[85.3740596,28.2666899],[85.3739846,28.2666707],[85.3739163,28.2666506],[85.3738561,28.2666294],[85.3737766,28.2665949],[85.3736965,28.2665523],[85.3736152,28.2665012],[85.3735315,28.2664409],[85.3734511,28.2663763],[85.373364,28.2663004],[85.3732793,28.2662221],[85.3730962,28.2660483],[85.3730572,28.26601],[85.3730182,28.2659678],[85.3729789,28.2659215],[85.3729384,28.2658701],[85.3728662,28.2657706],[85.3726963,28.2655227],[85.3726482,28.2654573],[85.3726031,28.2654004],[85.3725524,28.2653423],[85.3725021,28.2652911],[85.3724513,28.265246],[85.3723996,28.2652065],[85.3721575,28.2650947],[85.3721513,28.2650865],[85.3721168,28.2650702],[85.3720872,28.2650542],[85.3720612,28.2650376],[85.3720383,28.2650202],[85.3720149,28.2649985],[85.371993,28.2649736],[85.3719723,28.264945],[85.3719526,28.2649125],[85.3719175,28.2648407],[85.3718558,28.2646875],[85.3718274,28.2646245],[85.3718102,28.2645919],[85.3717927,28.2645629],[85.3717744,28.2645369],[85.3717552,28.2645136],[85.371719,28.2644792],[85.3716696,28.2644425],[85.3716583,28.2644401],[85.3714713,28.2644014],[85.3713202,28.2641795],[85.3713529,28.2640815],[85.3715168,28.2636643],[85.3716062,28.2635302],[85.3716062,28.2633663],[85.3715764,28.2632322],[85.3715169,28.2631882],[85.3714721,28.2628746],[85.3712671,28.2625717],[85.3711294,28.262368],[85.3708612,28.2619657],[85.3707554,28.2618321],[85.3705781,28.2616081],[85.3704291,28.2612803],[85.3702503,28.261027],[85.3700864,28.2608929],[85.3697585,28.2608184],[85.3695499,28.260729],[85.3694456,28.260431],[85.3691327,28.2603267],[85.3688049,28.260282],[85.3686708,28.2602373],[85.3686586,28.2602353],[85.3686013,28.2602527],[85.3685515,28.2602657],[85.3685056,28.2602754],[85.3684622,28.260282],[85.3683207,28.2602962],[85.3682615,28.2602996],[85.3682068,28.2603007],[85.3681546,28.2602995],[85.3681055,28.260296],[85.3680592,28.2602902],[85.3680152,28.260282],[85.367974,28.2602716],[85.3679315,28.2602585],[85.3678877,28.2602425],[85.3678425,28.2602238],[85.3677959,28.2602021],[85.3677474,28.2601775],[85.3676427,28.2601181],[85.3675963,28.2600868],[85.3675511,28.2600497],[85.3675067,28.2600063],[85.3674621,28.2599558],[85.3674285,28.2599133],[85.3673928,28.2598646],[85.3672496,28.2596527],[85.3671835,28.2595627],[85.3669358,28.2593503],[85.3667916,28.259286],[85.3667483,28.2592653],[85.3666997,28.2592378],[85.3666593,28.2592092],[85.3666038,28.259161],[85.3665521,28.2591094],[85.3665058,28.2590555],[85.3664656,28.2590006],[85.366433,28.2589466],[85.3664033,28.2588867],[85.3663464,28.2588367],[85.3660335,28.2587175],[85.3655567,28.2585387],[85.3651991,28.2584493],[85.365155,28.2584237],[85.3651147,28.2583687],[85.3650662,28.2582977],[85.3650537,28.2582784],[85.3650013,28.2582522],[85.3649534,28.2582246],[85.36491,28.258196],[85.3648713,28.2581662],[85.3648494,28.2581463],[85.3648281,28.2581237],[85.3648073,28.2580983],[85.3647866,28.2580695],[85.364751,28.2580126],[85.3646677,28.257866],[85.3646425,28.257827],[85.364618,28.2577937],[85.364534,28.2576826],[85.3644948,28.2576347],[85.3644519,28.2575901],[85.3644094,28.2575552],[85.3643804,28.2575379],[85.3643073,28.2575028],[85.3642898,28.257492],[85.3642753,28.2574807],[85.3642522,28.2574565],[85.3642299,28.2574255],[85.3642102,28.2573916],[85.364171,28.2573168],[85.3641447,28.2572635],[85.3641225,28.257206],[85.364104,28.2571436],[85.3640889,28.2570753],[85.3640785,28.2570111],[85.3640699,28.2569387],[85.364049,28.2566732],[85.3640373,28.2565661],[85.3640286,28.2565096],[85.3640183,28.2564576],[85.3640062,28.256409],[85.3639922,28.2563632],[85.3639743,28.2563146],[85.3639517,28.2562612],[85.3638693,28.2560874],[85.3638407,28.2560233],[85.3638163,28.2559598],[85.3637985,28.2559013],[85.3637806,28.2558227],[85.3637668,28.25574],[85.363757,28.2556533],[85.3637513,28.2555626],[85.3637496,28.2554678],[85.3637519,28.2553686],[85.3637583,28.255265],[85.3637687,28.2551563],[85.3637795,28.2550858],[85.363797,28.2550095],[85.363823,28.2549196],[85.3638866,28.2547271],[85.3639122,28.2546426],[85.3639343,28.2545525],[85.3639475,28.2544709],[85.3639535,28.2543887],[85.363956,28.2541792],[85.3639624,28.2540835],[85.3639708,28.2540256],[85.3639836,28.2539623],[85.3640006,28.2538933],[85.364029,28.2537893],[85.3640259,28.2537712],[85.3640059,28.2536093],[85.3639955,28.2535409],[85.3639803,28.2534706],[85.3639611,28.2534097],[85.3639325,28.2533384],[85.3638989,28.2532644],[85.3638601,28.253187],[85.3638153,28.2531047],[85.3637678,28.2530228],[85.3637253,28.2529544],[85.3636839,28.2528938],[85.3636429,28.2528395],[85.3636213,28.2528155],[85.363594,28.2527905],[85.3634838,28.2527064],[85.3634432,28.2526708],[85.3634245,28.2526501],[85.3634097,28.2526296],[85.3633985,28.2526088],[85.363391,28.2525876],[85.3633832,28.2525461],[85.3633805,28.2524994],[85.3633832,28.25245],[85.363391,28.2524019],[85.3633992,28.2523716],[85.3634107,28.2523407],[85.3634253,28.2523094],[85.3634429,28.2522782],[85.3634633,28.2522473],[85.363486,28.2522175],[85.3635107,28.2521893],[85.363523,28.2521771],[85.3635005,28.2520422],[85.363575,28.2517293],[85.363724,28.2514164],[85.3637973,28.2512535],[85.3638581,28.2511184],[85.3639475,28.2507608],[85.3639475,28.2503287],[85.3639326,28.2496582],[85.3639028,28.249539],[85.363724,28.2493155],[85.3634382,28.2490569],[85.3634343,28.2490368],[85.3634197,28.2489812],[85.3634172,28.2489735],[85.3633704,28.2489332],[85.3633287,28.2488941],[85.3632911,28.2488555],[85.3632575,28.2488171],[85.3632274,28.2487785],[85.3632008,28.2487395],[85.3631776,28.2487],[85.3631578,28.2486599],[85.3631459,28.2486304],[85.3631348,28.248597],[85.3630934,28.2484339],[85.3630814,28.2483954],[85.3630684,28.2483619],[85.3630377,28.2483022],[85.3629605,28.2481762],[85.3629343,28.2481235],[85.3629161,28.248073],[85.3629024,28.2480181],[85.3628929,28.2479577],[85.3628872,28.2478894],[85.3628768,28.2478804],[85.3628045,28.2478137],[85.3627398,28.247746],[85.3627125,28.2477136],[85.3627071,28.2477065],[85.3626214,28.2473636],[85.3624873,28.2471401],[85.3622191,28.2469911],[85.3619062,28.2469315],[85.3616921,28.2469023],[85.3616548,28.2468749],[85.3614073,28.2467057],[85.3613481,28.2466621],[85.361296,28.2466208],[85.3612255,28.2465614],[85.3611577,28.2465018],[85.3610928,28.246442],[85.3610308,28.2463821],[85.3609716,28.2463201],[85.3609101,28.2462485],[85.3608454,28.2461669],[85.3606598,28.2459233],[85.3605983,28.2458492],[85.3605402,28.2457854],[85.3604434,28.2456858],[85.3603693,28.2456128],[85.3603004,28.2455492],[85.3602352,28.2454937],[85.3601356,28.2454166],[85.3600358,28.2453465],[85.3599363,28.2452837],[85.3598374,28.2452285],[85.3597798,28.2452012],[85.3597144,28.2451752],[85.3596405,28.24515],[85.3594205,28.245081],[85.3593528,28.2450557],[85.3592938,28.2450297],[85.3591918,28.2449783],[85.359094,28.2449249],[85.3590006,28.2448695],[85.3589118,28.2448122],[85.3588276,28.2447531],[85.3587483,28.2446922],[85.3586738,28.2446297],[85.3586043,28.2445656],[85.35848,28.2444497],[85.3584213,28.2443884],[85.3583948,28.2443559],[85.3583724,28.2443241],[85.3583539,28.2442924],[85.3583391,28.2442606],[85.3583126,28.244181],[85.3582935,28.2441425],[85.3582682,28.2441061],[85.3582367,28.2440715],[85.3581981,28.2440378],[85.3581612,28.2440107],[85.3581174,28.2439825],[85.357962,28.2438936],[85.3579048,28.2438586],[85.3578519,28.2438209],[85.3578087,28.2437833],[85.3577106,28.2436829],[85.3576231,28.2435844],[85.3575588,28.243503],[85.357497,28.2434142],[85.357437,28.2433172],[85.3573778,28.2432105],[85.3573238,28.2431031],[85.357267,28.2429811],[85.3570927,28.2425766],[85.3569981,28.2423658],[85.3569559,28.2422653],[85.3569196,28.2421645],[85.3568938,28.2420728],[85.356881,28.2420133],[85.3568696,28.2419493],[85.3568518,28.2418123],[85.3568466,28.2417418],[85.3568334,28.2417025],[85.3568226,28.2416616],[85.3568142,28.241622],[85.3568057,28.2415619],[85.3568009,28.2414945],[85.3567996,28.2414203],[85.356801,28.2413037],[85.356803,28.2412371],[85.3568075,28.2411678],[85.3568143,28.2410953],[85.3568237,28.2410186],[85.3568492,28.2408549],[85.3568938,28.2406142],[85.3569202,28.2404925],[85.356988,28.2402199],[85.3570131,28.2400971],[85.3570223,28.2400348],[85.3570293,28.2399648],[85.3570431,28.239728],[85.3570505,28.2396392],[85.3570626,28.2395516],[85.3570794,28.2394739],[85.3571009,28.239408],[85.3571636,28.2392514],[85.3571769,28.2392084],[85.3571855,28.2391689],[85.3571927,28.2391097],[85.3571988,28.2390098],[85.357208,28.2388415],[85.3572109,28.238713],[85.3572079,28.2385976],[85.3571988,28.2384927],[85.357189,28.2384318],[85.3571736,28.2383656],[85.3571523,28.2382914],[85.3570826,28.2380706],[85.3570647,28.2379998],[85.3570529,28.2379358],[85.3570379,28.2378219],[85.3570274,28.237717],[85.3570212,28.2376185],[85.3570191,28.2375254],[85.3570212,28.2374364],[85.3570275,28.2373516],[85.3570381,28.2372706],[85.3570529,28.2371933],[85.3570643,28.2371506],[85.3570771,28.2371098],[85.3570743,28.2370652],[85.3570739,28.2369641],[85.3570794,28.2368618],[85.3570874,28.2367862],[85.3570991,28.2367095],[85.3571141,28.2366327],[85.3571325,28.2365568],[85.3571487,28.2365007],[85.3571677,28.2364443],[85.3571894,28.2363877],[85.3572139,28.2363308],[85.3572412,28.2362737],[85.3572711,28.2362164],[85.3573038,28.236159],[85.3573392,28.2361014],[85.3573774,28.2360437],[85.3574181,28.235986],[85.3574615,28.2359282],[85.3575075,28.2358705],[85.357556,28.235813],[85.3576069,28.2357556],[85.3577159,28.2356419],[85.357778,28.235585],[85.3579292,28.2354614],[85.3579943,28.2354032],[85.3581448,28.2352558],[85.3581989,28.2351989],[85.3582463,28.2351457],[85.35829,28.2350925],[85.3583286,28.2350407],[85.3583625,28.2349897],[85.3583921,28.2349392],[85.3584166,28.2348886],[85.3584389,28.2348302],[85.3584589,28.2347661],[85.3585111,28.2345802],[85.3585306,28.2345239],[85.3585512,28.2344751],[85.3585826,28.2344145],[85.3586217,28.2343503],[85.3586696,28.2342804],[85.3587746,28.2341374],[85.3588185,28.2340749],[85.3588616,28.2340074],[85.358896,28.2339447],[85.3589174,28.2338973],[85.3589676,28.2337714],[85.3589846,28.2337362],[85.3590021,28.233706],[85.3590299,28.2336686],[85.3590658,28.2336308],[85.3591074,28.233594],[85.3592305,28.2334936],[85.3592655,28.23346],[85.3592938,28.2334276],[85.3593542,28.2333447],[85.3594081,28.2332585],[85.3594545,28.2331707],[85.3594927,28.2330828],[85.3595126,28.2330245],[85.3595306,28.2329579],[85.3595459,28.2328875],[85.3595722,28.2327513],[85.3595865,28.23267],[85.3595977,28.2325847],[85.3596057,28.2324948],[85.3596109,28.2323988],[85.3596131,28.232306],[85.3596132,28.232203],[85.3596047,28.2318145],[85.3596043,28.2316718],[85.3595918,28.2316557],[85.3595722,28.2316243],[85.3595432,28.2315658],[85.3595192,28.2315049],[85.3595066,28.2314613],[85.3594981,28.2314146],[85.3594937,28.2313645],[85.3594931,28.2313099],[85.3594956,28.2312605],[85.3595008,28.2312049],[85.3595324,28.2309613],[85.3595448,28.2308685],[85.3595655,28.2307658],[85.3595897,28.2306685],[85.3596515,28.2304404],[85.3596779,28.2303275],[85.359696,28.2302223],[85.3597015,28.2301732],[85.3597048,28.230126],[85.3597055,28.2300704],[85.3597023,28.2299387],[85.3597048,28.229874],[85.3597097,28.2298342],[85.3597174,28.2297931],[85.359728,28.2297503],[85.3597416,28.229705],[85.359773,28.2296185],[85.3598394,28.2294577],[85.3598646,28.2293928],[85.3598874,28.2293254],[85.3599037,28.2292641],[85.3599193,28.2291857],[85.3599315,28.2291032],[85.3599403,28.2290157],[85.359946,28.2289217],[85.3599484,28.2288364],[85.3599489,28.2287412],[85.3599431,28.2284063],[85.3599429,28.2282737],[85.3599471,28.2281385],[85.3599568,28.2280177],[85.359961,28.2279528],[85.3599638,28.2278037],[85.3599691,28.227739],[85.3599754,28.227701],[85.3599842,28.2276667],[85.3599956,28.2276353],[85.3600098,28.2276067],[85.3600264,28.2275809],[85.3600761,28.2275138],[85.3601078,28.2274607],[85.3601369,28.2274029],[85.3601634,28.2273401],[85.3601879,28.2272711],[85.3602089,28.227202],[85.3602294,28.2271238],[85.3602882,28.2268641],[85.3603238,28.2266955],[85.3603523,28.226527],[85.3603735,28.2263596],[85.3603873,28.226194],[85.3603936,28.2260313],[85.3603924,28.2258718],[85.3603838,28.2257161],[85.3603678,28.2255647],[85.3603586,28.2255069],[85.3603456,28.2254427],[85.3602809,28.2251746],[85.3602696,28.2251152],[85.3602617,28.2250608],[85.3602563,28.2249991],[85.3602541,28.2249299],[85.3602579,28.2247111],[85.3602575,28.2246385],[85.3602545,28.2245748],[85.3602485,28.2245172],[85.3602289,28.2243981],[85.3602024,28.2242763],[85.3601691,28.2241522],[85.3601566,28.2241128],[85.3601317,28.2240851],[85.3601026,28.2240443],[85.3600496,28.2239603],[85.3600091,28.2238943],[85.3599712,28.2238234],[85.359936,28.223748],[85.3599037,28.2236686],[85.3598936,28.2236387],[85.3598844,28.2236046],[85.3598744,28.223559],[85.359859,28.2235428],[85.3598321,28.2235045],[85.3598097,28.2234606],[85.3597911,28.2234101],[85.3597781,28.223361],[85.359767,28.2233041],[85.3597637,28.223279],[85.3596783,28.2231647],[85.3596011,28.2230636],[85.3595195,28.2229638],[85.3594336,28.2228658],[85.3593437,28.2227696],[85.35925,28.2226756],[85.3591528,28.2225839],[85.3590524,28.2224949],[85.358949,28.2224089],[85.3588834,28.2223594],[85.3588069,28.2223082],[85.3587317,28.222262],[85.3585506,28.222155],[85.3584618,28.2220988],[85.3583813,28.2220415],[85.3583126,28.2219846],[85.3582321,28.2219097],[85.3581593,28.2218366],[85.3580934,28.2217644],[85.3580341,28.2216929],[85.3579921,28.2216371],[85.3579489,28.2215746],[85.3579033,28.2215039],[85.3578485,28.2214145],[85.3578102,28.2213459],[85.3577718,28.2212669],[85.3577381,28.2211902],[85.3576626,28.2210091],[85.3576233,28.2209223],[85.3575838,28.2208453],[85.3575435,28.220778],[85.3575159,28.2207375],[85.3574835,28.220694],[85.3573388,28.220515],[85.3572783,28.2204333],[85.3572497,28.2203888],[85.35722,28.2203376],[85.3571275,28.2201614],[85.3570914,28.2200967],[85.3570523,28.2200348],[85.3570131,28.2199824],[85.3569791,28.2199438],[85.3569408,28.2199061],[85.3568979,28.2198688],[85.3568498,28.2198313],[85.3568042,28.2197989],[85.3567521,28.2197643],[85.356562,28.2196461],[85.3564869,28.2195972],[85.3564128,28.2195438],[85.3563502,28.2194918],[85.3562512,28.219401],[85.3561651,28.2193175],[85.356088,28.2192378],[85.3560187,28.2191603],[85.355979,28.2191115],[85.3559381,28.2190558],[85.3558934,28.2189897],[85.3557616,28.2187865],[85.3557168,28.2187238],[85.3556739,28.2186697],[85.3556438,28.2186359],[85.3556084,28.2185996],[85.355482,28.2184811],[85.3554352,28.2184346],[85.3553912,28.2183855],[85.3553557,28.2183383],[85.355333,28.2183008],[85.3553113,28.2182567],[85.3552527,28.2181094],[85.3552309,28.21806],[85.3552079,28.2180169],[85.3551833,28.2179802],[85.3551602,28.2179529],[85.3551019,28.2178923],[85.3550772,28.2178609],[85.355062,28.2178343],[85.3550486,28.2178027],[85.3550371,28.2177674],[85.3550082,28.217665],[85.3549969,28.2176347],[85.3549844,28.217609],[85.3549643,28.2175768],[85.3549402,28.2175456],[85.3549117,28.217515],[85.3548783,28.2174844],[85.3548461,28.2174581],[85.3548085,28.2174303],[85.3546692,28.2173357],[85.3546149,28.2172965],[85.3545627,28.2172535],[85.3545204,28.2172112],[85.354462,28.2171443],[85.3544085,28.2170792],[85.3543595,28.2170153],[85.3543146,28.2169524],[85.3542739,28.2168902],[85.3542371,28.2168287],[85.3542044,28.2167678],[85.3541756,28.2167073],[85.3541497,28.2166456],[85.3541255,28.2165806],[85.3541032,28.2165127],[85.3540828,28.2164421],[85.3540606,28.2163458],[85.354043,28.2162384],[85.3540296,28.2161182],[85.3540165,28.2159515],[85.3539992,28.2156946],[85.3539961,28.215605],[85.3539961,28.2155243],[85.3539993,28.2154451],[85.3540059,28.2153712],[85.3540067,28.2153655],[85.3539994,28.2153353],[85.353981,28.2152463],[85.3539636,28.2151486],[85.3539275,28.2148997],[85.3539168,28.2147907],[85.3539124,28.2146705],[85.3539141,28.2145291],[85.3539273,28.2142263],[85.3539303,28.2140946],[85.3539272,28.213956],[85.3539228,28.2138929],[85.3539164,28.2138327],[85.3539064,28.2137672],[85.353892,28.2136945],[85.3538351,28.2134575],[85.3538163,28.2133712],[85.3538021,28.213287],[85.3537941,28.2132103],[85.353791,28.2131451],[85.35379,28.213073],[85.3537941,28.2128769],[85.3537995,28.2128029],[85.3538118,28.2127203],[85.3538288,28.2126359],[85.3538805,28.2124088],[85.3538929,28.2123409],[85.353901,28.2122804],[85.3539056,28.2122115],[85.3539041,28.212148],[85.3538966,28.2120884],[85.3538831,28.2120323],[85.3538642,28.2119806],[85.3538213,28.2118833],[85.3538053,28.2118433],[85.353783,28.2117748],[85.3537632,28.2116967],[85.3537477,28.2116218],[85.3537158,28.211449],[85.3536985,28.2113692],[85.3536807,28.2113028],[85.3536608,28.2112432],[85.3536374,28.2111873],[85.3535753,28.2110557],[85.3535608,28.2110202],[85.3535496,28.2109875],[85.3535394,28.2109476],[85.3535316,28.2109019],[85.3535178,28.2107558],[85.3535118,28.2107083],[85.3535041,28.2106678],[85.3534941,28.2106319],[85.3534843,28.2106059],[85.3534721,28.2105795],[85.3534394,28.2105242],[85.3534032,28.2104738],[85.3533133,28.2103589],[85.3532744,28.210302],[85.3532461,28.2102493],[85.3532355,28.2102238],[85.3532273,28.2101985],[85.3532051,28.2100984],[85.3531942,28.2100634],[85.3531798,28.2100279],[85.3531616,28.2099914],[85.3531393,28.2099533],[85.3530926,28.2098849],[85.3529748,28.2097281],[85.3529472,28.209687],[85.3529246,28.2096492],[85.3529047,28.20961],[85.352895,28.2095861],[85.3528504,28.2095687],[85.3528016,28.2095454],[85.3527794,28.2095321],[85.3527597,28.2095181],[85.3527424,28.2095032],[85.3527272,28.2094872],[85.3526897,28.2094417],[85.352679,28.209425],[85.3526716,28.2094094],[85.352667,28.209394],[85.3526641,28.2093768],[85.3526636,28.209338],[85.3526701,28.209295],[85.3526827,28.2092538],[85.3526949,28.2092312],[85.3527126,28.2092103],[85.352736,28.2091909],[85.3527654,28.2091729],[85.3527974,28.2091575],[85.3528358,28.2091423],[85.3529717,28.2090982],[85.3529823,28.209095],[85.3529997,28.2090714],[85.3530006,28.2090176],[85.3530311,28.209018],[85.3530353,28.2087473],[85.3530047,28.2087469],[85.3530055,28.2086927],[85.352975,28.2086924],[85.3529766,28.2085841],[85.3530378,28.2085848],[85.3530373,28.2086119],[85.3530679,28.2086123],[85.3530675,28.2086393],[85.3531592,28.2086404],[85.3531604,28.2085592],[85.3531298,28.2085589],[85.3531303,28.2085318],[85.3530691,28.2085311],[85.3530696,28.208504],[85.353039,28.2085036],[85.3530394,28.2084766],[85.3532228,28.2084788],[85.3532232,28.2084517],[85.3532843,28.2084524],[85.3532851,28.2083983],[85.353224,28.2083976],[85.3532244,28.2083705],[85.3531328,28.2083694],[85.3531332,28.2083423],[85.3530721,28.2083416],[85.3530725,28.2083145],[85.3530419,28.2083141],[85.3530423,28.2082871],[85.3530729,28.2082874],[85.3530737,28.2082333],[85.3531043,28.2082337],[85.3531068,28.2080712],[85.3530762,28.2080709],[85.3530783,28.2079355],[85.3531394,28.2079363],[85.353139,28.2079633],[85.3532307,28.2079644],[85.3532311,28.2079374],[85.3532616,28.2079377],[85.353262,28.2079107],[85.3532926,28.207911],[85.3532934,28.2078569],[85.3532629,28.2078565],[85.3532637,28.2078024],[85.3532331,28.207802],[85.3532344,28.2077208],[85.3533566,28.2077223],[85.3533562,28.2077493],[85.3534784,28.2077508],[85.3534789,28.2077238],[85.3535705,28.2077249],[85.3535709,28.2076978],[85.3536015,28.2076982],[85.3536019,28.2076711],[85.3536325,28.2076714],[85.3536333,28.2076173],[85.3536027,28.2076169],[85.3536032,28.2075899],[85.3535726,28.2075895],[85.353573,28.2075624],[85.3536036,28.2075628],[85.353604,28.2075357],[85.3536346,28.2075361],[85.353635,28.207509],[85.3536961,28.2075098],[85.3536953,28.2075639],[85.3537564,28.2075646],[85.353756,28.2075917],[85.3537865,28.2075921],[85.3537882,28.2074838],[85.3538187,28.2074842],[85.3538191,28.2074571],[85.3538497,28.2074575],[85.3538526,28.207268],[85.3538832,28.2072683],[85.353884,28.2072142],[85.3538534,28.2072138],[85.3538555,28.2070785],[85.353825,28.2070781],[85.3538279,28.2068886],[85.3538584,28.206889],[85.3538588,28.2068619],[85.3538894,28.2068623],[85.3538898,28.2068352],[85.3539815,28.2068363],[85.3539836,28.206701],[85.3538919,28.2066999],[85.3538923,28.2066728],[85.3538617,28.2066724],[85.3538622,28.2066454],[85.353801,28.2066446],[85.3538019,28.2065905],[85.3537713,28.2065901],[85.3537721,28.206536],[85.3537416,28.2065356],[85.3537432,28.2064273],[85.3538349,28.2064284],[85.3538345,28.2064555],[85.3538651,28.2064559],[85.3538655,28.2064288],[85.353896,28.2064292],[85.3538977,28.2063209],[85.3539283,28.2063213],[85.3539303,28.2061859],[85.3538998,28.2061855],[85.3539006,28.2061314],[85.35387,28.206131],[85.3538713,28.2060498],[85.3540241,28.2060517],[85.3540245,28.2060246],[85.354055,28.206025],[85.3540567,28.2059167],[85.3540261,28.2059163],[85.3540266,28.2058893],[85.3539655,28.2058885],[85.3539659,28.2058614],[85.3538436,28.20586],[85.3538441,28.2058329],[85.3538135,28.2058325],[85.3538218,28.2052911],[85.3537912,28.2052908],[85.3537929,28.2051825],[85.3537623,28.2051821],[85.3537628,28.2051551],[85.3537322,28.2051547],[85.3537322,28.2051522],[85.3537194,28.2051535],[85.3536853,28.2051528],[85.3536489,28.2051482],[85.3536229,28.2051417],[85.3535947,28.2051306],[85.3535078,28.2050845],[85.3534161,28.2050423],[85.3533801,28.2050227],[85.3533626,28.2050107],[85.3533478,28.2049981],[85.3533356,28.2049848],[85.3533257,28.2049707],[85.3533124,28.2049431],[85.3532984,28.2049024],[85.3532917,28.2048697],[85.3532853,28.2047915],[85.3532813,28.2047728],[85.3532804,28.2047702],[85.3532797,28.2047702],[85.3532797,28.2047682],[85.3532756,28.2047567],[85.3532617,28.2047288],[85.3532461,28.2047037],[85.3532293,28.2046825],[85.3532119,28.2046657],[85.3531867,28.2046497],[85.3531546,28.2046374],[85.3531157,28.2046285],[85.3530571,28.2046201],[85.3530032,28.204618],[85.3529843,28.2046156],[85.3529528,28.204607],[85.352924,28.2045954],[85.3528993,28.2045815],[85.3528796,28.2045655],[85.3528682,28.2045522],[85.3528575,28.2045352],[85.3528295,28.2044745],[85.3528149,28.2044375],[85.3527877,28.2043496],[85.3527703,28.2043106],[85.352755,28.2042868],[85.352735,28.2042624],[85.3526452,28.204174],[85.3526263,28.204153],[85.352611,28.204133],[85.35257,28.2040693],[85.3525577,28.204055],[85.3525421,28.2040404],[85.3524688,28.2039823],[85.3524538,28.2039666],[85.3524425,28.2039509],[85.3524308,28.2039259],[85.3524225,28.2038954],[85.3524178,28.2038645],[85.3524096,28.2037859],[85.3524016,28.2037461],[85.3523859,28.2037035],[85.3523791,28.2037034],[85.3523794,28.2036859],[85.3523662,28.2036501],[85.352356,28.2036141],[85.3523536,28.2035946],[85.3523538,28.2035717],[85.3523542,28.2035678],[85.3523507,28.2035677],[85.3523511,28.2035406],[85.3523575,28.2035407],[85.3523635,28.2034912],[85.352365,28.2034622],[85.3523613,28.203435],[85.3523572,28.2034237],[85.3523515,28.2034138],[85.3523422,28.2034035],[85.3523288,28.203394],[85.3522625,28.2033597],[85.3522509,28.2033507],[85.3522422,28.2033409],[85.3522313,28.2033234],[85.352222,28.203304],[85.3522149,28.2032837],[85.3522104,28.2032635],[85.3522078,28.2032325],[85.3522104,28.2032044],[85.3522161,28.2031842],[85.3522253,28.2031637],[85.3522374,28.2031441],[85.3522513,28.203127],[85.352252,28.2031264],[85.3522435,28.2031205],[85.3522295,28.2031134],[85.3522149,28.2031088],[85.3521945,28.2031075],[85.3521876,28.2031042],[85.3521831,28.203086],[85.3521792,28.2030809],[85.3521732,28.2030766],[85.3521421,28.2030632],[85.3521191,28.2030464],[85.3520956,28.2030249],[85.3520328,28.202954],[85.3519755,28.202887],[85.3519588,28.202863],[85.3519463,28.2028402],[85.3519302,28.2027986],[85.351919,28.2027537],[85.3519161,28.2027234],[85.3519177,28.2026892],[85.3519226,28.2026565],[85.3519373,28.2025804],[85.3519418,28.2025443],[85.3519498,28.2024274],[85.3519527,28.2023501],[85.3519516,28.2022798],[85.3519463,28.2022165],[85.3519395,28.2021757],[85.3519201,28.2020876],[85.3519145,28.2020526],[85.3519086,28.2019865],[85.3519066,28.2019167],[85.3519086,28.2018433],[85.3519145,28.2017658],[85.3519225,28.2017134],[85.3519485,28.2015942],[85.3519554,28.2015382],[85.3519612,28.2014694],[85.3519599,28.2014512],[85.3519553,28.2014511],[85.3519555,28.2014339],[85.3519554,28.2014335],[85.3519467,28.2014166],[85.3519334,28.2013992],[85.3519156,28.2013811],[85.3518917,28.2013607],[85.3518786,28.2013519],[85.3518461,28.2013345],[85.3518325,28.2013243],[85.3518127,28.2013015],[85.3517961,28.2012742],[85.3517863,28.2012492],[85.3517779,28.201215],[85.3517736,28.2011889],[85.3517714,28.2011617],[85.3517713,28.2011338],[85.3517733,28.2011058],[85.3517773,28.2010759],[85.3517777,28.2010742],[85.3517778,28.2010699],[85.3517788,28.2010699],[85.3517825,28.2010557],[85.3517809,28.2010329],[85.3517825,28.2010011],[85.3517878,28.2009705],[85.3517998,28.2009379],[85.3518164,28.2009057],[85.3518669,28.2008199],[85.3518791,28.2007933],[85.3518872,28.2007689],[85.3518968,28.200724],[85.3519032,28.2006766],[85.3519063,28.2006269],[85.3519062,28.2005749],[85.3519029,28.2005208],[85.3518962,28.200465],[85.3518864,28.2004079],[85.3518735,28.2003501],[85.3518656,28.2003247],[85.3518405,28.2002596],[85.3518353,28.2002403],[85.3518339,28.2002313],[85.3518212,28.2002311],[85.3518229,28.2001229],[85.3518438,28.2001231],[85.3518522,28.200107],[85.3518537,28.2001052],[85.3518538,28.2000962],[85.3518612,28.2000962],[85.3518735,28.2000815],[85.3518843,28.2000728],[85.3518977,28.2000647],[85.3519155,28.2000568],[85.351917,28.1999615],[85.3518865,28.1999612],[85.3518869,28.1999341],[85.3518258,28.1999334],[85.3518262,28.1999063],[85.3517956,28.1999059],[85.3517964,28.1998518],[85.3517659,28.1998514],[85.3517667,28.1997973],[85.3517973,28.1997976],[85.3517981,28.1997435],[85.3518287,28.1997439],[85.3518291,28.1997168],[85.3518596,28.1997172],[85.3518609,28.199636],[85.3518914,28.1996363],[85.3518919,28.1996093],[85.3518613,28.1996089],[85.3518621,28.1995548],[85.3518316,28.1995544],[85.351832,28.1995273],[85.3518014,28.1995269],[85.3518019,28.1994999],[85.3517713,28.1994995],[85.3517717,28.1994724],[85.3517106,28.1994717],[85.351711,28.1994446],[85.3516805,28.1994443],[85.3516813,28.1993901],[85.3516507,28.1993898],[85.3516528,28.1992544],[85.3516223,28.199254],[85.3516227,28.199227],[85.3515921,28.1992266],[85.3515925,28.1991995],[85.351562,28.1991992],[85.3515628,28.199145],[85.3515323,28.1991447],[85.3515343,28.1990093],[85.3515038,28.1990089],[85.3515042,28.1989819],[85.3514736,28.1989815],[85.3514741,28.1989544],[85.3514435,28.1989541],[85.3514443,28.1988999],[85.3514138,28.1988996],[85.3514167,28.1987101],[85.3514472,28.1987104],[85.3514481,28.1986563],[85.3514175,28.1986559],[85.3514183,28.1986018],[85.3513878,28.1986014],[85.3513882,28.1985743],[85.3513576,28.198574],[85.3513581,28.1985469],[85.3513275,28.1985465],[85.3513279,28.1985195],[85.3512974,28.1985191],[85.3512978,28.198492],[85.3512672,28.1984917],[85.3512681,28.1984375],[85.3512375,28.1984372],[85.3512404,28.1982477],[85.3512099,28.1982473],[85.3512103,28.1982202],[85.3511797,28.1982199],[85.3511801,28.1981928],[85.351119,28.1981921],[85.3511194,28.198165],[85.3510889,28.1981646],[85.3510885,28.1981917],[85.3510579,28.1981913],[85.3510583,28.1981643],[85.3510278,28.1981639],[85.3510282,28.1981368],[85.3509976,28.1981364],[85.3509985,28.1980823],[85.3509679,28.1980819],[85.3509683,28.1980549],[85.3509378,28.1980545],[85.3509386,28.1980004],[85.350908,28.198],[85.3509089,28.1979459],[85.3508783,28.1979455],[85.3508787,28.1979184],[85.3508482,28.197918],[85.350849,28.1978639],[85.3508185,28.1978635],[85.3508197,28.1977823],[85.3507892,28.197782],[85.3507896,28.1977549],[85.350759,28.1977545],[85.3507598,28.1977004],[85.3507293,28.1977],[85.3507301,28.1976459],[85.3506996,28.1976455],[85.3507008,28.1975643],[85.3506397,28.1975636],[85.3506401,28.1975365],[85.3506096,28.1975361],[85.35061,28.1975091],[85.3505794,28.1975087],[85.3505803,28.1974545],[85.3505497,28.1974542],[85.3505505,28.1974],[85.35052,28.1973997],[85.3505201,28.1973926],[85.3505107,28.1973909],[85.3504441,28.1973754],[85.350382,28.1973569],[85.3503237,28.1973352],[85.3502788,28.197316],[85.3502772,28.1973161],[85.3502363,28.1973167],[85.3502002,28.1973154],[85.3501617,28.1973114],[85.3501268,28.1973047],[85.3500948,28.1972952],[85.3500832,28.1972902],[85.3500249,28.1972922],[85.3499881,28.1972904],[85.3499076,28.1972796],[85.3498455,28.1972659],[85.3498181,28.1972572],[85.349793,28.1972472],[85.3497702,28.197236],[85.3497494,28.1972233],[85.349713,28.1971942],[85.3496674,28.1971487],[85.349631,28.1971087],[85.349598,28.197068],[85.3495685,28.1970271],[85.3495429,28.1969863],[85.3495213,28.1969459],[85.3495038,28.196906],[85.3494903,28.1968667],[85.3494809,28.196828],[85.3494733,28.196781],[85.3494695,28.1967401],[85.3494696,28.1967037],[85.3494721,28.1966831],[85.3494614,28.196683],[85.3494622,28.1966288],[85.3494316,28.1966284],[85.3494329,28.1965472],[85.3494023,28.1965469],[85.3494032,28.1964927],[85.3493726,28.1964924],[85.3493743,28.1963841],[85.3493437,28.1963837],[85.349345,28.1963025],[85.3493755,28.1963029],[85.3493764,28.1962487],[85.3494069,28.1962491],[85.3494073,28.196222],[85.3494379,28.1962224],[85.3494383,28.1961953],[85.3494994,28.1961961],[85.3495007,28.1961149],[85.3494701,28.1961145],[85.3494705,28.1960874],[85.34944,28.1960871],[85.3494404,28.19606],[85.3494098,28.1960596],[85.3494111,28.1959784],[85.3493805,28.195978],[85.3493814,28.1959239],[85.3493508,28.1959235],[85.3493512,28.1958965],[85.3493207,28.1958961],[85.3493211,28.195869],[85.3492905,28.1958686],[85.3492909,28.1958416],[85.3492604,28.1958412],[85.3492608,28.1958141],[85.3492302,28.1958138],[85.3492315,28.1957326],[85.3492009,28.1957322],[85.3492026,28.1956239],[85.349172,28.1956235],[85.3491729,28.1955694],[85.3491423,28.195569],[85.3491436,28.1954878],[85.3491741,28.1954882],[85.3491783,28.1952175],[85.3491477,28.1952171],[85.349149,28.1951359],[85.3491184,28.1951356],[85.3491193,28.1950814],[85.3490887,28.195081],[85.34909,28.1949998],[85.3490594,28.1949995],[85.3490602,28.1949453],[85.3490297,28.194945],[85.3490305,28.1948908],[85.349,28.1948904],[85.3490004,28.1948634],[85.3489698,28.194863],[85.3489723,28.1947006],[85.3490029,28.194701],[85.3490058,28.1945115],[85.3489752,28.1945111],[85.3489756,28.194484],[85.3489451,28.1944837],[85.3489455,28.1944566],[85.3489149,28.1944562],[85.3489154,28.1944292],[85.3488848,28.1944288],[85.3488856,28.1943746],[85.3489162,28.194375],[85.3489166,28.1943479],[85.3489292,28.1943481],[85.3488986,28.1943122],[85.3488885,28.194294],[85.3488842,28.1942772],[85.3488847,28.1942661],[85.3488878,28.1942535],[85.348894,28.1942394],[85.3488572,28.1942389],[85.3488576,28.1942119],[85.348827,28.1942115],[85.3488274,28.1941844],[85.3487969,28.1941841],[85.3487973,28.194157],[85.3487668,28.1941566],[85.3487672,28.1941295],[85.3487366,28.1941292],[85.3487375,28.194075],[85.3487069,28.1940747],[85.3487073,28.1940476],[85.3486768,28.1940472],[85.3486772,28.1940202],[85.3486466,28.1940198],[85.3486475,28.1939656],[85.3486169,28.1939653],[85.3486177,28.1939111],[85.3485872,28.1939108],[85.3485876,28.1938837],[85.348557,28.1938833],[85.3485575,28.1938563],[85.3485269,28.1938559],[85.3485273,28.1938288],[85.3484968,28.1938285],[85.3484972,28.1938014],[85.3484666,28.193801],[85.3484675,28.1937469],[85.3484369,28.1937465],[85.3484382,28.1936653],[85.3484076,28.1936649],[85.3484097,28.1935296],[85.3483791,28.1935292],[85.34838,28.1934751],[85.3483494,28.1934747],[85.3483507,28.1933935],[85.3483201,28.1933931],[85.3483209,28.193339],[85.3482904,28.1933386],[85.3482908,28.1933115],[85.3482602,28.1933112],[85.3482611,28.193257],[85.3482305,28.1932567],[85.3482314,28.1932025],[85.3482008,28.1932022],[85.3482012,28.1931751],[85.3481707,28.1931747],[85.3481715,28.1931206],[85.3481409,28.1931202],[85.3481426,28.1930119],[85.3481121,28.1930116],[85.3481129,28.1929574],[85.3480823,28.1929571],[85.3480827,28.19293],[85.3480522,28.1929296],[85.348053,28.1928755],[85.3480225,28.1928751],[85.3480254,28.1926856],[85.3479948,28.1926853],[85.3479957,28.1926311],[85.3479651,28.1926307],[85.3479659,28.1925766],[85.3479354,28.1925762],[85.3479358,28.1925492],[85.3479053,28.1925488],[85.3479065,28.1924676],[85.3479371,28.192468],[85.3479396,28.1923055],[85.3479701,28.1923059],[85.3479705,28.1922788],[85.34794,28.1922785],[85.3479408,28.1922243],[85.3479102,28.192224],[85.3479111,28.1921698],[85.3478805,28.1921695],[85.3478809,28.1921424],[85.3478504,28.192142],[85.3478508,28.1921149],[85.3477897,28.1921142],[85.3477901,28.1920871],[85.3477596,28.1920868],[85.34776,28.1920597],[85.3477294,28.1920593],[85.3477361,28.1916262],[85.3477055,28.1916258],[85.3477072,28.1915176],[85.3476766,28.1915172],[85.3476771,28.1914901],[85.3476465,28.1914898],[85.3476473,28.1914356],[85.3476168,28.1914352],[85.3476172,28.1914082],[85.3475867,28.1914078],[85.3475871,28.1913807],[85.3475565,28.1913804],[85.3475578,28.1912992],[85.3475272,28.1912988],[85.347528,28.1912447],[85.3474669,28.1912439],[85.3474674,28.1912168],[85.3473451,28.1912154],[85.347346,28.1911612],[85.3473154,28.1911609],[85.3473158,28.1911338],[85.3472853,28.1911334],[85.347287,28.1910251],[85.3472564,28.1910248],[85.3472572,28.1909706],[85.3472267,28.1909703],[85.3472279,28.1908891],[85.3471974,28.1908887],[85.3471982,28.1908345],[85.3471677,28.1908342],[85.3471681,28.1908071],[85.347107,28.1908064],[85.3471074,28.1907793],[85.3470463,28.1907786],[85.3470467,28.1907515],[85.346955,28.1907504],[85.3469554,28.1907233],[85.3469249,28.1907229],[85.3469253,28.1906959],[85.3468948,28.1906955],[85.3468952,28.1906684],[85.3468646,28.1906681],[85.3468655,28.1906139],[85.346896,28.1906143],[85.3468964,28.1905872],[85.346927,28.1905876],[85.3469286,28.1904793],[85.3469592,28.1904797],[85.3469596,28.1904526],[85.3469902,28.190453],[85.3469906,28.1904259],[85.3470211,28.1904263],[85.3470228,28.190318],[85.3469922,28.1903176],[85.3469927,28.1902906],[85.3469621,28.1902902],[85.3469625,28.1902631],[85.3469014,28.1902624],[85.3469018,28.1902353],[85.3468713,28.1902349],[85.3468717,28.1902079],[85.3468106,28.1902071],[85.346811,28.1901801],[85.3467805,28.1901797],[85.3467809,28.1901526],[85.3467198,28.1901519],[85.3467202,28.1901248],[85.3466591,28.1901241],[85.3466595,28.190097],[85.3466289,28.1900966],[85.3466294,28.1900696],[85.3465988,28.1900692],[85.3465992,28.1900421],[85.3465687,28.1900418],[85.3465691,28.1900147],[85.3465385,28.1900143],[85.3465394,28.1899602],[85.3465088,28.1899598],[85.3465092,28.1899328],[85.3464787,28.1899324],[85.3464791,28.1899053],[85.3464485,28.1899049],[85.346449,28.1898779],[85.3463879,28.1898771],[85.3463883,28.1898501],[85.3463577,28.1898497],[85.3463581,28.1898226],[85.3463276,28.1898223],[85.346328,28.1897952],[85.3462974,28.1897948],[85.3462979,28.1897677],[85.3462673,28.1897674],[85.3462681,28.1897132],[85.3462376,28.1897129],[85.3462384,28.1896587],[85.3462079,28.1896584],[85.3462083,28.1896313],[85.3461777,28.1896309],[85.3461782,28.1896039],[85.3461476,28.1896035],[85.346148,28.1895764],[85.3460869,28.1895757],[85.3460873,28.1895486],[85.3460568,28.1895482],[85.3460572,28.1895212],[85.3459961,28.1895204],[85.3459965,28.1894934],[85.345966,28.189493],[85.3459664,28.1894659],[85.3459358,28.1894656],[85.3459362,28.1894385],[85.3459057,28.1894381],[85.3459078,28.1893028],[85.3458772,28.1893024],[85.3458814,28.1890317],[85.3458508,28.1890313],[85.3458542,28.1888148],[85.3458236,28.1888144],[85.3458244,28.1887603],[85.3457939,28.1887599],[85.3457947,28.1887057],[85.3457642,28.1887054],[85.345765,28.1886512],[85.3457345,28.1886509],[85.3457349,28.1886238],[85.3457043,28.1886234],[85.3457047,28.1885964],[85.3456742,28.188596],[85.3456746,28.1885689],[85.345644,28.1885686],[85.3456445,28.1885415],[85.3456139,28.1885411],[85.3456143,28.188514],[85.3455838,28.1885137],[85.345585,28.1884325],[85.3455545,28.1884321],[85.3455557,28.1883509],[85.3455252,28.1883505],[85.3455256,28.1883234],[85.345495,28.1883231],[85.3454955,28.188296],[85.3454649,28.1882956],[85.3454662,28.1882144],[85.3454356,28.1882141],[85.3454373,28.1881058],[85.3454067,28.1881054],[85.3454071,28.1880783],[85.3453766,28.188078],[85.345377,28.1880509],[85.3453464,28.1880505],[85.3453469,28.1880235],[85.3452552,28.1880224],[85.345256,28.1879682],[85.3452255,28.1879678],[85.3452259,28.1879408],[85.3451954,28.1879404],[85.3451958,28.1879133],[85.3451652,28.187913],[85.3451673,28.1877776],[85.3451979,28.187778],[85.3451995,28.1876697],[85.345169,28.1876693],[85.3451736,28.1873716],[85.345143,28.1873712],[85.3451438,28.1873171],[85.3451133,28.1873167],[85.3451141,28.1872626],[85.3450836,28.1872622],[85.3450886,28.1869373],[85.345058,28.186937],[85.3450584,28.1869099],[85.3450279,28.1869095],[85.3450283,28.1868825],[85.3449672,28.1868817],[85.3449676,28.1868547],[85.3449065,28.1868539],[85.3449069,28.1868269],[85.3448764,28.1868265],[85.3448772,28.1867723],[85.3448467,28.186772],[85.3448492,28.1866096],[85.3448186,28.1866092],[85.3448194,28.186555],[85.3447889,28.1865547],[85.3447893,28.1865276],[85.3447588,28.1865272],[85.3447592,28.1865002],[85.3447286,28.1864998],[85.344729,28.1864727],[85.3446985,28.1864724],[85.3446989,28.1864453],[85.3446683,28.1864449],[85.3446692,28.1863908],[85.3446386,28.1863904],[85.344639,28.1863633],[85.3446085,28.186363],[85.3446089,28.1863359],[85.3445478,28.1863352],[85.3445482,28.1863081],[85.3445177,28.1863077],[85.3445181,28.1862807],[85.3443959,28.1862792],[85.3443963,28.1862521],[85.3443658,28.1862517],[85.3443662,28.1862247],[85.3443356,28.1862243],[85.3443369,28.1861431],[85.3443063,28.1861427],[85.3443072,28.1860886],[85.3442766,28.1860882],[85.3442774,28.1860341],[85.3442163,28.1860333],[85.3442167,28.1860063],[85.3441862,28.1860059],[85.3441866,28.1859788],[85.3441255,28.1859781],[85.3441259,28.185951],[85.3440954,28.1859506],[85.3440962,28.1858965],[85.3440657,28.1858961],[85.3440673,28.1857879],[85.3440979,28.1857882],[85.3440983,28.1857612],[85.3441288,28.1857615],[85.3441297,28.1857074],[85.3440991,28.185707],[85.3441,28.1856529],[85.3440389,28.1856521],[85.3440393,28.1856251],[85.3440087,28.1856247],[85.3440091,28.1855976],[85.3439786,28.1855973],[85.343979,28.1855702],[85.3439485,28.1855698],[85.3439489,28.1855427],[85.3439183,28.1855424],[85.3439192,28.1854882],[85.3438886,28.1854879],[85.343889,28.1854608],[85.3438585,28.1854604],[85.3438597,28.1853792],[85.3438903,28.1853796],[85.3438915,28.1852984],[85.3439221,28.1852987],[85.3439237,28.1851905],[85.3438626,28.1851897],[85.3438631,28.1851627],[85.3438325,28.1851623],[85.3438329,28.1851352],[85.3438024,28.1851348],[85.3438028,28.1851078],[85.3437722,28.1851074],[85.3437727,28.1850803],[85.3437421,28.18508],[85.3437429,28.1850258],[85.3437124,28.1850255],[85.3437128,28.1849984],[85.3436517,28.1849977],[85.3436521,28.1849706],[85.343591,28.1849698],[85.3435919,28.1849157],[85.3435308,28.184915],[85.3435312,28.1848879],[85.3435006,28.1848875],[85.343501,28.1848605],[85.3434399,28.1848597],[85.3434403,28.1848326],[85.3433792,28.1848319],[85.3433797,28.1848048],[85.3433491,28.1848045],[85.3433495,28.1847774],[85.343319,28.184777],[85.3433232,28.1845063],[85.3432926,28.184506],[85.3432943,28.1843977],[85.3433248,28.184398],[85.3433265,28.1842898],[85.3432959,28.1842894],[85.3432968,28.1842353],[85.3432662,28.1842349],[85.3432679,28.1841266],[85.3432373,28.1841262],[85.3432378,28.1840992],[85.3432072,28.1840988],[85.3432076,28.1840717],[85.3431465,28.184071],[85.3431469,28.1840439],[85.3430858,28.1840432],[85.3430863,28.1840161],[85.3430557,28.1840157],[85.3430561,28.1839887],[85.3430256,28.1839883],[85.3430281,28.1838259],[85.3429975,28.1838255],[85.3429988,28.1837443],[85.3429682,28.1837439],[85.3429691,28.1836898],[85.3429385,28.1836894],[85.3429389,28.1836624],[85.3429084,28.183662],[85.3429088,28.1836349],[85.3428782,28.1836345],[85.3428787,28.1836075],[85.3428481,28.1836071],[85.3428485,28.18358],[85.342818,28.1835797],[85.3428184,28.1835526],[85.3427267,28.1835515],[85.3427272,28.1835244],[85.3426661,28.1835237],[85.3426665,28.1834966],[85.3426359,28.1834962],[85.3426363,28.1834692],[85.3426058,28.1834688],[85.3426062,28.1834417],[85.3425757,28.1834414],[85.3425761,28.1834143],[85.3425455,28.1834139],[85.3425459,28.1833868],[85.3425154,28.1833865],[85.3425162,28.1833323],[85.3424857,28.183332],[85.3424861,28.1833049],[85.342425,28.1833042],[85.3424254,28.1832771],[85.3423949,28.1832767],[85.3423961,28.1831955],[85.3424267,28.1831959],[85.3424287,28.1830605],[85.3423982,28.1830602],[85.342399,28.183006],[85.3423685,28.1830057],[85.3423689,28.1829786],[85.3423383,28.1829782],[85.3423388,28.1829511],[85.3423082,28.1829508],[85.3423086,28.1829237],[85.3422781,28.1829233],[85.3422785,28.1828963],[85.3422479,28.1828959],[85.3422488,28.1828418],[85.3422182,28.1828414],[85.3422203,28.182706],[85.3421898,28.1827057],[85.3421906,28.1826515],[85.3421295,28.1826508],[85.3421303,28.1825966],[85.3421609,28.182597],[85.3421615,28.1825582],[85.3421194,28.1825525],[85.342093,28.1825471],[85.3420639,28.1825391],[85.3419361,28.182497],[85.3419033,28.1824894],[85.3418733,28.1824854],[85.341815,28.1824827],[85.3417604,28.1824843],[85.3417102,28.1824901],[85.3416644,28.1825003],[85.3416418,28.1825084],[85.3416174,28.1825204],[85.3415503,28.1825616],[85.3415503,28.1825625],[85.3415488,28.1825625],[85.3415195,28.1825805],[85.3414981,28.1825904],[85.341478,28.1825972],[85.3414573,28.1826017],[85.3414339,28.1826046],[85.3413436,28.1826081],[85.3413064,28.1826122],[85.3412399,28.1826274],[85.3411676,28.182651],[85.3410914,28.1826817],[85.3409633,28.1827389],[85.3408913,28.182775],[85.3407234,28.1828709],[85.3406776,28.1828932],[85.3406352,28.1829105],[85.340589,28.182925],[85.3405367,28.1829372],[85.3404804,28.1829471],[85.3403183,28.1829709],[85.3402687,28.182981],[85.3402249,28.1829925],[85.3401784,28.1830084],[85.3400702,28.1830503],[85.3400161,28.1830671],[85.3399911,28.183072],[85.3399639,28.1830744],[85.3399343,28.1830745],[85.3399017,28.1830722],[85.3398375,28.1830626],[85.3396767,28.1830307],[85.3396335,28.1830253],[85.3395965,28.1830238],[85.3395572,28.1830274],[85.3395237,28.1830369],[85.3395089,28.1830439],[85.3394953,28.1830525],[85.3394829,28.1830628],[85.3394716,28.1830746],[85.3394424,28.1831145],[85.3394194,28.1831566],[85.3394109,28.1831852],[85.3394007,28.1832544],[85.3393959,28.1832702],[85.3393896,28.1832834],[85.3393768,28.1833031],[85.3393636,28.1833199],[85.3393504,28.1833333],[85.3393374,28.1833431],[85.3393265,28.1833485],[85.3393142,28.1833524],[85.3392845,28.1833555],[85.339249,28.1833527],[85.3391957,28.1833431],[85.3391552,28.1833333],[85.3391211,28.1833207],[85.3390941,28.1833061],[85.3390668,28.1832865],[85.3390388,28.1832618],[85.3390092,28.1832312],[85.3389977,28.1832165],[85.3389867,28.1831984],[85.3389457,28.1831144],[85.3389332,28.1830964],[85.3389197,28.183082],[85.338903,28.1830694],[85.3388526,28.1830373],[85.3388315,28.1830191],[85.3388103,28.1829968],[85.3387329,28.1828974],[85.3387141,28.182876],[85.338696,28.1828583],[85.3386569,28.182825],[85.3386165,28.1827937],[85.338575,28.1827648],[85.3385331,28.1827385],[85.3384911,28.1827152],[85.3384494,28.182695],[85.3384082,28.182678],[85.3383678,28.1826644],[85.3383466,28.1826591],[85.3383098,28.1826586],[85.3383099,28.1826524],[85.3383057,28.1826518],[85.3382714,28.182649],[85.338234,28.1826485],[85.3381631,28.1826525],[85.3379841,28.1826709],[85.3379345,28.1826729],[85.3378904,28.1826718],[85.3377384,28.1826592],[85.3376021,28.1826417],[85.3375382,28.1826309],[85.3374768,28.1826186],[85.3374178,28.182605],[85.3373609,28.1825898],[85.3372501,28.1825575],[85.3372136,28.1825442],[85.3371819,28.1825301],[85.33715,28.1825122],[85.3371165,28.1824888],[85.3370085,28.1823982],[85.3369656,28.182366],[85.3369467,28.1823547],[85.336924,28.1823438],[85.3368216,28.1823053],[85.3367808,28.1822856],[85.3367615,28.1822723],[85.3367463,28.1822579],[85.3367348,28.1822419],[85.3367269,28.1822243],[85.3367195,28.1821945],[85.3367112,28.1821829],[85.3366975,28.182174],[85.3366808,28.182168],[85.3366311,28.182155],[85.3366178,28.1821492],[85.3366076,28.1821423],[85.3365838,28.1821183],[85.3365628,28.1820901],[85.3365511,28.1820689],[85.336541,28.1820445],[85.3365326,28.1820169],[85.3365255,28.1819856],[85.3365218,28.1819578],[85.3365205,28.181927],[85.3365217,28.1818926],[85.3365255,28.1818514],[85.3365301,28.1818213],[85.3365373,28.1817902],[85.336547,28.181758],[85.3365594,28.1817243],[85.3365917,28.1816532],[85.3366151,28.1816092],[85.3366149,28.1816092],[85.3366158,28.181555],[85.3365852,28.1815547],[85.336586,28.1815005],[85.3365555,28.1815002],[85.3365559,28.1814731],[85.3364948,28.1814724],[85.3364952,28.1814453],[85.3364036,28.1814442],[85.336404,28.1814171],[85.3363429,28.1814164],[85.3363433,28.1813893],[85.3363128,28.1813889],[85.3363132,28.1813618],[85.3362826,28.1813615],[85.3362831,28.1813344],[85.336222,28.1813337],[85.3362224,28.1813066],[85.3361918,28.1813062],[85.3361922,28.1812792],[85.3361006,28.181278],[85.336101,28.181251],[85.3359483,28.1812491],[85.3359487,28.181222],[85.335857,28.1812209],[85.3358575,28.1811939],[85.3358269,28.1811935],[85.3358273,28.1811664],[85.3357662,28.1811657],[85.3357671,28.1811115],[85.3357365,28.1811112],[85.3357373,28.181057],[85.3356762,28.1810563],[85.3356767,28.1810292],[85.335585,28.1810281],[85.3355854,28.181001],[85.3355549,28.1810007],[85.3355545,28.1810277],[85.3354934,28.181027],[85.3354938,28.1809999],[85.3352188,28.1809966],[85.3352193,28.1809695],[85.3351582,28.1809688],[85.3351586,28.1809417],[85.335128,28.1809413],[85.3351284,28.1809142],[85.3350673,28.1809135],[85.3350682,28.1808594],[85.3350376,28.180859],[85.3350377,28.1808537],[85.3351457,28.1807699],[85.3353023,28.1806879],[85.3354441,28.180658],[85.3358095,28.1806879],[85.3360407,28.1807624],[85.3362197,28.1809191],[85.3366896,28.1811055],[85.3368239,28.1811503],[85.337607,28.1811577],[85.3376302,28.1811604],[85.337639,28.1811614],[85.3376607,28.1811638],[85.3376603,28.1811887],[85.3376909,28.1811891],[85.3376905,28.1812161],[85.3377516,28.1812169],[85.3377511,28.1812439],[85.3378122,28.1812447],[85.3378118,28.1812718],[85.3378424,28.1812721],[85.337842,28.1812992],[85.3378725,28.1812996],[85.3378713,28.1813808],[85.3379018,28.1813811],[85.3379014,28.1814082],[85.3379319,28.1814086],[85.3379315,28.1814357],[85.3379926,28.1814364],[85.337993,28.1814093],[85.3381458,28.1814112],[85.3381454,28.1814383],[85.3382676,28.1814397],[85.338268,28.1814127],[85.3382069,28.1814119],[85.3382077,28.1813578],[85.3383299,28.1813593],[85.3383291,28.1814134],[85.3383596,28.1814138],[85.3383592,28.1814408],[85.3383898,28.1814412],[85.3383889,28.1814954],[85.3384195,28.1814957],[85.3384191,28.1815228],[85.3385413,28.1815243],[85.3385408,28.1815514],[85.3385714,28.1815517],[85.3385718,28.1815247],[85.3387246,28.1815265],[85.338725,28.1814994],[85.3387861,28.1815002],[85.3387857,28.1815273],[85.3388468,28.181528],[85.3388464,28.1815551],[85.3389686,28.1815565],[85.338969,28.1815295],[85.3389995,28.1815298],[85.3389991,28.1815569],[85.3390602,28.1815577],[85.3390598,28.1815847],[85.3390903,28.1815851],[85.3390899,28.1816122],[85.3391816,28.1816133],[85.339182,28.1815862],[85.3392431,28.181587],[85.3392435,28.1815599],[85.3393657,28.1815614],[85.3393653,28.1815884],[85.3393958,28.1815888],[85.3393954,28.1816159],[85.3394565,28.1816166],[85.3394561,28.1816437],[85.3394867,28.1816441],[85.3394862,28.1816711],[85.3395168,28.1816715],[85.3395172,28.1816444],[85.3395478,28.1816448],[85.3395482,28.1816177],[85.3395787,28.1816181],[85.3395791,28.181591],[85.3397013,28.1815925],[85.3397018,28.1815654],[85.3399156,28.181568],[85.339916,28.181541],[85.3400077,28.1815421],[85.3400081,28.181515],[85.3400387,28.1815154],[85.3400391,28.1814883],[85.3401307,28.1814894],[85.3401311,28.1814623],[85.3401922,28.1814631],[85.3401927,28.181436],[85.3403149,28.1814375],[85.3403153,28.1814104],[85.3403458,28.1814108],[85.3403462,28.1813837],[85.3404073,28.1813845],[85.3404078,28.1813574],[85.3404383,28.1813578],[85.3404391,28.1813036],[85.3404697,28.181304],[85.340471,28.1812228],[85.3405015,28.1812232],[85.3405019,28.1811961],[85.3405325,28.1811965],[85.3405333,28.1811423],[85.3405639,28.1811427],[85.3405651,28.1810615],[85.3405957,28.1810619],[85.3405965,28.1810077],[85.340627,28.1810081],[85.3406296,28.1808457],[85.3407212,28.1808468],[85.3407208,28.1808739],[85.3407513,28.1808742],[85.3407518,28.1808472],[85.3407823,28.1808475],[85.3407831,28.1807934],[85.3408137,28.1807938],[85.3408145,28.1807396],[85.3408451,28.18074],[85.3408455,28.1807129],[85.340876,28.1807133],[85.3408765,28.1806862],[85.3410292,28.1806881],[85.3410288,28.1807151],[85.3410899,28.1807159],[85.3410907,28.1806617],[85.3410602,28.1806614],[85.341061,28.1806072],[85.3410305,28.1806069],[85.3410317,28.1805256],[85.3410623,28.180526],[85.3410627,28.1804989],[85.3410932,28.1804993],[85.3410945,28.1804181],[85.341125,28.1804185],[85.3411255,28.1803914],[85.341156,28.1803918],[85.3411564,28.1803647],[85.341187,28.1803651],[85.3411866,28.1803921],[85.3412477,28.1803929],[85.3412481,28.1803658],[85.3413397,28.1803669],[85.3413418,28.1802316],[85.3413113,28.1802312],[85.3413129,28.1801229],[85.3413435,28.1801233],[85.3413439,28.1800962],[85.3413745,28.1800966],[85.3413757,28.1800154],[85.3414063,28.1800158],[85.3414071,28.1799616],[85.3414376,28.179962],[85.3414389,28.1798808],[85.3414694,28.1798812],[85.3414699,28.1798541],[85.3415004,28.1798545],[85.3415017,28.1797732],[85.3414711,28.1797729],[85.3414749,28.1795292],[85.3415054,28.1795296],[85.3415058,28.1795025],[85.341628,28.179504],[85.3416285,28.179477],[85.3416896,28.1794777],[85.3416904,28.1794236],[85.3417209,28.1794239],[85.3417226,28.1793157],[85.3417532,28.179316],[85.3417536,28.1792889],[85.3417841,28.1792893],[85.3417854,28.1792081],[85.3417548,28.1792077],[85.3417553,28.1791807],[85.3417247,28.1791803],[85.3417255,28.1791262],[85.3417561,28.1791265],[85.3417565,28.1790995],[85.3417871,28.1790998],[85.3417875,28.1790728],[85.341818,28.1790731],[85.3418184,28.1790461],[85.341849,28.1790464],[85.3418507,28.1789382],[85.3418201,28.1789378],[85.341821,28.1788836],[85.3418515,28.178884],[85.3418519,28.1788569],[85.3418825,28.1788573],[85.3418833,28.1788032],[85.3419139,28.1788035],[85.3419143,28.1787765],[85.3419754,28.1787772],[85.3419758,28.1787501],[85.3420369,28.1787509],[85.3420373,28.1787238],[85.3420679,28.1787242],[85.3420687,28.17867],[85.3420381,28.1786697],[85.3420394,28.1785885],[85.3420699,28.1785888],[85.3420708,28.1785347],[85.3420402,28.1785343],[85.3420411,28.1784802],[85.3420105,28.1784798],[85.3420122,28.1783715],[85.3419816,28.1783712],[85.341982,28.1783441],[85.3420126,28.1783445],[85.342013,28.1783174],[85.3421352,28.1783189],[85.3421365,28.1782377],[85.3421059,28.1782373],[85.3421072,28.1781561],[85.3421377,28.1781565],[85.3421398,28.1780211],[85.3420787,28.1780204],[85.3420795,28.1779662],[85.342049,28.1779659],[85.3420502,28.1778847],[85.3420808,28.177885],[85.3420862,28.1775331],[85.3421779,28.1775342],[85.3421787,28.1774801],[85.3421482,28.1774797],[85.3421486,28.1774526],[85.3420875,28.1774519],[85.3420879,28.1774248],[85.3420573,28.1774245],[85.3420607,28.1772079],[85.3420301,28.1772075],[85.342031,28.1771534],[85.3420615,28.1771538],[85.3420628,28.1770726],[85.3420322,28.1770722],[85.3420331,28.177018],[85.3420025,28.1770177],[85.3420038,28.1769365],[85.3419732,28.1769361],[85.341974,28.176882],[85.3419435,28.1768816],[85.3419443,28.1768274],[85.3419138,28.1768271],[85.3419146,28.1767729],[85.3419452,28.1767733],[85.3419456,28.1767462],[85.3419761,28.1767466],[85.3419799,28.176503],[85.3419493,28.1765026],[85.3419506,28.1764214],[85.34192,28.176421],[85.3419209,28.1763669],[85.3418903,28.1763665],[85.3418908,28.1763395],[85.3418602,28.1763391],[85.341861,28.1762849],[85.3418305,28.1762846],[85.3418309,28.1762575],[85.3418004,28.1762571],[85.3418012,28.176203],[85.3417706,28.1762026],[85.3417715,28.1761485],[85.341802,28.1761489],[85.3418041,28.1760135],[85.3418347,28.1760139],[85.3418368,28.1758785],[85.3418062,28.1758782],[85.3418066,28.1758511],[85.3417761,28.1758507],[85.3417765,28.1758236],[85.3417459,28.1758233],[85.3417484,28.1756609],[85.341779,28.1756612],[85.3417803,28.17558],[85.3418108,28.1755804],[85.3418112,28.1755533],[85.3418418,28.1755537],[85.3418426,28.1754995],[85.3418731,28.1754999],[85.3418736,28.1754728],[85.3419041,28.1754732],[85.341905,28.1754191],[85.3419355,28.1754194],[85.3419359,28.1753924],[85.3419054,28.175392],[85.3419075,28.1752567],[85.3418769,28.1752563],[85.3418773,28.1752292],[85.3419079,28.1752296],[85.3419091,28.1751484],[85.3419397,28.1751487],[85.3419422,28.1749863],[85.3419727,28.1749867],[85.3419748,28.1748514],[85.3419443,28.174851],[85.3419464,28.1747156],[85.3419158,28.1747153],[85.3419212,28.1743634],[85.3418907,28.174363],[85.3418928,28.1742276],[85.3419233,28.174228],[85.3419254,28.1740927],[85.341956,28.174093],[85.3419568,28.1740389],[85.3419873,28.1740393],[85.3419886,28.173958],[85.3420191,28.1739584],[85.3420196,28.1739313],[85.341989,28.173931],[85.3419911,28.1737956],[85.3420216,28.173796],[85.3420242,28.1736336],[85.3419936,28.1736332],[85.3419957,28.1734979],[85.3419651,28.1734975],[85.3419668,28.1733892],[85.3419974,28.1733896],[85.3419982,28.1733354],[85.3420287,28.1733358],[85.3420296,28.1732817],[85.3420601,28.173282],[85.342061,28.1732279],[85.3420304,28.1732275],[85.3420325,28.1730922],[85.342002,28.1730918],[85.3420028,28.1730377],[85.3419722,28.1730373],[85.3419727,28.1730102],[85.3419421,28.1730099],[85.3419425,28.1729828],[85.341912,28.1729824],[85.3419136,28.1728741],[85.3418831,28.1728738],[85.3418848,28.1727655],[85.3419153,28.1727659],[85.3419182,28.1725764],[85.3419488,28.1725767],[85.34195,28.1724955],[85.3419806,28.1724959],[85.341981,28.1724688],[85.3420116,28.1724692],[85.3420124,28.1724151],[85.3420429,28.1724154],[85.3420446,28.1723072],[85.3420141,28.1723068],[85.3420145,28.1722797],[85.3419839,28.1722793],[85.3419848,28.1722252],[85.3419542,28.1722248],[85.3419559,28.1721166],[85.3419253,28.1721162],[85.3419262,28.172062],[85.3419567,28.1720624],[85.3419592,28.1719],[85.3419287,28.1718996],[85.3419308,28.1717643],[85.3419613,28.1717647],[85.3419617,28.1717376],[85.3419312,28.1717372],[85.341932,28.1716831],[85.3419626,28.1716834],[85.3419642,28.1715752],[85.3419337,28.1715748],[85.3419349,28.1714936],[85.3419044,28.1714932],[85.3419061,28.1713849],[85.3419366,28.1713853],[85.3419416,28.1710605],[85.3419722,28.1710608],[85.3419726,28.1710338],[85.3420031,28.1710341],[85.342004,28.17098],[85.3420345,28.1709804],[85.3420349,28.1709533],[85.3420044,28.1709529],[85.3420048,28.1709259],[85.3419743,28.1709255],[85.3419747,28.1708984],[85.3419441,28.170898],[85.3419445,28.170871],[85.341914,28.1708706],[85.3419148,28.1708165],[85.3418843,28.1708161],[85.3418855,28.1707349],[85.3419161,28.1707353],[85.3419182,28.1705999],[85.3418876,28.1705995],[85.341888,28.1705725],[85.3418575,28.1705721],[85.3418583,28.170518],[85.3418278,28.1705176],[85.341829,28.1704364],[85.3418596,28.1704368],[85.3418608,28.1703555],[85.3418303,28.1703552],[85.3418315,28.170274],[85.341801,28.1702736],[85.3418027,28.1701653],[85.3417721,28.1701649],[85.3417742,28.1700296],[85.3417437,28.1700292],[85.3417462,28.1698668],[85.3417156,28.1698664],[85.3417169,28.1697852],[85.3416863,28.1697849],[85.3416876,28.1697036],[85.3416265,28.1697029],[85.3416273,28.1696488],[85.3415968,28.1696484],[85.3415984,28.1695401],[85.341629,28.1695405],[85.3416298,28.1694863],[85.3416604,28.1694867],[85.3416616,28.1694055],[85.3416922,28.1694059],[85.341693,28.1693517],[85.3416624,28.1693514],[85.3416637,28.1692702],[85.3416026,28.1692694],[85.3416051,28.169107],[85.3415746,28.1691066],[85.3415762,28.1689983],[85.3416068,28.1689987],[85.3416089,28.1688634],[85.3415783,28.168863],[85.3415846,28.168457],[85.341554,28.1684566],[85.3415545,28.1684295],[85.3415239,28.1684291],[85.3415247,28.168375],[85.3414942,28.1683746],[85.3414955,28.1682934],[85.3414649,28.1682931],[85.3414678,28.1681036],[85.3414984,28.1681039],[85.3414996,28.1680227],[85.3415302,28.1680231],[85.3415314,28.1679419],[85.341562,28.1679423],[85.3415624,28.1679152],[85.3415318,28.1679148],[85.3415377,28.1675358],[85.3415071,28.1675355],[85.3415084,28.1674543],[85.3414778,28.1674539],[85.3414783,28.1674268],[85.3414477,28.1674264],[85.3414511,28.1672099],[85.3414205,28.1672095],[85.3414213,28.1671554],[85.3413908,28.167155],[85.3413912,28.1671279],[85.3413607,28.1671276],[85.3413615,28.1670734],[85.341331,28.1670731],[85.3413322,28.1669919],[85.3413628,28.1669922],[85.3413636,28.1669381],[85.3413331,28.1669377],[85.3413335,28.1669106],[85.3412724,28.1669099],[85.341272,28.166937],[85.3411498,28.1669355],[85.3411506,28.1668814],[85.3411201,28.166881],[85.3411209,28.1668268],[85.3410598,28.1668261],[85.3410602,28.166799],[85.3410297,28.1667987],[85.3410301,28.1667716],[85.340969,28.1667709],[85.3409698,28.1667167],[85.3409393,28.1667163],[85.3409401,28.1666622],[85.340879,28.1666615],[85.3408799,28.1666073],[85.3408493,28.166607],[85.3408506,28.1665257],[85.34082,28.1665254],[85.3408217,28.1664171],[85.3408828,28.1664178],[85.3408836,28.1663637],[85.3409142,28.1663641],[85.3409167,28.1662016],[85.3409472,28.166202],[85.3409481,28.1661479],[85.3409786,28.1661482],[85.3409794,28.1660941],[85.34101,28.1660945],[85.3410117,28.1659862],[85.3410422,28.1659866],[85.3410418,28.1660136],[85.3410723,28.166014],[85.3410719,28.1660411],[85.3411025,28.1660414],[85.341102,28.1660685],[85.3412242,28.16607],[85.3412246,28.1660429],[85.3412552,28.1660433],[85.3412556,28.1660162],[85.3412251,28.1660159],[85.3412263,28.1659346],[85.3412569,28.165935],[85.3412573,28.1659079],[85.3413184,28.1659087],[85.3413188,28.1658816],[85.3413493,28.165882],[85.3413498,28.1658549],[85.3413192,28.1658545],[85.3413205,28.1657733],[85.3412899,28.165773],[85.3412903,28.1657459],[85.3412598,28.1657455],[85.3412602,28.1657185],[85.3411991,28.1657177],[85.3411995,28.1656906],[85.3411384,28.1656899],[85.3411389,28.1656628],[85.3411083,28.1656625],[85.3411087,28.1656354],[85.3410782,28.165635],[85.3410786,28.165608],[85.3410481,28.1656076],[85.3410485,28.1655805],[85.3409874,28.1655798],[85.3409878,28.1655527],[85.3409267,28.165552],[85.3409271,28.1655249],[85.340866,28.1655242],[85.3408664,28.1654971],[85.3408359,28.1654967],[85.3408363,28.1654696],[85.3408058,28.1654693],[85.3408062,28.1654422],[85.3407756,28.1654418],[85.3407761,28.1654148],[85.3407455,28.1654144],[85.3407459,28.1653873],[85.3407154,28.165387],[85.3407158,28.1653599],[85.3406547,28.1653591],[85.3406551,28.1653321],[85.3406246,28.1653317],[85.340625,28.1653046],[85.3405945,28.1653043],[85.3405957,28.1652231],[85.3405652,28.1652227],[85.340566,28.1651685],[85.3405355,28.1651682],[85.3405363,28.165114],[85.3405057,28.1651137],[85.3405062,28.1650866],[85.3403534,28.1650847],[85.340353,28.1651118],[85.3402614,28.1651107],[85.340261,28.1651378],[85.3402304,28.1651374],[85.3402308,28.1651103],[85.3401697,28.1651096],[85.3401698,28.1651038],[85.3401497,28.1651019],[85.3400542,28.1650849],[85.3400291,28.1650832],[85.3400086,28.1650847],[85.3399753,28.1650923],[85.3399052,28.1651142],[85.3398744,28.165122],[85.3398004,28.1651349],[85.3397218,28.1651442],[85.339645,28.1651491],[85.3395738,28.1651493],[85.3395124,28.1651451],[85.339485,28.1651406],[85.3394791,28.1651444],[85.3394515,28.1651567],[85.3394194,28.1651668],[85.3393908,28.165172],[85.3393582,28.1651737],[85.3393226,28.1651723],[85.3392628,28.1651668],[85.3392224,28.1651619],[85.339179,28.1651543],[85.3390763,28.1651295],[85.3390145,28.1651113],[85.3389567,28.1650917],[85.3389028,28.1650704],[85.3388955,28.1650671],[85.3388567,28.1650666],[85.338857,28.1650494],[85.3388526,28.1650474],[85.3388368,28.1650393],[85.3388266,28.1650392],[85.3388262,28.1650662],[85.3387345,28.1650651],[85.3387349,28.165038],[85.3386738,28.1650373],[85.3386743,28.1650102],[85.3386437,28.1650099],[85.3386441,28.1649828],[85.338522,28.1649813],[85.3385224,28.1649542],[85.3384002,28.1649528],[85.3384006,28.1649257],[85.3383701,28.1649253],[85.3383705,28.1648983],[85.3383399,28.1648979],[85.3383404,28.1648708],[85.3383098,28.1648704],[85.3383102,28.1648434],[85.3382797,28.164843],[85.3382801,28.1648159],[85.338219,28.1648152],[85.3382194,28.1647881],[85.3381889,28.1647877],[85.3381893,28.1647607],[85.3381588,28.1647603],[85.3381592,28.1647332],[85.3380981,28.1647325],[85.3380985,28.1647054],[85.3380374,28.1647047],[85.3380378,28.1646776],[85.3379767,28.1646769],[85.3379772,28.1646498],[85.337855,28.1646483],[85.3378546,28.1646754],[85.3375796,28.1646721],[85.3375801,28.164645],[85.3374579,28.1646435],[85.3374583,28.1646164],[85.3374278,28.1646161],[85.3374282,28.164589],[85.3373976,28.1645886],[85.337398,28.1645615],[85.337337,28.1645608],[85.3373374,28.1645337],[85.3372763,28.164533],[85.337275,28.1646142],[85.3372445,28.1646138],[85.3372441,28.1646409],[85.337183,28.1646402],[85.3371834,28.1646131],[85.3370917,28.164612],[85.337093,28.1645308],[85.3371236,28.1645311],[85.337124,28.1645041],[85.3371851,28.1645048],[85.3371863,28.1644236],[85.3371558,28.1644232],[85.337157,28.164342],[85.3371265,28.1643417],[85.3371273,28.1642875],[85.3370968,28.1642871],[85.3370972,28.1642601],[85.3370666,28.1642597],[85.3370671,28.1642326],[85.3369449,28.1642311],[85.3369445,28.1642582],[85.3368528,28.1642571],[85.3368532,28.16423],[85.3368227,28.1642297],[85.3368248,28.1640943],[85.3368553,28.1640947],[85.3368558,28.1640676],[85.3368863,28.164068],[85.3368871,28.1640138],[85.3368566,28.1640135],[85.336857,28.1639864],[85.3367959,28.1639857],[85.3367955,28.1640127],[85.336765,28.1640124],[85.3367645,28.1640394],[85.3367035,28.1640387],[85.3367039,28.1640116],[85.3366428,28.1640109],[85.3366419,28.164065],[85.3366114,28.1640646],[85.336611,28.1640917],[85.3365499,28.164091],[85.3365503,28.1640639],[85.3365198,28.1640635],[85.3365206,28.1640094],[85.3364901,28.164009],[85.3364913,28.1639278],[85.3364608,28.1639274],[85.3364624,28.1638192],[85.3365541,28.1638203],[85.3365537,28.1638473],[85.3366147,28.1638481],[85.3366152,28.163821],[85.3366457,28.1638214],[85.336647,28.1637402],[85.3366775,28.1637406],[85.3366821,28.1634428],[85.3366516,28.1634424],[85.3366532,28.1633341],[85.3366227,28.1633338],[85.3366248,28.1631984],[85.3365942,28.163198],[85.3365963,28.1630627],[85.3366269,28.1630631],[85.3366277,28.1630089],[85.3365972,28.1630086],[85.336598,28.1629544],[85.3365675,28.162954],[85.3365721,28.1626563],[85.3365415,28.1626559],[85.336542,28.1626288],[85.3365114,28.1626285],[85.336511,28.1626555],[85.3364804,28.1626552],[85.33648,28.1626822],[85.3364495,28.1626819],[85.3364491,28.1627089],[85.3363574,28.1627078],[85.3363583,28.1626537],[85.3363277,28.1626533],[85.3363298,28.162518],[85.3365131,28.1625202],[85.3365139,28.162466],[85.3365445,28.1624664],[85.3365449,28.1624393],[85.3365143,28.162439],[85.3365152,28.1623848],[85.3364846,28.1623845],[85.336485,28.1623574],[85.3364545,28.162357],[85.3364553,28.1623029],[85.3363943,28.1623021],[85.3363947,28.1622751],[85.3363336,28.1622743],[85.3363332,28.1623014],[85.3361804,28.1622995],[85.3361813,28.1622454],[85.3361507,28.162245],[85.336152,28.1621638],[85.3361214,28.1621635],[85.3361231,28.1620552],[85.3360926,28.1620548],[85.336093,28.1620277],[85.3360624,28.1620274],[85.3360629,28.1620003],[85.3360323,28.1619999],[85.3360327,28.1619729],[85.3360022,28.1619725],[85.3360026,28.1619454],[85.3359415,28.1619447],[85.3359419,28.1619176],[85.3359114,28.1619172],[85.3359118,28.1618902],[85.3358813,28.1618898],[85.3358817,28.1618627],[85.3358511,28.1618623],[85.3358516,28.1618353],[85.3357905,28.1618345],[85.3357909,28.1618075],[85.3357603,28.1618071],[85.3357608,28.16178],[85.3357302,28.1617797],[85.3357306,28.1617526],[85.3356696,28.1617518],[85.33567,28.1617248],[85.3356394,28.1617244],[85.3356398,28.1616973],[85.3356093,28.161697],[85.3356097,28.1616699],[85.3355486,28.1616691],[85.3355491,28.1616421],[85.3355185,28.1616417],[85.3355193,28.1615876],[85.3354888,28.1615872],[85.3354896,28.1615331],[85.3354591,28.1615327],[85.3354599,28.1614785],[85.3354294,28.1614782],[85.3354298,28.1614511],[85.3353993,28.1614507],[85.3354026,28.1612342],[85.3353721,28.1612338],[85.3353729,28.1611797],[85.3353424,28.1611793],[85.3353432,28.1611252],[85.3353127,28.1611248],[85.3353139,28.1610436],[85.3352834,28.1610432],[85.335285,28.1609349],[85.335224,28.1609342],[85.3352244,28.1609071],[85.3351938,28.1609067],[85.3351947,28.1608526],[85.3351641,28.1608522],[85.335165,28.1607981],[85.3351344,28.1607977],[85.3351353,28.1607436],[85.3351047,28.1607432],[85.3351072,28.1605808],[85.3350767,28.1605804],[85.33508,28.1603639],[85.3350495,28.1603635],[85.3350507,28.1602823],[85.3350202,28.1602819],[85.3350206,28.1602548],[85.3349901,28.1602545],[85.3349905,28.1602274],[85.3349599,28.160227],[85.3349608,28.1601729],[85.3349302,28.1601725],[85.3349311,28.1601184],[85.3349005,28.160118],[85.3349026,28.1599827],[85.3348721,28.1599823],[85.3348725,28.1599552],[85.334842,28.1599548],[85.3348428,28.1599007],[85.3348123,28.1599003],[85.3348127,28.1598733],[85.3347821,28.1598729],[85.3347826,28.1598458],[85.334752,28.1598454],[85.3347528,28.1597913],[85.3347223,28.1597909],[85.3347227,28.1597639],[85.3346922,28.1597635],[85.3346926,28.1597364],[85.3346621,28.1597361],[85.3346625,28.159709],[85.3346319,28.1597086],[85.3346323,28.1596815],[85.3346018,28.1596812],[85.3346022,28.1596541],[85.3345717,28.1596537],[85.3345721,28.1596267],[85.3345416,28.1596263],[85.3345424,28.1595721],[85.3345118,28.1595718],[85.3345123,28.1595447],[85.3344817,28.1595443],[85.3344821,28.1595173],[85.3344516,28.1595169],[85.3344524,28.1594628],[85.3343913,28.159462],[85.3343918,28.1594349],[85.3343307,28.1594342],[85.3343311,28.1594071],[85.3342089,28.1594056],[85.3342093,28.1593786],[85.333965,28.1593756],[85.3339654,28.1593485],[85.3338738,28.1593474],[85.3338742,28.1593203],[85.3337826,28.1593192],[85.333783,28.1592922],[85.3337524,28.1592918],[85.3337529,28.1592647],[85.3336612,28.1592636],[85.3336616,28.1592365],[85.33357,28.1592354],[85.3335704,28.1592084],[85.3334788,28.1592072],[85.3334792,28.1591802],[85.3329905,28.1591742],[85.3329914,28.1591201],[85.3329608,28.1591197],[85.3329612,28.1590926],[85.3329307,28.1590923],[85.3329311,28.1590652],[85.3329006,28.1590648],[85.3329014,28.1590107],[85.3328709,28.1590103],[85.3328738,28.1588208],[85.3328433,28.1588205],[85.3328437,28.1587934],[85.3327826,28.1587926],[85.332783,28.1587656],[85.3327525,28.1587652],[85.3327529,28.1587381],[85.3326612,28.158737],[85.3326617,28.1587099],[85.332509,28.1587081],[85.3325094,28.158681],[85.3324483,28.1586803],[85.3324487,28.1586532],[85.3324182,28.1586528],[85.3324186,28.1586258],[85.332388,28.1586254],[85.3323885,28.1585983],[85.3323579,28.1585979],[85.3323583,28.1585709],[85.3322972,28.1585701],[85.3322977,28.1585431],[85.3322671,28.1585427],[85.3322675,28.1585156],[85.3321759,28.1585145],[85.3321763,28.1584874],[85.3321152,28.1584867],[85.3321157,28.1584596],[85.3319935,28.1584581],[85.3319939,28.1584311],[85.3319634,28.1584307],[85.3319638,28.1584036],[85.3319332,28.1584032],[85.3319337,28.1583762],[85.3319031,28.1583758],[85.331904,28.1583217],[85.3318734,28.1583213],[85.3318738,28.1582942],[85.3318433,28.1582939],[85.3318437,28.1582668],[85.3318132,28.1582664],[85.3318136,28.1582393],[85.331783,28.158239],[85.3317839,28.1581848],[85.3317533,28.1581845],[85.3317567,28.1579679],[85.3317261,28.1579675],[85.3317274,28.1578863],[85.3316969,28.1578859],[85.3316981,28.1578047],[85.3317287,28.1578051],[85.3317303,28.1576968],[85.3316998,28.1576965],[85.3317002,28.1576694],[85.3316697,28.157669],[85.3316701,28.1576419],[85.3316396,28.1576416],[85.33164,28.1576145],[85.3316094,28.1576141],[85.3316099,28.1575871],[85.3315488,28.1575863],[85.3315492,28.1575592],[85.3314881,28.1575585],[85.3314885,28.1575314],[85.3314274,28.1575307],[85.3314279,28.1575036],[85.3313362,28.1575025],[85.3313366,28.1574754],[85.3312756,28.1574747],[85.331276,28.1574476],[85.3312454,28.1574472],[85.3312459,28.1574202],[85.3311542,28.1574191],[85.3311546,28.157392],[85.3310936,28.1573912],[85.331094,28.1573642],[85.3310329,28.1573634],[85.3310333,28.1573364],[85.3309417,28.1573352],[85.3309421,28.1573082],[85.3308505,28.1573071],[85.3308509,28.15728],[85.3307898,28.1572792],[85.3307902,28.1572522],[85.3307291,28.1572514],[85.3307296,28.1572244],[85.330699,28.157224],[85.3306999,28.1571699],[85.3306693,28.1571695],[85.3306718,28.1570071],[85.3306413,28.1570067],[85.3306446,28.1567901],[85.3306141,28.1567898],[85.3306154,28.1567086],[85.3305848,28.1567082],[85.3305857,28.156654],[85.3305551,28.1566537],[85.330556,28.1565995],[85.3305254,28.1565992],[85.3305258,28.1565721],[85.3304953,28.1565717],[85.3304961,28.1565176],[85.3304656,28.1565172],[85.330466,28.1564901],[85.3304049,28.1564894],[85.3304053,28.1564623],[85.3303443,28.1564616],[85.3303447,28.1564345],[85.3300392,28.1564308],[85.3300397,28.1564037],[85.3300091,28.1564033],[85.3300095,28.1563763],[85.329979,28.1563759],[85.3299794,28.1563488],[85.3299489,28.1563485],[85.3299493,28.1563214],[85.3298882,28.1563206],[85.3298886,28.1562936],[85.3298275,28.1562928],[85.329828,28.1562658],[85.3297058,28.1562643],[85.3297062,28.1562372],[85.3294313,28.1562338],[85.3294317,28.1562068],[85.3292179,28.1562042],[85.3292184,28.1561771],[85.3291573,28.1561763],[85.3291581,28.1561222],[85.3291276,28.1561218],[85.3291284,28.1560677],[85.3290979,28.1560673],[85.3290983,28.1560403],[85.3290678,28.1560399],[85.3290682,28.1560128],[85.3290376,28.1560124],[85.3290385,28.1559583],[85.3290079,28.1559579],[85.3290084,28.1559309],[85.3289778,28.1559305],[85.3289782,28.1559034],[85.3289477,28.155903],[85.3289481,28.155876],[85.3289176,28.1558756],[85.328918,28.1558485],[85.3288874,28.1558482],[85.3288879,28.1558211],[85.3288573,28.1558207],[85.3288577,28.1557936],[85.3288272,28.1557933],[85.328828,28.1557391],[85.3287975,28.1557388],[85.3287979,28.1557117],[85.3287674,28.1557113],[85.3287678,28.1556842],[85.3287372,28.1556839],[85.3287377,28.1556568],[85.3287071,28.1556564],[85.3287075,28.1556294],[85.328677,28.155629],[85.3286774,28.1556019],[85.3286469,28.1556015],[85.3286473,28.1555745],[85.3286168,28.1555741],[85.3286172,28.155547],[85.3285866,28.1555467],[85.3285879,28.1554655],[85.3285574,28.1554651],[85.3285582,28.1554109],[85.3285277,28.1554106],[85.3285281,28.1553835],[85.3284975,28.1553831],[85.328498,28.1553561],[85.3284674,28.1553557],[85.3284678,28.1553286],[85.3284373,28.1553282],[85.3284377,28.1553012],[85.3283766,28.1553004],[85.328377,28.1552734],[85.328316,28.1552726],[85.3283155,28.1552997],[85.3282545,28.1552989],[85.328254,28.155326],[85.3282235,28.1553256],[85.3282231,28.1553527],[85.3281925,28.1553523],[85.3281921,28.1553794],[85.3281616,28.155379],[85.3281603,28.1554602],[85.3281908,28.1554606],[85.3281887,28.155596],[85.3281582,28.1555956],[85.3281578,28.1556227],[85.3280967,28.1556219],[85.3280975,28.1555678],[85.328067,28.1555674],[85.3280678,28.1555133],[85.3280067,28.1555125],[85.3280076,28.1554584],[85.327977,28.155458],[85.3279775,28.1554309],[85.3280386,28.1554317],[85.328039,28.1554046],[85.3281001,28.1554054],[85.3281013,28.1553241],[85.3281319,28.1553245],[85.3281331,28.1552433],[85.3281026,28.1552429],[85.3281055,28.1550534],[85.328075,28.1550531],[85.3280758,28.1549989],[85.3280453,28.1549986],[85.3280461,28.1549444],[85.3280156,28.154944],[85.328016,28.154917],[85.3279855,28.1549166],[85.3279859,28.1548895],[85.3279553,28.1548892],[85.3279558,28.1548621],[85.3279252,28.1548617],[85.3279256,28.1548347],[85.3278951,28.1548343],[85.3278959,28.1547801],[85.3278654,28.1547798],[85.3278658,28.1547527],[85.3278353,28.1547523],[85.3278357,28.1547253],[85.3278051,28.1547249],[85.3278064,28.1546437],[85.3277759,28.1546433],[85.3277767,28.1545892],[85.3277462,28.1545888],[85.3277466,28.1545617],[85.327716,28.1545613],[85.3277165,28.1545343],[85.3276859,28.1545339],[85.3276868,28.1544798],[85.3276562,28.1544794],[85.3276566,28.1544523],[85.3276261,28.1544519],[85.3276269,28.1543978],[85.3275659,28.1543971],[85.3275663,28.15437],[85.3275357,28.1543696],[85.3275362,28.1543425],[85.3275056,28.1543422],[85.327506,28.1543151],[85.3274755,28.1543147],[85.3274759,28.1542877],[85.3274454,28.1542873],[85.3274458,28.1542602],[85.3274152,28.1542598],[85.3274157,28.1542328],[85.3273851,28.1542324],[85.3273855,28.1542053],[85.327355,28.154205],[85.3273558,28.1541508],[85.3273253,28.1541504],[85.3273261,28.1540963],[85.3272956,28.1540959],[85.327296,28.1540689],[85.3272655,28.1540685],[85.3272659,28.1540414],[85.3272354,28.1540411],[85.3272358,28.154014],[85.3271442,28.1540129],[85.3271446,28.1539858],[85.3270835,28.153985],[85.3270839,28.153958],[85.3270228,28.1539572],[85.3270232,28.1539302],[85.3269316,28.153929],[85.326932,28.153902],[85.326871,28.1539012],[85.3268714,28.1538742],[85.3268408,28.1538738],[85.3268413,28.1538467],[85.3268107,28.1538463],[85.3268111,28.1538193],[85.3267806,28.1538189],[85.326781,28.1537918],[85.3267505,28.1537915],[85.3267509,28.1537644],[85.3267204,28.153764],[85.3267233,28.1535745],[85.3266928,28.1535742],[85.3266932,28.1535471],[85.3266626,28.1535467],[85.3266631,28.1535196],[85.3265714,28.1535185],[85.3265719,28.1534914],[85.3265413,28.1534911],[85.3265417,28.153464],[85.3264806,28.1534633],[85.3264815,28.1534091],[85.3264509,28.1534087],[85.3264526,28.1533005],[85.3263915,28.1532997],[85.326392,28.1532727],[85.3262393,28.1532708],[85.3262397,28.1532437],[85.3262091,28.1532433],[85.3262096,28.1532163],[85.326179,28.1532159],[85.3261794,28.1531888],[85.3261489,28.1531885],[85.3261493,28.1531614],[85.3261188,28.153161],[85.3261192,28.1531339],[85.3260581,28.1531332],[85.3260585,28.1531061],[85.326028,28.1531058],[85.3260284,28.1530787],[85.3259979,28.1530783],[85.3259983,28.1530512],[85.3259677,28.1530509],[85.3259682,28.1530238],[85.3259376,28.1530234],[85.325938,28.1529964],[85.3259075,28.152996],[85.3259079,28.1529689],[85.3258774,28.1529685],[85.3258778,28.1529415],[85.3258167,28.1529407],[85.3258171,28.1529137],[85.3257866,28.1529133],[85.325787,28.1528862],[85.3257259,28.1528855],[85.3257264,28.1528584],[85.3256653,28.1528576],[85.3256657,28.1528306],[85.3256046,28.1528298],[85.325605,28.1528028],[85.325544,28.152802],[85.3255444,28.1527749],[85.3255138,28.1527746],[85.3255143,28.1527475],[85.3254532,28.1527468],[85.3254536,28.1527197],[85.3253925,28.1527189],[85.3253929,28.1526919],[85.3253624,28.1526915],[85.3253628,28.1526644],[85.3253323,28.1526641],[85.3253331,28.1526099],[85.3253026,28.1526095],[85.325303,28.1525825],[85.3252724,28.1525821],[85.3252733,28.152528],[85.3252122,28.1525272],[85.3252126,28.1525001],[85.3251821,28.1524998],[85.3251825,28.1524727],[85.3250298,28.1524708],[85.3250302,28.1524438],[85.3249997,28.1524434],[85.3250001,28.1524163],[85.324939,28.1524156],[85.3249394,28.1523885],[85.3249089,28.1523881],[85.3249093,28.1523611],[85.3248788,28.1523607],[85.3248792,28.1523336],[85.3248487,28.1523332],[85.3248508,28.1521979],[85.3248202,28.1521975],[85.3248198,28.1522246],[85.3247587,28.1522238],[85.3247591,28.1521968],[85.324698,28.152196],[85.3246985,28.152169],[85.3246374,28.1521682],[85.3246378,28.1521411],[85.3246073,28.1521408],[85.3246085,28.1520596],[85.3246391,28.1520599],[85.3246395,28.1520329],[85.32467,28.1520332],[85.3246705,28.1520062],[85.3246399,28.1520058],[85.3246403,28.1519787],[85.3245793,28.151978],[85.3245797,28.1519509],[85.3245491,28.1519505],[85.32455,28.1518964],[85.3245194,28.151896],[85.3245211,28.1517877],[85.3245822,28.1517885],[85.324583,28.1517343],[85.3245525,28.151734],[85.3245529,28.1517069],[85.3245224,28.1517065],[85.3245228,28.1516795],[85.3244923,28.1516791],[85.3244931,28.1516249],[85.3244626,28.1516246],[85.3244634,28.1515704],[85.3244329,28.1515701],[85.3244333,28.151543],[85.3244027,28.1515426],[85.3244049,28.1514073],[85.3244354,28.1514076],[85.3244362,28.1513535],[85.3244668,28.1513539],[85.3244676,28.1512997],[85.3244371,28.1512994],[85.3244383,28.1512182],[85.3244078,28.1512178],[85.3244082,28.1511907],[85.3243471,28.15119],[85.3243476,28.1511629],[85.324317,28.1511625],[85.3243174,28.1511355],[85.3242258,28.1511343],[85.3242262,28.1511073],[85.3241652,28.1511065],[85.3241656,28.1510794],[85.3241045,28.1510787],[85.3241049,28.1510516],[85.3240744,28.1510513],[85.324074,28.1510783],[85.3240129,28.1510776],[85.3240125,28.1511046],[85.3239514,28.1511039],[85.3239509,28.151131],[85.3239204,28.1511306],[85.32392,28.1511577],[85.3238589,28.1511569],[85.3238585,28.151184],[85.3233393,28.1511776],[85.3233397,28.1511506],[85.323187,28.1511487],[85.3231874,28.1511216],[85.3231263,28.1511209],[85.3231259,28.1511479],[85.3229732,28.1511461],[85.3229736,28.151119],[85.322882,28.1511179],[85.3228824,28.1510908],[85.3228519,28.1510904],[85.3228523,28.1510634],[85.3226996,28.1510615],[85.3227,28.1510344],[85.3226695,28.1510341],[85.3226691,28.1510611],[85.3221804,28.1510551],[85.32218,28.1510822],[85.3219967,28.15108],[85.3219971,28.1510529],[85.3219361,28.1510522],[85.3219365,28.1510251],[85.3218754,28.1510243],[85.3218758,28.1509973],[85.3218147,28.1509965],[85.3218152,28.1509694],[85.3217846,28.1509691],[85.3217855,28.1509149],[85.3217549,28.1509146],[85.3217553,28.1508875],[85.3217248,28.1508871],[85.3217252,28.15086],[85.3216947,28.1508597],[85.3216951,28.1508326],[85.321634,28.1508319],[85.3216344,28.1508048],[85.3216039,28.1508044],[85.3216043,28.1507773],[85.3215127,28.1507762],[85.3215131,28.1507491],[85.321452,28.1507484],[85.3214525,28.1507213],[85.3214219,28.150721],[85.3214228,28.1506668],[85.3213922,28.1506664],[85.3213926,28.1506394],[85.3213621,28.150639],[85.3213625,28.1506119],[85.321332,28.1506116],[85.3213324,28.1505845],[85.3213019,28.1505841],[85.3213023,28.150557],[85.3212412,28.1505563],[85.3212416,28.1505292],[85.3212111,28.1505288],[85.3212115,28.1505018],[85.321181,28.1505014],[85.3211814,28.1504743],[85.3211203,28.1504736],[85.3211207,28.1504465],[85.3210597,28.1504458],[85.3210601,28.1504187],[85.3210295,28.1504183],[85.32103,28.1503913],[85.3209994,28.1503909],[85.3209998,28.1503638],[85.3209388,28.1503631],[85.3209392,28.150336],[85.3209086,28.1503356],[85.3209091,28.1503085],[85.320848,28.1503078],[85.3208484,28.1502807],[85.3208179,28.1502804],[85.3208187,28.1502262],[85.3208798,28.150227],[85.3208815,28.1501187],[85.320912,28.1501191],[85.3209133,28.1500378],[85.3208827,28.1500375],[85.3208836,28.1499833],[85.320853,28.149983],[85.3208535,28.1499559],[85.3207924,28.1499551],[85.3207928,28.1499281],[85.3207012,28.149927],[85.3207016,28.1498999],[85.3206711,28.1498995],[85.3206706,28.1499266],[85.320579,28.1499255],[85.3205794,28.1498984],[85.3205489,28.149898],[85.3205493,28.1498709],[85.3205188,28.1498706],[85.3205196,28.1498164],[85.3204891,28.1498161],[85.3204895,28.149789],[85.320459,28.1497886],[85.3204594,28.1497615],[85.3204288,28.1497612],[85.3204293,28.1497341],[85.3203987,28.1497337],[85.3204008,28.1495984],[85.3203703,28.149598],[85.3203707,28.1495709],[85.3201875,28.1495687],[85.3201879,28.1495416],[85.3201574,28.1495412],[85.3201578,28.1495142],[85.3201272,28.1495138],[85.3201281,28.1494597],[85.3200975,28.1494593],[85.320098,28.1494322],[85.3200674,28.1494318],[85.3200679,28.1494048],[85.3200373,28.1494044],[85.3200382,28.1493502],[85.3200076,28.1493499],[85.320008,28.1493228],[85.3199775,28.1493224],[85.3199779,28.1492954],[85.3199474,28.149295],[85.3199482,28.1492408],[85.3197344,28.1492382],[85.319734,28.1492653],[85.3196119,28.1492638],[85.3196114,28.1492909],[85.3195198,28.1492897],[85.3195194,28.1493168],[85.3193972,28.1493153],[85.3193964,28.1493695],[85.3193048,28.1493683],[85.3193052,28.1493413],[85.3192746,28.1493409],[85.3192751,28.1493138],[85.3191529,28.1493123],[85.3191533,28.1492852],[85.3190922,28.1492845],[85.3190927,28.1492574],[85.3190621,28.1492571],[85.3190625,28.14923],[85.319032,28.1492296],[85.3190324,28.1492025],[85.3189713,28.1492018],[85.3189709,28.1492289],[85.3188793,28.1492277],[85.3188801,28.1491736],[85.3189412,28.1491743],[85.3189425,28.1490931],[85.318973,28.1490935],[85.3189735,28.1490664],[85.319004,28.1490668],[85.3190036,28.1490939],[85.3190341,28.1490943],[85.3190337,28.1491213],[85.3190642,28.1491217],[85.3190634,28.1491758],[85.3190939,28.1491762],[85.3190935,28.1492033],[85.3191546,28.149204],[85.3191542,28.1492311],[85.3192152,28.1492319],[85.3192148,28.1492589],[85.3193064,28.14926],[85.3193069,28.149233],[85.3192763,28.1492326],[85.3192767,28.1492055],[85.3192462,28.1492052],[85.3192466,28.1491781],[85.3192161,28.1491777],[85.3192169,28.1491236],[85.3192475,28.149124],[85.3192479,28.1490969],[85.3192784,28.1490973],[85.3192793,28.1490431],[85.3192487,28.1490427],[85.3192525,28.1487991],[85.319222,28.1487987],[85.3192224,28.1487717],[85.3191613,28.1487709],[85.3191618,28.1487439],[85.3189785,28.1487416],[85.3189781,28.1487687],[85.3188254,28.1487668],[85.3188258,28.1487397],[85.3187953,28.1487394],[85.3187957,28.1487123],[85.3187652,28.1487119],[85.3187656,28.1486848],[85.318735,28.1486845],[85.3187355,28.1486574],[85.3187049,28.148657],[85.3187054,28.14863],[85.3186443,28.1486292],[85.3186447,28.1486021],[85.3186142,28.1486018],[85.3186146,28.1485747],[85.318523,28.1485736],[85.3185234,28.1485465],[85.3184012,28.148545],[85.3184016,28.1485179],[85.3183406,28.1485172],[85.318341,28.1484901],[85.3182494,28.148489],[85.3182498,28.1484619],[85.3182192,28.1484615],[85.3182197,28.1484345],[85.3181586,28.1484337],[85.318159,28.1484066],[85.3180979,28.1484059],[85.3180983,28.1483788],[85.3180678,28.1483785],[85.3180682,28.1483514],[85.3180377,28.148351],[85.3180381,28.1483239],[85.317977,28.1483232],[85.3179775,28.1482961],[85.3178248,28.1482942],[85.3178252,28.1482672],[85.3177336,28.148266],[85.317734,28.148239],[85.3177034,28.1482386],[85.3177039,28.1482115],[85.3176122,28.1482104],[85.3176127,28.1481833],[85.3175516,28.1481826],[85.317552,28.1481555],[85.3174909,28.1481548],[85.3174913,28.1481277],[85.3173997,28.1481266],[85.3174001,28.1480995],[85.3173696,28.1480991],[85.31737,28.1480721],[85.3173089,28.1480713],[85.3173094,28.1480442],[85.3172483,28.1480435],[85.3172487,28.1480164],[85.3171876,28.1480157],[85.3171881,28.1479886],[85.317127,28.1479879],[85.3171274,28.1479608],[85.3170969,28.1479604],[85.3170973,28.1479333],[85.3170362,28.1479326],[85.3170366,28.1479055],[85.3169755,28.1479048],[85.316976,28.1478777],[85.3169149,28.1478769],[85.3169153,28.1478499],[85.3168848,28.1478495],[85.3168852,28.1478224],[85.3168547,28.1478221],[85.3168551,28.147795],[85.3167635,28.1477939],[85.3167639,28.1477668],[85.3167333,28.1477664],[85.3167338,28.1477393],[85.3167032,28.147739],[85.3167036,28.1477119],[85.3166731,28.1477115],[85.3166735,28.1476845],[85.316643,28.1476841],[85.3166443,28.1476029],[85.3166748,28.1476032],[85.3166752,28.1475762],[85.3167058,28.1475766],[85.3167062,28.1475495],[85.3167367,28.1475499],[85.3167371,28.1475228],[85.3167677,28.1475232],[85.3167707,28.1473337],[85.3167401,28.1473333],[85.3167405,28.1473062],[85.31671,28.1473059],[85.3167104,28.1472788],[85.3166188,28.1472777],[85.3166192,28.1472506],[85.3165276,28.1472495],[85.316528,28.1472224],[85.3161921,28.1472183],[85.3161925,28.1471912],[85.316162,28.1471908],[85.3161624,28.1471638],[85.3161318,28.1471634],[85.3161323,28.1471363],[85.3160712,28.1471356],[85.3160716,28.1471085],[85.31598,28.1471074],[85.3159804,28.1470803],[85.3158888,28.1470792],[85.3158892,28.1470521],[85.3158587,28.1470517],[85.3158591,28.1470247],[85.315798,28.1470239],[85.3157989,28.1469698],[85.3157378,28.146969],[85.3157382,28.1469419],[85.3157077,28.1469416],[85.3157081,28.1469145],[85.3156776,28.1469141],[85.315678,28.1468871],[85.3156474,28.1468867],[85.3156479,28.1468596],[85.3156173,28.1468592],[85.3156177,28.1468322],[85.3155567,28.1468314],[85.3155571,28.1468043],[85.3155266,28.146804],[85.315527,28.1467769],[85.3154964,28.1467765],[85.3154969,28.1467495],[85.3154663,28.1467491],[85.3154672,28.1466949],[85.3154366,28.1466946],[85.3154375,28.1466404],[85.3154069,28.14664],[85.3154074,28.146613],[85.3153463,28.1466122],[85.3153467,28.1465852],[85.3152551,28.146584],[85.3152547,28.1466111],[85.315163,28.14661],[85.3151626,28.146637],[85.315071,28.1466359],[85.3150714,28.1466088],[85.3150103,28.1466081],[85.3150108,28.146581],[85.3149802,28.1465806],[85.3149806,28.1465536],[85.3149501,28.1465532],[85.3149505,28.1465261],[85.31492,28.1465258],[85.3149204,28.1464987],[85.3148899,28.1464983],[85.3148903,28.1464712],[85.3148292,28.1464705],[85.3148296,28.1464434],[85.3147991,28.146443],[85.3147995,28.146416],[85.314769,28.1464156],[85.3147694,28.1463885],[85.3147389,28.1463882],[85.3147393,28.1463611],[85.3146782,28.1463603],[85.3146786,28.1463333],[85.3146481,28.1463329],[85.3146485,28.1463058],[85.3145874,28.1463051],[85.3145879,28.146278],[85.3144962,28.1462769],[85.3144967,28.1462498],[85.3143745,28.1462483],[85.3143749,28.1462212],[85.3143139,28.1462205],[85.3143143,28.1461934],[85.3142227,28.1461923],[85.3142231,28.1461652],[85.3141315,28.1461641],[85.3141319,28.146137],[85.3140403,28.1461359],[85.3140407,28.1461088],[85.3139491,28.1461077],[85.3139495,28.1460806],[85.3138884,28.1460799],[85.3138888,28.1460528],[85.3138583,28.1460524],[85.3138587,28.1460254],[85.3137976,28.1460246],[85.3137981,28.1459975],[85.3137064,28.1459964],[85.3137069,28.1459693],[85.3136458,28.1459686],[85.3136462,28.1459415],[85.3135851,28.1459408],[85.3135856,28.1459137],[85.313555,28.1459133],[85.3135554,28.1458862],[85.3134638,28.1458851],[85.3134643,28.145858],[85.3134032,28.1458573],[85.3134036,28.1458302],[85.3133731,28.1458299],[85.3133735,28.1458028],[85.3132819,28.1458017],[85.3132823,28.1457746],[85.3131907,28.1457735],[85.3131911,28.1457464],[85.3131606,28.145746],[85.313161,28.1457189],[85.3130999,28.1457182],[85.3131003,28.1456911],[85.3130698,28.1456907],[85.3130702,28.1456637],[85.3130091,28.1456629],[85.3130095,28.1456359],[85.312979,28.1456355],[85.3129794,28.1456084],[85.3129489,28.145608],[85.3129493,28.145581],[85.3129188,28.1455806],[85.3129192,28.1455535],[85.3128887,28.1455531],[85.3128891,28.1455261],[85.3128585,28.1455257],[85.312859,28.1454986],[85.3128284,28.1454982],[85.3128289,28.1454712],[85.3127983,28.1454708],[85.3127987,28.1454437],[85.3127682,28.1454434],[85.3127686,28.1454163],[85.3127381,28.1454159],[85.3127385,28.1453888],[85.312708,28.1453885],[85.3127084,28.1453614],[85.3126779,28.145361],[85.3126783,28.145334],[85.3126477,28.1453336],[85.3126486,28.1452794],[85.3126181,28.1452791],[85.3126189,28.1452249],[85.3125884,28.1452245],[85.3125888,28.1451975],[85.3125582,28.1451971],[85.3125591,28.145143],[85.3125286,28.1451426],[85.3125294,28.1450884],[85.3124989,28.1450881],[85.3124993,28.145061],[85.3124687,28.1450606],[85.3124692,28.1450336],[85.3124386,28.1450332],[85.3124391,28.1450061],[85.3124085,28.1450057],[85.3124089,28.1449787],[85.3123479,28.1449779],[85.3123487,28.1449238],[85.3123182,28.1449234],[85.3123186,28.1448963],[85.3122881,28.1448959],[85.3122885,28.1448689],[85.3122579,28.1448685],[85.3122588,28.1448144],[85.3122283,28.144814],[85.3122291,28.1447598],[85.3121986,28.1447595],[85.312199,28.1447324],[85.3121684,28.144732],[85.3121689,28.144705],[85.3121383,28.1447046],[85.3121388,28.1446775],[85.3120777,28.1446768],[85.3120781,28.1446497],[85.3120476,28.1446493],[85.312048,28.1446222],[85.3119869,28.1446215],[85.3119873,28.1445944],[85.3119568,28.144594],[85.3119572,28.144567],[85.3118961,28.1445662],[85.3118966,28.1445392],[85.311866,28.1445388],[85.3118664,28.1445117],[85.3118054,28.144511],[85.3118058,28.1444839],[85.3117447,28.1444831],[85.3117451,28.1444561],[85.3117146,28.1444557],[85.311715,28.1444286],[85.3116845,28.1444282],[85.3116849,28.1444012],[85.3116544,28.1444008],[85.3116556,28.1443196],[85.3115946,28.1443188],[85.311595,28.1442918],[85.3115645,28.1442914],[85.3115409,28.1441016],[85.3115674,28.1441019],[85.3115678,28.1440748],[85.3116289,28.1440756],[85.3116294,28.1440485],[85.311782,28.1440504],[85.3117846,28.143888],[85.3117541,28.1438876],[85.3117553,28.1438064],[85.3117859,28.1438068],[85.3117867,28.1437526],[85.3117562,28.1437523],[85.3117575,28.143671],[85.3117269,28.1436707],[85.3117273,28.1436436],[85.3116968,28.1436432],[85.3116976,28.1435891],[85.3116671,28.1435887],[85.311668,28.1435346],[85.3116374,28.1435342],[85.3116395,28.1433988],[85.311609,28.1433985],[85.3116116,28.1432361],[85.311581,28.1432357],[85.3115827,28.1431274],[85.3115522,28.143127],[85.3115564,28.1428563],[85.3115259,28.142856],[85.3115263,28.1428289],[85.3114958,28.1428285],[85.3114966,28.1427744],[85.3114661,28.142774],[85.3114665,28.1427469],[85.3113749,28.1427458],[85.3113745,28.1427729],[85.3113439,28.1427725],[85.3113435,28.1427996],[85.311313,28.1427992],[85.3113113,28.1429075],[85.3113723,28.1429082],[85.3113715,28.1429623],[85.311402,28.1429627],[85.3114016,28.1429898],[85.3113711,28.1429894],[85.3113706,28.1430165],[85.3113401,28.1430161],[85.3113397,28.1430432],[85.3112175,28.1430417],[85.3112167,28.1430958],[85.3111861,28.1430954],[85.3111849,28.1431766],[85.3111543,28.1431763],[85.3111539,28.1432033],[85.3111844,28.1432037],[85.3111827,28.143312],[85.3112133,28.1433124],[85.3112128,28.1433394],[85.3111823,28.1433391],[85.3111819,28.1433661],[85.3110597,28.1433646],[85.3110601,28.1433376],[85.3109075,28.1433357],[85.3109079,28.1433086],[85.3108773,28.1433082],[85.3108778,28.1432812],[85.3108472,28.1432808],[85.3108477,28.1432537],[85.3108171,28.1432533],[85.3108175,28.1432263],[85.3107565,28.1432255],[85.3107569,28.1431984],[85.310482,28.1431951],[85.3104825,28.143168],[85.3104214,28.1431672],[85.3104218,28.1431402],[85.3101775,28.1431371],[85.3101762,28.1432184],[85.3102068,28.1432187],[85.3102054,28.1433043],[85.3100217,28.1433339],[85.3100231,28.1432435],[85.3099926,28.1432432],[85.309993,28.1432161],[85.3099624,28.1432157],[85.3099629,28.1431886],[85.3099018,28.1431879],[85.3099022,28.1431608],[85.3098106,28.1431597],[85.3098102,28.1431868],[85.309688,28.1431853],[85.3096884,28.1431582],[85.3096579,28.1431578],[85.3096583,28.1431307],[85.3096278,28.1431304],[85.3096282,28.1431033],[85.3095977,28.1431029],[85.3095981,28.1430758],[85.309537,28.1430751],[85.3095379,28.143021],[85.3094768,28.1430202],[85.3094772,28.1429931],[85.3094467,28.1429928],[85.3094471,28.1429657],[85.3094166,28.1429653],[85.309417,28.1429382],[85.3093559,28.1429375],[85.3093563,28.1429104],[85.3092953,28.1429097],[85.3092957,28.1428826],[85.3092652,28.1428822],[85.3092656,28.1428551],[85.309235,28.1428548],[85.3092355,28.1428277],[85.3091744,28.1428269],[85.3091752,28.1427728],[85.3091447,28.1427724],[85.3091464,28.1426642],[85.3091159,28.1426638],[85.3091163,28.1426367],[85.3090552,28.142636],[85.3090556,28.1426089],[85.3089029,28.142607],[85.3089034,28.1425799],[85.3088423,28.1425792],[85.3088427,28.1425521],[85.3088122,28.1425517],[85.3088126,28.1425247],[85.3087821,28.1425243],[85.3087825,28.1424972],[85.3087519,28.1424968],[85.3087524,28.1424698],[85.3087218,28.1424694],[85.3087223,28.1424423],[85.3086612,28.1424416],[85.3086637,28.1422792],[85.3086943,28.1422795],[85.3086955,28.1421983],[85.3087261,28.1421987],[85.3087278,28.1420904],[85.3086972,28.14209],[85.3086977,28.142063],[85.3086671,28.1420626],[85.3086676,28.1420355],[85.3085759,28.1420344],[85.3085764,28.1420073],[85.3083321,28.1420043],[85.3083316,28.1420314],[85.3080873,28.1420284],[85.3080878,28.1420013],[85.3079961,28.1420002],[85.3079966,28.1419731],[85.3079049,28.141972],[85.3079054,28.1419449],[85.3078443,28.1419441],[85.3078447,28.1419171],[85.3078142,28.1419167],[85.3078146,28.1418896],[85.307723,28.1418885],[85.3077226,28.1419156],[85.307692,28.1419152],[85.3076925,28.1418881],[85.3076314,28.1418874],[85.3076318,28.1418603],[85.3075707,28.1418595],[85.3075711,28.1418325],[85.3075406,28.1418321],[85.307541,28.141805],[85.30748,28.1418043],[85.3074804,28.1417772],[85.3074498,28.1417768],[85.3074503,28.1417497],[85.3073892,28.141749],[85.3073896,28.1417219],[85.3073285,28.1417212],[85.307329,28.1416941],[85.3072679,28.1416933],[85.3072683,28.1416663],[85.3072072,28.1416655],[85.3072094,28.1415256],[85.3071973,28.1415086],[85.3071887,28.1414909],[85.3071791,28.1414479],[85.3071675,28.1414268],[85.3071508,28.1414067],[85.3071301,28.1413893],[85.3071075,28.1413763],[85.3070789,28.1413668],[85.3070644,28.1413558],[85.3070514,28.1413392],[85.3070402,28.1413171],[85.3070311,28.1412904],[85.3070276,28.1412724],[85.3069882,28.1412474],[85.3069286,28.1412076],[85.3068927,28.1411806],[85.3068351,28.1411286],[85.3068101,28.1411022],[85.3067877,28.1410756],[85.3067633,28.14104],[85.3067065,28.1409419],[85.3066713,28.1408916],[85.3066333,28.1408413],[85.3065925,28.1407913],[85.306549,28.1407415],[85.3065108,28.1407029],[85.3064153,28.1406163],[85.306392,28.1405924],[85.3063724,28.1405696],[85.3063424,28.1405261],[85.3062843,28.1404257],[85.3062578,28.1403882],[85.3062309,28.1403584],[85.3061673,28.1402963],[85.3061433,28.1402689],[85.3061201,28.1402358],[85.3060745,28.1401585],[85.3060526,28.1401257],[85.3060291,28.1400975],[85.3059661,28.140031],[85.3059504,28.1400111],[85.305938,28.139992],[85.3059216,28.1399632],[85.3059177,28.1399534],[85.3058722,28.1399231],[85.3058244,28.1398862],[85.3057816,28.1398476],[85.3057444,28.139808],[85.3057012,28.1397515],[85.3056624,28.1396886],[85.3056486,28.1396591],[85.3056372,28.1396241],[85.3056123,28.1395068],[85.305602,28.1394678],[85.3055889,28.1394337],[85.3055729,28.1394052],[85.3055496,28.1393753],[85.3055197,28.1393443],[85.3054864,28.1393144],[85.3054162,28.139256],[85.305388,28.1392333],[85.3053553,28.1392095],[85.3052098,28.1391123],[85.3051765,28.1390869],[85.3051477,28.1390621],[85.3050974,28.1390168],[85.3050837,28.1390019],[85.3050731,28.1389875],[85.305063,28.1389663],[85.3050469,28.1389078],[85.3050358,28.1388831],[85.3050112,28.1388506],[85.3049762,28.138816],[85.3049411,28.1387892],[85.3048993,28.1387652],[85.3048512,28.1387442],[85.3047972,28.1387265],[85.3047693,28.1387207],[85.3047378,28.1387182],[85.3047025,28.1387186],[85.3045975,28.1387245],[85.3045648,28.1387232],[85.3045361,28.138719],[85.3044952,28.1387091],[85.3044541,28.1386966],[85.3043982,28.1386785],[85.3043677,28.1386667],[85.3043411,28.1386528],[85.3043198,28.138637],[85.304292,28.1386067],[85.3042676,28.1385699],[85.3042587,28.1385486],[85.3042546,28.1385255],[85.3042553,28.1385004],[85.3042606,28.1384727],[85.3042685,28.1384478],[85.30428,28.1384196],[85.3043287,28.1383194],[85.304346,28.1382796],[85.3043588,28.1382398],[85.3043646,28.1382044],[85.3043652,28.1381736],[85.3043622,28.1380995],[85.3043646,28.1380627],[85.3043756,28.1380126],[85.3043941,28.1379599],[85.3044202,28.1379047],[85.3044541,28.1378464],[85.3044671,28.1378289],[85.3045059,28.1377846],[85.3045152,28.1377705],[85.3045212,28.1377569],[85.3045266,28.1377368],[85.3045297,28.1377157],[85.3045304,28.1376948],[85.3045287,28.1376748],[85.3045212,28.137645],[85.3045136,28.1376254],[85.304503,28.1376067],[85.3044891,28.1375885],[85.3044718,28.1375706],[85.3044346,28.1375403],[85.3043345,28.1374706],[85.3043097,28.1374495],[85.30429,28.1374287],[85.3042321,28.1373579],[85.304189,28.1373011],[85.3041527,28.1372484],[85.3041228,28.1371987],[85.3040982,28.1371497],[85.3040794,28.1371023],[85.3040663,28.1370562],[85.3040588,28.137011],[85.3040535,28.1369697],[85.3040435,28.1369695],[85.3040444,28.1369154],[85.3039833,28.1369146],[85.3039837,28.1368876],[85.3039532,28.1368872],[85.3039536,28.1368601],[85.3040452,28.1368613],[85.3040456,28.1368342],[85.3040762,28.1368346],[85.3040783,28.1366992],[85.3040478,28.1366988],[85.3040482,28.1366718],[85.3039871,28.136671],[85.3039876,28.136644],[85.303957,28.1366436],[85.3039579,28.1365894],[85.3039273,28.1365891],[85.3039286,28.1365079],[85.3038981,28.1365075],[85.3038989,28.1364533],[85.3038379,28.1364526],[85.3038387,28.1363984],[85.3038082,28.1363981],[85.3038086,28.136371],[85.3037781,28.1363706],[85.3037789,28.1363165],[85.3037484,28.1363161],[85.3037492,28.136262],[85.3037187,28.1362616],[85.3037195,28.1362074],[85.303689,28.1362071],[85.3036903,28.1361259],[85.3036597,28.1361255],[85.3036606,28.1360713],[85.3036301,28.136071],[85.3036309,28.1360168],[85.3036004,28.1360164],[85.3036017,28.1359352],[85.3035406,28.1359345],[85.303541,28.1359074],[85.3035105,28.135907],[85.3035109,28.13588],[85.3034804,28.1358796],[85.3034812,28.1358254],[85.3034201,28.1358247],[85.3034214,28.1357435],[85.3033909,28.1357431],[85.3033917,28.135689],[85.3033612,28.1356886],[85.3033621,28.1356344],[85.3033315,28.1356341],[85.3033319,28.135607],[85.3033014,28.1356066],[85.3033018,28.1355796],[85.3032713,28.1355792],[85.3032722,28.135525],[85.3032416,28.1355247],[85.303242,28.1354976],[85.3032115,28.1354972],[85.3032124,28.1354431],[85.3031818,28.1354427],[85.3031823,28.1354156],[85.3031517,28.1354152],[85.3031526,28.1353611],[85.303122,28.1353607],[85.3031229,28.1353066],[85.3030923,28.1353062],[85.3030932,28.1352521],[85.3030627,28.1352517],[85.3030631,28.1352246],[85.3030326,28.1352242],[85.3030334,28.1351701],[85.3030029,28.1351697],[85.3030033,28.1351427],[85.3029728,28.1351423],[85.3029732,28.1351152],[85.3029427,28.1351148],[85.3029435,28.1350607],[85.302913,28.1350603],[85.3029138,28.1350062],[85.3028833,28.1350058],[85.3028841,28.1349517],[85.3028536,28.1349513],[85.302854,28.1349242],[85.3028235,28.1349238],[85.3028239,28.1348968],[85.3027934,28.1348964],[85.3027938,28.1348693],[85.3027633,28.1348689],[85.3027637,28.1348419],[85.3027332,28.1348415],[85.3027336,28.1348144],[85.3027031,28.134814],[85.3027035,28.134787],[85.3026729,28.1347866],[85.3026734,28.1347595],[85.3026123,28.1347588],[85.3026127,28.1347317],[85.3025516,28.1347309],[85.3025521,28.1347039],[85.3025215,28.1347035],[85.302522,28.1346764],[85.3024609,28.1346757],[85.3024613,28.1346486],[85.3024308,28.1346482],[85.3024316,28.1345941],[85.3024011,28.1345937],[85.3024032,28.1344584],[85.3024338,28.1344587],[85.3024342,28.1344317],[85.3024037,28.1344313],[85.3024045,28.1343771],[85.3024351,28.1343775],[85.3024359,28.1343234],[85.3023748,28.1343226],[85.3023753,28.1342956],[85.3023142,28.1342948],[85.3023146,28.1342677],[85.3022841,28.1342674],[85.3022845,28.1342403],[85.302254,28.1342399],[85.3022544,28.1342128],[85.3022239,28.1342125],[85.3022243,28.1341854],[85.3021937,28.134185],[85.3021942,28.1341579],[85.3021636,28.1341576],[85.3021649,28.1340764],[85.3021344,28.134076],[85.3021352,28.1340218],[85.3021047,28.1340215],[85.3021056,28.1339673],[85.302075,28.1339669],[85.3020754,28.1339399],[85.3020144,28.1339391],[85.3020169,28.1337767],[85.3019864,28.1337763],[85.3019868,28.1337493],[85.3020174,28.1337496],[85.3020182,28.1336955],[85.3019877,28.1336951],[85.3019885,28.133641],[85.301958,28.1336406],[85.3019584,28.1336135],[85.3019279,28.1336132],[85.3019283,28.1335861],[85.3018978,28.1335857],[85.3018982,28.1335586],[85.3018066,28.1335575],[85.301807,28.1335304],[85.3015933,28.1335278],[85.3015937,28.1335007],[85.3015021,28.1334996],[85.3015025,28.1334725],[85.301472,28.1334721],[85.3014724,28.1334451],[85.3014113,28.1334443],[85.3014118,28.1334172],[85.3013507,28.1334165],[85.3013511,28.1333894],[85.3012595,28.1333883],[85.3012599,28.1333612],[85.3011683,28.1333601],[85.3011688,28.133333],[85.3011077,28.1333322],[85.3011081,28.1333052],[85.3010776,28.1333048],[85.301078,28.1332777],[85.3010169,28.133277],[85.3010174,28.1332499],[85.3009868,28.1332495],[85.3009872,28.1332224],[85.3009567,28.1332221],[85.3009571,28.133195],[85.3009266,28.1331946],[85.300927,28.1331675],[85.3008965,28.1331672],[85.3008969,28.1331401],[85.3008664,28.1331397],[85.3008668,28.1331127],[85.3008363,28.1331123],[85.3008367,28.1330852],[85.3008062,28.1330848],[85.3008066,28.1330578],[85.3007761,28.1330574],[85.3007765,28.1330303],[85.3007459,28.1330299],[85.3007464,28.1330029],[85.3007158,28.1330025],[85.3007163,28.1329754],[85.3006857,28.132975],[85.3006862,28.132948],[85.3006556,28.1329476],[85.3006565,28.1328934],[85.3006259,28.1328931],[85.3006268,28.1328389],[85.3005963,28.1328386],[85.3005968,28.1328026],[85.3005746,28.1327841],[85.3005666,28.132784],[85.3005667,28.1327775],[85.300562,28.1327736],[85.300527,28.1327398],[85.3004968,28.1327054],[85.3004713,28.1326702],[85.3004566,28.1326449],[85.3004431,28.1326156],[85.3004295,28.1325796],[85.3003909,28.1324659],[85.3003758,28.1324311],[85.3003594,28.1324017],[85.3003191,28.1323384],[85.3003072,28.1323222],[85.3002367,28.1323179],[85.3001492,28.1323098],[85.300102,28.1323033],[85.3000585,28.1322955],[85.3000176,28.132286],[85.299979,28.1322749],[85.2999461,28.1322628],[85.2998659,28.1322288],[85.2998224,28.1322152],[85.2997975,28.1322112],[85.2997383,28.1322062],[85.2997105,28.1322003],[85.2996789,28.1321889],[85.2996491,28.1321748],[85.2996222,28.1321586],[85.2995986,28.1321406],[85.2995696,28.1321118],[85.2995464,28.132081],[85.2995356,28.1320611],[85.2995261,28.132038],[85.2995091,28.1319766],[85.2995007,28.131926],[85.2994979,28.1318729],[85.2995007,28.1318193],[85.2995091,28.1317677],[85.2995172,28.1317408],[85.2995298,28.1317119],[85.2995921,28.1316056],[85.2996044,28.1315813],[85.2996135,28.1315589],[85.299623,28.1315277],[85.2996406,28.1314559],[85.2996508,28.1314246],[85.2996593,28.1314059],[85.2996708,28.1313857],[85.2997291,28.1312986],[85.2997406,28.1312751],[85.2997478,28.1312531],[85.2997531,28.1312156],[85.2997526,28.1311724],[85.299747,28.1311248],[85.2997329,28.1310442],[85.2997189,28.1309735],[85.299703,28.1309175],[85.299688,28.1308808],[85.2996503,28.1308077],[85.2996359,28.1307757],[85.299604,28.1306846],[85.2995795,28.1305909],[85.2995626,28.1304964],[85.2995539,28.1304028],[85.2995537,28.1303177],[85.2995613,28.1302014],[85.2995663,28.1301565],[85.2995745,28.1301066],[85.2996057,28.1299551],[85.2995832,28.1299375],[85.2995637,28.1299141],[85.299547,28.1298849],[85.2995332,28.1298497],[85.2995225,28.1298096],[85.299514,28.1297629],[85.2995077,28.1297097],[85.2995017,28.1296346],[85.2995015,28.1296141],[85.2995052,28.1295592],[85.2995043,28.1295436],[85.2995017,28.1295302],[85.2994917,28.1295067],[85.2994751,28.1294823],[85.2994527,28.1294575],[85.2994122,28.1294183],[85.2993851,28.1293945],[85.2993526,28.1293706],[85.2992481,28.1293064],[85.2991955,28.129278],[85.2991339,28.1292514],[85.2990733,28.1292295],[85.298928,28.1291813],[85.2988576,28.1291543],[85.2987945,28.1291238],[85.2987666,28.1291075],[85.2987409,28.1290901],[85.2986604,28.129029],[85.2986313,28.1290033],[85.2986066,28.1289783],[85.2985756,28.1289396],[85.2985457,28.1288929],[85.2985172,28.1288398],[85.2984724,28.128747],[85.298454,28.1287064],[85.2984359,28.1286603],[85.2983747,28.1284792],[85.2983456,28.1284039],[85.298307,28.1283219],[85.2982591,28.1282343],[85.2982019,28.12814],[85.2980785,28.1279485],[85.2980272,28.1278658],[85.2979765,28.1277771],[85.2979354,28.1276954],[85.2979047,28.1276216],[85.297854,28.1274784],[85.2978321,28.1274213],[85.2978062,28.1273641],[85.2977788,28.127315],[85.2977402,28.127257],[85.2976984,28.1272011],[85.2976538,28.1271481],[85.2976072,28.1270987],[85.2975654,28.1270616],[85.2974588,28.1269813],[85.2974133,28.1269421],[85.297381,28.1269079],[85.2973123,28.1268267],[85.297279,28.1267929],[85.2972486,28.1267677],[85.2972127,28.1267426],[85.2971737,28.1267188],[85.2970635,28.1266554],[85.297031,28.1266344],[85.2970031,28.1266139],[85.2969769,28.126592],[85.296949,28.126566],[85.2968318,28.126447],[85.2968144,28.1264317],[85.2966734,28.1263447],[85.2960327,28.1260765],[85.2954963,28.1259275],[85.2948109,28.1257934],[85.2945725,28.1256891],[85.2944384,28.1255252],[85.2943192,28.1252272],[85.2942482,28.1251562],[85.2942041,28.1251402],[85.2941614,28.1251222],[85.2941209,28.1251019],[85.2940771,28.1250764],[85.293938,28.1249846],[85.293887,28.1249531],[85.2938362,28.1249261],[85.2937885,28.1249059],[85.2937674,28.1248993],[85.2937432,28.1248938],[85.2936542,28.1248804],[85.2936194,28.1248732],[85.2935853,28.1248617],[85.2935573,28.1248463],[85.2935308,28.1248288],[85.29352,28.1248164],[85.2935154,28.1248022],[85.293505,28.124794],[85.2934721,28.1247638],[85.2934418,28.1247259],[85.293414,28.1246802],[85.2933878,28.1246254],[85.2933737,28.1246079],[85.2930792,28.1243442],[85.2929748,28.1242458],[85.2929712,28.1242423],[85.2929447,28.1242174],[85.292942,28.1242149],[85.2929146,28.1241891],[85.2928547,28.1241326],[85.2928545,28.1241324],[85.2926217,28.1239131],[85.2926137,28.1239056],[85.2925926,28.1238856],[85.2925837,28.1238772],[85.2925635,28.1238582],[85.2924332,28.1237355],[85.2924179,28.123721],[85.2924031,28.1237071],[85.2923888,28.1236936],[85.292373,28.1236787],[85.2923734,28.1236539],[85.2923651,28.1236391],[85.2923431,28.1236389],[85.2923438,28.1235982],[85.2923502,28.1235851],[85.2923501,28.1235837],[85.2923517,28.1235577],[85.2923617,28.1234808],[85.2923614,28.1234578],[85.2923577,28.1234382],[85.2923465,28.1234103],[85.2923286,28.1233809],[85.2923081,28.1233543],[85.2922561,28.123293],[85.2922337,28.1232621],[85.2922146,28.1232293],[85.2921957,28.123191],[85.2921372,28.1230496],[85.2921117,28.1229953],[85.2920963,28.1229678],[85.2920803,28.1229433],[85.2920635,28.1229215],[85.2920457,28.122902],[85.2920254,28.1228836],[85.2920012,28.1228647],[85.2919137,28.1228057],[85.2918816,28.122782],[85.2918468,28.1227527],[85.2917699,28.1226837],[85.2917336,28.122654],[85.2916906,28.122624],[85.2916399,28.1225943],[85.2915901,28.1225687],[85.2914731,28.1225121],[85.2914188,28.1224831],[85.2913729,28.1224549],[85.2913335,28.1224259],[85.2912931,28.1223918],[85.291252,28.122354],[85.2912312,28.1223336],[85.2908028,28.1221578],[85.2904005,28.12183],[85.2895512,28.1215022],[85.2890744,28.121383],[85.2886607,28.1211833],[85.2885648,28.1211821],[85.2885652,28.121155],[85.2884431,28.1211535],[85.2884435,28.1211264],[85.2882908,28.1211245],[85.2882913,28.1210975],[85.2882607,28.1210971],[85.2882611,28.12107],[85.2882001,28.1210692],[85.2882005,28.1210422],[85.28817,28.1210418],[85.2881704,28.1210147],[85.2881093,28.121014],[85.2881098,28.1209869],[85.2880792,28.1209865],[85.2880797,28.1209594],[85.2880491,28.1209591],[85.2880496,28.120932],[85.288019,28.1209316],[85.2880216,28.1207692],[85.2879911,28.1207688],[85.2879937,28.1206064],[85.2880242,28.1206068],[85.2880246,28.1205797],[85.2880552,28.1205801],[85.2880565,28.1204989],[85.2880259,28.1204985],[85.2880281,28.1203632],[85.2880586,28.1203635],[85.288059,28.1203365],[85.2880896,28.1203368],[85.28809,28.1203098],[85.2881205,28.1203102],[85.2881214,28.120256],[85.2881519,28.1202564],[85.2881532,28.1201752],[85.2881837,28.1201756],[85.2881846,28.1201214],[85.2882151,28.1201218],[85.288216,28.1200677],[85.2882465,28.1200681],[85.288247,28.120041],[85.2882775,28.1200414],[85.2882784,28.1199872],[85.2883089,28.1199876],[85.2883097,28.1199335],[85.2883403,28.1199339],[85.2883407,28.1199068],[85.2883687,28.1199071],[85.2883687,28.1197612],[85.2883287,28.1196292],[85.2883225,28.1196181],[85.2882995,28.1196202],[85.2882701,28.1196184],[85.2882006,28.1196097],[85.2881688,28.1196091],[85.2881421,28.1196141],[85.2881308,28.1196188],[85.2881207,28.1196252],[85.2880766,28.1196692],[85.288044,28.1196927],[85.2880006,28.1197172],[85.2879637,28.1197357],[85.2879351,28.1197479],[85.2879089,28.1197564],[85.2878846,28.1197612],[85.2878437,28.119765],[85.2878291,28.1197641],[85.2878166,28.1197612],[85.2878013,28.1197543],[85.2877806,28.1197412],[85.2877756,28.1197373],[85.2877021,28.1197364],[85.2877025,28.1197093],[85.2876415,28.1197085],[85.2876419,28.1196815],[85.2876114,28.1196811],[85.2876118,28.119654],[85.2875507,28.1196533],[85.287552,28.119572],[85.2875215,28.1195717],[85.2875267,28.1192468],[85.2875572,28.1192472],[85.2875576,28.1192201],[85.2875271,28.1192198],[85.2875297,28.1190573],[85.2874991,28.119057],[85.2875,28.1190028],[85.2874695,28.1190024],[85.2874699,28.1189754],[85.2874394,28.118975],[85.2874398,28.1189479],[85.2874093,28.1189475],[85.2874097,28.1189205],[85.2873181,28.1189193],[85.2873185,28.1188923],[85.287288,28.1188919],[85.2872884,28.1188648],[85.2872579,28.1188644],[85.2872583,28.1188374],[85.2872278,28.118837],[85.2872282,28.1188099],[85.2871672,28.1188091],[85.2871676,28.1187821],[85.287076,28.1187809],[85.2870764,28.1187539],[85.2870154,28.1187531],[85.2870158,28.118726],[85.2868937,28.1187245],[85.2868941,28.1186974],[85.2867109,28.1186951],[85.2867113,28.1186681],[85.2866503,28.1186673],[85.2866507,28.1186402],[85.2865897,28.1186395],[85.2865901,28.1186124],[85.286529,28.1186116],[85.2865294,28.1185846],[85.2864684,28.1185838],[85.2864688,28.1185567],[85.2862856,28.1185545],[85.2862861,28.1185274],[85.2861945,28.1185262],[85.286194,28.1185533],[85.2860414,28.1185514],[85.2860418,28.1185243],[85.285767,28.1185209],[85.2857675,28.1184938],[85.2857064,28.1184931],[85.2857068,28.118466],[85.2856458,28.1184652],[85.2856462,28.1184382],[85.2856157,28.1184378],[85.2856165,28.1183836],[85.285586,28.1183833],[85.2855864,28.1183562],[85.2855254,28.1183554],[85.2855258,28.1183284],[85.2854953,28.118328],[85.2854957,28.1183009],[85.2854651,28.1183005],[85.285466,28.1182464],[85.2854355,28.118246],[85.2854359,28.1182189],[85.2854054,28.1182186],[85.2854058,28.1181915],[85.2853142,28.1181903],[85.2853146,28.1181633],[85.2852536,28.1181625],[85.285254,28.1181354],[85.2851624,28.1181343],[85.2851628,28.1181072],[85.2851018,28.1181065],[85.2851022,28.1180794],[85.2850412,28.1180786],[85.2850416,28.1180516],[85.2849805,28.1180508],[85.284981,28.1180237],[85.2849504,28.1180233],[85.2849509,28.1179963],[85.2848898,28.1179955],[85.2848902,28.1179684],[85.2848597,28.1179681],[85.2848601,28.117941],[85.2847991,28.1179402],[85.2847995,28.1179132],[85.284769,28.1179128],[85.2847694,28.1178857],[85.2847083,28.1178849],[85.2847088,28.1178579],[85.2846782,28.1178575],[85.2846787,28.1178304],[85.2845871,28.1178293],[85.2845875,28.1178022],[85.2844959,28.1178011],[85.2844955,28.1178281],[85.2841291,28.1178235],[85.2841287,28.1178506],[85.2840371,28.1178495],[85.2840366,28.1178765],[85.2839145,28.117875],[85.2839149,28.1178479],[85.2838539,28.1178472],[85.2838543,28.1178201],[85.2838238,28.1178197],[85.2838246,28.1177656],[85.2837636,28.1177648],[85.283764,28.1177377],[85.2837335,28.1177374],[85.2837339,28.1177103],[85.2837034,28.1177099],[85.2837038,28.1176828],[85.2836733,28.1176825],[85.2836741,28.1176283],[85.2836436,28.1176279],[85.2836458,28.1174926],[85.2836152,28.1174922],[85.2836161,28.1174381],[85.2835856,28.1174377],[85.283586,28.1174106],[85.2835555,28.1174102],[85.2835559,28.1173832],[85.2835254,28.1173828],[85.2835258,28.1173557],[85.2834647,28.117355],[85.2834652,28.1173279],[85.2833736,28.1173267],[85.283374,28.1172997],[85.2833129,28.1172989],[85.2833134,28.1172718],[85.2832218,28.1172707],[85.2832222,28.1172436],[85.2831611,28.1172429],[85.2831616,28.1172158],[85.2831005,28.117215],[85.2831009,28.1171879],[85.2830704,28.1171876],[85.2830708,28.1171605],[85.2830403,28.1171601],[85.2830407,28.117133],[85.2830102,28.1171327],[85.2830106,28.1171056],[85.2829801,28.1171052],[85.2829805,28.1170781],[85.2827668,28.1170755],[85.2827673,28.1170484],[85.2827367,28.117048],[85.2827372,28.1170209],[85.2827066,28.1170206],[85.2827075,28.1169664],[85.282677,28.116966],[85.2826795,28.1168036],[85.282649,28.1168032],[85.2826499,28.1167491],[85.2826193,28.1167487],[85.2826202,28.1166946],[85.2825897,28.1166942],[85.2825901,28.1166671],[85.2825596,28.1166667],[85.28256,28.1166397],[85.2825295,28.1166393],[85.2825299,28.1166122],[85.2823467,28.1166099],[85.2823463,28.116637],[85.2820715,28.1166336],[85.2820719,28.1166065],[85.2820109,28.1166057],[85.2820113,28.1165787],[85.2818892,28.1165771],[85.2818896,28.1165501],[85.2818591,28.1165497],[85.2818621,28.1163602],[85.2818316,28.1163598],[85.281832,28.1163327],[85.281771,28.116332],[85.2817714,28.1163049],[85.2817409,28.1163045],[85.2817413,28.1162775],[85.2816802,28.1162767],[85.2816807,28.1162496],[85.2816501,28.1162492],[85.2816506,28.1162222],[85.2815895,28.1162214],[85.2815899,28.1161943],[85.2815594,28.1161939],[85.2815598,28.1161669],[85.2815293,28.1161665],[85.2815297,28.1161394],[85.2814992,28.116139],[85.2815009,28.1160308],[85.2815315,28.1160311],[85.2815323,28.115977],[85.2815628,28.1159774],[85.2815646,28.1158691],[85.281534,28.1158687],[85.2815345,28.1158417],[85.2815039,28.1158413],[85.2815078,28.1155977],[85.2814773,28.1155973],[85.2814786,28.1155161],[85.2814481,28.1155157],[85.2814494,28.1154345],[85.2814188,28.1154341],[85.2814197,28.11538],[85.2813892,28.1153796],[85.2813896,28.1153525],[85.2813591,28.1153521],[85.2813595,28.1153251],[85.281329,28.1153247],[85.2813298,28.1152705],[85.2812993,28.1152701],[85.281301,28.1151619],[85.2812705,28.1151615],[85.2812709,28.1151344],[85.2812099,28.1151337],[85.2812103,28.1151066],[85.2811798,28.1151062],[85.2811802,28.1150791],[85.2811497,28.1150788],[85.2811501,28.1150517],[85.2811196,28.1150513],[85.2811204,28.1149972],[85.2810899,28.1149968],[85.2810925,28.1148344],[85.281062,28.114834],[85.2810624,28.1148069],[85.2809708,28.1148058],[85.2809712,28.1147787],[85.2809407,28.1147783],[85.2809411,28.1147512],[85.2810022,28.114752],[85.2810026,28.1147249],[85.2810332,28.1147253],[85.281034,28.1146712],[85.2810035,28.1146708],[85.2810044,28.1146167],[85.2809433,28.1146159],[85.2809437,28.1145888],[85.2809132,28.1145884],[85.2809136,28.1145614],[85.2808831,28.114561],[85.2808844,28.1144798],[85.2809149,28.1144802],[85.2809166,28.1143719],[85.2808556,28.1143711],[85.2808565,28.114317],[85.2808259,28.1143166],[85.2808268,28.1142625],[85.2807963,28.1142621],[85.2807976,28.1141809],[85.2808281,28.1141813],[85.2808287,28.1141415],[85.2808261,28.114133],[85.2808236,28.1141271],[85.2807374,28.114126],[85.2807369,28.114153],[85.2806148,28.1141515],[85.2806152,28.1141244],[85.2805847,28.1141241],[85.2805851,28.114097],[85.2805546,28.1140966],[85.280555,28.1140695],[85.2805245,28.1140691],[85.2805249,28.1140421],[85.2803112,28.1140394],[85.2803108,28.1140665],[85.2802803,28.1140661],[85.2802824,28.1139307],[85.280313,28.1139311],[85.2803155,28.1137687],[85.2803461,28.1137691],[85.2803465,28.113742],[85.280377,28.1137424],[85.2803775,28.1137153],[85.280408,28.1137157],[85.2804084,28.1136886],[85.280439,28.113689],[85.2804394,28.113662],[85.2804699,28.1136623],[85.2804704,28.1136353],[85.2805009,28.1136357],[85.2805017,28.1135815],[85.2805323,28.1135819],[85.2805357,28.1133654],[85.2805052,28.113365],[85.2805056,28.1133379],[85.2804751,28.1133375],[85.2804755,28.1133104],[85.280445,28.1133101],[85.2804454,28.113283],[85.2804149,28.1132826],[85.2804158,28.1132285],[85.2800799,28.1132243],[85.2800804,28.1131972],[85.2798972,28.1131949],[85.2798968,28.113222],[85.2798662,28.1132216],[85.2798658,28.1132486],[85.2798353,28.1132483],[85.2798348,28.1132753],[85.2797432,28.1132742],[85.2797437,28.1132471],[85.2796826,28.1132464],[85.2796831,28.1132193],[85.2796525,28.1132189],[85.2796534,28.1131648],[85.2796229,28.1131644],[85.2796237,28.1131102],[85.2795932,28.1131099],[85.2795936,28.1130828],[85.2794715,28.1130813],[85.2794724,28.1130271],[85.2794418,28.1130267],[85.2794427,28.1129726],[85.2794122,28.1129722],[85.2794126,28.1129451],[85.2793821,28.1129448],[85.2793825,28.1129177],[85.2793214,28.1129169],[85.2793219,28.1128899],[85.2792913,28.1128895],[85.2792917,28.1128699],[85.2792254,28.112875],[85.2791389,28.112875],[85.2789721,28.112875],[85.2789253,28.1128646],[85.2784357,28.1127558],[85.2782595,28.112684],[85.277905,28.1128002],[85.2778992,28.1128162],[85.2778874,28.1128426],[85.2778749,28.1128647],[85.2778612,28.1128829],[85.2778427,28.1128997],[85.2778018,28.112927],[85.2777862,28.1129392],[85.2777604,28.1129669],[85.2777097,28.1130339],[85.2776862,28.113058],[85.2776666,28.1130734],[85.2776449,28.1130878],[85.277594,28.1131144],[85.2775347,28.1131379],[85.2774361,28.1131705],[85.2773382,28.1132007],[85.2773012,28.1132091],[85.2772673,28.1132143],[85.2772333,28.1132171],[85.2771998,28.113218],[85.2771673,28.1132171],[85.2771361,28.1132143],[85.2770847,28.1132054],[85.2770343,28.1131918],[85.2769864,28.1131737],[85.2769422,28.1131517],[85.2769083,28.1131318],[85.2768842,28.1131157],[85.2768644,28.1130995],[85.2768485,28.113083],[85.2768252,28.1130506],[85.276811,28.1130205],[85.2768054,28.1129968],[85.2768036,28.1129701],[85.2768054,28.1129419],[85.276811,28.1129142],[85.2768154,28.112902],[85.2768223,28.1128893],[85.276849,28.1128536],[85.2768498,28.1128047],[85.2768533,28.1128047],[85.2768527,28.1127721],[85.2768546,28.1127407],[85.2768589,28.112711],[85.2768657,28.1126834],[85.2768762,28.1126572],[85.2768947,28.1126237],[85.2768945,28.1126188],[85.2768817,28.1125873],[85.2768778,28.1125705],[85.2768759,28.1125524],[85.2768762,28.1125329],[85.2768769,28.1125267],[85.2768735,28.1125141],[85.2768632,28.1124914],[85.2768333,28.1124401],[85.2768235,28.112414],[85.2768191,28.1123851],[85.2768187,28.112353],[85.2768223,28.1123184],[85.2768297,28.1122828],[85.2768399,28.1122492],[85.2768516,28.1122203],[85.2768649,28.1121961],[85.2768797,28.1121765],[85.2768918,28.1121656],[85.2769073,28.1121556],[85.2769693,28.1121273],[85.2769923,28.112114],[85.2770138,28.112097],[85.2770142,28.1120757],[85.2770205,28.1120758],[85.2770161,28.1120313],[85.2770088,28.1119846],[85.2769988,28.1119354],[85.2769858,28.1118832],[85.2769693,28.1118218],[85.276962,28.111803],[85.2769538,28.1117871],[85.2769414,28.1117693],[85.2769263,28.1117517],[85.2769089,28.1117347],[85.2768897,28.1117191],[85.2768762,28.1117111],[85.2768591,28.1117044],[85.2767987,28.1116902],[85.27678,28.1116844],[85.2767645,28.1116767],[85.2767537,28.1116671],[85.2767531,28.1116663],[85.2767459,28.1116662],[85.2767461,28.1116533],[85.2767428,28.1116392],[85.2767419,28.1116218],[85.2767475,28.1115669],[85.2767484,28.1115061],[85.2767457,28.1114951],[85.2767364,28.111467],[85.2767284,28.1114494],[85.2767188,28.1114493],[85.276719,28.1114357],[85.276703,28.1114192],[85.2766857,28.111407],[85.2766718,28.1114012],[85.2766497,28.111395],[85.2766044,28.1113845],[85.2765709,28.1113806],[85.2765433,28.1113827],[85.2765318,28.1113861],[85.2765216,28.111391],[85.2765116,28.1114005],[85.2764907,28.1114303],[85.2764843,28.111436],[85.2764776,28.111439],[85.2764629,28.1114408],[85.2764456,28.111439],[85.2764322,28.1114346],[85.2764183,28.1114263],[85.276404,28.1114144],[85.2763896,28.111399],[85.2763794,28.1113846],[85.2763707,28.111367],[85.2763634,28.1113464],[85.2763576,28.111323],[85.2763536,28.111275],[85.276349,28.11126],[85.2763406,28.1112443],[85.2762958,28.1111823],[85.2762892,28.1111684],[85.2762856,28.111155],[85.2762821,28.1111186],[85.2762856,28.111091],[85.2762918,28.1110786],[85.2763124,28.1110522],[85.2763176,28.1110389],[85.2763176,28.1110149],[85.2763144,28.1110055],[85.2763085,28.1109956],[85.2762856,28.1109709],[85.2762631,28.1109536],[85.2762216,28.1109309],[85.2761944,28.1109179],[85.2761631,28.1109062],[85.2760397,28.1108727],[85.2759895,28.1108549],[85.2759107,28.1108193],[85.2758501,28.1107882],[85.2757981,28.1107563],[85.2757534,28.1107229],[85.2757138,28.1106899],[85.2756934,28.1106668],[85.2756841,28.1106475],[85.2756705,28.1106001],[85.2756614,28.1105828],[85.2756478,28.1105672],[85.2756254,28.1105468],[85.2756072,28.1105327],[85.2755854,28.1105193],[85.275504,28.1104802],[85.2754734,28.1104628],[85.2754161,28.1104235],[85.2753693,28.1103868],[85.2753356,28.1103581],[85.2753173,28.1103388],[85.2753052,28.1103192],[85.2752865,28.1102759],[85.2752773,28.1102587],[85.2752526,28.1102256],[85.2752204,28.1101924],[85.275182,28.1101596],[85.2751133,28.1101067],[85.2750521,28.1100653],[85.2750293,28.1100467],[85.2750073,28.1100203],[85.2749885,28.1099864],[85.2749743,28.1099506],[85.274943,28.1098571],[85.2749324,28.109832],[85.2749212,28.1098106],[85.2748976,28.1097747],[85.2748378,28.1096947],[85.2748132,28.1096546],[85.2747962,28.1096198],[85.2747805,28.1095826],[85.2747532,28.1095025],[85.2747346,28.1094254],[85.2747227,28.109345],[85.2747178,28.1092636],[85.2747201,28.1091835],[85.2746754,28.1091518],[85.2746372,28.1091184],[85.2746217,28.1091016],[85.2746066,28.1090815],[85.2745457,28.1089801],[85.2745294,28.1089572],[85.2745131,28.1089384],[85.2744939,28.1089209],[85.2744459,28.1088831],[85.2744251,28.1088624],[85.2744075,28.10884],[85.2743931,28.1088184],[85.2743806,28.108795],[85.2743697,28.1087691],[85.2743605,28.1087408],[85.2743531,28.1087103],[85.2743498,28.1086869],[85.2743451,28.1086183],[85.2743348,28.1085654],[85.27432,28.1085114],[85.2743006,28.1084567],[85.2742771,28.1084023],[85.2742561,28.108364],[85.2742025,28.1082831],[85.274181,28.1082462],[85.2741425,28.1081702],[85.2741194,28.1081176],[85.2741028,28.1080687],[85.2740932,28.1080232],[85.2740396,28.1079584],[85.2740221,28.1079405],[85.274005,28.1079261],[85.273937,28.1078821],[85.2739074,28.1078567],[85.2738551,28.107803],[85.2738329,28.1077821],[85.2737604,28.1077204],[85.273734,28.1077013],[85.2737089,28.1076861],[85.2736651,28.1076652],[85.2736129,28.1076461],[85.27357,28.1076342],[85.2735227,28.107625],[85.2734701,28.1076185],[85.2734088,28.1076141],[85.2733503,28.1076124],[85.2732948,28.1076139],[85.2732424,28.1076184],[85.2731928,28.1076261],[85.2731248,28.1076421],[85.2730897,28.1076456],[85.2730573,28.1076461],[85.2730276,28.1076436],[85.2730007,28.1076381],[85.2729773,28.1076305],[85.2729551,28.1076211],[85.2729347,28.1076102],[85.2729167,28.107598],[85.2729005,28.107583],[85.2728647,28.107542],[85.2728125,28.1074943],[85.2727584,28.1074517],[85.2727034,28.1074155],[85.2726486,28.107386],[85.2726105,28.1073714],[85.2725664,28.107361],[85.2725142,28.1073544],[85.2724012,28.1073471],[85.2723526,28.107342],[85.272303,28.1073323],[85.2722605,28.107318],[85.2722006,28.1072918],[85.2721811,28.1072811],[85.2721645,28.10727],[85.2721302,28.1072404],[85.2721045,28.1072099],[85.27209,28.1071842],[85.2720725,28.1071419],[85.2720636,28.1071137],[85.2720579,28.1070807],[85.2720519,28.1069695],[85.2720475,28.1069309],[85.2720384,28.1068955],[85.2720245,28.1068659],[85.2720087,28.1068405],[85.2719965,28.1068258],[85.2719806,28.1068136],[85.2719525,28.1067978],[85.2719345,28.1067893],[85.2719137,28.106782],[85.27182,28.1067601],[85.2717987,28.1067535],[85.2717804,28.1067458],[85.2717394,28.1067256],[85.2717127,28.1067104],[85.2716903,28.1066945],[85.2716724,28.1066778],[85.2716543,28.1066558],[85.2716404,28.1066338],[85.2716381,28.1066294],[85.2715964,28.1065898],[85.2715687,28.10656],[85.2715414,28.1065231],[85.2715176,28.1064851],[85.2714632,28.1063915],[85.271433,28.1063464],[85.2713996,28.1063073],[85.2713823,28.1062914],[85.2713643,28.1062777],[85.2713138,28.1062474],[85.2712443,28.1062137],[85.2712124,28.1062024],[85.2711473,28.1061869],[85.2711214,28.1061791],[85.2710963,28.1061678],[85.2710762,28.1061537],[85.2710562,28.1061337],[85.2710322,28.1061057],[85.2710162,28.1060817],[85.2710082,28.1060635],[85.2709922,28.1060136],[85.2709684,28.105966],[85.2709242,28.1058936],[85.2708984,28.1058554],[85.2708663,28.105815],[85.2707502,28.1056878],[85.2707097,28.1056398],[85.2706744,28.1055899],[85.2706481,28.1055415],[85.2706358,28.1055116],[85.2706001,28.1054135],[85.2705881,28.105389],[85.2705725,28.1053627],[85.2705107,28.1052741],[85.2704886,28.1052389],[85.2704705,28.1052012],[85.2704601,28.1051654],[85.2704521,28.1050814],[85.2704452,28.1050537],[85.2704361,28.105026],[85.270425,28.1049991],[85.2704121,28.1049734],[85.2703949,28.1049443],[85.2703009,28.1048538],[85.2702566,28.1048111],[85.2702335,28.104789],[85.2701512,28.1047097],[85.2700577,28.1046022],[85.2698532,28.104367],[85.2696446,28.1042478],[85.2691231,28.1040243],[85.2687953,28.1038157],[85.2686463,28.1037114],[85.2680205,28.1034581],[85.2677076,28.1032644],[85.2673649,28.1031452],[85.2671265,28.1029962],[85.2667242,28.102728],[85.2666348,28.102579],[85.2665156,28.1023555],[85.2661729,28.1020873],[85.265711,28.101834],[85.2649362,28.1012082],[85.2644146,28.100791],[85.2641911,28.1005824],[85.2638931,28.1003589],[85.263759,28.1001503],[85.26361,28.0997778],[85.2634014,28.0995096],[85.2633865,28.0994351],[85.263548,28.0989801],[85.2635504,28.0989732],[85.2635489,28.0989146],[85.263461,28.098705],[85.2633418,28.0983921],[85.263312,28.0983325],[85.2632919,28.098285],[85.2630438,28.0981537],[85.262716,28.0980345],[85.2623541,28.0978821],[85.2622243,28.09796],[85.2621498,28.0979898],[85.2620958,28.097974],[85.2619135,28.0979208],[85.2618913,28.0979144],[85.2618831,28.097912],[85.2617922,28.0978855],[85.2617586,28.0978585],[85.2617316,28.097837],[85.2617242,28.097831],[85.2616401,28.09783],[85.2616406,28.0978029],[85.2615795,28.0978021],[85.26158,28.0977751],[85.2615494,28.0977747],[85.2615503,28.0977205],[85.2615198,28.0977201],[85.2615202,28.0976931],[85.2614897,28.0976927],[85.2614906,28.0976385],[85.26146,28.0976382],[85.2614605,28.0976111],[85.2614299,28.0976107],[85.2614304,28.0975836],[85.2613999,28.0975833],[85.2614003,28.0975562],[85.2613698,28.0975558],[85.2613706,28.0975017],[85.2613401,28.0975013],[85.2613406,28.0974742],[85.26131,28.0974738],[85.2613105,28.0974467],[85.2612799,28.0974464],[85.2612804,28.0974193],[85.2612499,28.0974189],[85.2612503,28.0973918],[85.260884,28.0973872],[85.2608844,28.0973601],[85.2608539,28.0973597],[85.2608543,28.0973327],[85.2608238,28.0973323],[85.2608242,28.0973052],[85.2607937,28.0973048],[85.2607942,28.0972778],[85.2607331,28.097277],[85.2607335,28.0972499],[85.260703,28.0972495],[85.2607035,28.0972225],[85.2605814,28.0972209],[85.2605818,28.0971938],[85.2605207,28.0971931],[85.2605212,28.097166],[85.2604907,28.0971656],[85.260492,28.0970844],[85.2605225,28.0970848],[85.2605234,28.0970306],[85.2605539,28.097031],[85.2605556,28.0969228],[85.2605251,28.0969224],[85.2605278,28.0967565],[85.2604709,28.0967127],[85.2604333,28.096687],[85.2603974,28.0966672],[85.2603676,28.0966555],[85.2602456,28.0964908],[85.2599023,28.0961761],[85.2595685,28.0960426],[85.2588056,28.0958996],[85.258491,28.0958424],[85.2581858,28.0958328],[85.2578234,28.0958424],[85.2572036,28.0958042],[85.2569652,28.0957279],[85.2566314,28.0956421],[85.256594,28.0956395],[85.2564331,28.0956284],[85.2563549,28.095623],[85.255983,28.0955658],[85.2556015,28.0955086],[85.2554444,28.0955039],[85.2549912,28.0953465],[85.2547623,28.0952035],[85.2541425,28.0949269],[85.2540757,28.0947934],[85.2538278,28.0945169],[85.2535703,28.0943452],[85.2531889,28.0941831],[85.2530172,28.0940782],[85.2526453,28.0939256],[85.252302,28.093754],[85.252016,28.0936395],[85.2519301,28.0935442],[85.2517013,28.0934011],[85.2515487,28.0933153],[85.2511768,28.0933058],[85.2508621,28.0932581],[85.2506046,28.0932295],[85.250433,28.093239],[85.2502136,28.0932962],[85.2496796,28.0933058],[85.2494794,28.0932486],[85.2492505,28.0931151],[85.2491265,28.0930388],[85.2488404,28.0929816],[85.2487372,28.0929514],[85.2486116,28.0929148],[85.248316,28.0928385],[85.2480887,28.0927972],[85.2480013,28.0927813],[85.2476675,28.0927813],[85.2476389,28.0927813],[85.2473814,28.0927813],[85.2471716,28.0927622],[85.2469904,28.0928957],[85.2465804,28.092972],[85.2462371,28.0929816],[85.245951,28.0929243],[85.2456935,28.0928671],[85.2452835,28.092848],[85.2448258,28.0928385],[85.2443966,28.0928194],[85.2440056,28.0928194],[85.2437863,28.0928194],[85.2435575,28.0928194],[85.2433095,28.0928194],[85.2429567,28.092829],[85.2428518,28.0928576],[85.242639,28.0928576],[85.2426229,28.0928576],[85.2424131,28.0928576],[85.2423337,28.0928576],[85.242197,28.0928576],[85.2420698,28.0927813],[85.2418696,28.0927527],[85.2414881,28.0927527],[85.2412783,28.0927527],[85.2410781,28.0927336],[85.240935,28.0927241],[85.2407252,28.0927336],[85.2404773,28.0929339],[85.2403247,28.0929816],[85.2402707,28.093027],[85.2401435,28.0931341],[85.2397239,28.0934011],[85.2396286,28.0934488],[85.2394549,28.0932318],[85.2394379,28.0932104],[85.2394093,28.0930197],[85.2393234,28.0927908],[85.2391804,28.092562],[85.2386845,28.0922759],[85.2382935,28.092171],[85.2377118,28.0920566],[85.2373113,28.0920089],[85.2371873,28.092047],[85.2368727,28.0921614],[85.2364388,28.0922282],[85.2363768,28.0922377],[85.2360927,28.092143],[85.2358046,28.092047],[85.2353469,28.0918849],[85.2347556,28.0918658],[85.2345077,28.0918086],[85.2342979,28.0913986],[85.2342026,28.0913032],[85.2337544,28.0911411],[85.2334778,28.0909694],[85.2333336,28.0909174],[85.2331009,28.0908335],[85.2328961,28.0907596],[85.2325779,28.0907128],[85.232562,28.0907084],[85.2324769,28.0906921],[85.2323212,28.0906708],[85.2322615,28.0906612],[85.2322019,28.0906485],[85.2321494,28.0906334],[85.2320793,28.0906074],[85.2320049,28.0905748],[85.2319247,28.0905348],[85.2318305,28.0904834],[85.231789,28.0904582],[85.2317442,28.0904276],[85.2316057,28.0903225],[85.2315573,28.0902875],[85.2315113,28.0902576],[85.2314679,28.0902333],[85.2314365,28.0902187],[85.2314003,28.0902048],[85.2312754,28.0901656],[85.2312296,28.0901494],[85.2311861,28.09013],[85.2311491,28.0901083],[85.2310973,28.0900711],[85.2310616,28.0900395],[85.2310489,28.090025],[85.2310373,28.0900086],[85.2310168,28.0899694],[85.2310013,28.0899279],[85.2309673,28.0898191],[85.2309555,28.0897896],[85.2309428,28.0897644],[85.2309147,28.0897181],[85.2308831,28.0896715],[85.2308476,28.0896244],[85.2308082,28.0895766],[85.230765,28.0895282],[85.2307168,28.0894778],[85.230599,28.0893643],[85.2305465,28.089317],[85.2304989,28.0892768],[85.2304293,28.0892228],[85.230359,28.0891734],[85.2302884,28.0891289],[85.2302176,28.0890892],[85.230126,28.0890446],[85.2300363,28.089008],[85.2299756,28.0889896],[85.2298374,28.0889578],[85.22978,28.0889392],[85.2297257,28.0889157],[85.2296686,28.0888868],[85.2296073,28.0888519],[85.2295362,28.0888079],[85.2294797,28.0887703],[85.2294233,28.0887295],[85.229367,28.0886858],[85.2293111,28.0886391],[85.2292737,28.0886044],[85.2291926,28.088523],[85.2291548,28.0884891],[85.2291191,28.088462],[85.2290768,28.0884348],[85.2289364,28.0883577],[85.2288902,28.0883305],[85.2288508,28.0883037],[85.2288173,28.0882765],[85.2287288,28.0882029],[85.22869,28.0881653],[85.228673,28.0881447],[85.2286595,28.0881243],[85.2286493,28.0881037],[85.2286422,28.0880827],[85.228636,28.0880515],[85.228631,28.0880392],[85.228624,28.0880274],[85.2286031,28.0880043],[85.2285768,28.087984],[85.2285172,28.0879452],[85.2284815,28.0879234],[85.228442,28.0879056],[85.228398,28.0878916],[85.2283488,28.0878812],[85.2283049,28.0878751],[85.2282547,28.0878709],[85.2280878,28.0878644],[85.2280282,28.0878607],[85.2279724,28.0878543],[85.2279233,28.0878452],[85.2277364,28.0878051],[85.2276495,28.0877836],[85.2275651,28.087757],[85.2275273,28.0877423],[85.2274919,28.0877264],[85.2274269,28.0876984],[85.2274104,28.087688],[85.2273981,28.0876764],[85.2273897,28.0876644],[85.2273819,28.0876495],[85.2273669,28.0876076],[85.2273628,28.0875896],[85.2273608,28.0875691],[85.227363,28.08749],[85.2273606,28.0874576],[85.2273519,28.0874212],[85.2273357,28.0873761],[85.2273294,28.08737],[85.2272993,28.0873453],[85.2272641,28.0873203],[85.2271606,28.0872575],[85.2271139,28.0872324],[85.2269989,28.087178],[85.226948,28.0871512],[85.2268899,28.0871167],[85.2268339,28.0870813],[85.2267803,28.087045],[85.226729,28.0870078],[85.2266801,28.0869698],[85.2266336,28.086931],[85.2265895,28.0868915],[85.2265479,28.0868512],[85.2265433,28.0868464],[85.2265411,28.0868454],[85.2265155,28.0868308],[85.2264904,28.0868137],[85.2264667,28.0867949],[85.2264431,28.0867698],[85.2264226,28.0867371],[85.2264055,28.0866994],[85.2263633,28.0865889],[85.226347,28.0865576],[85.2263291,28.0865323],[85.2263097,28.0865117],[85.2262855,28.0864908],[85.2262019,28.086431],[85.226175,28.0864101],[85.2261531,28.08639],[85.2261353,28.0863698],[85.2261112,28.0863374],[85.2260925,28.086309],[85.2260777,28.0862824],[85.2260665,28.0862573],[85.2260589,28.0862301],[85.2260551,28.0861986],[85.2260546,28.0861671],[85.2260569,28.0860869],[85.226054,28.0860447],[85.2260228,28.0858947],[85.2260189,28.0858573],[85.2260176,28.0858153],[85.2260223,28.08564],[85.2260205,28.085603],[85.2260165,28.0855696],[85.2259984,28.0854793],[85.2259728,28.0853883],[85.2259634,28.0853633],[85.2259506,28.0853362],[85.2258991,28.0852453],[85.2258812,28.0852099],[85.2258673,28.0851728],[85.225867,28.0851714],[85.2258079,28.0851425],[85.2257665,28.0851195],[85.2256883,28.0850676],[85.2255789,28.0849882],[85.225534,28.0849531],[85.2254174,28.0848561],[85.2253813,28.0848292],[85.2253476,28.0848069],[85.2253069,28.084784],[85.2252171,28.0847399],[85.2251788,28.0847194],[85.2250904,28.084666],[85.2250136,28.084615],[85.2249455,28.0845643],[85.224885,28.0845131],[85.2248239,28.0844539],[85.2247646,28.0843889],[85.2247417,28.0843608],[85.2246909,28.0843134],[85.2246685,28.0842957],[85.2246474,28.0842817],[85.2245589,28.0842264],[85.2245174,28.0842033],[85.2244746,28.0841852],[85.2244545,28.0841793],[85.2244349,28.0841755],[85.2244015,28.0841715],[85.2243721,28.0841702],[85.2243457,28.0841715],[85.2243223,28.0841755],[85.2243084,28.08418],[85.2242937,28.0841872],[85.2242359,28.0842253],[85.2242098,28.084238],[85.2241867,28.0842445],[85.2241619,28.0842486],[85.224135,28.0842502],[85.2241057,28.0842494],[85.2240494,28.0842428],[85.223916,28.0842192],[85.2238078,28.084202],[85.2237063,28.0841807],[85.2236112,28.0841552],[85.2235221,28.0841255],[85.2234548,28.0840993],[85.2233948,28.0840733],[85.2233404,28.0840467],[85.2232908,28.0840192],[85.2232166,28.0839709],[85.2231433,28.0839147],[85.2230718,28.0838512],[85.2230033,28.0837816],[85.2229716,28.0837433],[85.2229402,28.0836971],[85.222913,28.0836509],[85.2228526,28.0835414],[85.2228216,28.0834907],[85.2227909,28.0834483],[85.2227594,28.0834128],[85.2227147,28.0833702],[85.222667,28.0833296],[85.2226171,28.0832914],[85.2225656,28.0832565],[85.2225017,28.0832199],[85.2224273,28.0831854],[85.2223434,28.0831528],[85.2222093,28.0831064],[85.2221648,28.0830925],[85.2220568,28.0830623],[85.222003,28.0830439],[85.2219548,28.0830223],[85.2218519,28.0829688],[85.2218092,28.0829502],[85.2217758,28.0829386],[85.2217381,28.0829282],[85.2215781,28.0828943],[85.2215091,28.0828751],[85.2213988,28.0828376],[85.2213311,28.082811],[85.2212717,28.0827819],[85.2212215,28.0827501],[85.2211653,28.0827078],[85.2211478,28.0826913],[85.221134,28.0826751],[85.2211255,28.0826606],[85.2211187,28.0826426],[85.2210998,28.0825608],[85.2210928,28.0825446],[85.221084,28.0825313],[85.2210527,28.0825],[85.221012,28.0824646],[85.2209678,28.0824316],[85.2209206,28.0824016],[85.2208714,28.082375],[85.220848,28.0823648],[85.2208208,28.0823556],[85.220704,28.0823246],[85.22068,28.0823159],[85.2206589,28.0823062],[85.2206367,28.0822931],[85.2205858,28.0822578],[85.2205589,28.0822437],[85.2205337,28.0822353],[85.2205044,28.0822291],[85.2204088,28.0822187],[85.2203714,28.0822159],[85.2203293,28.0822156],[85.2201953,28.0822229],[85.2201498,28.0822241],[85.2201085,28.0822228],[85.2200712,28.0822187],[85.2200074,28.0822072],[85.2199525,28.0821937],[85.2199014,28.0821766],[85.2198501,28.0821546],[85.2198206,28.0821393],[85.2197082,28.082146],[85.2196561,28.0821469],[85.2196005,28.0821424],[85.2195756,28.0821377],[85.2195524,28.0821312],[85.2195224,28.082119],[85.2194609,28.0820871],[85.2194336,28.0820749],[85.2193874,28.0820614],[85.2192796,28.0820403],[85.219255,28.0820332],[85.2192335,28.0820249],[85.2191946,28.0820033],[85.2191105,28.0819421],[85.219071,28.0819186],[85.2190432,28.0819069],[85.2190116,28.0818967],[85.2189752,28.0818878],[85.2188653,28.0818647],[85.2188315,28.0818549],[85.2188022,28.0818436],[85.2187447,28.0818158],[85.2186834,28.0817811],[85.2186187,28.0817396],[85.2185581,28.0816951],[85.2185024,28.0816484],[85.2184521,28.0815998],[85.2184297,28.0815744],[85.2184071,28.0815445],[85.2183167,28.0814029],[85.2182934,28.0813707],[85.2182708,28.0813435],[85.2182169,28.0812852],[85.218177,28.0812497],[85.218153,28.0812325],[85.2181258,28.0812157],[85.2180582,28.0811809],[85.2180086,28.0811617],[85.2179063,28.0811327],[85.2178644,28.0811184],[85.2177656,28.0810792],[85.2177022,28.0810503],[85.2176475,28.0810198],[85.2176019,28.0809871],[85.2175719,28.0809606],[85.2175412,28.080929],[85.217509,28.0808917],[85.2174706,28.0808434],[85.2174314,28.0807886],[85.2173928,28.0807261],[85.2173538,28.0806544],[85.217308,28.080562],[85.2172429,28.0804321],[85.2172134,28.0803646],[85.2172118,28.0803599],[85.217183,28.0803245],[85.2171494,28.0802768],[85.2171191,28.0802249],[85.2170926,28.0801695],[85.2170705,28.0801119],[85.2170611,28.080073],[85.2170481,28.0799759],[85.2170416,28.0799514],[85.217033,28.0799306],[85.2170138,28.0798995],[85.216988,28.0798677],[85.2169554,28.0798349],[85.2169142,28.0797993],[85.2168904,28.0797815],[85.2168642,28.0797647],[85.2168354,28.0797488],[85.2168037,28.0797337],[85.2167321,28.0797057],[85.2166328,28.0796743],[85.2166032,28.0796669],[85.2165692,28.0796613],[85.2164547,28.079651],[85.2164131,28.0796456],[85.2163734,28.0796367],[85.216339,28.0796243],[85.2162886,28.0796008],[85.2162578,28.0795805],[85.2162437,28.0795672],[85.2162297,28.0795506],[85.2161952,28.0794993],[85.2161757,28.0794616],[85.2161611,28.0794169],[85.2161509,28.0793659],[85.216137,28.0792588],[85.2161294,28.0792139],[85.2161174,28.0791687],[85.2161015,28.0791304],[85.2160721,28.0790764],[85.2160431,28.0790301],[85.2160134,28.0789899],[85.2159827,28.0789554],[85.2159449,28.0789205],[85.2159014,28.0788866],[85.2158758,28.0788696],[85.2158461,28.0788525],[85.2157514,28.0788053],[85.2157065,28.0787856],[85.2156543,28.0787678],[85.2156012,28.0787531],[85.2154635,28.0787188],[85.2153904,28.0786957],[85.2153533,28.0786804],[85.2153202,28.0786636],[85.2152905,28.0786448],[85.2152637,28.078624],[85.2152236,28.0785867],[85.2151887,28.078549],[85.2151577,28.0785104],[85.21513,28.0784714],[85.215106,28.0784326],[85.2150858,28.0783942],[85.2150827,28.078387],[85.2150614,28.0783741],[85.2150137,28.0783425],[85.214959,28.078303],[85.2149097,28.0782624],[85.2148834,28.0782367],[85.2148279,28.0781752],[85.2148016,28.0781504],[85.2147667,28.0781259],[85.214681,28.0780776],[85.2146617,28.0780642],[85.2146456,28.0780504],[85.2146016,28.0780024],[85.2145699,28.0779768],[85.2145059,28.0779358],[85.2144815,28.0779183],[85.2144151,28.0778646],[85.2143639,28.0778186],[85.214321,28.0777742],[85.2142855,28.0777303],[85.2142684,28.0777035],[85.214233,28.0776385],[85.2142135,28.0776103],[85.2141936,28.0775895],[85.214137,28.0775422],[85.2141134,28.0775182],[85.214088,28.0774861],[85.2140734,28.0774622],[85.2140658,28.0774375],[85.21406,28.0773762],[85.2140534,28.0773502],[85.2140399,28.0773211],[85.2140254,28.0772982],[85.2140126,28.0772837],[85.2139961,28.0772696],[85.2139414,28.0772342],[85.2139191,28.0772223],[85.2138631,28.0771981],[85.2138374,28.0771822],[85.2138098,28.0771579],[85.2137894,28.0771341],[85.2137789,28.0771175],[85.2137695,28.0770982],[85.2137534,28.0770501],[85.2137503,28.0770225],[85.2137537,28.0769536],[85.2137511,28.0769364],[85.2137453,28.0769221],[85.2137326,28.0769009],[85.2137213,28.0768901],[85.2137133,28.0768867],[85.2136933,28.0768821],[85.2136632,28.0768688],[85.2136326,28.0768484],[85.213605,28.076825],[85.2135388,28.0767626],[85.2135013,28.076734],[85.2134717,28.0767165],[85.2134381,28.0766992],[85.2132865,28.0766322],[85.2132516,28.076615],[85.2132212,28.076598],[85.2131935,28.0765786],[85.2131388,28.0765317],[85.2131146,28.0765134],[85.2130875,28.0764982],[85.2130612,28.07649],[85.2130252,28.076486],[85.2130055,28.0764809],[85.2129844,28.0764723],[85.2129197,28.0764368],[85.2128971,28.076426],[85.2128134,28.0763938],[85.2127051,28.0763579],[85.2126614,28.0763453],[85.2126121,28.0763333],[85.2123988,28.0762889],[85.2123493,28.0762759],[85.212305,28.0762619],[85.2122178,28.0762309],[85.2121609,28.0762059],[85.2121181,28.0761854],[85.2120969,28.0761699],[85.212087,28.0761581],[85.2120233,28.0761328],[85.211926,28.0760913],[85.2118668,28.0760641],[85.2118566,28.0760687],[85.2118272,28.0760802],[85.2117967,28.0760879],[85.2117688,28.0760899],[85.2117273,28.0760852],[85.2116808,28.0760739],[85.2116498,28.0760621],[85.2116169,28.0760446],[85.2115865,28.0760252],[85.2115128,28.0759738],[85.2114141,28.0759068],[85.2113407,28.0758498],[85.2112904,28.0758039],[85.2112382,28.0757495],[85.2111842,28.0756874],[85.2111687,28.0756686],[85.2111526,28.0756639],[85.2111309,28.0756552],[85.2110366,28.0756097],[85.210939,28.0755747],[85.2108166,28.0755377],[85.2107708,28.075526],[85.21066,28.0755014],[85.2106045,28.0754857],[85.2105679,28.0754724],[85.2104525,28.0754257],[85.2104142,28.0754136],[85.2103717,28.0754023],[85.2101652,28.0753596],[85.2101159,28.0753471],[85.2100724,28.0753337],[85.2099534,28.0752901],[85.2099065,28.07527],[85.2098643,28.0752497],[85.2097938,28.0752111],[85.2097328,28.075173],[85.2096792,28.075134],[85.2096323,28.0750936],[85.2096089,28.0750711],[85.2095873,28.0750606],[85.2095543,28.0750418],[85.2094716,28.0749909],[85.2094247,28.0749668],[85.2093816,28.074951],[85.2092848,28.0749245],[85.2092434,28.0749106],[85.209179,28.0748832],[85.2091161,28.0748527],[85.2090554,28.0748192],[85.2089973,28.074783],[85.2089424,28.0747444],[85.208891,28.0747037],[85.2088433,28.0746611],[85.2087996,28.0746167],[85.2087664,28.0745794],[85.2087367,28.0745432],[85.2087103,28.0745078],[85.208687,28.074473],[85.2086721,28.0744462],[85.2086554,28.0744115],[85.208626,28.074398],[85.208604,28.0743894],[85.2085794,28.074383],[85.2085179,28.0743715],[85.208488,28.0743614],[85.2084637,28.0743482],[85.2084385,28.0743304],[85.208412,28.074308],[85.20838,28.0742774],[85.2083414,28.0742349],[85.2083062,28.0741873],[85.2082759,28.0741367],[85.2082671,28.0741179],[85.2082053,28.0740967],[85.2081687,28.0740818],[85.2081369,28.0740666],[85.2079844,28.0739852],[85.2079318,28.0739539],[85.2078859,28.0739237],[85.207843,28.0738918],[85.2078052,28.0738593],[85.207772,28.073826],[85.207743,28.0737915],[85.2077087,28.0737463],[85.2076882,28.073716],[85.2076724,28.0736873],[85.2076618,28.0736602],[85.2076561,28.0736375],[85.2076523,28.0736115],[85.2076493,28.0735415],[85.2076501,28.0735298],[85.2076489,28.0735289],[85.2075912,28.0734749],[85.2075295,28.0734126],[85.2073508,28.0732257],[85.2072922,28.0731691],[85.2072375,28.0731208],[85.207116,28.0730215],[85.2070043,28.072936],[85.2068978,28.0728607],[85.2067947,28.0727945],[85.2067725,28.0727824],[85.2067461,28.0727707],[85.2066286,28.0727288],[85.2065813,28.0727076],[85.2065585,28.0726935],[85.2065401,28.0726782],[85.2065385,28.0726764],[85.2065318,28.072674],[85.2065177,28.0726662],[85.2065007,28.0726518],[85.2064802,28.0726287],[85.2064638,28.0726066],[85.2064488,28.0725813],[85.2064355,28.0725531],[85.206424,28.0725224],[85.2064139,28.0724796],[85.2064052,28.0724037],[85.2063967,28.0723254],[85.2063911,28.0722515],[85.2063883,28.0721812],[85.2063885,28.072114],[85.2063914,28.0720496],[85.2063973,28.0719879],[85.2064061,28.0719289],[85.2064177,28.0718723],[85.2064347,28.0718021],[85.2064421,28.0717765],[85.2064413,28.0717751],[85.2064198,28.0717447],[85.2063492,28.071653],[85.2063303,28.0716225],[85.2063169,28.0715941],[85.2062983,28.0715381],[85.2062938,28.0715178],[85.2062603,28.0714673],[85.206174,28.071332],[85.2059498,28.0709648],[85.2059163,28.0709069],[85.2058837,28.0708448],[85.2058516,28.0707779],[85.2058194,28.0707049],[85.2057643,28.0705683],[85.2057173,28.0704435],[85.2056892,28.0704109],[85.2056045,28.0703057],[85.2055235,28.0701974],[85.205447,28.0700872],[85.2053756,28.0699762],[85.2053099,28.0698652],[85.2052505,28.0697551],[85.2051977,28.0696466],[85.2051522,28.0695414],[85.2051395,28.0695073],[85.2051244,28.0694923],[85.2050821,28.069447],[85.205046,28.0694052],[85.2050088,28.069357],[85.2049773,28.0693101],[85.2049512,28.0692635],[85.2049319,28.0692207],[85.2049141,28.0691997],[85.2048874,28.0691636],[85.204863,28.0691271],[85.2048408,28.0690902],[85.2048208,28.0690529],[85.2047862,28.0689809],[85.2047539,28.0689069],[85.2047241,28.0688314],[85.2046971,28.068755],[85.2046731,28.0686784],[85.2046523,28.068602],[85.2046347,28.0685264],[85.2046205,28.068452],[85.2046101,28.0683782],[85.2046034,28.0683005],[85.2046002,28.0682185],[85.2046006,28.0681309],[85.2046042,28.0680411],[85.2046111,28.0679419],[85.2046381,28.0676752],[85.2046317,28.0676152],[85.2046205,28.0674869],[85.2046123,28.0673479],[85.2046096,28.0671972],[85.2046123,28.0670312],[85.2046205,28.0668313],[85.2046282,28.0667019],[85.2046382,28.0665735],[85.2046507,28.0664461],[85.2046654,28.06632],[85.2046826,28.0661952],[85.2047021,28.0660718],[85.2047239,28.06595],[85.204748,28.0658298],[85.2047855,28.0656422],[85.2048057,28.0655535],[85.2048299,28.0654676],[85.2048572,28.0653928],[85.2048811,28.0653396],[85.2049089,28.0652855],[85.204941,28.0652301],[85.2049774,28.0651729],[85.2050177,28.0651148],[85.2050637,28.0650528],[85.205185,28.0649012],[85.2052419,28.0648377],[85.2053804,28.0646979],[85.2054126,28.0646619],[85.2054399,28.064628],[85.2054777,28.0645728],[85.2055139,28.0645086],[85.2055505,28.0644321],[85.2056212,28.0642667],[85.2056536,28.0641961],[85.2056918,28.0641244],[85.2057313,28.0640636],[85.2057677,28.0640172],[85.205857,28.0639142],[85.2058951,28.0638632],[85.2059068,28.0638446],[85.2059444,28.0637282],[85.2059581,28.0636775],[85.2059672,28.0636345],[85.2059779,28.0635547],[85.2059837,28.0634654],[85.2059851,28.0633748],[85.2059834,28.0631313],[85.2059857,28.0630586],[85.2059906,28.0629936],[85.2060081,28.0628313],[85.2060266,28.0626949],[85.2060478,28.0625712],[85.2060721,28.0624575],[85.2060876,28.0623997],[85.2061079,28.0623361],[85.2062034,28.0620711],[85.2062215,28.0620114],[85.2062353,28.0619564],[85.2062461,28.0618965],[85.2062657,28.0617502],[85.2062732,28.0617113],[85.2062819,28.0616767],[85.2062994,28.0616273],[85.2063471,28.0615178],[85.2063635,28.0614669],[85.2063692,28.0614382],[85.2063732,28.061406],[85.2063794,28.0612696],[85.2063868,28.0612105],[85.2064037,28.0611372],[85.2064268,28.0610606],[85.206456,28.0609804],[85.2064917,28.0608959],[85.2065075,28.0608639],[85.2065263,28.0608316],[85.2065484,28.0607987],[85.2065741,28.0607646],[85.2066257,28.0607038],[85.2067541,28.0605635],[85.2067856,28.060526],[85.2068122,28.0604911],[85.2068179,28.0604827],[85.2069025,28.0601341],[85.2069297,28.0600293],[85.2069258,28.0599807],[85.2069223,28.059905],[85.2069212,28.0598289],[85.2069227,28.0597529],[85.2069266,28.0596773],[85.2069331,28.0596023],[85.2069466,28.05949],[85.2069629,28.059391],[85.2069826,28.0593013],[85.2070059,28.0592199],[85.207022,28.059177],[85.2070422,28.0591341],[85.2070669,28.0590907],[85.2070963,28.0590463],[85.207131,28.0590001],[85.2071722,28.0589504],[85.2073513,28.058754],[85.2073908,28.0587081],[85.2074244,28.0586661],[85.2074602,28.0586162],[85.2074901,28.058568],[85.2074936,28.0585611],[85.2075096,28.0584709],[85.2075272,28.0583576],[85.2075413,28.0582495],[85.2075522,28.0581456],[85.2075767,28.0578574],[85.2075924,28.0576269],[85.2075944,28.0575827],[85.2075855,28.0575207],[85.207534,28.0572351],[85.2074814,28.0569394],[85.2074443,28.0567408],[85.207408,28.0565604],[85.2073721,28.0563971],[85.2073336,28.0562385],[85.2072934,28.0560897],[85.207251,28.0559489],[85.2072062,28.0558148],[85.2071301,28.0556029],[85.2070706,28.0554502],[85.2070114,28.0553152],[85.2069513,28.0551957],[85.2069217,28.0551441],[85.2068885,28.0550918],[85.2068513,28.0550383],[85.2068096,28.0549828],[85.2067191,28.0548726],[85.2065304,28.0546584],[85.206453,28.0545671],[85.2063766,28.0544685],[85.2063139,28.0543763],[85.2062419,28.0542585],[85.2061755,28.0541436],[85.2061146,28.0540311],[85.206059,28.053921],[85.2060105,28.0538166],[85.2057489,28.0535925],[85.205668,28.0535204],[85.2055962,28.0534536],[85.205532,28.053391],[85.2054728,28.0533301],[85.205418,28.0532702],[85.2053671,28.0532109],[85.2052666,28.05309],[85.2052082,28.0530171],[85.2052017,28.0530083],[85.205117,28.0529205],[85.205022,28.0528151],[85.2049356,28.0527118],[85.2048572,28.05261],[85.2048194,28.0525557],[85.2047804,28.052494],[85.2047397,28.0524247],[85.2046235,28.0522189],[85.2045846,28.0521555],[85.2045477,28.0521001],[85.204457,28.0519754],[85.2043627,28.0518545],[85.2042653,28.0517381],[85.2041653,28.0516267],[85.2040974,28.0515594],[85.2040164,28.0514894],[85.203935,28.0514256],[85.2037345,28.0512753],[85.2036354,28.0511945],[85.2035881,28.0511518],[85.2035458,28.0511098],[85.2035076,28.0510679],[85.2034733,28.0510258],[85.2034433,28.0509837],[85.2034122,28.0509347],[85.203292,28.0507239],[85.2032641,28.050681],[85.2032366,28.0506434],[85.203192,28.0505916],[85.2031371,28.0505378],[85.2030816,28.0504893],[85.2029497,28.0503801],[85.2028895,28.0503259],[85.2028399,28.0502746],[85.2027996,28.0502246],[85.2027583,28.0501625],[85.2027197,28.0500945],[85.2026836,28.0500197],[85.2026492,28.049937],[85.2026235,28.0498663],[85.2026175,28.0498604],[85.202579,28.049832],[85.2024876,28.0497772],[85.2024536,28.0497511],[85.2024278,28.0497257],[85.2024029,28.049697],[85.2023789,28.0496648],[85.2023554,28.0496287],[85.2023331,28.04959],[85.2023102,28.0495461],[85.2022533,28.0494234],[85.2022355,28.04938],[85.2022185,28.0493305],[85.2021675,28.0491492],[85.202144,28.0490774],[85.2021108,28.0489947],[85.2020715,28.0489108],[85.2020258,28.048825],[85.201973,28.0487359],[85.2019173,28.0486497],[85.2018525,28.0485558],[85.2015918,28.0482012],[85.2014858,28.0480488],[85.2014318,28.0479644],[85.2013844,28.047884],[85.2013428,28.0478061],[85.2013064,28.0477299],[85.2012845,28.0476777],[85.2012625,28.0476183],[85.2011923,28.0474047],[85.2011622,28.0473208],[85.2011263,28.0472371],[85.2010879,28.0471654],[85.2010275,28.0470727],[85.2009583,28.0469804],[85.2008809,28.0468894],[85.2007966,28.0468013],[85.2007638,28.0467705],[85.200728,28.0467401],[85.2006888,28.0467097],[85.2006456,28.0466789],[85.20056,28.0466232],[85.2003331,28.0464849],[85.2002692,28.0464418],[85.2002139,28.0464007],[85.2001643,28.0463601],[85.2001139,28.0463158],[85.2000621,28.0462675],[85.2000079,28.0462142],[85.1999112,28.0461133],[85.1996922,28.0458756],[85.1995855,28.0457665],[85.199488,28.045676],[85.1994409,28.0456362],[85.1993945,28.0455995],[85.1993465,28.0455643],[85.1992955,28.0455294],[85.1992409,28.0454946],[85.199182,28.0454593],[85.1990468,28.0453847],[85.1987553,28.0452352],[85.1986304,28.045168],[85.1985637,28.0451294],[85.1985025,28.0450918],[85.1984458,28.0450544],[85.198393,28.0450168],[85.1983414,28.0449769],[85.1982891,28.044933],[85.1982355,28.0448848],[85.1981795,28.0448311],[85.1980793,28.0447284],[85.1978477,28.0444802],[85.1977861,28.0444175],[85.1977293,28.0443626],[85.1976704,28.0443092],[85.1976131,28.0442612],[85.1975568,28.044218],[85.1975007,28.0441791],[85.1974333,28.0441377],[85.1973567,28.0440962],[85.1972662,28.0440519],[85.1970716,28.0439629],[85.1969879,28.0439229],[85.1969016,28.0438777],[85.196827,28.0438332],[85.1967403,28.0437755],[85.1966525,28.0437125],[85.196563,28.0436438],[85.196471,28.0435689],[85.1963772,28.0434884],[85.196278,28.0433992],[85.1961708,28.0432993],[85.196044,28.0431776],[85.1959669,28.0430978],[85.1958307,28.0429438],[85.1957758,28.0428842],[85.1957172,28.0428258],[85.1956616,28.042777],[85.195631,28.0427536],[85.1955976,28.0427309],[85.195561,28.0427086],[85.1955204,28.0426864],[85.195443,28.0426485],[85.1952558,28.0425642],[85.1952082,28.0425406],[85.1951663,28.0425179],[85.195125,28.0424928],[85.1950879,28.0424672],[85.1950544,28.0424406],[85.1950243,28.0424128],[85.1949922,28.0423793],[85.1949603,28.0423427],[85.1949283,28.0423028],[85.1948961,28.0422593],[85.1948303,28.042161],[85.1947511,28.0420305],[85.1947274,28.0419871],[85.1947035,28.0419372],[85.1946337,28.0417706],[85.1946074,28.0417122],[85.1945795,28.0416582],[85.1945508,28.0416116],[85.1945098,28.0415577],[85.1944588,28.0415024],[85.1943996,28.0414468],[85.1942752,28.041339],[85.194224,28.0412925],[85.1941734,28.0412414],[85.194132,28.0411928],[85.194057,28.0410906],[85.1939865,28.0409828],[85.1939213,28.0408705],[85.193862,28.0407549],[85.1938093,28.0406373],[85.1937637,28.0405186],[85.1937448,28.04046],[85.1937122,28.0404299],[85.1936236,28.0403551],[85.1935857,28.0403188],[85.1935539,28.0402832],[85.1935228,28.0402442],[85.193492,28.0402015],[85.1934613,28.0401545],[85.1934015,28.0400513],[85.1933126,28.0398818],[85.1931914,28.0396509],[85.1931554,28.0395753],[85.193126,28.0395067],[85.1931003,28.0394368],[85.1930805,28.0393704],[85.1930663,28.0393065],[85.1930577,28.0392445],[85.1930514,28.0391687],[85.1930495,28.0391086],[85.1930515,28.0390552],[85.1930577,28.0390077],[85.1930627,28.0389866],[85.1930701,28.038965],[85.1930786,28.0389475],[85.1930719,28.0389173],[85.1930671,28.038871],[85.1930662,28.0388272],[85.1930682,28.0387767],[85.1930855,28.0385873],[85.1930895,28.0385106],[85.1930895,28.0385096],[85.1930832,28.0385016],[85.1930309,28.0384322],[85.1929848,28.0383629],[85.1929484,28.0382976],[85.1929184,28.0382331],[85.1928904,28.0381643],[85.1928642,28.0380907],[85.1928397,28.0380116],[85.1928213,28.0379435],[85.1927776,28.0378853],[85.1927425,28.0378356],[85.1927129,28.0377903],[85.1926817,28.037737],[85.1926562,28.037686],[85.1926359,28.0376363],[85.1926207,28.0375874],[85.1926046,28.0375176],[85.192591,28.0374393],[85.1925796,28.0373519],[85.192566,28.0372232],[85.1925541,28.0370837],[85.1925468,28.0369456],[85.1925443,28.0368094],[85.1925465,28.0366753],[85.1925535,28.0365438],[85.1925651,28.0364151],[85.1925815,28.0362895],[85.1926024,28.0361671],[85.1926364,28.035994],[85.1926632,28.0358813],[85.1926782,28.0358293],[85.192692,28.0357876],[85.1926923,28.0357715],[85.1926962,28.0357064],[85.1927026,28.0356441],[85.1927117,28.0355844],[85.1927259,28.0355069],[85.1927376,28.0354539],[85.192751,28.035407],[85.1927663,28.0353659],[85.1927797,28.0353392],[85.1927981,28.0353107],[85.1928647,28.0352256],[85.1928852,28.0351973],[85.1928993,28.0351739],[85.1928976,28.0351489],[85.1928845,28.0350166],[85.1928574,28.0347832],[85.192845,28.0346942],[85.1928272,28.0345962],[85.1928057,28.0344953],[85.1927665,28.0343246],[85.1927626,28.0343179],[85.192636,28.034111],[85.1925994,28.0340459],[85.1925696,28.0339869],[85.1925396,28.0339178],[85.1925171,28.0338523],[85.1925017,28.0337889],[85.1924932,28.0337271],[85.1924881,28.0336481],[85.1924864,28.0335731],[85.1924881,28.0335022],[85.1924932,28.0334357],[85.1924999,28.0333912],[85.1925108,28.0333458],[85.192526,28.0332991],[85.1925458,28.0332503],[85.1925693,28.0332009],[85.1925981,28.0331469],[85.1926711,28.0330244],[85.1926842,28.0325745],[85.1926881,28.0323417],[85.1926879,28.032218],[85.1926857,28.0321024],[85.1926815,28.0319927],[85.1926753,28.0318879],[85.1926617,28.0317494],[85.1926227,28.0314602],[85.1926088,28.0313356],[85.1926036,28.0312677],[85.1926008,28.0312043],[85.1926005,28.0311442],[85.1926024,28.0310867],[85.1926134,28.0309376],[85.1926285,28.0308112],[85.192649,28.0306977],[85.1926614,28.0306451],[85.1926753,28.0305951],[85.1926886,28.0305537],[85.1926849,28.0305482],[85.1926427,28.0304811],[85.1926024,28.030413],[85.1925651,28.0303456],[85.1925315,28.0302809],[85.1925015,28.0302185],[85.192475,28.0301581],[85.192454,28.0301001],[85.1924358,28.0300332],[85.1924219,28.0299678],[85.1923931,28.0298128],[85.1923824,28.0297663],[85.1923774,28.0297583],[85.1923685,28.029738],[85.1923534,28.0296777],[85.192341,28.029643],[85.192326,28.029609],[85.1923086,28.0295762],[85.1922891,28.0295449],[85.1922677,28.0295158],[85.1922448,28.0294891],[85.1922204,28.029465],[85.192195,28.0294437],[85.1921497,28.0294136],[85.1921258,28.0293927],[85.1921039,28.0293679],[85.1920838,28.029339],[85.1920652,28.0293055],[85.1920366,28.0292385],[85.1920326,28.029227],[85.1919998,28.0291963],[85.191929,28.0291375],[85.1918559,28.0290837],[85.1918262,28.0290648],[85.1917925,28.0290458],[85.1916212,28.0289636],[85.1915809,28.0289417],[85.1915463,28.0289199],[85.1915171,28.0288985],[85.1914861,28.0288732],[85.1913538,28.0287516],[85.1913215,28.0287242],[85.1912914,28.0287013],[85.1912506,28.0286743],[85.1912064,28.0286489],[85.1911585,28.0286249],[85.191106,28.028602],[85.1910536,28.0285817],[85.1909944,28.0285611],[85.1907649,28.0284895],[85.1906695,28.0284567],[85.1906189,28.028437],[85.1905727,28.0284168],[85.1905299,28.0283957],[85.1904902,28.0283736],[85.1904327,28.0283368],[85.1903709,28.0282916],[85.1903138,28.0282461],[85.1901821,28.0281371],[85.1901169,28.0280865],[85.1900561,28.028044],[85.1899985,28.0280094],[85.1899519,28.0279866],[85.1898974,28.0279655],[85.1898426,28.0279478],[85.1897036,28.0279068],[85.1896313,28.0278811],[85.1895952,28.0278651],[85.1895628,28.0278479],[85.1895334,28.0278293],[85.1895069,28.0278091],[85.1894795,28.0277838],[85.1894232,28.0277245],[85.1893976,28.0276998],[85.1893467,28.0276596],[85.1892898,28.0276239],[85.1892262,28.0275925],[85.1891547,28.0275646],[85.1891012,28.0275478],[85.1890273,28.0275399],[85.1889598,28.0275313],[85.1888927,28.0275197],[85.1888563,28.0275109],[85.1888478,28.0275141],[85.1887551,28.0275409],[85.1887179,28.0275534],[85.1886077,28.0275944],[85.1885269,28.0276212],[85.188453,28.0276413],[85.1883847,28.0276548],[85.1883206,28.0276626],[85.1882302,28.0276693],[85.1881455,28.0276734],[85.1880593,28.0276747],[85.1879716,28.0276734],[85.1878825,28.0276693],[85.1877406,28.0276594],[85.1876906,28.0276531],[85.1876458,28.0276452],[85.187568,28.0276252],[85.1874672,28.027592],[85.1873389,28.0275554],[85.1872911,28.0275384],[85.1872671,28.027527],[85.1872469,28.0275146],[85.1872299,28.0275009],[85.187216,28.0274858],[85.1871981,28.0274562],[85.1871838,28.0274177],[85.1871733,28.0273735],[85.1871581,28.0272878],[85.1871526,28.0272367],[85.1871505,28.0271112],[85.1871462,28.0270789],[85.1871388,28.0270512],[85.1871295,28.0270292],[85.1871171,28.0270076],[85.1871015,28.026986],[85.1870824,28.0269642],[85.1870414,28.0269255],[85.1869266,28.0268296],[85.1868967,28.0267998],[85.1868732,28.0267711],[85.1868113,28.0266953],[85.1867985,28.0266728],[85.1867919,28.0266517],[85.1867862,28.0266503],[85.1867571,28.026646],[85.1866876,28.0266422],[85.1866558,28.0266358],[85.1866321,28.0266274],[85.1866076,28.0266165],[85.1865891,28.0266055],[85.1865478,28.0265746],[85.1865255,28.0265634],[85.1864772,28.0265537],[85.1864571,28.0265476],[85.1864371,28.0265392],[85.1864169,28.0265284],[85.1863962,28.0265152],[85.1863562,28.026484],[85.1862801,28.0264154],[85.1862475,28.0263883],[85.1862119,28.0263636],[85.1861778,28.0263461],[85.1861519,28.0263365],[85.1861226,28.0263281],[85.1859894,28.0263005],[85.1859585,28.0262924],[85.1859315,28.0262833],[85.1858497,28.0262526],[85.1858024,28.0262316],[85.1857616,28.026208],[85.1857286,28.0261819],[85.1856852,28.0261336],[85.1856669,28.0261189],[85.1856447,28.0261047],[85.1855693,28.026066],[85.1855422,28.0260532],[85.1855111,28.0260408],[85.185406,28.0260061],[85.1853686,28.0259924],[85.1853336,28.0259768],[85.1853037,28.0259598],[85.1852829,28.025945],[85.1852612,28.025927],[85.1851724,28.0258401],[85.1851298,28.0258052],[85.1850591,28.0257571],[85.1850333,28.025743],[85.1850091,28.0257328],[85.1849715,28.0257222],[85.1849222,28.0257135],[85.1848977,28.025712],[85.1848697,28.0257143],[85.1847736,28.0257348],[85.1847384,28.0257394],[85.1847206,28.0257396],[85.1847044,28.0257377],[85.1846895,28.0257339],[85.1846759,28.025728],[85.1846497,28.025712],[85.1846276,28.0256941],[85.1846063,28.0256713],[85.1845889,28.0256465],[85.1845765,28.0256216],[85.1845696,28.0255976],[85.1845684,28.0255657],[85.1845745,28.0255251],[85.1845834,28.0254966],[85.1845986,28.0254663],[85.1846191,28.0254349],[85.1846565,28.0253851],[85.1846839,28.0253533],[85.1847534,28.0252865],[85.1847821,28.0252547],[85.1848295,28.025196],[85.1848417,28.0251764],[85.1848497,28.0251581],[85.1848582,28.0251216],[85.1848603,28.0250818],[85.1848557,28.0250429],[85.1848449,28.0250084],[85.184837,28.0249938],[85.1848111,28.0249553],[85.1847945,28.0249219],[85.1847808,28.0248878],[85.1847702,28.0248537],[85.1847628,28.0248201],[85.1847575,28.0247705],[85.184758,28.0247186],[85.1847608,28.0246756],[85.1847676,28.024651],[85.1847918,28.0246172],[85.1848,28.0245969],[85.1848034,28.0245727],[85.1848023,28.0245446],[85.1847963,28.0245021],[85.1847855,28.0244896],[85.1847773,28.0244772],[85.1847654,28.0244536],[85.1847552,28.0244277],[85.184747,28.0244002],[85.184741,28.024372],[85.1847129,28.0243404],[85.1846952,28.024313],[85.1846866,28.0242937],[85.1846793,28.0242715],[85.1846662,28.0242116],[85.1846628,28.0241765],[85.1846644,28.0240906],[85.1846614,28.0240522],[85.1846463,28.0239633],[85.1846311,28.023908],[85.1846215,28.0238852],[85.1846105,28.0238663],[85.184598,28.0238512],[85.1845841,28.0238397],[85.1845703,28.023833],[85.1845528,28.0238288],[85.1845321,28.0238269],[85.1844657,28.0238246],[85.1844459,28.0238212],[85.1844296,28.0238156],[85.1844073,28.0238037],[85.1843844,28.0237883],[85.184361,28.0237696],[85.1843378,28.023748],[85.1843251,28.023733],[85.1843144,28.0237156],[85.1843056,28.0236954],[85.1842986,28.0236722],[85.1842903,28.0236264],[85.1842784,28.0235166],[85.184268,28.0234687],[85.184261,28.0234497],[85.1842527,28.0234328],[85.1842429,28.023418],[85.1842316,28.0234051],[85.1841947,28.0233716],[85.184179,28.0233604],[85.184164,28.023352],[85.1841439,28.0233452],[85.1840999,28.0233375],[85.1840819,28.0233327],[85.184026,28.0233107],[85.1839875,28.0232903],[85.1839726,28.0232796],[85.1839609,28.0232687],[85.1839522,28.0232574],[85.1839467,28.0232457],[85.1839432,28.0232252],[85.1839451,28.0231992],[85.1839521,28.0231681],[85.183966,28.023125],[85.1839731,28.0231083],[85.183993,28.0230709],[85.1839998,28.0230526],[85.1840043,28.0230281],[85.1840058,28.0230011],[85.1840043,28.022972],[85.1839998,28.0229415],[85.1839952,28.0229243],[85.1839756,28.022869],[85.1839711,28.0228311],[85.1839728,28.0227523],[85.1839708,28.0227193],[85.1839622,28.0226795],[85.1839346,28.0225907],[85.1839273,28.0225503],[85.1839252,28.0225141],[85.1839253,28.0224803],[85.1839276,28.0224489],[85.1839322,28.0224199],[85.1839371,28.0224013],[85.1839448,28.022381],[85.1839811,28.0223048],[85.183985,28.0222765],[85.1840033,28.0221993],[85.1840055,28.0221754],[85.1840086,28.0221178],[85.1840095,28.0220654],[85.1840082,28.0220165],[85.1840046,28.0219708],[85.1839997,28.0219388],[85.1839916,28.0219044],[85.1839626,28.0218163],[85.1839007,28.0217699],[85.183854,28.021732],[85.1838148,28.0216963],[85.1837821,28.021662],[85.1837545,28.0216272],[85.1837326,28.0215924],[85.1837162,28.0215573],[85.1837052,28.0215217],[85.1837014,28.0214995],[85.1836998,28.0214744],[85.1837044,28.0213568],[85.1837035,28.0213289],[85.1837004,28.0213044],[85.1836859,28.0212416],[85.1836839,28.0212204],[85.1836843,28.0211971],[85.1837013,28.0210817],[85.1837025,28.0210538],[85.1837004,28.0210291],[85.1836859,28.0209663],[85.1836782,28.0209152],[85.1836761,28.0208823],[85.1836785,28.0208541],[85.1836859,28.0208311],[85.1836941,28.0208188],[85.1836427,28.0207378],[85.1836235,28.0207143],[85.1836038,28.0206959],[85.1835884,28.0206849],[85.1835699,28.0206744],[85.1835001,28.0206426],[85.1834734,28.0206283],[85.1834496,28.0206118],[85.1833914,28.0205657],[85.1833739,28.0205545],[85.1833575,28.0205462],[85.1833351,28.0205393],[85.183309,28.0205362],[85.1832765,28.0205371],[85.1832044,28.0205449],[85.1831734,28.0205466],[85.1831422,28.0205441],[85.183116,28.0205365],[85.1831015,28.0205292],[85.1830862,28.0205192],[85.1830244,28.0204684],[85.1829953,28.0204496],[85.1829755,28.0204415],[85.1829519,28.0204356],[85.182869,28.0204256],[85.1828398,28.02042],[85.1828133,28.0204103],[85.1827925,28.0203965],[85.1827639,28.0203624],[85.1827538,28.020353],[85.1827408,28.0203454],[85.1827256,28.0203403],[85.1827082,28.0203378],[85.1826885,28.0203377],[85.1826675,28.0203398],[85.1826435,28.0203443],[85.1825752,28.0203627],[85.182552,28.0203715],[85.1824997,28.020398],[85.1824737,28.0204061],[85.1824436,28.0204099],[85.1824152,28.0204104],[85.1823897,28.0204075],[85.1823675,28.0204013],[85.1823492,28.0203927],[85.1823305,28.0203806],[85.1823121,28.0203654],[85.1822951,28.0203482],[85.1822789,28.0203263],[85.1822648,28.0202992],[85.1822527,28.0202668],[85.1822419,28.0202275],[85.1822343,28.020184],[85.1822318,28.0201396],[85.1822343,28.020097],[85.1822419,28.0200584],[85.1822507,28.0200322],[85.1822624,28.0200058],[85.1822766,28.0199798],[85.1822931,28.0199551],[85.1823113,28.0199323],[85.1823309,28.0199119],[85.1823513,28.0198943],[85.1823723,28.0198798],[85.1823904,28.0198708],[85.1824353,28.0198548],[85.1824544,28.0198459],[85.1824788,28.0198292],[85.1825307,28.0197822],[85.1825558,28.0197639],[85.1825825,28.0197493],[85.1826234,28.01973],[85.1826635,28.0197137],[85.182709,28.0196992],[85.1827602,28.0196862],[85.1829123,28.0196525],[85.1829592,28.0196389],[85.1830001,28.0196238],[85.1830305,28.0196086],[85.1830908,28.0195715],[85.1831164,28.0195575],[85.1831439,28.0195466],[85.1831691,28.0195417],[85.1831992,28.019542],[85.183233,28.0195475],[85.1832711,28.0195582],[85.1833189,28.0195755],[85.1833637,28.0195932],[85.1833923,28.0196068],[85.1834161,28.0196218],[85.1834348,28.0196383],[85.1834553,28.0196632],[85.1834686,28.0196866],[85.1834722,28.0197049],[85.1834714,28.0197513],[85.1834737,28.0197612],[85.1834782,28.0197687],[85.1834902,28.0197769],[85.1835201,28.0197873],[85.1835313,28.0197928],[85.1835465,28.0198058],[85.1835757,28.0198398],[85.1835893,28.0198508],[85.1836025,28.0198571],[85.1836185,28.0198616],[85.1836844,28.0198705],[85.1836788,28.019854],[85.183669,28.0198365],[85.183628,28.0197842],[85.183616,28.0197666],[85.183608,28.0197504],[85.1836038,28.0197349],[85.1836007,28.0197033],[85.1836013,28.0196733],[85.1836056,28.0196467],[85.1836134,28.0196238],[85.183627,28.0196007],[85.1836472,28.0195755],[85.1836619,28.0195615],[85.1836792,28.019549],[85.1836992,28.0195379],[85.1837221,28.0195282],[85.183747,28.01952],[85.1837755,28.0195127],[85.1838549,28.0194982],[85.1838981,28.0194936],[85.1840253,28.0194403],[85.1840674,28.019421],[85.1841576,28.0193757],[85.1842187,28.0193424],[85.1842722,28.0193094],[85.1843185,28.0192761],[85.1843637,28.0192444],[85.1843743,28.0192339],[85.1843813,28.019223],[85.1843851,28.0192112],[85.1843909,28.0191795],[85.1844021,28.0191486],[85.1844178,28.0191167],[85.1844381,28.0190838],[85.1844634,28.0190491],[85.184486,28.0190224],[85.1845117,28.018996],[85.1845251,28.0189846],[85.1845415,28.0189735],[85.18462,28.0189289],[85.1846379,28.0189147],[85.1846517,28.0188994],[85.1846682,28.0188767],[85.1846759,28.0188608],[85.1846787,28.0188396],[85.1846759,28.0188077],[85.1846714,28.0187857],[85.1846632,28.018762],[85.1846513,28.0187363],[85.1846324,28.0187014],[85.1846212,28.0186855],[85.1845858,28.0186453],[85.1845782,28.0186321],[85.1845745,28.0186193],[85.1845732,28.0186023],[85.1845745,28.0185855],[85.1845776,28.0185743],[85.1845833,28.0185636],[85.1845918,28.0185535],[85.184603,28.0185437],[85.1846288,28.0185275],[85.1846952,28.0184938],[85.1847247,28.0184788],[85.1847931,28.0184505],[85.1848207,28.0184358],[85.1848628,28.0184072],[85.1848994,28.0183775],[85.1849304,28.0183468],[85.184956,28.0183151],[85.1849801,28.0182764],[85.1849951,28.0182602],[85.1850146,28.0182451],[85.1850361,28.0182322],[85.1850951,28.018201],[85.185125,28.0181799],[85.1851586,28.0181485],[85.1851878,28.0181171],[85.1852086,28.0180881],[85.185249,28.0180187],[85.1852699,28.0179915],[85.1852904,28.0179726],[85.1853474,28.0179308],[85.1853713,28.0179094],[85.1854131,28.0178604],[85.1854277,28.0178387],[85.1854389,28.0178177],[85.1854534,28.017779],[85.1854581,28.0177564],[85.1854592,28.0177302],[85.1854505,28.017645],[85.1854494,28.017617],[85.1854519,28.0175925],[85.1854582,28.0175714],[85.1854687,28.0175523],[85.1854973,28.017512],[85.1855065,28.0174941],[85.1855119,28.0174745],[85.1855142,28.0174516],[85.1855097,28.0173676],[85.1855113,28.0173347],[85.1855131,28.017315],[85.1855162,28.0173058],[85.1855214,28.0172999],[85.1855403,28.0172865],[85.1855474,28.0172741],[85.1855504,28.0172573],[85.1855272,28.0172513],[85.1855095,28.0172424],[85.1854964,28.0172319],[85.185484,28.017219],[85.185473,28.0172046],[85.1854642,28.0171896],[85.1854597,28.0171744],[85.1854554,28.0171367],[85.1854491,28.0171217],[85.1854395,28.0171119],[85.1854114,28.0170915],[85.1853989,28.0170786],[85.1853875,28.0170638],[85.1853678,28.017028],[85.1853529,28.0169883],[85.1853191,28.0168768],[85.1853058,28.0168456],[85.1852907,28.0168198],[85.1852728,28.0167966],[85.1852501,28.0167725],[85.1851715,28.0167015],[85.1851463,28.0166769],[85.1851258,28.0166538],[85.1851096,28.0166312],[85.1850962,28.0166068],[85.185084,28.0165778],[85.1850428,28.0164514],[85.1850315,28.0164262],[85.185019,28.0164048],[85.1849939,28.0163732],[85.1849608,28.0163422],[85.1849228,28.0163135],[85.1848117,28.0162373],[85.1847803,28.0162115],[85.1847549,28.016186],[85.1847076,28.0161298],[85.1846719,28.0160804],[85.1846531,28.0160467],[85.1846368,28.0160073],[85.1846224,28.0159609],[85.1845975,28.0158614],[85.1845853,28.0158194],[85.1845695,28.0157767],[85.1845512,28.0157408],[85.1845331,28.0157133],[85.1845106,28.0156844],[85.1844046,28.0155688],[85.1843815,28.0155407],[85.1843626,28.0155144],[85.184296,28.0154115],[85.1842553,28.0153377],[85.1842395,28.0153026],[85.184227,28.015269],[85.1842177,28.0152366],[85.1842117,28.0152051],[85.1841997,28.0151159],[85.1841773,28.0150636],[85.1841588,28.0150013],[85.1841522,28.0149598],[85.184148,28.0148723],[85.1841437,28.0148353],[85.1841319,28.0147731],[85.1841201,28.0147251],[85.1841066,28.0146832],[85.1840909,28.0146467],[85.1840698,28.0146094],[85.1840424,28.0145707],[85.1840083,28.0145298],[85.1839626,28.0144807],[85.1839253,28.0144448],[85.1838812,28.014408],[85.1838306,28.0143701],[85.1837514,28.0143147],[85.1836819,28.0142687],[85.1836038,28.0142219],[85.1835154,28.014173],[85.1833967,28.0141109],[85.1832162,28.0140168],[85.1831129,28.0139674],[85.1830619,28.0139458],[85.1830135,28.0139275],[85.1829668,28.0139121],[85.1829213,28.0138997],[85.1828384,28.0138814],[85.1827629,28.0138695],[85.182723,28.0138671],[85.1826775,28.0138693],[85.182633,28.0138745],[85.1825258,28.0138907],[85.1824723,28.0138954],[85.1824457,28.0138956],[85.1824214,28.0138939],[85.1823989,28.0138902],[85.1823781,28.0138846],[85.1823349,28.0138668],[85.1822914,28.0138418],[85.1822477,28.0138096],[85.182204,28.0137703],[85.1821602,28.0137239],[85.1821166,28.0136707],[85.1820734,28.0136109],[85.182031,28.013545],[85.1820058,28.0135016],[85.1819857,28.013462],[85.1819694,28.0134203],[85.1819583,28.0133754],[85.1819522,28.0133269],[85.181951,28.0132738],[85.1819536,28.013226],[85.1819596,28.0131721],[85.18199,28.0129845],[85.1819994,28.0129119],[85.1820036,28.0128394],[85.1820008,28.0127754],[85.1819929,28.0127175],[85.1819703,28.0125865],[85.181963,28.0125263],[85.1819587,28.0124555],[85.1819573,28.0123809],[85.1819587,28.0123019],[85.181963,28.012217],[85.1819751,28.0120607],[85.1819827,28.012005],[85.1819925,28.0119551],[85.1819829,28.011917],[85.1819706,28.011885],[85.1819593,28.0118661],[85.181943,28.0118468],[85.1818793,28.0117901],[85.181859,28.0117694],[85.1818438,28.011748],[85.1818348,28.0117265],[85.1818313,28.0117056],[85.1818299,28.011657],[85.1818272,28.011636],[85.1818191,28.0116057],[85.1818074,28.0115745],[85.1817924,28.011543],[85.1817743,28.0115116],[85.18168,28.0114428],[85.1816569,28.0114224],[85.1816386,28.011402],[85.1816015,28.0113519],[85.1815782,28.0113115],[85.1815688,28.0112878],[85.1815619,28.011262],[85.1815575,28.0112338],[85.1815555,28.0112028],[85.1815576,28.0111396],[85.1815707,28.0110097],[85.1815774,28.0109314],[85.1815852,28.0108707],[85.1815954,28.0108167],[85.1816084,28.0107682],[85.1816379,28.0106948],[85.1816461,28.0106701],[85.1816508,28.0106481],[85.1816539,28.0106232],[85.1816576,28.0105326],[85.1816612,28.0104966],[85.1816745,28.0104301],[85.1816949,28.0103572],[85.1817196,28.010284],[85.1817744,28.0101344],[85.1818185,28.0100099],[85.1818462,28.0099364],[85.1818743,28.0098692],[85.1819027,28.0098099],[85.1819395,28.0097473],[85.1820328,28.0096107],[85.1820527,28.0095772],[85.1820687,28.0095458],[85.1820793,28.0095199],[85.1820887,28.0094898],[85.1821136,28.0093831],[85.1821249,28.0093433],[85.1821404,28.0093053],[85.1821592,28.0092742],[85.182179,28.0092501],[85.1822028,28.0092255],[85.1822312,28.0092],[85.1822665,28.0091714],[85.1822984,28.0090912],[85.1823177,28.0090553],[85.1823335,28.0090347],[85.1823715,28.0089913],[85.1823856,28.0089723],[85.1823994,28.0089492],[85.182412,28.0089241],[85.1824337,28.0088668],[85.1824513,28.0087998],[85.1824686,28.0087082],[85.1824735,28.0086675],[85.1824791,28.0085777],[85.1824837,28.0085422],[85.1824934,28.0085024],[85.182509,28.008459],[85.182527,28.0084186],[85.1825721,28.0083259],[85.1825911,28.008281],[85.1826042,28.0082405],[85.182612,28.0082027],[85.1826148,28.0081698],[85.1826166,28.0080967],[85.1826195,28.0080669],[85.1826288,28.008024],[85.1826554,28.0079379],[85.1826648,28.0079009],[85.1826719,28.0078553],[85.1826754,28.0078047],[85.1826756,28.0077454],[85.1826747,28.0077224],[85.1826477,28.0076744],[85.1826273,28.0076297],[85.182613,28.0075872],[85.1826044,28.0075462],[85.1826009,28.0075058],[85.1826009,28.0074613],[85.1826046,28.0074124],[85.182612,28.0073576],[85.1826183,28.0073271],[85.1826281,28.0072939],[85.182678,28.0071648],[85.182695,28.0071086],[85.1827003,28.0070798],[85.1827035,28.0070492],[85.1827046,28.0070165],[85.1827035,28.0069811],[85.1826972,28.0069141],[85.1826745,28.0067498],[85.1826709,28.0067057],[85.18267,28.0066665],[85.1826724,28.0066251],[85.1826785,28.0065873],[85.1826886,28.0065524],[85.1827025,28.00652],[85.182719,28.0064892],[85.1827327,28.0064672],[85.1827494,28.0064461],[85.1827698,28.0064258],[85.1827943,28.0064057],[85.1828241,28.0063848],[85.1828387,28.0063549],[85.1828615,28.0063174],[85.1829282,28.0062176],[85.1829458,28.0061865],[85.1829591,28.0061578],[85.1829939,28.0060667],[85.1830045,28.0060317],[85.1830119,28.0059993],[85.1830292,28.0059227],[85.1830341,28.0058853],[85.1830338,28.0058675],[85.1830313,28.0058518],[85.1830265,28.0058379],[85.1830194,28.0058258],[85.1829893,28.0057956],[85.1829814,28.005783],[85.1829759,28.0057687],[85.1829727,28.0057525],[85.1829716,28.0057341],[85.1829741,28.0057008],[85.182979,28.0056713],[85.1829766,28.0056451],[85.1829763,28.0056177],[85.1829817,28.0055617],[85.1829882,28.0055365],[85.1829999,28.005508],[85.1830014,28.0054982],[85.1830128,28.0054448],[85.1830279,28.0053884],[85.1830452,28.0053337],[85.1830666,28.0052735],[85.1830743,28.0052539],[85.1830884,28.0051029],[85.1830947,28.0050581],[85.1831024,28.0050184],[85.1831289,28.0048929],[85.1831441,28.0048319],[85.1831631,28.0047739],[85.1831854,28.0047241],[85.1832307,28.0046487],[85.183244,28.0046194],[85.1832554,28.0045878],[85.183265,28.0045538],[85.1832729,28.004517],[85.183284,28.0044353],[85.1832911,28.0043242],[85.1832944,28.0042501],[85.1832942,28.0042019],[85.1832907,28.0041587],[85.1832835,28.0041205],[85.1832715,28.004077],[85.1832596,28.0040436],[85.1832461,28.0040154],[85.1832307,28.0039922],[85.1832165,28.0039783],[85.1831772,28.0039494],[85.1831688,28.0039407],[85.1831628,28.0039318],[85.1831563,28.0039158],[85.1831514,28.0038944],[85.1831384,28.0038877],[85.1831133,28.0038722],[85.1830925,28.0038537],[85.1830798,28.0038337],[85.1830705,28.0038039],[85.1830658,28.0037712],[85.1830665,28.0037401],[85.1830723,28.003713],[85.183078,28.0037007],[85.1830959,28.0036731],[85.1831024,28.0036602],[85.1831151,28.0036207],[85.1831207,28.0035871],[85.1831189,28.0035599],[85.1831154,28.0035488],[85.18311,28.0035395],[85.1831026,28.003532],[85.1830808,28.003517],[85.1830723,28.0035093],[85.183063,28.003496],[85.1830551,28.0034795],[85.1830421,28.0034338],[85.1830389,28.0034132],[85.1830379,28.0033901],[85.1830421,28.0033282],[85.1830462,28.0033035],[85.1830537,28.0032763],[85.183093,28.0031714],[85.1830853,28.0031518],[85.1830813,28.0031274],[85.1830812,28.0030427],[85.1830792,28.0030149],[85.1830738,28.0029921],[85.1830647,28.0029735],[85.183049,28.0029558],[85.1830048,28.0029189],[85.1829958,28.0029085],[85.1829893,28.0028981],[85.1829819,28.0028799],[85.1829742,28.0028528],[85.1829686,28.002827],[85.1829651,28.0027997],[85.1829638,28.002771],[85.1829647,28.002741],[85.1829728,28.0026776],[85.1829893,28.0026113],[85.1829969,28.0025907],[85.1830076,28.0025688],[85.1830663,28.0024747],[85.1830785,28.0024516],[85.1830874,28.0024302],[85.1830954,28.0024019],[85.183109,28.0023369],[85.1831175,28.0023095],[85.1831265,28.0022906],[85.1831393,28.0022704],[85.1831887,28.0022084],[85.1832043,28.0021864],[85.1832162,28.0021644],[85.1832232,28.0021435],[85.1832278,28.0021044],[85.1832255,28.0020596],[85.1832164,28.0020094],[85.1832005,28.0019549],[85.183192,28.0019342],[85.18318,28.0019122],[85.1831171,28.0018226],[85.1831043,28.0018012],[85.1830949,28.0017813],[85.1830855,28.0017534],[85.1830792,28.0017235],[85.1830759,28.0016912],[85.1830756,28.0016562],[85.1830819,28.0015854],[85.1831052,28.0014449],[85.1831125,28.001387],[85.1831148,28.0013277],[85.18311,28.0012758],[85.1830978,28.0012242],[85.1830608,28.0011062],[85.1830538,28.0010765],[85.1830496,28.0010494],[85.1830456,28.0010021],[85.1830442,28.0009573],[85.1830456,28.0009151],[85.1830496,28.0008758],[85.1830598,28.0008321],[85.1830786,28.0007855],[85.183103,28.0007398],[85.1831762,28.0006172],[85.1831948,28.0005791],[85.1832081,28.0005438],[85.1832316,28.0004618],[85.1832458,28.0003929],[85.1832497,28.0003431],[85.1832481,28.0002302],[85.1832534,28.0001816],[85.1832644,28.000132],[85.1832764,28.0000907],[85.1832903,28.0000545],[85.1833062,28.0000232],[85.18333,27.9999906],[85.183384,27.9999341],[85.1834043,27.99991],[85.1834457,27.9998551],[85.1834567,27.9998368],[85.1834646,27.9998194],[85.1834797,27.9997515],[85.1834912,27.9997286],[85.1835089,27.9997055],[85.1835287,27.9996852],[85.1835787,27.9996395],[85.1836005,27.9996157],[85.1836221,27.9995862],[85.1836442,27.9995516],[85.18371,27.9994332],[85.183735,27.9993915],[85.1837618,27.9993532],[85.1837891,27.9993214],[85.1838151,27.9992981],[85.1838478,27.9992754],[85.1838815,27.999256],[85.1839659,27.9992114],[85.1840068,27.999186],[85.1840257,27.9991716],[85.1840421,27.9991568],[85.1840563,27.9991414],[85.1840683,27.9991252],[85.1840854,27.9990976],[85.1840985,27.9990724],[85.1841141,27.9990294],[85.1841287,27.9989668],[85.1841388,27.9988992],[85.1841421,27.9988256],[85.1841388,27.9987456],[85.1841287,27.9986574],[85.1841187,27.9985942],[85.1841089,27.998547],[85.1840973,27.9985054],[85.1840834,27.9984688],[85.1840734,27.9984492],[85.1840477,27.9984061],[85.1840381,27.9983858],[85.1840306,27.9983628],[85.1840254,27.998338],[85.1840222,27.9983112],[85.1840212,27.9982821],[85.1840249,27.9982188],[85.1840381,27.9981217],[85.1840468,27.9980735],[85.18406,27.9980209],[85.1840776,27.9979634],[85.184106,27.9978802],[85.1841262,27.9978278],[85.184152,27.9977717],[85.1841846,27.997709],[85.1842878,27.9975219],[85.1843172,27.9974609],[85.1843399,27.9974048],[85.1843503,27.9973759],[85.1843475,27.9973671],[85.1843314,27.9973269],[85.1843098,27.9972841],[85.1842901,27.9972529],[85.1842663,27.9972225],[85.1842382,27.9971928],[85.1842053,27.9971633],[85.1841706,27.9971362],[85.18413,27.9971075],[85.1839928,27.99702],[85.1839505,27.9969957],[85.1838419,27.9969416],[85.1838133,27.9969244],[85.1837891,27.9969068],[85.1837437,27.9968721],[85.1836887,27.9968553],[85.1836457,27.9968389],[85.1835998,27.9968175],[85.1835533,27.9967925],[85.1835058,27.9967639],[85.1834569,27.9967313],[85.1834074,27.9966954],[85.1833545,27.9966545],[85.1832232,27.9965446],[85.1831112,27.9964464],[85.1830298,27.996368],[85.1829941,27.9963302],[85.1829618,27.9962931],[85.1829326,27.9962565],[85.1829063,27.9962202],[85.1828757,27.9961722],[85.1828447,27.9961169],[85.1828142,27.9960564],[85.1827629,27.9959485],[85.1827449,27.9959081],[85.1827272,27.9958619],[85.1826713,27.9956923],[85.1826465,27.9956253],[85.1826158,27.9955589],[85.1825993,27.99553],[85.1825818,27.9955033],[85.1825627,27.9954787],[85.1825392,27.9954528],[85.1824324,27.9953486],[85.1824108,27.9953237],[85.1823931,27.9952996],[85.1823585,27.9952439],[85.1823328,27.9951939],[85.1823174,27.9951498],[85.182308,27.9950985],[85.1823042,27.995044],[85.182301,27.9948927],[85.182296,27.994848],[85.1822875,27.9948091],[85.1822772,27.9947767],[85.1822642,27.9947437],[85.1822299,27.9946741],[85.1821891,27.994606],[85.1820717,27.9944258],[85.1820403,27.9943701],[85.1820159,27.9943186],[85.1819532,27.9941687],[85.1819153,27.9940649],[85.1819003,27.9940159],[85.1818882,27.9939692],[85.181879,27.9939244],[85.1818725,27.993881],[85.1818662,27.9938292],[85.1818536,27.9938145],[85.1818446,27.9938001],[85.1818362,27.9937828],[85.1818183,27.993732],[85.1818097,27.9936943],[85.1818069,27.9936512],[85.1818089,27.9936072],[85.1818201,27.9934899],[85.1818206,27.9934557],[85.1818183,27.9934254],[85.1818075,27.9933703],[85.1817888,27.9933109],[85.1817625,27.9932467],[85.1817012,27.9931154],[85.1816767,27.9930585],[85.1816552,27.9929977],[85.1816414,27.992942],[85.1816347,27.9928962],[85.1816243,27.9927947],[85.1816178,27.9927534],[85.1816074,27.9927095],[85.1815932,27.9926647],[85.181575,27.9926187],[85.1815526,27.9925707],[85.181502,27.992479],[85.1813956,27.9923076],[85.1813543,27.992237],[85.1813161,27.9921623],[85.1812877,27.9920931],[85.1812691,27.9920359],[85.1812518,27.9919721],[85.1812344,27.9918968],[85.1811855,27.9916649],[85.1811665,27.9915917],[85.1811462,27.9915272],[85.1811217,27.991467],[85.1810657,27.9913526],[85.1810446,27.9913052],[85.1810269,27.991255],[85.1810165,27.9912089],[85.1810103,27.9911453],[85.1810102,27.9910766],[85.1810162,27.9910032],[85.1810283,27.9909259],[85.18104,27.9908673],[85.1810501,27.9908267],[85.1810619,27.9907913],[85.1810755,27.9907609],[85.1810917,27.9907369],[85.1810794,27.9906774],[85.1810727,27.9906213],[85.1810679,27.9905173],[85.1810691,27.9904768],[85.1810727,27.9904402],[85.1810805,27.990393],[85.1810907,27.9903497],[85.1811031,27.9903101],[85.1811179,27.9902742],[85.1811313,27.9902497],[85.181165,27.990199],[85.1811783,27.9901761],[85.1811883,27.9901532],[85.1811965,27.9901271],[85.1811757,27.9900813],[85.1811516,27.9900371],[85.1811246,27.9899955],[85.1810953,27.9899572],[85.1810586,27.9899168],[85.1810193,27.9898801],[85.1809784,27.9898481],[85.1809368,27.9898214],[85.1809021,27.9898054],[85.1808156,27.9897772],[85.1807784,27.9897611],[85.1807388,27.9897394],[85.1807097,27.9897214],[85.1806853,27.9897036],[85.1806652,27.9896856],[85.1806343,27.9896494],[85.1806078,27.9896076],[85.1805874,27.9895634],[85.1805746,27.9895196],[85.1805702,27.9894854],[85.18057,27.9894475],[85.180574,27.9894059],[85.1805822,27.9893611],[85.1805956,27.989312],[85.1805772,27.9892724],[85.1805567,27.9892399],[85.1805175,27.9891921],[85.1804721,27.9891458],[85.1804217,27.9891023],[85.1803681,27.9890631],[85.1803311,27.9890419],[85.1802875,27.9890234],[85.1802386,27.9890075],[85.1801369,27.9889802],[85.1800944,27.9889674],[85.1800512,27.9889513],[85.1800144,27.9889334],[85.179942,27.9888925],[85.1798945,27.9888624],[85.1798556,27.9888329],[85.1798257,27.9888037],[85.1798054,27.9887751],[85.1797909,27.988742],[85.179782,27.9887042],[85.1797786,27.9886607],[85.1797797,27.9886192],[85.1797846,27.988571],[85.1798106,27.9884127],[85.1798179,27.988359],[85.1797952,27.9883332],[85.1797757,27.9883082],[85.1797592,27.9882836],[85.1797456,27.9882594],[85.1797348,27.9882354],[85.179727,27.9882116],[85.1797219,27.988188],[85.1797197,27.9881645],[85.179712,27.9881608],[85.1797055,27.9881556],[85.1796959,27.9881405],[85.1796909,27.988119],[85.1796903,27.9880906],[85.1796931,27.9880617],[85.1796989,27.9880262],[85.1797327,27.9878723],[85.1797443,27.9878056],[85.1797478,27.9877725],[85.1797487,27.9877434],[85.1797472,27.9877178],[85.1797432,27.9876954],[85.179728,27.9876435],[85.1797076,27.987588],[85.1796819,27.9875282],[85.1796489,27.9874596],[85.1796278,27.987422],[85.1796007,27.9873818],[85.1795034,27.987258],[85.1794713,27.9872139],[85.1794447,27.9871707],[85.1794249,27.9871295],[85.1794018,27.9870644],[85.1793827,27.9869912],[85.1793672,27.9869089],[85.1793541,27.9868112],[85.1793513,27.9867653],[85.1793527,27.9867136],[85.1793711,27.9865442],[85.1793751,27.9864837],[85.1793737,27.9864262],[85.1793659,27.9863749],[85.1793306,27.986257],[85.179322,27.986216],[85.1793156,27.9861727],[85.1793113,27.9861266],[85.179309,27.9860771],[85.1793097,27.9859794],[85.1793188,27.9857736],[85.1793221,27.9856387],[85.1793291,27.9855594],[85.1792834,27.9854553],[85.1792463,27.9853875],[85.1791987,27.9853161],[85.1791454,27.9852463],[85.178995,27.9850605],[85.1789527,27.9850024],[85.1789179,27.9849483],[85.178848,27.9848343],[85.1788149,27.9847766],[85.1787861,27.9847189],[85.1787646,27.9846654],[85.1787498,27.9846188],[85.178737,27.9845696],[85.1787262,27.9845182],[85.1787175,27.9844649],[85.1787156,27.9844362],[85.1787176,27.9844031],[85.1787392,27.9842784],[85.1787433,27.9842299],[85.1787417,27.9842051],[85.1787369,27.9841832],[85.1787289,27.9841638],[85.1787175,27.9841466],[85.1786903,27.9841218],[85.1786821,27.9841112],[85.1786773,27.984099],[85.178628,27.9841104],[85.1785826,27.9841244],[85.1785067,27.9841532],[85.1784466,27.9841805],[85.178435,27.9842015],[85.1784227,27.9842173],[85.17841,27.9842283],[85.1783946,27.9842369],[85.1783764,27.9842433],[85.1783548,27.9842477],[85.178328,27.9842713],[85.1783065,27.9842871],[85.1782859,27.9842985],[85.1782657,27.9843055],[85.178232,27.9843115],[85.1781978,27.9843131],[85.1781724,27.9843105],[85.1781444,27.9843034],[85.1780544,27.9842678],[85.178047,27.984265],[85.1779412,27.9842681],[85.1778327,27.9842671],[85.1777219,27.984262],[85.1776092,27.9842527],[85.1775593,27.984246],[85.1775077,27.9842357],[85.1774539,27.9842216],[85.177397,27.9842037],[85.1773398,27.9841828],[85.1772767,27.9841574],[85.1770343,27.9840503],[85.1769317,27.9840086],[85.1768757,27.9839887],[85.1768234,27.9839727],[85.1767737,27.9839602],[85.1767261,27.9839511],[85.1766955,27.9839723],[85.1766627,27.9839924],[85.1766277,27.9840114],[85.1765906,27.9840291],[85.1765515,27.9840456],[85.1765107,27.9840608],[85.1764245,27.9840867],[85.1763852,27.9840956],[85.1763413,27.9841031],[85.1762208,27.9841169],[85.1761532,27.9841224],[85.1760837,27.9841255],[85.176012,27.9841263],[85.1759382,27.9841246],[85.1758621,27.9841207],[85.1757834,27.9841143],[85.1757019,27.9841055],[85.1756171,27.9840943],[85.1754275,27.9840672],[85.1753135,27.9840457],[85.1752603,27.9840326],[85.1752114,27.9840179],[85.175166,27.9840016],[85.1751237,27.9839835],[85.175078,27.9839791],[85.1750367,27.9839712],[85.175,27.9839598],[85.1749679,27.983945],[85.1749404,27.9839268],[85.1749175,27.9839052],[85.1748993,27.9838802],[85.1748857,27.9838519],[85.1748755,27.9838193],[85.1748629,27.983807],[85.1748524,27.9838043],[85.1748388,27.9838043],[85.1747719,27.9838165],[85.1747567,27.9838176],[85.1747442,27.9838165],[85.1747213,27.9838107],[85.1746963,27.9838018],[85.1746263,27.9837693],[85.1745727,27.9837405],[85.1745199,27.9837057],[85.1744676,27.9836648],[85.1744157,27.9836178],[85.1743643,27.9835647],[85.1743126,27.9835048],[85.1742601,27.9834376],[85.1742052,27.983361],[85.1741588,27.9833427],[85.1741193,27.9833213],[85.1740985,27.983306],[85.1740769,27.983286],[85.1740082,27.9832083],[85.1739806,27.9831808],[85.1739499,27.9831582],[85.1739345,27.9831502],[85.1739189,27.9831444],[85.1738749,27.9831386],[85.1738599,27.9831327],[85.1738527,27.9831245],[85.1738476,27.9831123],[85.1738401,27.9830649],[85.1738364,27.9830501],[85.1738277,27.9830292],[85.1738166,27.9830085],[85.1738032,27.9829879],[85.1737871,27.9829671],[85.1737462,27.9829233],[85.1736504,27.982836],[85.1736116,27.9827968],[85.1735926,27.9827743],[85.1735768,27.9827522],[85.1735637,27.9827303],[85.1735534,27.9827082],[85.1735405,27.9826728],[85.1735287,27.9826329],[85.1735062,27.9825314],[85.1734701,27.9823575],[85.1734626,27.9823056],[85.1734594,27.9822601],[85.1734605,27.9822151],[85.1734667,27.9821749],[85.173478,27.9821389],[85.1734944,27.9821069],[85.173515,27.9820756],[85.1735317,27.9820539],[85.1735484,27.9820368],[85.1735652,27.9820244],[85.1735913,27.9820128],[85.1736359,27.9820008],[85.173669,27.9819934],[85.1737034,27.981988],[85.1737388,27.9819848],[85.1737749,27.9819837],[85.1738115,27.9819848],[85.1738479,27.9819881],[85.1738838,27.9819934],[85.1739189,27.9820008],[85.1739419,27.9820077],[85.1739668,27.9820175],[85.1740643,27.982066],[85.1741075,27.9820833],[85.174134,27.9820907],[85.1741635,27.982097],[85.1743045,27.9821163],[85.1743378,27.9821228],[85.1743669,27.9821305],[85.1744121,27.9821458],[85.174458,27.9821642],[85.1745047,27.9821857],[85.1745523,27.9822104],[85.1746008,27.9822382],[85.1746507,27.9822693],[85.1747022,27.982304],[85.174756,27.9823427],[85.1747845,27.9823661],[85.1748552,27.982431],[85.1748769,27.9824477],[85.1748975,27.9824606],[85.1749212,27.9824724],[85.174947,27.9824826],[85.1749753,27.9824913],[85.1750062,27.9824987],[85.1750743,27.9825095],[85.1751804,27.9825196],[85.1753017,27.9825304],[85.1753417,27.9825321],[85.1753773,27.9825318],[85.1754119,27.9825293],[85.1754435,27.9825245],[85.1754723,27.9825174],[85.1754988,27.9825078],[85.175524,27.9824944],[85.1755502,27.9824755],[85.1755756,27.9824531],[85.1756444,27.9823869],[85.1756665,27.9823687],[85.1756874,27.9823545],[85.1757473,27.9823187],[85.1757892,27.9822969],[85.1758281,27.9822812],[85.1758643,27.982272],[85.175902,27.9822668],[85.1759365,27.9822651],[85.1759672,27.9822668],[85.1759939,27.982272],[85.1760154,27.982281],[85.1760371,27.9822964],[85.1760578,27.9823163],[85.1761126,27.9823756],[85.1761303,27.9823908],[85.1761472,27.9824017],[85.1761823,27.982417],[85.1762213,27.9824278],[85.1762645,27.9824342],[85.1763122,27.9824364],[85.1763619,27.9824345],[85.176418,27.9824288],[85.1764777,27.98242],[85.1765835,27.9824017],[85.1766183,27.9823946],[85.1766998,27.9823741],[85.1767367,27.9823663],[85.176791,27.982359],[85.1768515,27.9823556],[85.1769173,27.9823557],[85.1771081,27.9823612],[85.1771674,27.9823595],[85.1772201,27.9823545],[85.1774365,27.9823268],[85.177504,27.9823149],[85.1775632,27.9823013],[85.1776211,27.982284],[85.1776732,27.9822637],[85.1777202,27.9822401],[85.1777625,27.982213],[85.1778128,27.9821761],[85.1778456,27.9821488],[85.1778722,27.9821219],[85.1778922,27.9820951],[85.1779056,27.9820669],[85.1779265,27.9819954],[85.1779393,27.9819654],[85.1779514,27.981947],[85.1779671,27.981928],[85.1780409,27.9818575],[85.178069,27.981824],[85.1780854,27.9817977],[85.1781018,27.9817672],[85.1781515,27.9816589],[85.1782547,27.9814477],[85.1782819,27.9813829],[85.1783024,27.9813238],[85.1782968,27.9812741],[85.1782941,27.9812219],[85.1782944,27.9811674],[85.1782976,27.9811104],[85.1783038,27.981051],[85.1783129,27.9809891],[85.1783251,27.9809246],[85.1783402,27.9808572],[85.1783533,27.9808081],[85.178369,27.9807581],[85.1783874,27.9807073],[85.1784083,27.9806557],[85.1784319,27.9806034],[85.1784579,27.9805507],[85.178517,27.9804445],[85.1785821,27.9803421],[85.1786461,27.9802542],[85.1786782,27.9802149],[85.1787106,27.9801785],[85.1787433,27.9801451],[85.1787764,27.9801144],[85.1788085,27.9800898],[85.1788489,27.9800655],[85.1788952,27.9800208],[85.1789499,27.9799737],[85.1790118,27.9799246],[85.1791164,27.9798455],[85.1791374,27.9798016],[85.1791537,27.9797725],[85.1791968,27.9797092],[85.179249,27.9796432],[85.1793109,27.9795731],[85.1794013,27.9794777],[85.1794469,27.9794252],[85.1794705,27.9794037],[85.1794677,27.9793602],[85.1794692,27.9793129],[85.1794749,27.9792627],[85.1794847,27.9792112],[85.1794943,27.9791758],[85.1795068,27.9791397],[85.1795222,27.9791031],[85.1795406,27.9790663],[85.1795618,27.9790294],[85.1795856,27.9789926],[85.1796118,27.9789564],[85.1796402,27.9789211],[85.1796622,27.9788977],[85.179714,27.978849],[85.1797334,27.9788278],[85.1797563,27.9787956],[85.1797765,27.978757],[85.1797952,27.9787103],[85.1798288,27.9786081],[85.179845,27.9785649],[85.1798657,27.9785216],[85.1798889,27.9784859],[85.1799511,27.9784133],[85.1799657,27.9783901],[85.1799781,27.9783645],[85.1799886,27.9783361],[85.1799971,27.9783046],[85.1800079,27.9782432],[85.1800259,27.9780873],[85.180034,27.9780455],[85.1800443,27.9780092],[85.1800742,27.977933],[85.1801145,27.9778517],[85.1801635,27.9777669],[85.1802695,27.9775983],[85.1803128,27.977526],[85.1803542,27.9774486],[85.1803863,27.9773771],[85.1804063,27.9773214],[85.1804247,27.9772577],[85.1804742,27.9770403],[85.1804952,27.9769604],[85.1805215,27.9768837],[85.1805362,27.9768495],[85.1805521,27.9768175],[85.1805856,27.9767614],[85.1806582,27.9766552],[85.1806868,27.9766103],[85.1807213,27.9765475],[85.1807555,27.976475],[85.1807853,27.9764046],[85.1808516,27.976239],[85.180886,27.97616],[85.1809206,27.9760907],[85.1809562,27.97603],[85.180976,27.9760011],[85.181,27.97597],[85.1810889,27.9758663],[85.1811218,27.9758252],[85.1811516,27.9757815],[85.1811738,27.9757398],[85.1811965,27.9756827],[85.1812158,27.9756182],[85.1812321,27.9755456],[85.1812464,27.9754601],[85.1812573,27.9753726],[85.1812625,27.9752985],[85.1812623,27.9752313],[85.1812567,27.9751699],[85.1812495,27.9751275],[85.1812401,27.9750853],[85.1812287,27.9750439],[85.1812153,27.9750041],[85.1811968,27.974958],[85.1811757,27.9749131],[85.1811522,27.9748699],[85.1811266,27.9748288],[85.1810992,27.9747904],[85.1810702,27.9747548],[85.1810397,27.9747224],[85.181008,27.9746932],[85.1809864,27.9746774],[85.1809296,27.9746424],[85.1809044,27.9746207],[85.1808883,27.9745982],[85.1808752,27.9745697],[85.1808659,27.9745398],[85.1808463,27.9744623],[85.1808319,27.9744238],[85.1808083,27.9743831],[85.1807427,27.9742889],[85.1807281,27.9742623],[85.1807179,27.9742373],[85.1807108,27.9742103],[85.1807064,27.9741792],[85.1807022,27.9740649],[85.1806971,27.9740197],[85.1806896,27.9739861],[85.1806783,27.9739491],[85.1806342,27.9738327],[85.1806203,27.9737923],[85.18061,27.9737542],[85.1806039,27.9737192],[85.1805995,27.9736738],[85.1805974,27.9736281],[85.1805976,27.9735825],[85.1806001,27.9735376],[85.1805964,27.9735375],[85.1805973,27.9734834],[85.1806062,27.9734835],[85.1806171,27.9734115],[85.1806295,27.9733573],[85.1806457,27.9733115],[85.1806661,27.9732736],[85.18067,27.9732678],[85.1806619,27.9732677],[85.1806637,27.9731594],[85.1806942,27.9731598],[85.1806956,27.9730786],[85.1806651,27.9730782],[85.1806655,27.9730511],[85.180696,27.9730515],[85.1807001,27.9728079],[85.1807306,27.9728083],[85.1807342,27.9725918],[85.1807647,27.9725922],[85.1807656,27.972538],[85.1807961,27.9725384],[85.1807966,27.9725114],[85.1808575,27.9725122],[85.180858,27.9724851],[85.180919,27.9724859],[85.1809194,27.9724588],[85.1809804,27.9724596],[85.1809809,27.9724326],[85.1810113,27.972433],[85.1810118,27.9724059],[85.1810423,27.9724063],[85.1810427,27.9723793],[85.1810732,27.9723797],[85.1810737,27.9723526],[85.1811042,27.972353],[85.1811046,27.9723259],[85.1811351,27.9723263],[85.1811356,27.9722993],[85.1811965,27.9723001],[85.1811974,27.9722459],[85.1812279,27.9722463],[85.1812284,27.9722193],[85.1812589,27.9722197],[85.1812612,27.9720843],[85.1812307,27.9720839],[85.1812325,27.9719756],[85.181263,27.971976],[85.1812639,27.9719219],[85.1812944,27.9719223],[85.1812957,27.9718411],[85.1812652,27.9718407],[85.1812657,27.9718136],[85.1812352,27.9718132],[85.1812357,27.9717862],[85.1810527,27.9717837],[85.1810532,27.9717567],[85.1808703,27.9717543],[85.1808707,27.9717272],[85.1808061,27.9717263],[85.1807991,27.9716868],[85.1807991,27.9714831],[85.1807652,27.9713939],[85.18071,27.9712666],[85.1806633,27.971152],[85.1806081,27.9710502],[85.1805572,27.9709568],[85.180502,27.9708422],[85.1804426,27.9707488],[85.1803747,27.9706469],[85.1803195,27.9705833],[85.1802686,27.9705323],[85.1801879,27.9704517],[85.18012,27.9703838],[85.1800733,27.9703286],[85.1800012,27.9702734],[85.1799499,27.9702635],[85.1799501,27.970253],[85.1799806,27.9702534],[85.179981,27.9702263],[85.1799506,27.9702259],[85.1799515,27.9701718],[85.179921,27.9701714],[85.1799214,27.9701443],[85.1798909,27.9701439],[85.1798914,27.9701169],[85.1798304,27.970116],[85.1798309,27.970089],[85.1797089,27.9700874],[85.1797094,27.9700603],[85.1796484,27.9700595],[85.1796489,27.9700324],[85.1796184,27.970032],[85.1796186,27.9700153],[85.179564,27.9700272],[85.179514,27.9700373],[85.1794623,27.970045],[85.1794087,27.9700505],[85.1793536,27.9700538],[85.1792968,27.9700548],[85.1792386,27.9700535],[85.179179,27.97005],[85.1791183,27.9700442],[85.1790986,27.9700407],[85.1790763,27.9700343],[85.1789849,27.9699982],[85.1789472,27.9699872],[85.1789275,27.9699848],[85.1789101,27.9699856],[85.1788945,27.9699899],[85.1788806,27.9699975],[85.1788424,27.9700357],[85.17882,27.9700485],[85.1787873,27.9700612],[85.1787658,27.9700673],[85.1787411,27.9700717],[85.1786599,27.9700782],[85.1785616,27.9700856],[85.1784864,27.9700872],[85.1784192,27.9700834],[85.1783586,27.9700739],[85.1783076,27.9700612],[85.1782891,27.970053],[85.1782699,27.9700409],[85.1782044,27.9699868],[85.1781761,27.9699678],[85.1781489,27.9699544],[85.1781196,27.9699423],[85.1780879,27.9699315],[85.1780534,27.9699219],[85.1779783,27.969906],[85.1778577,27.9698872],[85.1777859,27.9698801],[85.1777559,27.9698744],[85.1777119,27.9698605],[85.1777002,27.9698548],[85.1776994,27.9698983],[85.177547,27.9698963],[85.1775475,27.9698692],[85.1774865,27.9698684],[85.1774856,27.9699226],[85.1773941,27.9699213],[85.1773946,27.9698943],[85.1773641,27.9698939],[85.1773664,27.9697585],[85.1773968,27.9697589],[85.1773978,27.9697048],[85.1773673,27.9697044],[85.1773682,27.9696503],[85.1773377,27.9696498],[85.1773386,27.9695957],[85.1773081,27.9695953],[85.177309,27.9695412],[85.1772785,27.9695408],[85.1772794,27.9694866],[85.177249,27.9694862],[85.1772494,27.9694592],[85.1771884,27.9694584],[85.1771889,27.9694313],[85.1771584,27.9694309],[85.1771589,27.9694038],[85.1769597,27.9694012],[85.1769526,27.9694024],[85.1768603,27.9694118],[85.1768232,27.969414],[85.176823,27.9694264],[85.1767966,27.9694261],[85.1767903,27.9694357],[85.1767748,27.9694515],[85.1767552,27.9694654],[85.1767325,27.9694768],[85.1767088,27.9694846],[85.1766919,27.9694876],[85.1766732,27.9694885],[85.1766532,27.9694876],[85.1766328,27.9694846],[85.1766164,27.9694803],[85.1765987,27.969473],[85.1765404,27.9694412],[85.1764929,27.9694131],[85.1764774,27.9694026],[85.1764358,27.9693965],[85.1764061,27.9693906],[85.1763728,27.9693794],[85.176297,27.9693438],[85.1762618,27.9693312],[85.1762337,27.9693261],[85.1761617,27.9693204],[85.1761424,27.9693162],[85.176126,27.9693099],[85.176101,27.969296],[85.1760793,27.9692802],[85.1760669,27.9692684],[85.1760546,27.9692537],[85.1760241,27.9692081],[85.1760062,27.9691733],[85.1759928,27.969132],[85.1759837,27.9690851],[85.1759714,27.9689868],[85.1759645,27.9689455],[85.1759537,27.9689038],[85.1759392,27.9688685],[85.1759093,27.9688115],[85.1758841,27.9687751],[85.175868,27.9687596],[85.1758246,27.968727],[85.1758148,27.9687172],[85.1758077,27.9687072],[85.175802,27.968694],[85.1757939,27.9686638],[85.1757907,27.9686588],[85.1757849,27.9686464],[85.1757663,27.9686297],[85.175761,27.9686223],[85.1757581,27.968606],[85.175761,27.9685841],[85.1757611,27.9685836],[85.1757527,27.9685665],[85.1757421,27.9685515],[85.1757158,27.9685204],[85.1757065,27.9685067],[85.1756951,27.9684816],[85.1756791,27.9684297],[85.1756712,27.9684089],[85.1756464,27.9683643],[85.1756386,27.9683464],[85.1756277,27.9683003],[85.1756206,27.9682833],[85.1756112,27.9682665],[85.1755992,27.9682498],[85.1755847,27.9682331],[85.1755486,27.9681997],[85.1754919,27.9681563],[85.1754652,27.9681373],[85.175443,27.9681237],[85.1754086,27.9681076],[85.1753615,27.9680911],[85.1752718,27.9680694],[85.1752438,27.9680575],[85.1751779,27.9680207],[85.1751469,27.9680069],[85.1751164,27.9679982],[85.1750814,27.9679921],[85.1749608,27.967983],[85.174916,27.967977],[85.1748481,27.9679609],[85.1747738,27.9679365],[85.1747043,27.9679091],[85.174545,27.9678414],[85.1744686,27.9678126],[85.1744006,27.967792],[85.1743374,27.9677787],[85.1742941,27.9677732],[85.1742462,27.9677698],[85.174033,27.9677671],[85.1739828,27.9677644],[85.1739381,27.9677597],[85.1738995,27.9677571],[85.1738845,27.9677629],[85.173849,27.9677717],[85.1737948,27.9677814],[85.1737461,27.9677887],[85.1736954,27.967794],[85.1736427,27.9677973],[85.1735876,27.9677987],[85.1735302,27.9677981],[85.1734696,27.9677956],[85.1733343,27.9677845],[85.1732342,27.967776],[85.1731872,27.9677701],[85.1731418,27.9677606],[85.1731025,27.9677474],[85.1730617,27.9677295],[85.1730345,27.9677135],[85.1730191,27.9677007],[85.1730036,27.9676843],[85.1729603,27.9676269],[85.1729418,27.9675993],[85.1729015,27.9675296],[85.1728769,27.9674971],[85.1728508,27.9674704],[85.1728274,27.9674507],[85.17281,27.9674403],[85.172789,27.9674321],[85.1727627,27.9674258],[85.1727045,27.9674165],[85.1726799,27.9674113],[85.1726555,27.967403],[85.1726358,27.967392],[85.172614,27.9673751],[85.1725933,27.9673562],[85.1725747,27.9673358],[85.1725586,27.9673147],[85.1725466,27.9672927],[85.172526,27.967241],[85.1725153,27.967222],[85.1724906,27.9671911],[85.1724812,27.9671826],[85.1724691,27.9671744],[85.1724245,27.967152],[85.1724094,27.967143],[85.1723989,27.9671339],[85.1723975,27.967134],[85.1723659,27.9671344],[85.1723373,27.9671316],[85.172313,27.9671253],[85.1723001,27.9671194],[85.1722864,27.967111],[85.1722404,27.9670751],[85.1722213,27.9670625],[85.1721809,27.96704],[85.172152,27.967026],[85.1721253,27.9670157],[85.1721006,27.9670093],[85.1720767,27.9670074],[85.1720196,27.9670106],[85.1719943,27.9670094],[85.171943,27.9669994],[85.1719238,27.966993],[85.1719074,27.9669852],[85.1718786,27.9669662],[85.1718591,27.9669466],[85.1718506,27.96693],[85.1718406,27.9668933],[85.1718349,27.966879],[85.1718221,27.9668559],[85.1718088,27.9668358],[85.1717953,27.9668193],[85.1717818,27.9668065],[85.1717734,27.966801],[85.1717638,27.9667971],[85.1717405,27.966794],[85.1717101,27.9667972],[85.1716398,27.9668133],[85.17161,27.9668176],[85.1715948,27.9668178],[85.1715815,27.966816],[85.1715698,27.9668123],[85.1715597,27.9668065],[85.1715388,27.9667905],[85.1715236,27.9667761],[85.1715129,27.9667621],[85.1715066,27.9667486],[85.1715036,27.9667257],[85.1715066,27.9666954],[85.1715116,27.9666804],[85.1715216,27.9666655],[85.171537,27.96665],[85.171589,27.9666059],[85.1716013,27.9665903],[85.171608,27.9665747],[85.1716144,27.9665426],[85.1716167,27.9665143],[85.1716145,27.9664944],[85.1716118,27.9664876],[85.171608,27.966483],[85.1716023,27.9664807],[85.1715941,27.966481],[85.1715426,27.9664974],[85.1715305,27.9664989],[85.171521,27.9664975],[85.1715085,27.9664908],[85.1714956,27.9664798],[85.1714822,27.9664645],[85.1714679,27.9664443],[85.1714554,27.9664231],[85.1714486,27.9664057],[85.1714462,27.9663843],[85.1714486,27.9663526],[85.1714534,27.9663236],[85.1714575,27.9663116],[85.1714638,27.9663],[85.1714726,27.9662887],[85.1714839,27.9662776],[85.1715085,27.9662589],[85.1715707,27.9662191],[85.1715955,27.9661985],[85.1716045,27.966188],[85.1716111,27.9661772],[85.1716155,27.9661661],[85.1716176,27.9661546],[85.1716176,27.9661208],[85.1716143,27.9661058],[85.171607,27.9660904],[85.1715952,27.9660736],[85.1715541,27.9660237],[85.1715449,27.9660067],[85.1715404,27.9659904],[85.1715388,27.9659652],[85.1715404,27.9659373],[85.1715435,27.9659231],[85.1715499,27.9659077],[85.1715793,27.9658596],[85.1715878,27.9658429],[85.1715928,27.9658267],[85.1715935,27.9658117],[85.1715874,27.9657852],[85.1715742,27.9657538],[85.1715669,27.9657415],[85.1715569,27.965729],[85.171513,27.9656861],[85.1714969,27.9656668],[85.1714823,27.9656416],[85.171454,27.9655781],[85.1714389,27.9655509],[85.171417,27.9655244],[85.1713545,27.965465],[85.1713412,27.9654474],[85.1713327,27.9654302],[85.1713291,27.9654136],[85.1713291,27.9653936],[85.171333,27.9653677],[85.1713504,27.96529],[85.1713512,27.9652683],[85.1713472,27.9652515],[85.1713387,27.9652379],[85.1713261,27.9652263],[85.1713093,27.9652166],[85.1712878,27.9652087],[85.1712424,27.965199],[85.1711234,27.9651831],[85.1710952,27.9651769],[85.1710719,27.9651694],[85.1710157,27.9651448],[85.1708951,27.9650846],[85.170845,27.9650632],[85.1707975,27.9650491],[85.1707033,27.9650305],[85.170666,27.9650212],[85.1706291,27.9650078],[85.1706262,27.9650061],[85.1706238,27.9650086],[85.1706065,27.9650329],[85.1705938,27.9650583],[85.1705842,27.9650921],[85.1705776,27.9651047],[85.1705685,27.9651167],[85.1705571,27.9651283],[85.1705433,27.9651393],[85.1705087,27.9651599],[85.1704634,27.9651791],[85.1704405,27.9651865],[85.1704164,27.9651921],[85.1703921,27.9651958],[85.1703682,27.9651975],[85.1703453,27.9651971],[85.1703235,27.9651947],[85.1703033,27.9651903],[85.1702848,27.9651839],[85.1702595,27.965172],[85.1702413,27.9651598],[85.1702275,27.9651469],[85.1702162,27.9651333],[85.1702078,27.9651198],[85.1702027,27.9651066],[85.1701995,27.9650816],[85.1702027,27.9650583],[85.1702069,27.9650495],[85.1702142,27.9650408],[85.1702456,27.9650153],[85.1702558,27.9650052],[85.1702812,27.964973],[85.1702987,27.9649467],[85.1703112,27.9649221],[85.1703186,27.964899],[85.1703229,27.9648705],[85.1703235,27.9648428],[85.1703204,27.9648182],[85.1703137,27.9647976],[85.1703058,27.9647838],[85.1702941,27.9647695],[85.1702558,27.9647348],[85.1702385,27.9647224],[85.1702189,27.9647126],[85.1701968,27.9647052],[85.1701718,27.9647],[85.1701216,27.9646959],[85.1700233,27.9646965],[85.1699842,27.9646952],[85.1699457,27.9646904],[85.1699129,27.9646817],[85.1698895,27.9646725],[85.1698895,27.9646776],[85.169798,27.9646764],[85.1697987,27.9646337],[85.1697782,27.964622],[85.1697684,27.9646218],[85.1697685,27.9646158],[85.1697287,27.9645878],[85.1696859,27.9645513],[85.1696663,27.9645301],[85.1696475,27.9645044],[85.1696283,27.9644719],[85.1696061,27.9644302],[85.1695887,27.9644299],[85.1695892,27.9643984],[85.1695736,27.9643689],[85.1695529,27.9643388],[85.1695314,27.9643146],[85.1694874,27.9642711],[85.1694615,27.9642488],[85.1694356,27.9642322],[85.1694107,27.9642229],[85.1693928,27.9642199],[85.1693724,27.9642189],[85.1693237,27.9642229],[85.1693005,27.9642286],[85.1692469,27.9642499],[85.1692223,27.9642567],[85.1691868,27.9642598],[85.1691465,27.9642574],[85.1691053,27.9642507],[85.1690195,27.9642325],[85.1689326,27.9642132],[85.1687938,27.964177],[85.1687468,27.9641622],[85.1687057,27.9641469],[85.1686669,27.9641296],[85.1686324,27.9641109],[85.168602,27.9640905],[85.1685752,27.9640683],[85.1685551,27.9640484],[85.1685355,27.964026],[85.1684978,27.9639744],[85.1684625,27.9639141],[85.1684303,27.9638462],[85.1684087,27.9637918],[85.1683965,27.9637496],[85.1683898,27.9637046],[85.1683884,27.9636565],[85.1683923,27.9636065],[85.1684008,27.9635598],[85.1683917,27.9635516],[85.1683766,27.9635333],[85.1683633,27.9635121],[85.1683518,27.9634879],[85.1683419,27.9634606],[85.1683338,27.963431],[85.1683269,27.9633973],[85.1683144,27.9633053],[85.1683109,27.9632609],[85.1683106,27.9632133],[85.1683133,27.9631622],[85.1683193,27.9631073],[85.1683308,27.9630532],[85.1683676,27.9629355],[85.1683772,27.9628852],[85.1683776,27.9628192],[85.168382,27.9627934],[85.1683894,27.962779],[85.1684018,27.9627651],[85.1684197,27.9627511],[85.168479,27.9627117],[85.1684937,27.9626972],[85.1685028,27.9626824],[85.1685119,27.962652],[85.1685158,27.9626167],[85.1685144,27.9625789],[85.1685076,27.9625423],[85.1685027,27.9625231],[85.1684979,27.9625133],[85.1684921,27.9625077],[85.1684837,27.9625029],[85.1684545,27.962494],[85.1684362,27.9624918],[85.1683885,27.962496],[85.1683676,27.962494],[85.168333,27.9624829],[85.1683221,27.9624768],[85.1683144,27.9624699],[85.1683068,27.9624562],[85.1683022,27.962438],[85.1683015,27.9624187],[85.1683048,27.9624023],[85.1683109,27.9623925],[85.1683316,27.962373],[85.1683386,27.9623636],[85.1683445,27.9623449],[85.1683457,27.9623219],[85.1683421,27.9622945],[85.1683338,27.9622622],[85.1683244,27.9622399],[85.1683096,27.9622165],[85.1682899,27.9621922],[85.1682565,27.962156],[85.1682349,27.9621383],[85.1681851,27.9621094],[85.1681669,27.9620967],[85.1681525,27.9620812],[85.1681454,27.9620642],[85.1681437,27.9620446],[85.1681454,27.9620208],[85.1681496,27.9620029],[85.1681576,27.9619837],[85.1681937,27.9619242],[85.1682073,27.9619035],[85.1682248,27.9618818],[85.1682894,27.9618144],[85.1683116,27.9617889],[85.1683303,27.9617621],[85.1683434,27.9617358],[85.1683543,27.9617048],[85.1683627,27.9616731],[85.1683656,27.9616534],[85.1683656,27.9616521],[85.1683549,27.9616519],[85.1683558,27.9616025],[85.1683338,27.9615861],[85.1683147,27.9615683],[85.1682965,27.9615476],[85.1682793,27.9615241],[85.1682632,27.9614981],[85.1682483,27.9614696],[85.1682348,27.961439],[85.168223,27.9614068],[85.168213,27.9613736],[85.1682065,27.9613345],[85.1682035,27.9612439],[85.1681985,27.9612046],[85.1681822,27.9611462],[85.1681575,27.9610843],[85.1681239,27.9610177],[85.1680778,27.960939],[85.1680514,27.9608974],[85.1680295,27.9608666],[85.1680125,27.9608464],[85.1679918,27.9608256],[85.1679047,27.960751],[85.1678701,27.9607169],[85.1678417,27.9606832],[85.167812,27.9606445],[85.1677349,27.9605334],[85.1676774,27.9604486],[85.167643,27.9603948],[85.1676137,27.9603441],[85.1675901,27.9602967],[85.1675772,27.9602648],[85.1675514,27.9601901],[85.1675369,27.9601567],[85.1675134,27.9601158],[85.16745,27.9600215],[85.1674044,27.9599427],[85.1673583,27.9598562],[85.1673106,27.95976],[85.1672568,27.9596448],[85.1671969,27.9595297],[85.1671851,27.9594967],[85.1671796,27.9594661],[85.1671796,27.959413],[85.1671764,27.9593979],[85.1671703,27.9593819],[85.1671285,27.9593114],[85.1671209,27.959294],[85.1671168,27.9592778],[85.1671153,27.9592565],[85.1670799,27.9592471],[85.1670299,27.9592295],[85.1670066,27.9592186],[85.1669819,27.9592044],[85.166891,27.9591418],[85.1668512,27.9591184],[85.1668263,27.9591072],[85.1667974,27.959097],[85.1666952,27.9590695],[85.166657,27.9590572],[85.1666206,27.9590411],[85.1665904,27.9590218],[85.1665614,27.9589977],[85.1665207,27.9589707],[85.1664716,27.9589468],[85.1664185,27.9589267],[85.1663103,27.9588914],[85.1662435,27.9588716],[85.166168,27.9588554],[85.1660874,27.9588428],[85.165858,27.9588131],[85.1657879,27.9588002],[85.165726,27.9587852],[85.1655802,27.9587505],[85.1655239,27.9587343],[85.1654942,27.9587234],[85.1654676,27.9587115],[85.1654435,27.9586983],[85.1654217,27.9586838],[85.1653847,27.9586523],[85.16533,27.9585968],[85.1652911,27.9585524],[85.1652052,27.9584399],[85.1651804,27.9584122],[85.1651561,27.9583892],[85.165109,27.9583524],[85.1650354,27.9583022],[85.1649837,27.958269],[85.1648811,27.9582308],[85.1648132,27.9582008],[85.1647454,27.9581643],[85.1646095,27.9580841],[85.1644436,27.9580362],[85.164377,27.9580141],[85.1643422,27.9580003],[85.1643106,27.9579857],[85.1642816,27.95797],[85.164255,27.9579532],[85.1641891,27.9579357],[85.164141,27.9579211],[85.1640985,27.9579063],[85.1640187,27.9578751],[85.1639507,27.9578466],[85.1638892,27.9578186],[85.1638329,27.9577904],[85.1637567,27.9577493],[85.1636994,27.9577157],[85.1636495,27.957683],[85.1636059,27.9576503],[85.1635719,27.957621],[85.1635364,27.9575871],[85.1634514,27.9574958],[85.1633846,27.9574174],[85.1633307,27.9573461],[85.16328,27.9572696],[85.1632366,27.9571952],[85.1632004,27.9571225],[85.1631713,27.9570515],[85.163149,27.9569836],[85.163131,27.9569144],[85.1631174,27.9568449],[85.1631085,27.9567762],[85.1631069,27.9567268],[85.1631111,27.9566159],[85.1631085,27.9565686],[85.1631001,27.9565113],[85.1630892,27.9564623],[85.1630784,27.95643],[85.1630625,27.9563957],[85.1630431,27.9563613],[85.1629859,27.9562678],[85.1629705,27.9562384],[85.1629588,27.9562112],[85.1629482,27.9561778],[85.1629268,27.9560936],[85.1629105,27.9560518],[85.1628842,27.9560065],[85.1628514,27.9559623],[85.162813,27.9559206],[85.1627705,27.9558828],[85.1627428,27.9558623],[85.1627077,27.9558393],[85.162668,27.9558162],[85.1626256,27.9557947],[85.1625808,27.955775],[85.1625338,27.9557572],[85.1625222,27.9557539],[85.1625057,27.9557912],[85.1624829,27.9558318],[85.1623982,27.9559569],[85.1623713,27.9559999],[85.1623507,27.9560391],[85.1623358,27.956076],[85.1622972,27.9562112],[85.1622799,27.9562559],[85.1622303,27.9563637],[85.1622103,27.956414],[85.1621976,27.9564569],[85.1621732,27.956559],[85.1621572,27.9566072],[85.1621219,27.9566847],[85.1621037,27.9567176],[85.1620847,27.9567472],[85.162058,27.9567846],[85.1620335,27.9568155],[85.1620333,27.9568296],[85.1620214,27.9568295],[85.1619975,27.9568543],[85.1619737,27.9568753],[85.1619497,27.9568927],[85.1619254,27.9569066],[85.1618776,27.9569237],[85.1618626,27.9569307],[85.1618401,27.9569459],[85.1618193,27.9569641],[85.1618011,27.9569843],[85.1617864,27.9570058],[85.1617862,27.9570159],[85.1617809,27.9570158],[85.1617708,27.9570418],[85.161766,27.957066],[85.1617579,27.957074],[85.161737,27.9570853],[85.1617076,27.9571003],[85.1616731,27.9571121],[85.1616344,27.9571209],[85.1615204,27.9571407],[85.1614862,27.9571504],[85.1614569,27.9571626],[85.1614194,27.9571842],[85.1614038,27.9571915],[85.1613677,27.957203],[85.161334,27.9572093],[85.1613061,27.9572098],[85.1612848,27.9572047],[85.1612817,27.9572045],[85.1612638,27.9572012],[85.1612438,27.957193],[85.1612234,27.9571785],[85.1612037,27.9571595],[85.1611672,27.9571191],[85.1611224,27.9570696],[85.1611092,27.9570505],[85.1610996,27.9570322],[85.1610915,27.9570098],[85.1610851,27.9569839],[85.1610819,27.9569621],[85.1610809,27.9569377],[85.1610851,27.9568728],[85.1610928,27.9568258],[85.1611075,27.9567745],[85.1611268,27.9567234],[85.161172,27.9566168],[85.1612173,27.9565042],[85.1612472,27.9564373],[85.1612789,27.9563777],[85.1613121,27.9563271],[85.1613485,27.9562702],[85.1613642,27.9562493],[85.1613834,27.9562314],[85.1614038,27.9562209],[85.1614231,27.956216],[85.1614405,27.9562065],[85.1614557,27.9561901],[85.1614675,27.9561706],[85.1614935,27.9561185],[85.1615101,27.9560953],[85.1615322,27.956075],[85.1615882,27.956032],[85.1616115,27.9560084],[85.1616367,27.9559711],[85.1616598,27.9559263],[85.161677,27.9558785],[85.1616936,27.9558104],[85.1616991,27.9557765],[85.1617064,27.9557009],[85.1616954,27.9556697],[85.1616902,27.9556457],[85.1616886,27.9556183],[85.1616972,27.9555106],[85.1616973,27.9554869],[85.1616954,27.955466],[85.1616855,27.9554156],[85.1616709,27.9553633],[85.1616515,27.9553096],[85.1616275,27.9552547],[85.1615929,27.9551897],[85.161552,27.9551264],[85.1615354,27.955105],[85.1615155,27.9550829],[85.1614127,27.9549859],[85.1613897,27.9549613],[85.1613709,27.9549378],[85.1613375,27.9548887],[85.1613072,27.9548379],[85.1612805,27.9547862],[85.1612577,27.9547341],[85.1612286,27.9546521],[85.1612191,27.9546165],[85.1612125,27.9545831],[85.1612065,27.9545337],[85.1612044,27.9544852],[85.1612065,27.9544386],[85.1612125,27.9543945],[85.1612198,27.954357],[85.1612275,27.9543341],[85.161237,27.9543176],[85.1612504,27.9543007],[85.1612955,27.9542587],[85.1613109,27.9542467],[85.1613294,27.9542355],[85.1614228,27.9541929],[85.161444,27.9541809],[85.1614615,27.9541681],[85.1614939,27.9541385],[85.1615218,27.9541078],[85.1615364,27.9540861],[85.161565,27.9540322],[85.1615822,27.9540097],[85.161596,27.9539981],[85.1616299,27.9539756],[85.1616426,27.9539644],[85.1616565,27.9539462],[85.161669,27.9539233],[85.1616799,27.9538965],[85.1616954,27.9538512],[85.1617062,27.9538122],[85.1617139,27.9537674],[85.1617256,27.9536173],[85.1617293,27.9535547],[85.1617297,27.9534845],[85.1617204,27.9532623],[85.1617188,27.9531872],[85.1617205,27.9531199],[85.1617256,27.9530589],[85.1617365,27.9529896],[85.1617686,27.9528344],[85.1617784,27.9527646],[85.1617795,27.9527313],[85.161777,27.9526358],[85.1617798,27.9526075],[85.1617859,27.9525835],[85.1617981,27.9525535],[85.1618134,27.9525239],[85.1618157,27.9525205],[85.1618006,27.9524579],[85.1617677,27.9522975],[85.1617398,27.952135],[85.1617172,27.951971],[85.1616999,27.951806],[85.1616878,27.9516403],[85.161685,27.9515564],[85.1616838,27.9513681],[85.1616803,27.9512857],[85.1616705,27.9511716],[85.1616562,27.951051],[85.161637,27.9509221],[85.1616124,27.9507801],[85.1615911,27.9506778],[85.1615362,27.9504511],[85.1615143,27.95035],[85.1614991,27.9502654],[85.1614851,27.9501724],[85.1614329,27.9497291],[85.1614176,27.9496225],[85.1614011,27.9495275],[85.1613729,27.9494039],[85.1613112,27.949179],[85.1612888,27.9490904],[85.1612698,27.9489991],[85.1612577,27.9489163],[85.1612526,27.9488396],[85.1612497,27.9486641],[85.1612426,27.9485843],[85.1612301,27.9485195],[85.1611933,27.9483759],[85.1611823,27.9483127],[85.1611774,27.9482541],[85.1611758,27.9481888],[85.1611771,27.9481191],[85.1611801,27.948047],[85.1611758,27.9480381],[85.1611399,27.9479731],[85.1610986,27.9479057],[85.1610532,27.9478374],[85.1610009,27.9477639],[85.1608554,27.9475737],[85.1608271,27.9475399],[85.1607947,27.947506],[85.1607579,27.9474716],[85.1607161,27.9474363],[85.1606291,27.9473702],[85.1604601,27.9472521],[85.1603952,27.9472049],[85.1603319,27.9471546],[85.1602802,27.9471077],[85.1602771,27.9471044],[85.1602033,27.9470608],[85.1601606,27.9470326],[85.1601227,27.9470049],[85.1600881,27.9469767],[85.1600574,27.9469483],[85.1600302,27.9469194],[85.1600066,27.9468899],[85.1599846,27.9468572],[85.1599628,27.9468192],[85.1599408,27.9467754],[85.1599122,27.946713],[85.1598867,27.9466476],[85.159865,27.9465725],[85.1598481,27.9464969],[85.1598103,27.9463003],[85.1597969,27.946244],[85.1597825,27.9461942],[85.1597265,27.946018],[85.1596889,27.945912],[85.1596486,27.9458168],[85.1596276,27.9457743],[85.1596057,27.9457344],[85.1595842,27.9456999],[85.1595584,27.9456626],[85.1594566,27.9455306],[85.1594171,27.945475],[85.1593503,27.9453676],[85.159282,27.9452444],[85.159217,27.9451169],[85.1590869,27.9448502],[85.1590461,27.9447652],[85.1590055,27.9446753],[85.1589647,27.9445797],[85.1589229,27.9444765],[85.1588493,27.9442832],[85.1586778,27.9438139],[85.1586295,27.9436883],[85.158584,27.943576],[85.1585335,27.9434588],[85.158483,27.9433502],[85.1584319,27.9432484],[85.1583795,27.9431524],[85.1583384,27.9430838],[85.1583027,27.9430297],[85.1582851,27.9430125],[85.1581595,27.9429047],[85.1581084,27.9428576],[85.1579755,27.9427247],[85.1578663,27.9426088],[85.1577709,27.9424996],[85.1576872,27.9423947],[85.1576129,27.9422907],[85.1575485,27.9421882],[85.1575199,27.9421373],[85.1574937,27.9420865],[85.1574698,27.9420358],[85.1574481,27.9419852],[85.1574316,27.9419437],[85.1574275,27.9419357],[85.1573922,27.9418632],[85.1573625,27.941796],[85.1573378,27.941733],[85.1573174,27.9416718],[85.1573015,27.9416132],[85.1572908,27.9415601],[85.1572806,27.9415464],[85.157268,27.9415241],[85.1572595,27.9415018],[85.1572551,27.9414826],[85.1572529,27.9414616],[85.1572544,27.9414131],[85.1572637,27.9413565],[85.1572698,27.9413317],[85.1572695,27.9413201],[85.1572721,27.9412902],[85.1572771,27.9412635],[85.1572847,27.9412398],[85.1572948,27.9412188],[85.1573095,27.9411987],[85.1573142,27.9411942],[85.1573316,27.9411566],[85.1573564,27.9411135],[85.1573784,27.9408867],[85.1573807,27.9408234],[85.1573793,27.940767],[85.1573696,27.9406058],[85.157364,27.9405554],[85.1573566,27.9405105],[85.1573441,27.9404543],[85.1573285,27.9403975],[85.15731,27.9403406],[85.1572887,27.9402841],[85.1572734,27.9402507],[85.1572534,27.9402148],[85.1571803,27.9401036],[85.1571563,27.9400641],[85.1571368,27.9400259],[85.1571227,27.9399898],[85.1571001,27.9399068],[85.1570912,27.9398605],[85.1570852,27.9398117],[85.1570819,27.9397602],[85.1570814,27.9397054],[85.1570836,27.9396486],[85.1570883,27.9395864],[85.1571076,27.9394239],[85.1571205,27.9393516],[85.1571327,27.9392992],[85.15712,27.9392865],[85.15707,27.9392328],[85.1570264,27.9391828],[85.1569618,27.9391004],[85.1568244,27.9389105],[85.1567602,27.9388308],[85.1567076,27.9387753],[85.1565686,27.9386425],[85.1565324,27.9386027],[85.1565027,27.9385647],[85.1564843,27.938537],[85.1564658,27.9385053],[85.1563979,27.9383718],[85.1563653,27.9383157],[85.1563139,27.938242],[85.1562194,27.9381182],[85.1561645,27.9380484],[85.156101,27.9379726],[85.1558768,27.93772],[85.1557926,27.9376215],[85.1557117,27.937519],[85.1556441,27.9374228],[85.1555716,27.9373175],[85.1555435,27.9372738],[85.1555173,27.9372266],[85.1554982,27.9371824],[85.1554724,27.9370966],[85.1554613,27.9370688],[85.1554473,27.9370408],[85.1554302,27.9370124],[85.1554098,27.936983],[85.1553681,27.936931],[85.1552662,27.9368153],[85.1552416,27.9367831],[85.1552125,27.9367668],[85.1551831,27.9367425],[85.1551533,27.9367103],[85.1551162,27.9366625],[85.1550946,27.9366269],[85.155053,27.9365296],[85.1550414,27.9365073],[85.1550292,27.9364886],[85.155004,27.9364578],[85.1549727,27.9364262],[85.1549362,27.9363939],[85.1548747,27.9363437],[85.1548,27.9362866],[85.1547202,27.9362327],[85.1546914,27.9362159],[85.1546091,27.936223],[85.1544415,27.9362348],[85.1543467,27.9362378],[85.1543009,27.9362369],[85.1542582,27.9362342],[85.1542177,27.9362295],[85.1541793,27.936223],[85.1541165,27.9362085],[85.1540819,27.9362034],[85.1540433,27.9362008],[85.1538941,27.9362024],[85.1538316,27.9361989],[85.1537463,27.9361868],[85.1536577,27.9361699],[85.1535537,27.9361453],[85.15346,27.9361182],[85.1533742,27.9360879],[85.1532955,27.936054],[85.1532459,27.9360292],[85.1531941,27.9360009],[85.153148,27.935973],[85.1530984,27.9359399],[85.1529575,27.9358367],[85.1528814,27.9357764],[85.1527082,27.9356283],[85.1526623,27.9355922],[85.1526194,27.9355614],[85.1525547,27.9355191],[85.1524832,27.9354758],[85.1524032,27.9354304],[85.1523055,27.9353779],[85.1521951,27.9353208],[85.1521016,27.9352753],[85.1520151,27.9352367],[85.1519337,27.935204],[85.1518248,27.9351646],[85.1517454,27.9351413],[85.1516198,27.9351171],[85.1515664,27.9351021],[85.1515102,27.935083],[85.1514502,27.9350594],[85.1513832,27.9350302],[85.1513314,27.9350057],[85.151281,27.9349797],[85.1512322,27.9349524],[85.1511852,27.9349239],[85.151099,27.9348696],[85.1510474,27.9348336],[85.1510034,27.9347969],[85.1509678,27.9347598],[85.1509387,27.9347217],[85.1509099,27.9346777],[85.1509062,27.9346714],[85.1508975,27.9346701],[85.1507651,27.9346468],[85.1506214,27.9346179],[85.1504629,27.9345829],[85.1502561,27.9345343],[85.1500289,27.9344806],[85.1499042,27.9344494],[85.1497871,27.9344166],[85.1496827,27.9343834],[85.1496042,27.9343555],[85.1495247,27.9343252],[85.149444,27.9342924],[85.149362,27.9342571],[85.1491939,27.9341787],[85.1490186,27.9340891],[85.1488512,27.9340004],[85.1487529,27.9339447],[85.1486646,27.9338885],[85.1485885,27.9338325],[85.1485185,27.9337757],[85.1484754,27.9337345],[85.1484522,27.933707],[85.1484287,27.9336742],[85.1483546,27.9335534],[85.1482538,27.93339],[85.1481433,27.9331987],[85.1480063,27.9329632],[85.1479473,27.9328548],[85.1479191,27.9327976],[85.1478948,27.9327434],[85.1478741,27.9326911],[85.1478566,27.9326403],[85.1478429,27.9325912],[85.147831,27.932536],[85.1477953,27.9323032],[85.1477851,27.9322499],[85.1477736,27.9322027],[85.1477526,27.9321328],[85.1476906,27.9319461],[85.1476645,27.9318513],[85.1476399,27.9317443],[85.1475738,27.9313956],[85.147548,27.931273],[85.1475189,27.9311581],[85.1474869,27.9310557],[85.1474401,27.9309239],[85.1474039,27.9308369],[85.147372,27.9307775],[85.147291,27.9306481],[85.1472741,27.930617],[85.1472605,27.9305879],[85.1472287,27.9305033],[85.1472001,27.9304068],[85.1471729,27.9302935],[85.1471659,27.9302502],[85.1471624,27.9302106],[85.1471591,27.9301528],[85.1471592,27.9301203],[85.1471627,27.9300913],[85.14717,27.9300673],[85.1471799,27.9300497],[85.1471953,27.9300321],[85.1472556,27.9299823],[85.1472743,27.9299645],[85.147336,27.9299457],[85.1475777,27.9299622],[85.1476712,27.9299567],[85.1477975,27.9298853],[85.1479074,27.9298193],[85.1479569,27.9297039],[85.1480008,27.9294787],[85.1479868,27.9292961],[85.1479624,27.9289787],[85.1479983,27.9288611],[85.1479894,27.9288386],[85.1479834,27.928815],[85.1479809,27.9287856],[85.1479834,27.9287474],[85.1479875,27.9287228],[85.1479946,27.9286977],[85.1480049,27.928672],[85.1480181,27.9286456],[85.1480344,27.9286187],[85.148054,27.9285908],[85.1481041,27.92853],[85.1481284,27.9285039],[85.1481476,27.9284866],[85.148167,27.9284726],[85.1481891,27.9284598],[85.1482133,27.9284483],[85.1482393,27.9284383],[85.1482617,27.9284326],[85.1482875,27.9284298],[85.1483842,27.9284316],[85.1484228,27.9284286],[85.1484405,27.9284252],[85.1485206,27.9283412],[85.1485532,27.9283044],[85.1485831,27.9282645],[85.1486055,27.9282261],[85.1486221,27.9281878],[85.1486509,27.9281067],[85.1486645,27.9280728],[85.1486978,27.9280072],[85.1487413,27.927938],[85.1487899,27.9278709],[85.1489259,27.9276946],[85.1489636,27.92764],[85.1489946,27.9275894],[85.1490668,27.9274578],[85.1491268,27.9273382],[85.1491771,27.9272255],[85.1492186,27.9271178],[85.1492577,27.9269975],[85.1492906,27.9268759],[85.149317,27.9267546],[85.1493365,27.9266344],[85.1493485,27.926519],[85.1493544,27.9263944],[85.1493543,27.9262586],[85.1493483,27.9261039],[85.149347,27.926081],[85.149309,27.9260373],[85.1492742,27.9260004],[85.1492405,27.9259681],[85.1492073,27.9259398],[85.1491598,27.9259046],[85.1491043,27.9258684],[85.1489227,27.9257641],[85.1488634,27.9257281],[85.1488132,27.9256942],[85.1487696,27.9256606],[85.1487164,27.9256148],[85.1486639,27.9255663],[85.1486126,27.9255154],[85.1485624,27.9254623],[85.1485136,27.9254069],[85.1484663,27.9253497],[85.1484208,27.9252908],[85.1483773,27.9252305],[85.1483268,27.9251554],[85.1482811,27.9250813],[85.1482401,27.9250082],[85.1482037,27.9249362],[85.1481691,27.924862],[85.1481456,27.9248072],[85.1481271,27.9247569],[85.1481132,27.9247101],[85.1481056,27.9247023],[85.1480772,27.9246683],[85.1480507,27.9246296],[85.1480271,27.9245874],[85.1480075,27.9245438],[85.1479981,27.924512],[85.1479931,27.9244754],[85.1479923,27.9244325],[85.1479967,27.9243406],[85.1479969,27.9243014],[85.1479933,27.9242613],[85.1479849,27.9242269],[85.1479668,27.9241819],[85.147942,27.924134],[85.14791,27.9240822],[85.1478642,27.9240156],[85.1478243,27.9239661],[85.1477139,27.9238523],[85.1476888,27.9238237],[85.147668,27.9237968],[85.1476221,27.923731],[85.147588,27.9236768],[85.1475607,27.9236262],[85.1475397,27.923578],[85.1475227,27.9235286],[85.1475095,27.9234799],[85.1475049,27.9234535],[85.1475026,27.9234236],[85.1475022,27.9232969],[85.1474993,27.92327],[85.1474944,27.923246],[85.1474746,27.923184],[85.1474485,27.9231241],[85.1474171,27.9230688],[85.1473812,27.9230196],[85.1473434,27.9229778],[85.1473058,27.9229441],[85.1472818,27.9229269],[85.1472544,27.9229103],[85.147223,27.9228938],[85.147185,27.9228762],[85.1471446,27.9228616],[85.1470979,27.9228507],[85.1470501,27.9228437],[85.1469227,27.92283],[85.1468856,27.9228237],[85.146853,27.9228159],[85.1467496,27.9227882],[85.1467196,27.9227765],[85.1466946,27.922763],[85.146671,27.9227458],[85.1466468,27.9227237],[85.1466216,27.9226966],[85.1465889,27.9226574],[85.1465387,27.9225929],[85.1465046,27.9225405],[85.1464916,27.9225157],[85.1464812,27.9224918],[85.1464734,27.9224687],[85.1464682,27.9224461],[85.1464648,27.9224114],[85.1464661,27.9223717],[85.1464717,27.9223268],[85.1464833,27.922265],[85.1464904,27.9222379],[85.1465013,27.9222082],[85.146545,27.9221154],[85.1465586,27.9220829],[85.1465684,27.9220522],[85.1465738,27.9220236],[85.1465796,27.9219751],[85.1465812,27.9219452],[85.1465794,27.9219184],[85.1465738,27.9218953],[85.1465664,27.9218779],[85.1465512,27.92185],[85.1465286,27.921811],[85.1465034,27.9217729],[85.1464757,27.9217359],[85.1464458,27.9217003],[85.146414,27.9216665],[85.1463805,27.9216347],[85.1463457,27.9216053],[85.1463098,27.9215784],[85.1462645,27.9215493],[85.1462124,27.9215209],[85.145818,27.9214676],[85.1457144,27.9214489],[85.1456231,27.9214275],[85.1455086,27.9213936],[85.1453835,27.9213501],[85.1452517,27.9212993],[85.1450226,27.921206],[85.1450027,27.9212119],[85.1449812,27.9212159],[85.1449582,27.9212179],[85.1449331,27.9212181],[85.1448773,27.9212131],[85.1447563,27.921193],[85.1447041,27.9211868],[85.1446762,27.9211856],[85.1446505,27.9211863],[85.1446267,27.9211889],[85.1446044,27.9211935],[85.1445806,27.9212011],[85.1445225,27.9212234],[85.1444912,27.9212313],[85.144448,27.9212343],[85.1443781,27.9212313],[85.1443199,27.9212262],[85.1442599,27.9212162],[85.1441973,27.9212012],[85.1441311,27.9211808],[85.1440716,27.9211594],[85.1440058,27.9211329],[85.1437291,27.9210124],[85.1436645,27.9209838],[85.1434917,27.9208997],[85.1434384,27.9208778],[85.1433896,27.9208615],[85.1433453,27.9208508],[85.1432956,27.9208429],[85.1432396,27.9208373],[85.1430725,27.9208254],[85.1430204,27.9208183],[85.1429746,27.9208087],[85.1428402,27.920773],[85.1427897,27.9207574],[85.1427447,27.9207414],[85.1427023,27.9207241],[85.1426639,27.9207057],[85.1426289,27.9206862],[85.1425973,27.9206653],[85.1425505,27.9206304],[85.1425072,27.9205948],[85.1424676,27.9205591],[85.1424321,27.9205234],[85.1424009,27.9204879],[85.1423738,27.9204526],[85.1423511,27.9204177],[85.1423328,27.9203832],[85.1422812,27.9203557],[85.1421719,27.920294],[85.1420718,27.9202335],[85.1419795,27.9201735],[85.1418687,27.9200986],[85.1418036,27.920052],[85.1417457,27.920006],[85.1416965,27.9199612],[85.1416683,27.9199313],[85.1416391,27.919896],[85.1415329,27.9197495],[85.1414843,27.9196901],[85.1414575,27.9196622],[85.1414277,27.9196542],[85.1413838,27.9196404],[85.141339,27.9196236],[85.1412928,27.919604],[85.141245,27.9195812],[85.1411439,27.9195263],[85.1410202,27.9194505],[85.1409817,27.9194241],[85.1409405,27.9193918],[85.140812,27.919279],[85.140765,27.9192401],[85.140718,27.9192059],[85.1406731,27.9191788],[85.1406014,27.9191421],[85.1405449,27.9191185],[85.1405114,27.9191078],[85.1404741,27.9190984],[85.1403789,27.9190808],[85.1403381,27.9190761],[85.1402922,27.9190745],[85.1401477,27.9190797],[85.1401006,27.91908],[85.1400605,27.9190779],[85.1400242,27.9190732],[85.1399423,27.9190581],[85.1398814,27.9190434],[85.1398285,27.9190259],[85.1397827,27.9190053],[85.1397085,27.9189658],[85.1396863,27.9189503],[85.1396692,27.9189346],[85.1396533,27.9189354],[85.1396435,27.9189429],[85.1396302,27.9189496],[85.1395661,27.9189707],[85.1395413,27.9189827],[85.1395121,27.9190055],[85.1394532,27.9190616],[85.1394281,27.9190808],[85.1393834,27.9191068],[85.1393828,27.9191109],[85.1393718,27.9191575],[85.1393524,27.9192058],[85.1393254,27.9192541],[85.1392923,27.9192996],[85.1392736,27.9193183],[85.1392492,27.9193361],[85.1392237,27.9193508],[85.139162,27.9193828],[85.1391344,27.9193997],[85.1391128,27.919417],[85.1390961,27.9194354],[85.1390833,27.9194557],[85.1390572,27.9195103],[85.1390433,27.9195335],[85.1390257,27.9195554],[85.1390053,27.9195767],[85.1389824,27.9195971],[85.1389569,27.9196167],[85.1389288,27.9196354],[85.1388985,27.919653],[85.1388661,27.9196694],[85.138832,27.9196844],[85.138788,27.9197],[85.1387339,27.9197146],[85.1387004,27.9197213],[85.138665,27.9197259],[85.1386273,27.9197282],[85.1385867,27.9197285],[85.1385126,27.9197246],[85.1383189,27.919707],[85.138245,27.9196996],[85.1381627,27.9196849],[85.1380788,27.9196653],[85.137854,27.919607],[85.1377869,27.9195926],[85.137727,27.9195828],[85.1376589,27.9195763],[85.137596,27.9195759],[85.137537,27.9195818],[85.1374813,27.9195939],[85.1374019,27.9196182],[85.1373365,27.9196429],[85.1372802,27.9196699],[85.1372323,27.9196995],[85.1372113,27.9197165],[85.1371899,27.9197382],[85.137128,27.9198143],[85.1371066,27.9198385],[85.1370864,27.9198578],[85.1370663,27.9198731],[85.13704,27.9198893],[85.1370111,27.9199048],[85.1369456,27.9199334],[85.1369005,27.9199482],[85.1368499,27.9199603],[85.1367927,27.9199699],[85.1367192,27.9199787],[85.1365836,27.9199954],[85.1365449,27.9199982],[85.1365109,27.9199986],[85.1364768,27.9199963],[85.1364464,27.919991],[85.1364191,27.9199826],[85.1363947,27.9199711],[85.1363507,27.9199422],[85.1363127,27.9199094],[85.1362972,27.9198926],[85.1362843,27.9198759],[85.136274,27.9198592],[85.1362665,27.9198429],[85.1362598,27.9198169],[85.1362576,27.9197856],[85.1362593,27.9197515],[85.1362665,27.9196844],[85.1362734,27.9196276],[85.1362841,27.9195705],[85.1362985,27.919514],[85.1363162,27.9194588],[85.1363373,27.9194054],[85.1363613,27.9193545],[85.1363881,27.9193065],[85.1364174,27.9192619],[85.1364424,27.9192315],[85.1365055,27.9191662],[85.1365306,27.9191336],[85.1365605,27.919081],[85.1365834,27.9190279],[85.13659,27.919006],[85.1365949,27.9189811],[85.1366049,27.9188763],[85.1366136,27.9188317],[85.1366271,27.9187962],[85.1366689,27.9187115],[85.1366771,27.9186877],[85.1366815,27.9186657],[85.1366832,27.91864],[85.1366825,27.9186116],[85.1366739,27.918545],[85.1366688,27.9185233],[85.1366614,27.9185012],[85.1366391,27.9184552],[85.1366115,27.9184122],[85.1365345,27.9183047],[85.1365151,27.9182728],[85.1365004,27.9182432],[85.1364849,27.9182044],[85.1364706,27.9181607],[85.136418,27.917956],[85.1364031,27.9179079],[85.1363872,27.9178659],[85.1363443,27.9177633],[85.1363151,27.9177014],[85.1362841,27.9176472],[85.1362514,27.9176018],[85.1362057,27.9175516],[85.1361533,27.9175037],[85.1361167,27.917476],[85.1360734,27.9174486],[85.1360266,27.9174228],[85.1359345,27.9173754],[85.135886,27.9173523],[85.13583,27.9173299],[85.1356397,27.9172663],[85.1355712,27.9172408],[85.1355065,27.9172114],[85.1354515,27.9171792],[85.1353971,27.917141],[85.1353443,27.9170999],[85.1352937,27.9170563],[85.1352458,27.9170108],[85.1352011,27.9169638],[85.13516,27.9169156],[85.1351226,27.9168666],[85.1350893,27.9168171],[85.1350391,27.9167324],[85.1350009,27.9166568],[85.1349724,27.9165861],[85.1349534,27.9165193],[85.1349526,27.9165185],[85.1348685,27.9164287],[85.1348171,27.9163673],[85.1346156,27.9162698],[85.13455,27.9162363],[85.1344783,27.9161948],[85.1344178,27.916153],[85.1343505,27.9160974],[85.1342847,27.9160339],[85.1342199,27.9159619],[85.1341551,27.9158804],[85.1340936,27.9157947],[85.1340288,27.9156962],[85.1339639,27.9155912],[85.1338443,27.9153909],[85.1337655,27.9152567],[85.1337085,27.9151495],[85.1336527,27.9150307],[85.133603,27.914911],[85.1335599,27.9147913],[85.1335235,27.9146721],[85.1335342,27.914655],[85.1334841,27.9145828],[85.1334951,27.9144729],[85.1335116,27.9143191],[85.1337094,27.9139564],[85.1339127,27.9137971],[85.1340995,27.9136597],[85.1342589,27.9135169],[85.1344786,27.9133356],[85.1350761,27.9127915],[85.1352049,27.9126027],[85.1352539,27.9124985],[85.13528,27.9124385],[85.1353028,27.9123744],[85.1353174,27.9123156],[85.1353246,27.9122615],[85.1353341,27.9121339],[85.1353442,27.9120742],[85.1353544,27.9120378],[85.1353674,27.9120005],[85.1353834,27.9119618],[85.1354026,27.9119212],[85.1354474,27.911839],[85.135532,27.9116986],[85.1355845,27.9116134],[85.135638,27.911532],[85.1356404,27.9115038],[85.1356499,27.9114413],[85.1356663,27.9113725],[85.1356871,27.9113035],[85.1357348,27.9111604],[85.1358018,27.9109452],[85.1358427,27.9108304],[85.1358656,27.9107756],[85.1358893,27.9107255],[85.1359144,27.9106794],[85.1359409,27.9106367],[85.1359737,27.9105915],[85.1360611,27.9104821],[85.1361275,27.9103903],[85.1361914,27.9102971],[85.1362527,27.9102026],[85.1363113,27.9101072],[85.1363669,27.9100108],[85.1364197,27.9099138],[85.1364694,27.9098161],[85.1365161,27.9097181],[85.1365589,27.9096177],[85.1366365,27.9094156],[85.1366706,27.9093317],[85.1366973,27.9092733],[85.1367297,27.9092097],[85.1368613,27.9089751],[85.1369125,27.9088762],[85.1369373,27.9088216],[85.136958,27.9087697],[85.1369749,27.9087196],[85.1369883,27.9086706],[85.1370035,27.9086021],[85.1370141,27.9085419],[85.1370383,27.9083878],[85.137043,27.9083407],[85.1370446,27.908299],[85.1370427,27.9082578],[85.1370371,27.9082204],[85.1370275,27.9081864],[85.1370141,27.9081555],[85.1369887,27.9081144],[85.136954,27.9080697],[85.1369389,27.9080548],[85.136919,27.9080403],[85.1368408,27.907997],[85.1368139,27.9079789],[85.1368019,27.907968],[85.1367927,27.9079567],[85.1367862,27.9079449],[85.1367823,27.9079323],[85.1367775,27.9078921],[85.1367787,27.9078764],[85.1367823,27.9078636],[85.1367893,27.9078519],[85.1368008,27.9078402],[85.136816,27.9078288],[85.1368423,27.9078121],[85.136859,27.9078034],[85.1368789,27.9077963],[85.1369573,27.9077793],[85.1369883,27.9077692],[85.1370117,27.9077572],[85.1370365,27.907741],[85.1371344,27.9076642],[85.1371562,27.9076507],[85.1371772,27.9076404],[85.1372003,27.9076328],[85.1372601,27.9076187],[85.1372757,27.907613],[85.1372888,27.9076061],[85.1373152,27.9075843],[85.1373575,27.9075374],[85.1374239,27.9074617],[85.1374865,27.9073801],[85.1375448,27.9072934],[85.1375979,27.9072026],[85.1376435,27.9071136],[85.1376814,27.9070287],[85.1377119,27.9069469],[85.1377352,27.9068677],[85.137761,27.906739],[85.1377792,27.9066746],[85.1378049,27.9066057],[85.1378394,27.9065283],[85.1379185,27.906368],[85.1379507,27.9062983],[85.1379804,27.9062236],[85.1380014,27.9061552],[85.1380114,27.9061099],[85.1380191,27.906062],[85.1380244,27.906011],[85.1380276,27.9059559],[85.1380282,27.9058512],[85.1380209,27.9055867],[85.1380224,27.9055125],[85.138027,27.9054464],[85.1380003,27.9053803],[85.1379918,27.905352],[85.137985,27.9053217],[85.1379762,27.9052538],[85.1379731,27.9051875],[85.1379718,27.9050308],[85.1379664,27.9049556],[85.137961,27.9049206],[85.1379538,27.9048883],[85.1379445,27.9048583],[85.1379332,27.9048303],[85.1379168,27.9047994],[85.137895,27.9047663],[85.1378165,27.9046669],[85.1377919,27.9046334],[85.1377733,27.9046038],[85.1377588,27.9045755],[85.1377433,27.9045382],[85.1377292,27.9044988],[85.1377052,27.9044145],[85.1376965,27.904372],[85.1376904,27.9043272],[85.1376868,27.9042797],[85.1376856,27.9042289],[85.13769,27.904119],[85.1377052,27.9039584],[85.1377179,27.9038722],[85.1377582,27.9036812],[85.1377722,27.9035962],[85.1377867,27.9034703],[85.1377966,27.903359],[85.1378025,27.9032562],[85.1378044,27.90316],[85.1378024,27.9030682],[85.1377964,27.9029809],[85.1377864,27.9028977],[85.1377722,27.9028182],[85.1377536,27.9027301],[85.1377393,27.9026726],[85.1377232,27.9026214],[85.1377052,27.9025767],[85.1376821,27.9025312],[85.1376543,27.9024847],[85.1376218,27.9024373],[85.1375844,27.9023889],[85.1375633,27.9023649],[85.1375382,27.90234],[85.1374278,27.9022451],[85.1373832,27.9022011],[85.1373374,27.9021475],[85.1372934,27.902091],[85.1372515,27.9020318],[85.1372121,27.9019704],[85.1371754,27.9019072],[85.1371415,27.9018426],[85.1371108,27.9017769],[85.1370833,27.9017105],[85.1369706,27.901689],[85.1369102,27.9016729],[85.1368825,27.9016625],[85.1368579,27.9016507],[85.136836,27.9016373],[85.1368166,27.9016221],[85.1367795,27.9015882],[85.1367565,27.901562],[85.1367389,27.9015336],[85.1367242,27.9014987],[85.1367123,27.9014587],[85.1366964,27.9013903],[85.1366899,27.9013505],[85.1366881,27.901305],[85.13669,27.9012612],[85.1366982,27.9011588],[85.1366992,27.9011102],[85.1366958,27.9010676],[85.1366878,27.9010297],[85.136672,27.9009834],[85.1366449,27.9009181],[85.1366205,27.9008678],[85.1365893,27.9008151],[85.1365486,27.9007557],[85.1364563,27.9006326],[85.1364179,27.9005782],[85.136381,27.9005188],[85.136353,27.9004631],[85.1363302,27.9004043],[85.1362872,27.9002733],[85.1362671,27.9002227],[85.1362515,27.9001909],[85.1362316,27.9001565],[85.1361582,27.9000459],[85.1361326,27.9000044],[85.1361109,27.8999621],[85.1360954,27.8999222],[85.1360826,27.8998768],[85.1360697,27.8998192],[85.1360533,27.8997326],[85.1360418,27.8996537],[85.136035,27.8995802],[85.1360327,27.8995117],[85.136035,27.8994472],[85.1360419,27.8993869],[85.1360535,27.8993306],[85.1360697,27.8992783],[85.1360794,27.8992553],[85.1360921,27.8992307],[85.1361632,27.8991178],[85.1361784,27.8990897],[85.1361899,27.8990637],[85.1362079,27.8990122],[85.1362227,27.8989601],[85.1362339,27.8989083],[85.1362414,27.8988577],[85.1362447,27.8988176],[85.1362458,27.8987764],[85.1362446,27.8987342],[85.1362413,27.8986914],[85.1362358,27.8986485],[85.1362282,27.8986057],[85.1362186,27.8985637],[85.136207,27.8985228],[85.1361904,27.8984804],[85.136166,27.898436],[85.1361338,27.8983886],[85.1360606,27.8982928],[85.1360308,27.8982508],[85.1360034,27.8982051],[85.1359838,27.8981622],[85.1359737,27.8981301],[85.1359658,27.8980929],[85.13595,27.8979669],[85.1359423,27.8979221],[85.1359307,27.8978802],[85.1359151,27.8978446],[85.1358993,27.8978202],[85.1358547,27.8977642],[85.1358448,27.8977482],[85.1358379,27.897733],[85.135831,27.8977068],[85.1358207,27.8976385],[85.1358095,27.8976016],[85.1357925,27.8975617],[85.1357266,27.8974405],[85.1357067,27.8974],[85.1356925,27.8973636],[85.1356833,27.8973295],[85.1356791,27.8973001],[85.1356774,27.8972665],[85.1356808,27.8971257],[85.1356788,27.8970972],[85.1356747,27.8970719],[85.1356664,27.8970418],[85.1356543,27.8970117],[85.1356382,27.8969813],[85.135618,27.8969502],[85.1355955,27.8969206],[85.1355683,27.8968887],[85.1354537,27.896768],[85.1354079,27.8967149],[85.1353856,27.8966851],[85.1353671,27.8966563],[85.1353519,27.8966279],[85.1353399,27.8965997],[85.1353181,27.8965387],[85.1353038,27.896492],[85.1352939,27.8964497],[85.1352884,27.8964108],[85.1352866,27.8963665],[85.1352888,27.8963188],[85.1352952,27.8962678],[85.1353056,27.8962134],[85.1353149,27.8961774],[85.1353272,27.8961406],[85.1353424,27.8961029],[85.1353607,27.8960639],[85.1353819,27.8960239],[85.1354064,27.895982],[85.1354687,27.8958871],[85.1355265,27.8958085],[85.1355309,27.895761],[85.1355329,27.8957145],[85.1355325,27.8956692],[85.1355296,27.8956252],[85.1355244,27.8955829],[85.1355168,27.8955423],[85.1355068,27.8955034],[85.1354945,27.8954665],[85.1354777,27.8954254],[85.1354601,27.8953892],[85.1354483,27.8953701],[85.1354335,27.8953518],[85.1354157,27.8953341],[85.1353945,27.8953166],[85.1353512,27.8952875],[85.1352443,27.8952246],[85.1352191,27.8952073],[85.135198,27.8951906],[85.1351792,27.8951726],[85.1351638,27.8951541],[85.1351516,27.8951348],[85.1351425,27.8951145],[85.1351333,27.895086],[85.1351253,27.8950544],[85.1351195,27.8950149],[85.1351189,27.8949734],[85.1351238,27.8949295],[85.1351339,27.8948823],[85.1351472,27.8948386],[85.1351651,27.8947898],[85.1352455,27.8945993],[85.135269,27.8945475],[85.1353014,27.8944917],[85.1353372,27.8944386],[85.1354321,27.8943071],[85.135457,27.8942692],[85.1354773,27.8942346],[85.135497,27.8941953],[85.135512,27.8941575],[85.1355226,27.8941206],[85.1355288,27.8940842],[85.1355323,27.8940423],[85.1355334,27.8939991],[85.1355323,27.8939555],[85.1355288,27.8939125],[85.1355237,27.8938805],[85.1355149,27.8938456],[85.135467,27.8937072],[85.1354578,27.8936753],[85.1354515,27.8936464],[85.1354363,27.893557],[85.135427,27.8934901],[85.1354213,27.8934298],[85.1354195,27.8933751],[85.1354215,27.8933234],[85.1354274,27.8932758],[85.1354374,27.8932318],[85.1354515,27.8931914],[85.1354771,27.8931379],[85.1355084,27.8930863],[85.1355079,27.8930429],[85.1355094,27.8930032],[85.1355129,27.8929663],[85.1355186,27.8929317],[85.1355364,27.8928593],[85.1355588,27.8927975],[85.1355867,27.8927435],[85.1356231,27.8926894],[85.1356677,27.8926355],[85.1357198,27.8925829],[85.1357531,27.8925567],[85.1357786,27.8925401],[85.1357767,27.8925155],[85.1357725,27.8924937],[85.1357648,27.8924699],[85.1357397,27.8924118],[85.1357306,27.8923848],[85.135718,27.8923288],[85.1357094,27.8922744],[85.1357002,27.8922625],[85.1356886,27.8922433],[85.135645,27.892154],[85.1356315,27.8921345],[85.1356168,27.8921189],[85.1355884,27.8920949],[85.1355668,27.8920825],[85.1355422,27.8920755],[85.1355167,27.8920734],[85.1355062,27.8920752],[85.1354946,27.8920803],[85.1354464,27.8921118],[85.1354354,27.8921151],[85.1354256,27.8921144],[85.1354157,27.89211],[85.1354047,27.8921025],[85.1353801,27.8920779],[85.1353704,27.8920633],[85.1353633,27.8920446],[85.1353508,27.8919752],[85.1353437,27.8919505],[85.1352936,27.8918503],[85.1352806,27.891812],[85.135271,27.8917709],[85.1352647,27.8917265],[85.1352616,27.8916783],[85.1352615,27.8916301],[85.135264,27.8915759],[85.13528,27.8913996],[85.1352826,27.8913016],[85.1352856,27.8912661],[85.1352937,27.8912295],[85.1353073,27.8911993],[85.13533,27.8911675],[85.1353383,27.8911502],[85.1353448,27.8911298],[85.1353574,27.8910628],[85.1353612,27.8910347],[85.135366,27.8909696],[85.135371,27.8909399],[85.1353764,27.890922],[85.1353846,27.8909026],[85.1354276,27.8908206],[85.1354351,27.8907999],[85.1354393,27.8907805],[85.1354428,27.8907329],[85.1354393,27.890694],[85.1354314,27.8906682],[85.1354179,27.8906408],[85.1353988,27.8906115],[85.135371,27.8905757],[85.1353462,27.8905512],[85.135284,27.8905034],[85.1352618,27.8904801],[85.1352355,27.8904413],[85.1352162,27.8904027],[85.1352069,27.8903683],[85.1351993,27.8902958],[85.1351935,27.8902661],[85.1351804,27.8902241],[85.1351665,27.8901871],[85.1351511,27.8901542],[85.1351343,27.890125],[85.1351056,27.8900866],[85.1350615,27.8900385],[85.1350305,27.8900108],[85.1349527,27.8899524],[85.1349349,27.8899361],[85.1349203,27.8899202],[85.1348819,27.8898669],[85.1348656,27.8898395],[85.1348516,27.889812],[85.13484,27.8897848],[85.1348309,27.889758],[85.1348243,27.8897318],[85.1348202,27.8897062],[85.1348184,27.8896707],[85.1348202,27.8896243],[85.1348241,27.8895707],[85.1348291,27.8895337],[85.1348368,27.8895015],[85.1348475,27.889474],[85.1348691,27.889438],[85.1349021,27.8893966],[85.1349146,27.8893842],[85.1349305,27.8893719],[85.1350027,27.8893258],[85.1350105,27.8893192],[85.1350116,27.8892919],[85.1349361,27.8892398],[85.1347245,27.8891065],[85.1346762,27.8890733],[85.1346335,27.8890416],[85.1345813,27.8889986],[85.1345396,27.8889822],[85.1345015,27.8889642],[85.1344583,27.8889407],[85.1344214,27.8889183],[85.1343889,27.8888959],[85.1343604,27.8888731],[85.134343,27.8888557],[85.1343253,27.8888331],[85.134324,27.8888322],[85.1342878,27.8888036],[85.1342501,27.8887705],[85.1341606,27.8886824],[85.1341419,27.8886774],[85.1341008,27.8886703],[85.1340862,27.8886704],[85.1340736,27.8886728],[85.1340463,27.8886865],[85.1340067,27.8886999],[85.1339674,27.888707],[85.1339331,27.8887071],[85.1339182,27.8887045],[85.1339052,27.8887001],[85.1338935,27.888694],[85.1338817,27.8886855],[85.1338582,27.8886618],[85.1338362,27.8886303],[85.1338187,27.8885954],[85.1338144,27.8885802],[85.1338129,27.8885618],[85.1338174,27.8884999],[85.1338175,27.8884801],[85.133815,27.8884634],[85.1338096,27.8884498],[85.133796,27.8884319],[85.1337758,27.8884147],[85.1337523,27.8883996],[85.1336958,27.8883678],[85.1336279,27.888327],[85.1336041,27.888316],[85.133582,27.8883086],[85.1335688,27.8883065],[85.133535,27.8883042],[85.1335182,27.8882995],[85.1334909,27.8882813],[85.1334711,27.8882657],[85.1334505,27.8882465],[85.1333874,27.8881779],[85.1333635,27.8881539],[85.1333154,27.8881122],[85.1332596,27.8880695],[85.1331975,27.8880262],[85.1330153,27.8879049],[85.1329602,27.8878646],[85.1329128,27.8878261],[85.1328654,27.8877828],[85.1327564,27.8876757],[85.1326988,27.8876258],[85.1326694,27.887605],[85.1325857,27.8875528],[85.1325626,27.8875348],[85.132544,27.8875165],[85.1325184,27.8874832],[85.1324849,27.8874301],[85.1324635,27.8873892],[85.1324208,27.8872889],[85.1324076,27.8872644],[85.1323938,27.8872434],[85.1323709,27.8872144],[85.1323437,27.8871842],[85.1323198,27.8871606],[85.1322935,27.8871378],[85.1322646,27.8871156],[85.1322329,27.8870938],[85.1321609,27.8870515],[85.1320706,27.8870067],[85.1320341,27.8869917],[85.1319507,27.8869625],[85.1319158,27.8869475],[85.1318715,27.8869228],[85.1317611,27.8868519],[85.1317145,27.8868268],[85.1316618,27.8868011],[85.1314553,27.886711],[85.1313696,27.8866698],[85.1312275,27.8866018],[85.1311751,27.8865745],[85.1311218,27.886541],[85.1310782,27.8865059],[85.1310391,27.8864707],[85.1310193,27.8864507],[85.131003,27.8864303],[85.1309917,27.8864103],[85.1309857,27.8863924],[85.1309807,27.8863651],[85.1309028,27.886351],[85.1308369,27.8863329],[85.1307927,27.8863171],[85.1307496,27.8862996],[85.1307082,27.8862806],[85.1306685,27.8862601],[85.1305951,27.8862165],[85.1305643,27.8861952],[85.1305365,27.8861736],[85.1304864,27.8861281],[85.1304723,27.886112],[85.1304582,27.8860924],[85.1304058,27.8860074],[85.1303817,27.8859779],[85.13035,27.8859507],[85.1303101,27.8859256],[85.1302687,27.8859049],[85.1301619,27.8858574],[85.1301332,27.8858425],[85.1301086,27.8858276],[85.1300782,27.8858062],[85.1300044,27.8857496],[85.1299629,27.8857229],[85.1299333,27.8857092],[85.1298984,27.8856978],[85.1298638,27.8856895],[85.1297808,27.8856729],[85.129741,27.8856623],[85.1297057,27.8856487],[85.1296761,27.8856319],[85.1296397,27.8856046],[85.129624,27.8855966],[85.1296059,27.8855896],[85.1295577,27.8855773],[85.129541,27.885575],[85.1295217,27.885575],[85.1294584,27.8855821],[85.1294364,27.8855833],[85.1294161,27.8855819],[85.1293984,27.8855773],[85.1293694,27.8855634],[85.1293347,27.8855409],[85.1293074,27.8855206],[85.1292868,27.885503],[85.1292702,27.8854856],[85.1292573,27.885468],[85.1292391,27.8854316],[85.1292347,27.8854177],[85.1292321,27.8854013],[85.1292286,27.8853308],[85.1292256,27.8853164],[85.1292209,27.8853041],[85.1292112,27.8852891],[85.1291971,27.8852745],[85.12918,27.885261],[85.1291278,27.8852246],[85.1291135,27.885212],[85.1291025,27.8851994],[85.1290853,27.8851745],[85.1290706,27.8851494],[85.1290617,27.8851288],[85.1290548,27.8851048],[85.1290398,27.88501],[85.1290297,27.8849718],[85.1290144,27.8849346],[85.1289951,27.8848951],[85.1289712,27.8848523],[85.1289386,27.8847988],[85.12889,27.8847229],[85.1288709,27.8846975],[85.1288521,27.8846759],[85.1288273,27.8846516],[85.1287975,27.8846258],[85.1287653,27.884603],[85.1286857,27.8845577],[85.1286518,27.8845348],[85.1286046,27.8845008],[85.1285851,27.884485],[85.128568,27.8844669],[85.1285562,27.8844483],[85.1285471,27.8844255],[85.12854,27.8844129],[85.1285309,27.8844011],[85.1285062,27.8843791],[85.1284786,27.8843618],[85.1284112,27.8843259],[85.1283833,27.8843072],[85.1283389,27.8842691],[85.1282375,27.8841732],[85.1282094,27.8841495],[85.128183,27.8841296],[85.1281559,27.8841123],[85.1280924,27.8840755],[85.1280646,27.8840568],[85.1280413,27.8840377],[85.1280171,27.8840145],[85.1279307,27.8839175],[85.1278916,27.8838793],[85.1278503,27.8838473],[85.1277471,27.8837778],[85.1277218,27.8837579],[85.1277004,27.8837381],[85.1276367,27.8836653],[85.1276064,27.8836374],[85.1275287,27.8835766],[85.1274956,27.8835469],[85.1274675,27.8835168],[85.1274,27.8834377],[85.1273644,27.8834004],[85.1273239,27.8833612],[85.1271201,27.8831799],[85.1270723,27.8831343],[85.1270312,27.8830917],[85.1269376,27.8829871],[85.1268719,27.8829051],[85.126821,27.8828341],[85.1267854,27.8827776],[85.1267711,27.8827483],[85.1267587,27.8827135],[85.1267302,27.8825997],[85.1267199,27.8825641],[85.1266875,27.8825186],[85.1266779,27.8824998],[85.1266716,27.8824817],[85.1266702,27.8824757],[85.1266215,27.8824316],[85.1265742,27.8823838],[85.1265486,27.8823534],[85.1265306,27.8823236],[85.1265214,27.8822951],[85.1265189,27.882279],[85.1265168,27.8822769],[85.1264802,27.8822346],[85.1264001,27.8821307],[85.126362,27.8820857],[85.1263161,27.882041],[85.126197,27.8819393],[85.1261675,27.8819096],[85.1261435,27.8818808],[85.1261161,27.8818386],[85.126091,27.881788],[85.12607,27.8817352],[85.1260193,27.8815927],[85.126002,27.8815519],[85.1259842,27.8815166],[85.1259661,27.8814864],[85.1259164,27.8814102],[85.1258931,27.8813664],[85.1258829,27.8813402],[85.1258737,27.8813101],[85.1258494,27.8812054],[85.1258385,27.8811661],[85.1258135,27.8811002],[85.1257424,27.8809419],[85.1257265,27.8808975],[85.1257156,27.8808565],[85.1257065,27.8807953],[85.1256986,27.8806714],[85.1256928,27.8806198],[85.1256805,27.8805595],[85.1256566,27.8804729],[85.1256306,27.8804379],[85.1256095,27.8804052],[85.1255924,27.8803734],[85.125579,27.8803421],[85.1255642,27.8802954],[85.1255517,27.880242],[85.1255455,27.8801941],[85.1255416,27.8800991],[85.1255381,27.8800599],[85.1255268,27.8799872],[85.1255123,27.8799156],[85.1254948,27.8798456],[85.1254743,27.8797776],[85.1254543,27.8797204],[85.1254315,27.8796632],[85.1254063,27.8796063],[85.1253787,27.87955],[85.1253607,27.8795177],[85.1253158,27.8794447],[85.1252968,27.8794089],[85.125277,27.8793627],[85.1252586,27.8793104],[85.1252412,27.8792514],[85.1252194,27.8791676],[85.1252067,27.8791097],[85.1251849,27.8789849],[85.1251739,27.8789309],[85.1251594,27.878877],[85.1251173,27.8787416],[85.1251076,27.8787024],[85.125101,27.8786669],[85.1250976,27.878631],[85.1250973,27.8785905],[85.1251065,27.8784603],[85.1251081,27.8784158],[85.1251063,27.8783754],[85.125101,27.8783391],[85.1250898,27.8782897],[85.1250783,27.8782526],[85.1250617,27.8782105],[85.1250464,27.8781843],[85.1250339,27.8781701],[85.12501,27.8781479],[85.1249757,27.8781198],[85.1249344,27.8780936],[85.1248854,27.8780686],[85.1247801,27.878022],[85.1247358,27.8780006],[85.1246915,27.8779748],[85.1246549,27.8779476],[85.124618,27.8779155],[85.1245896,27.8778883],[85.1245525,27.8778629],[85.1245184,27.8778369],[85.1244714,27.8777971],[85.1244273,27.8777554],[85.1243865,27.8777122],[85.1243494,27.8776679],[85.1243184,27.8776259],[85.1242824,27.8775718],[85.1242236,27.8774772],[85.1241819,27.8774009],[85.1241501,27.87733],[85.124128,27.877263],[85.1241211,27.8772314],[85.1241093,27.8771507],[85.1241017,27.8771144],[85.1240829,27.8770526],[85.1240589,27.8769907],[85.1240301,27.8769295],[85.1239968,27.8768696],[85.1239747,27.8768331],[85.123959,27.8768114],[85.1239463,27.876798],[85.1239065,27.8767618],[85.1238823,27.8767334],[85.1238586,27.8767007],[85.1238351,27.8766633],[85.1238104,27.8766191],[85.1237908,27.8765798],[85.1237725,27.8765375],[85.1237682,27.8765261],[85.123752,27.8765258],[85.1237529,27.8764716],[85.1237395,27.8764208],[85.1237259,27.876386],[85.1237055,27.8763481],[85.1236836,27.8763214],[85.1236618,27.8763044],[85.1236327,27.8762928],[85.1236097,27.8762784],[85.1235801,27.8762528],[85.1235739,27.8762527],[85.123574,27.8762472],[85.1235511,27.8762287],[85.1235089,27.8762036],[85.1234114,27.876156],[85.1233734,27.8761325],[85.1233405,27.8761104],[85.1232661,27.876098],[85.1232327,27.8760897],[85.1232015,27.8760801],[85.1231472,27.8760596],[85.1231082,27.8760393],[85.1230812,27.876021],[85.1230616,27.8760043],[85.1230524,27.8759933],[85.1230443,27.8759795],[85.1230176,27.8759096],[85.1230096,27.8758943],[85.1230004,27.875882],[85.1229831,27.8758644],[85.1229626,27.875847],[85.122933,27.8758274],[85.1228868,27.8758033],[85.122842,27.8757803],[85.122814,27.8757713],[85.1227848,27.8757684],[85.1227746,27.875764],[85.1227537,27.8757498],[85.1227441,27.875745],[85.1227282,27.8757412],[85.1227096,27.8757399],[85.1226886,27.875741],[85.1226566,27.875745],[85.1226317,27.8757509],[85.1225695,27.8757755],[85.1225401,27.8757829],[85.1224906,27.8757858],[85.1224421,27.8757951],[85.1224216,27.8758015],[85.1224032,27.8758091],[85.122377,27.8758237],[85.1223663,27.8758257],[85.122342,27.8758266],[85.1222894,27.8758351],[85.1222332,27.8758496],[85.1221724,27.8758703],[85.1221002,27.8758995],[85.1220345,27.8759271],[85.1220147,27.8759377],[85.1219982,27.875949],[85.1219632,27.875981],[85.1219443,27.8759944],[85.1219223,27.8760072],[85.1218642,27.8760335],[85.1218332,27.8760434],[85.1217632,27.8760593],[85.121736,27.8760684],[85.1216719,27.8761005],[85.1216023,27.8761284],[85.1215321,27.87615],[85.1214918,27.8761602],[85.121465,27.8761646],[85.1214318,27.8761664],[85.1214039,27.8761646],[85.1213838,27.8761607],[85.1213641,27.8761549],[85.1213454,27.8761474],[85.1213281,27.8761384],[85.1213082,27.8761244],[85.1212844,27.8761034],[85.1212622,27.87608],[85.1212412,27.8760527],[85.1212213,27.8760216],[85.1212028,27.8759869],[85.1211813,27.8759336],[85.121165,27.8758732],[85.1211533,27.8757742],[85.121147,27.8757482],[85.1211283,27.875688],[85.1211213,27.8756606],[85.121116,27.8756252],[85.1211128,27.8755753],[85.121078,27.8755628],[85.121045,27.8755531],[85.1209933,27.8755412],[85.1209363,27.8755308],[85.1208726,27.8755217],[85.12079,27.8755121],[85.1207579,27.8755097],[85.120722,27.875509],[85.1205932,27.8755133],[85.120542,27.875513],[85.1204899,27.8755084],[85.1204441,27.8754985],[85.1203667,27.8754712],[85.1203407,27.8754665],[85.1202797,27.8754617],[85.1202529,27.8754575],[85.1202164,27.8754455],[85.1201361,27.8754089],[85.1201164,27.8754023],[85.1200981,27.8753983],[85.1200389,27.8753938],[85.1200095,27.8753843],[85.1199563,27.8753574],[85.1199342,27.8753483],[85.1199082,27.8753413],[85.1198475,27.8753293],[85.1198204,27.875321],[85.1198011,27.8753121],[85.1197806,27.8753002],[85.1197118,27.8752518],[85.1196838,27.8752345],[85.1196075,27.8751963],[85.1195245,27.8751616],[85.1194941,27.875152],[85.1194094,27.8751313],[85.1193853,27.8751223],[85.1193652,27.8751115],[85.1193435,27.875095],[85.1192878,27.8750433],[85.1192518,27.8750198],[85.1191529,27.8749702],[85.1191298,27.8749567],[85.1191102,27.8749431],[85.1190678,27.8749111],[85.1190465,27.8748885],[85.1190335,27.8748675],[85.1190239,27.8748459],[85.1189915,27.8748011],[85.118957,27.8747523],[85.1189303,27.8747079],[85.1189086,27.874664],[85.1188924,27.8746234],[85.1188771,27.874571],[85.1188691,27.8745243],[85.118867,27.8744664],[85.1188499,27.8744523],[85.1188293,27.8744386],[85.1187335,27.8743875],[85.1187122,27.8743743],[85.1186943,27.8743611],[85.1186389,27.8743096],[85.1186157,27.8742912],[85.118572,27.874265],[85.1185601,27.8742605],[85.1185267,27.8742514],[85.1185177,27.8742471],[85.1185108,27.8742417],[85.1184991,27.8742271],[85.1184789,27.8742096],[85.1184522,27.8741962],[85.1184235,27.8741873],[85.1183474,27.8741694],[85.118327,27.8741624],[85.1183098,27.8741543],[85.1182734,27.8741324],[85.1182282,27.8741018],[85.1181788,27.874066],[85.1181408,27.8740348],[85.1180918,27.8739881],[85.1180825,27.8739824],[85.118051,27.8739659],[85.1179797,27.8739335],[85.1179514,27.8739183],[85.1179073,27.8738916],[85.1178815,27.8738717],[85.1178494,27.8738367],[85.1178279,27.8738192],[85.1177679,27.8737785],[85.1177465,27.8737601],[85.1177245,27.8737383],[85.1176307,27.8736308],[85.117607,27.8736064],[85.1175843,27.8735862],[85.1175319,27.8735454],[85.1175028,27.8735262],[85.1174692,27.8735068],[85.1173658,27.8734551],[85.1173379,27.8734429],[85.1172615,27.8734147],[85.1172401,27.8734044],[85.1172221,27.8733934],[85.1172165,27.8733908],[85.117184,27.8733719],[85.1171265,27.8733292],[85.1171027,27.8733134],[85.1170581,27.8732898],[85.1170065,27.8732679],[85.1169535,27.8732491],[85.1168114,27.8732034],[85.1167701,27.8731879],[85.1167339,27.8731723],[85.1166982,27.8731542],[85.1166079,27.8731044],[85.1165564,27.8730812],[85.1165336,27.8730746],[85.1164672,27.8730614],[85.1164485,27.8730542],[85.1164335,27.8730448],[85.1164062,27.8730175],[85.1163737,27.8729895],[85.1163375,27.8729633],[85.1162975,27.8729389],[85.1162531,27.872916],[85.1162053,27.8728948],[85.1161518,27.8728744],[85.1160916,27.8728542],[85.1160147,27.8728308],[85.1159888,27.8728245],[85.1159197,27.872811],[85.1158827,27.872799],[85.1158235,27.8727671],[85.1157942,27.872757],[85.1157605,27.8727495],[85.1157224,27.8727445],[85.1156641,27.8727398],[85.1155868,27.8727357],[85.115558,27.8727367],[85.1155321,27.8727398],[85.1155062,27.8727442],[85.1154912,27.8727489],[85.1154776,27.8727565],[85.1154642,27.8727671],[85.1154516,27.8727802],[85.1154411,27.8727944],[85.1154329,27.8728138],[85.1154295,27.8728384],[85.1154304,27.8728656],[85.1154365,27.8729219],[85.1154418,27.8729737],[85.1154491,27.8730148],[85.1154594,27.8730504],[85.1154729,27.8730812],[85.1154957,27.8731176],[85.115502,27.8731393],[85.1155062,27.8731826],[85.1155094,27.8731996],[85.1155177,27.8732224],[85.1155427,27.873274],[85.1155503,27.8732997],[85.1155537,27.8733362],[85.1155518,27.8733725],[85.1155711,27.8733997],[85.1155912,27.8734356],[85.1156283,27.8735219],[85.1156498,27.873557],[85.1156847,27.8735978],[85.1157086,27.87362],[85.1157379,27.8736411],[85.1157714,27.8736609],[85.1158706,27.873714],[85.1158996,27.8737329],[85.1159236,27.8737522],[85.1159675,27.8737918],[85.1159906,27.8738192],[85.1160038,27.8738404],[85.1160139,27.8738605],[85.1160212,27.8738797],[85.1160256,27.8738979],[85.1160281,27.8739274],[85.1160256,27.8739533],[85.1160172,27.8739771],[85.1159994,27.8740086],[85.1159825,27.8740328],[85.1159586,27.8740611],[85.1159176,27.8741024],[85.1158986,27.8741181],[85.1158799,27.874131],[85.1158581,27.874143],[85.1158334,27.8741538],[85.1158058,27.8741633],[85.115775,27.8741718],[85.1157405,27.8741781],[85.1157017,27.874181],[85.1156581,27.8741809],[85.1156002,27.8741776],[85.1155409,27.8741718],[85.1154924,27.874163],[85.1154459,27.8741514],[85.1154116,27.8741404],[85.1153825,27.8741279],[85.1153584,27.8741135],[85.115336,27.8740948],[85.1153138,27.8740702],[85.1152916,27.8740398],[85.1152623,27.8739941],[85.1152496,27.873968],[85.1152317,27.8739143],[85.1152233,27.8738937],[85.1152119,27.8738745],[85.1151982,27.87386],[85.1151865,27.8738513],[85.1151744,27.8738401],[85.1151639,27.8738269],[85.1151548,27.8738117],[85.1151471,27.8737941],[85.115136,27.8737552],[85.115121,27.8736725],[85.115113,27.8736388],[85.1151006,27.8736062],[85.1150845,27.8735803],[85.1150512,27.8735375],[85.1150389,27.8735265],[85.1150263,27.8735192],[85.1150088,27.8735133],[85.1149745,27.8734968],[85.1149402,27.8734726],[85.1149052,27.8734403],[85.114866,27.8733968],[85.1148445,27.8733688],[85.1148165,27.8733269],[85.114796,27.8732903],[85.1147526,27.8731964],[85.1147383,27.8731722],[85.1147233,27.8731521],[85.1146931,27.8731185],[85.1146679,27.8730967],[85.1146382,27.8730784],[85.1146067,27.8730647],[85.1145747,27.8730559],[85.114547,27.8730533],[85.1144853,27.8730558],[85.1144611,27.873053],[85.1144234,27.8730438],[85.1144119,27.8730388],[85.1144028,27.8730326],[85.1143853,27.8730122],[85.1143776,27.872996],[85.1143751,27.872976],[85.1143774,27.8729523],[85.1143882,27.872901],[85.1143913,27.8728794],[85.1143907,27.8728579],[85.1143853,27.8728403],[85.1143701,27.8728149],[85.1143504,27.8727908],[85.1143416,27.872782],[85.1143353,27.8727787],[85.1143272,27.8727773],[85.1142972,27.8727798],[85.1142863,27.8727791],[85.1142635,27.8727725],[85.1142309,27.8727587],[85.1141884,27.8727388],[85.114161,27.8727209],[85.1141366,27.8726985],[85.1141202,27.8726772],[85.1141138,27.872664],[85.1141088,27.8726482],[85.1140998,27.8725956],[85.1140945,27.872551],[85.1140911,27.8724761],[85.1140891,27.8724396],[85.1140241,27.87234],[85.1139752,27.8722755],[85.1138849,27.8721785],[85.1138523,27.8721389],[85.1138128,27.8720807],[85.1137779,27.8720203],[85.1137485,27.871959],[85.1137249,27.8718976],[85.1137135,27.8718596],[85.1137035,27.871817],[85.1136839,27.8717019],[85.1136652,27.8715639],[85.1136574,27.8714579],[85.113657,27.8714092],[85.113659,27.8713633],[85.1136634,27.8713198],[85.1136702,27.8712785],[85.1136874,27.8711989],[85.1136911,27.8711502],[85.1136977,27.8710922],[85.1137104,27.871016],[85.1137298,27.870932],[85.1137444,27.8708855],[85.1137851,27.8707785],[85.1137997,27.8707251],[85.113806,27.8706691],[85.1138114,27.8706465],[85.1138259,27.8706144],[85.1138304,27.8705976],[85.1138321,27.8705781],[85.113831,27.8705537],[85.1138228,27.8704796],[85.113824,27.8704577],[85.1138288,27.8704396],[85.1138398,27.8704183],[85.113855,27.8703971],[85.1138751,27.8703134],[85.1138805,27.8702644],[85.1138823,27.8702135],[85.1138805,27.8701613],[85.1138751,27.8701086],[85.1138632,27.8700391],[85.1138478,27.8699857],[85.1138312,27.8699438],[85.1138159,27.8699174],[85.113804,27.8699036],[85.1137884,27.8698901],[85.113734,27.8698537],[85.113712,27.8698407],[85.113686,27.8698288],[85.1135969,27.8697974],[85.1135661,27.8697849],[85.1135383,27.8697702],[85.1135155,27.8697535],[85.1134855,27.8697185],[85.1134778,27.8697121],[85.1134699,27.869708],[85.1134472,27.8697034],[85.1134352,27.8696977],[85.1134232,27.8696884],[85.113388,27.8696488],[85.1133413,27.8695987],[85.1133285,27.8695802],[85.1133197,27.8695623],[85.1133113,27.8695336],[85.1133008,27.8695335],[85.1133013,27.8695064],[85.1132404,27.8695056],[85.1132409,27.8694785],[85.1132104,27.8694781],[85.1132118,27.8693969],[85.1131813,27.8693964],[85.1131823,27.8693423],[85.1131214,27.8693415],[85.1131218,27.8693144],[85.1129391,27.8693119],[85.1129396,27.8692848],[85.1129091,27.8692844],[85.1129105,27.8692032],[85.11288,27.8692028],[85.1128861,27.8688509],[85.1128557,27.8688505],[85.1128562,27.8688234],[85.1128257,27.868823],[85.1128271,27.8687418],[85.1127966,27.8687414],[85.1127981,27.8686602],[85.1127676,27.8686598],[85.1127695,27.8685515],[85.1127999,27.8685519],[85.1128023,27.8684166],[85.1127718,27.8684162],[85.1127737,27.8683079],[85.1127432,27.8683075],[85.1127451,27.8681992],[85.1127147,27.8681988],[85.112717,27.8680635],[85.1127475,27.8680639],[85.1127484,27.8680097],[85.1127179,27.8680093],[85.1127198,27.8679011],[85.1126894,27.8679006],[85.1126908,27.8678194],[85.1126603,27.867819],[85.1126608,27.867792],[85.1126303,27.8677915],[85.1126308,27.8677645],[85.1126003,27.8677641],[85.1126013,27.8677099],[85.1125708,27.8677095],[85.1125717,27.8676554],[85.1125413,27.8676549],[85.1125422,27.8676008],[85.1125118,27.8676004],[85.1125122,27.8675733],[85.1124818,27.8675729],[85.1124822,27.8675458],[85.1124518,27.8675454],[85.1124523,27.8675184],[85.1124218,27.8675179],[85.1124223,27.8674909],[85.1123918,27.8674905],[85.1123928,27.8674363],[85.1123623,27.8674359],[85.1123628,27.8674088],[85.1123323,27.8674084],[85.1123328,27.8673813],[85.1122719,27.8673805],[85.1122723,27.8673534],[85.1122419,27.867353],[85.1122423,27.867326],[85.1122119,27.8673255],[85.1122138,27.8672173],[85.1121833,27.8672169],[85.1121847,27.8671357],[85.1121238,27.8671348],[85.1121243,27.8671078],[85.1120633,27.8671069],[85.1120638,27.8670799],[85.1120334,27.8670794],[85.1120348,27.8669982],[85.1120043,27.8669978],[85.1120062,27.8668895],[85.1119757,27.8668891],[85.1119762,27.8668621],[85.1119457,27.8668616],[85.1119462,27.8668346],[85.1119157,27.8668342],[85.1119162,27.8668071],[85.1118858,27.8668067],[85.1118862,27.8667796],[85.1118558,27.8667792],[85.1118572,27.866698],[85.1117963,27.8666972],[85.1117967,27.8666701],[85.1117663,27.8666697],[85.1117686,27.8665343],[85.1117991,27.8665347],[85.1118,27.8664806],[85.1117696,27.8664802],[85.1117705,27.8664261],[85.1117096,27.8664252],[85.1117115,27.866317],[85.111681,27.8663165],[85.1116824,27.8662353],[85.111652,27.8662349],[85.1116529,27.8661808],[85.1116224,27.8661804],[85.1116229,27.8661533],[85.1115924,27.8661529],[85.1115929,27.8661258],[85.1115625,27.8661254],[85.1115643,27.8660171],[85.1115339,27.8660167],[85.1115343,27.8659896],[85.1115039,27.8659892],[85.1115048,27.8659351],[85.1114744,27.8659347],[85.1114751,27.8658928],[85.1114563,27.8658681],[85.1114396,27.8658431],[85.1114286,27.8658231],[85.1114176,27.8657985],[85.1114158,27.8657985],[85.1114159,27.8657943],[85.1114068,27.8657713],[85.1113858,27.865771],[85.1113866,27.8657235],[85.111385,27.8657202],[85.1113642,27.8656818],[85.1113408,27.8656435],[85.1113147,27.8656053],[85.1112858,27.8655669],[85.111254,27.8655283],[85.111219,27.8654889],[85.1111374,27.8654059],[85.1111163,27.8653958],[85.1110982,27.8653833],[85.1110663,27.8653514],[85.1110561,27.8653379],[85.1110473,27.8653223],[85.1109116,27.8652012],[85.1108357,27.8651336],[85.1107795,27.8650874],[85.1107318,27.8650536],[85.1106745,27.8650194],[85.1106351,27.8650184],[85.1106035,27.865013],[85.1105775,27.8650027],[85.1105565,27.8649872],[85.1105404,27.8649686],[85.1105204,27.8649386],[85.1104548,27.8649008],[85.1104017,27.8648643],[85.1103418,27.8648186],[85.1103061,27.8647869],[85.1102656,27.8647455],[85.1102388,27.8647138],[85.1102189,27.8646837],[85.1102059,27.8646549],[85.1102023,27.8646388],[85.1102014,27.8646197],[85.1102077,27.8645559],[85.1102085,27.8645345],[85.1102064,27.864516],[85.1102014,27.8645002],[85.1101863,27.8644717],[85.1101695,27.8644501],[85.1101499,27.8644353],[85.1101233,27.8644246],[85.110093,27.864418],[85.1100284,27.8644091],[85.1100112,27.8644078],[85.1099593,27.8644088],[85.1099446,27.8644059],[85.1099328,27.8644],[85.1099228,27.8643914],[85.10991,27.8643772],[85.1098952,27.864357],[85.1098873,27.8643636],[85.1098682,27.8643739],[85.1098463,27.8643818],[85.1098222,27.8643857],[85.1097947,27.8643847],[85.1097637,27.864379],[85.109728,27.8643681],[85.1096901,27.8643508],[85.109646,27.8643226],[85.1096183,27.8642988],[85.1095658,27.8642409],[85.1095413,27.8642179],[85.1095206,27.8642026],[85.1094654,27.8641673],[85.1094412,27.8641496],[85.1094078,27.8641214],[85.1093788,27.864094],[85.1093535,27.8640671],[85.1093319,27.8640404],[85.1093176,27.8640184],[85.1093046,27.8639925],[85.109261,27.8638748],[85.109249,27.8638486],[85.1092363,27.8638264],[85.1092169,27.8637997],[85.1091926,27.8637722],[85.1090834,27.8636696],[85.1090599,27.863645],[85.1090406,27.8636216],[85.1090186,27.8635895],[85.1089711,27.8635113],[85.108945,27.8634759],[85.108926,27.8634558],[85.1088809,27.8634135],[85.108863,27.8633939],[85.1088437,27.863366],[85.108803,27.86329],[85.1087811,27.8632574],[85.108751,27.8632216],[85.1087265,27.8631982],[85.1087087,27.8631861],[85.1086666,27.8631638],[85.1086491,27.8631527],[85.1086229,27.8631285],[85.1085719,27.8630684],[85.1085489,27.863048],[85.1085295,27.8630358],[85.1084794,27.8630109],[85.1084579,27.8629979],[85.1084072,27.8629604],[85.1083919,27.8629451],[85.1083805,27.8629296],[85.1083714,27.862912],[85.1083623,27.8628886],[85.1083554,27.8628658],[85.1083503,27.8628416],[85.1083473,27.8628166],[85.1083463,27.8627912],[85.1083473,27.862766],[85.1083503,27.8627414],[85.1083554,27.8627178],[85.1083623,27.8626955],[85.1083627,27.8626702],[85.1083323,27.8626698],[85.1083332,27.8626156],[85.1083028,27.8626152],[85.1083032,27.8625882],[85.10828,27.8625878],[85.108273,27.8625754],[85.1082394,27.8625154],[85.1082029,27.8624425],[85.1081711,27.8623698],[85.1081711,27.8623697],[85.1081665,27.8622604],[85.1081689,27.8622138],[85.1081394,27.8621974],[85.1081115,27.8621794],[85.1080971,27.8621792],[85.1080973,27.8621692],[85.10808,27.8621557],[85.1080753,27.8621519],[85.1080671,27.8621517],[85.1080672,27.8621452],[85.1080431,27.8621243],[85.1080371,27.8621243],[85.1080372,27.8621188],[85.1080165,27.8620969],[85.1080071,27.8620968],[85.1080073,27.8620848],[85.1079981,27.8620692],[85.107988,27.8620449],[85.1079662,27.8620283],[85.1079407,27.8620067],[85.1079298,27.8619918],[85.1079252,27.8619788],[85.1079035,27.8619721],[85.1078524,27.8618553],[85.1078444,27.8618389],[85.1078277,27.861761],[85.1078205,27.861746],[85.1078035,27.8616934],[85.1077952,27.8616477],[85.1077687,27.8615635],[85.1077477,27.8615457],[85.1077301,27.8615265],[85.1077159,27.8615079],[85.1077051,27.86149],[85.1076976,27.8614729],[85.1076937,27.8614506],[85.107695,27.8614018],[85.1076931,27.8613818],[85.1076877,27.8613623],[85.1076795,27.8613427],[85.1076684,27.8613229],[85.1076544,27.8613024],[85.1076236,27.861266],[85.1075429,27.8611815],[85.107487,27.8611236],[85.1073708,27.8610176],[85.1073243,27.8609721],[85.1072819,27.8609255],[85.1071863,27.8608141],[85.1071377,27.8607627],[85.1070917,27.8607222],[85.1069711,27.8606282],[85.1069401,27.8605996],[85.1069146,27.8605715],[85.1068715,27.8605178],[85.1068443,27.8604794],[85.1068238,27.8604427],[85.1068099,27.8604076],[85.1068008,27.8603712],[85.1067906,27.8603535],[85.1067743,27.8603367],[85.1067559,27.8603228],[85.1067052,27.8602893],[85.1066666,27.8602649],[85.1065701,27.8602152],[85.1065469,27.8602002],[85.1065277,27.8601846],[85.1064966,27.8601504],[85.1064474,27.8600822],[85.1064275,27.8600571],[85.1063927,27.8600206],[85.1063529,27.8599919],[85.1063323,27.8599794],[85.1062795,27.8599514],[85.1062538,27.8599337],[85.1062219,27.8599029],[85.1061926,27.8598666],[85.1061776,27.85984],[85.1061515,27.8597768],[85.1061373,27.859753],[85.1061208,27.8597354],[85.1060776,27.8596994],[85.1060615,27.8596802],[85.1060549,27.8596671],[85.1060429,27.8596352],[85.1060353,27.8596219],[85.1060217,27.8596063],[85.1060033,27.8595899],[85.1059846,27.8595771],[85.1059618,27.859566],[85.1059354,27.8595562],[85.1058926,27.8595433],[85.1058606,27.8595363],[85.1057882,27.8595271],[85.1057585,27.8595199],[85.1056944,27.8594937],[85.1056445,27.8594806],[85.1055663,27.8594675],[85.1055238,27.8594627],[85.1054761,27.8594614],[85.1053195,27.8594685],[85.1052639,27.8594689],[85.1052111,27.8594649],[85.1051642,27.8594559],[85.1051234,27.8594442],[85.1050763,27.8594349],[85.1050229,27.8594296],[85.1049751,27.8594279],[85.1048321,27.8594267],[85.1045572,27.8594127],[85.1044198,27.8594095],[85.1043509,27.8594106],[85.1042866,27.8594138],[85.1042258,27.8594191],[85.1041678,27.8594267],[85.1041219,27.8594355],[85.1040118,27.8594615],[85.1039551,27.8594704],[85.1039043,27.8594747],[85.1038641,27.8594765],[85.1038279,27.8594761],[85.1037949,27.8594733],[85.103761,27.8594682],[85.1037308,27.8594617],[85.1037219,27.8594593],[85.1036506,27.8594517],[85.10362,27.8594468],[85.103586,27.8594391],[85.1034438,27.8593984],[85.1034116,27.8593918],[85.1033821,27.8593879],[85.1033518,27.859387],[85.1033178,27.8593891],[85.1032063,27.8594059],[85.1031666,27.8594101],[85.1031288,27.8594104],[85.1030953,27.8594061],[85.1030813,27.8594032],[85.1030607,27.8594267],[85.1030392,27.8594497],[85.1030228,27.8594646],[85.1029946,27.859484],[85.1029587,27.8595025],[85.1029341,27.859512],[85.1029056,27.8595198],[85.1028189,27.8595345],[85.1027141,27.859551],[85.1026457,27.859558],[85.1025842,27.8595586],[85.1025564,27.8595562],[85.1025302,27.8595522],[85.1024273,27.8595697],[85.1022072,27.8595964],[85.1021127,27.8596109],[85.1020618,27.8596211],[85.1020149,27.8596328],[85.1019711,27.8596461],[85.1019299,27.8596611],[85.1018632,27.8596914],[85.1018343,27.859702],[85.101809,27.8597075],[85.1017522,27.8597149],[85.1017296,27.8597202],[85.1016924,27.859736],[85.1016067,27.859784],[85.1015454,27.8598115],[85.1014912,27.8598336],[85.1014406,27.8598516],[85.1013927,27.8598659],[85.1013667,27.8598718],[85.1013372,27.8598764],[85.1012084,27.8598894],[85.1011782,27.859895],[85.1011514,27.8599023],[85.1010695,27.8599342],[85.1010443,27.8599411],[85.1010176,27.8599458],[85.1009892,27.8599485],[85.1009588,27.8599492],[85.1008948,27.8599453],[85.1007639,27.8599284],[85.1007085,27.8599234],[85.1006512,27.8599233],[85.1006252,27.8599256],[85.1006006,27.8599297],[85.1005414,27.8599433],[85.1005187,27.8599464],[85.1004935,27.8599478],[85.1003816,27.8599446],[85.1003553,27.8599454],[85.100332,27.8599479],[85.1002643,27.8599613],[85.1001818,27.8599843],[85.1001371,27.86],[85.100089,27.860021],[85.100041,27.8600451],[85.099912,27.8601139],[85.0998722,27.8601329],[85.0998358,27.8601482],[85.0997374,27.8601874],[85.0996859,27.860206],[85.0996357,27.8602208],[85.09959,27.8602301],[85.0995478,27.8602349],[85.0995136,27.8602616],[85.0994762,27.8602847],[85.0994368,27.860302],[85.0993624,27.8603257],[85.0993228,27.8603374],[85.0992779,27.8603479],[85.0991183,27.8603756],[85.0990566,27.8603888],[85.0989957,27.8604073],[85.0989687,27.8604182],[85.0989436,27.8604304],[85.0989037,27.8604545],[85.0988267,27.860509],[85.0987934,27.8605306],[85.09874,27.8605607],[85.0986839,27.8605895],[85.0986247,27.8606168],[85.0985625,27.8606429],[85.0984972,27.8606676],[85.0984284,27.8606912],[85.0983559,27.8607137],[85.0982789,27.8607354],[85.0982213,27.8607491],[85.0981567,27.860761],[85.097906,27.8607942],[85.0978504,27.8608031],[85.097801,27.8608128],[85.0977159,27.860834],[85.0975174,27.8608908],[85.0974657,27.8609034],[85.0974186,27.8609129],[85.0973484,27.860925],[85.0973002,27.8609312],[85.0972445,27.8609354],[85.0971955,27.8609367],[85.0971506,27.8609353],[85.097109,27.8609312],[85.0970801,27.8609255],[85.0970171,27.8609087],[85.0969906,27.8609038],[85.0969694,27.8609023],[85.0969192,27.860902],[85.096895,27.8608993],[85.0968515,27.8608876],[85.0968313,27.8608947],[85.0968111,27.8608992],[85.0967551,27.8609068],[85.0967395,27.8609113],[85.0967266,27.8609175],[85.0967122,27.8609277],[85.0966979,27.8609405],[85.0966843,27.8609556],[85.096672,27.8609721],[85.0966645,27.8609864],[85.0966592,27.8610037],[85.0966497,27.8610817],[85.0966457,27.8610988],[85.0966401,27.8611132],[85.0966254,27.8611397],[85.0966078,27.8611652],[85.0965882,27.8611886],[85.0965673,27.8612088],[85.0965359,27.8612322],[85.0964999,27.861252],[85.0964611,27.8612672],[85.0964216,27.8612771],[85.0964069,27.8612785],[85.0963708,27.8612786],[85.0963533,27.8612817],[85.0963352,27.8612903],[85.0962941,27.8613181],[85.0962645,27.8613313],[85.0962294,27.8613415],[85.0961949,27.8613482],[85.0961145,27.8613606],[85.0960776,27.8613686],[85.0960473,27.8613785],[85.096021,27.8613909],[85.0959709,27.8614228],[85.0959531,27.8614314],[85.0959527,27.8614319],[85.0959205,27.8614757],[85.0958857,27.861519],[85.0958481,27.8615619],[85.0958078,27.8616043],[85.0957649,27.8616462],[85.0957193,27.8616876],[85.0956711,27.8617285],[85.0956204,27.8617688],[85.0955746,27.8618025],[85.0955237,27.8618369],[85.0953973,27.8619145],[85.0953603,27.8619346],[85.0952621,27.8619832],[85.0952345,27.861999],[85.0952107,27.8620146],[85.0951747,27.8620451],[85.0950974,27.8621245],[85.0950764,27.8621421],[85.0950559,27.8621557],[85.0950274,27.8621694],[85.0949521,27.8621953],[85.0949193,27.8622104],[85.0948845,27.8622311],[85.0948568,27.8622499],[85.0948337,27.8622687],[85.0948146,27.8622877],[85.0947957,27.8623123],[85.0947781,27.8623416],[85.0947617,27.8623757],[85.0947464,27.8624152],[85.0947376,27.8624449],[85.0947313,27.8624767],[85.0947276,27.8625109],[85.0947263,27.8625476],[85.0947276,27.8625865],[85.0947312,27.8626287],[85.0947464,27.8627293],[85.0947553,27.8627667],[85.0947799,27.8628473],[85.0947873,27.8628795],[85.0948063,27.8629648],[85.0948282,27.8629689],[85.094854,27.8629705],[85.0948839,27.8629696],[85.0949239,27.862966],[85.0949581,27.8629591],[85.0950238,27.8629369],[85.0950514,27.8629296],[85.0951005,27.8629208],[85.0951467,27.8629145],[85.0951905,27.8629107],[85.0952318,27.8629095],[85.0952709,27.8629107],[85.0953077,27.8629145],[85.0953423,27.8629208],[85.0953746,27.8629296],[85.0954554,27.8629538],[85.0954783,27.8629625],[85.0954972,27.8629715],[85.0955142,27.8629822],[85.0955275,27.8629939],[85.095537,27.8630067],[85.095543,27.8630207],[85.0955477,27.8630464],[85.0955476,27.8630707],[85.0955419,27.8630882],[85.0955291,27.8631053],[85.0955128,27.86312],[85.0954698,27.8631531],[85.095452,27.8631709],[85.0954009,27.8632366],[85.0953857,27.8632613],[85.0953746,27.8632847],[85.095369,27.8633091],[85.0953647,27.863374],[85.0953598,27.8633902],[85.0953518,27.8634031],[85.0953382,27.8634167],[85.0953226,27.8634282],[85.0953047,27.8634362],[85.0952844,27.863441],[85.0952612,27.8634426],[85.0952161,27.8634386],[85.09511,27.8634192],[85.0950861,27.8634169],[85.095065,27.8634167],[85.0950032,27.8634212],[85.0948655,27.8634357],[85.0948055,27.8634395],[85.0947592,27.863444],[85.0946429,27.863463],[85.0946144,27.8634657],[85.09459,27.8634661],[85.0945623,27.8634632],[85.0945391,27.8634564],[85.0945201,27.8634455],[85.0945051,27.8634304],[85.0944898,27.8634051],[85.0944732,27.8633666],[85.0944654,27.8633403],[85.0944541,27.8632733],[85.0944459,27.8632437],[85.0944306,27.8632091],[85.0944049,27.8631618],[85.0943534,27.8630764],[85.094328,27.8630397],[85.0943025,27.8630063],[85.0942765,27.8629759],[85.0942501,27.8629484],[85.0942231,27.8629239],[85.0941955,27.8629023],[85.0941346,27.8628613],[85.0941096,27.8628481],[85.0940863,27.8628386],[85.0940703,27.8628342],[85.0940528,27.8628316],[85.0940158,27.86286],[85.0939289,27.8629221],[85.0938905,27.8629524],[85.0938552,27.862984],[85.0938175,27.8630212],[85.093696,27.8631517],[85.0936493,27.8631993],[85.0936005,27.8632438],[85.0935537,27.8632801],[85.093521,27.8633011],[85.0934825,27.8633217],[85.0933521,27.8633803],[85.0933066,27.8634028],[85.0932652,27.8634273],[85.0932304,27.8634531],[85.0931622,27.8635169],[85.0931207,27.8635491],[85.0930775,27.8635785],[85.0930333,27.8636048],[85.0929885,27.8636276],[85.0929436,27.8636467],[85.092899,27.863662],[85.092855,27.8636733],[85.0928116,27.8636807],[85.0927115,27.8636853],[85.0926722,27.8636932],[85.0925841,27.8637198],[85.0925627,27.8637241],[85.0925431,27.8637263],[85.092509,27.8637282],[85.0924884,27.8637263],[85.0924742,27.8637213],[85.0924383,27.8637035],[85.0924195,27.863698],[85.0923995,27.8636947],[85.092378,27.8636937],[85.0923547,27.8636948],[85.0923104,27.8637015],[85.0921976,27.8637261],[85.092166,27.8637301],[85.0921379,27.8637308],[85.0920883,27.8637268],[85.0919691,27.8637086],[85.0919148,27.8637035],[85.0918859,27.8637036],[85.0918533,27.8637061],[85.0917408,27.8637229],[85.0916981,27.8637273],[85.0916558,27.8637274],[85.0916189,27.8637217],[85.091589,27.8637112],[85.0915579,27.8636939],[85.0915233,27.8636684],[85.0914504,27.8636057],[85.0914174,27.8635801],[85.0913808,27.8635579],[85.0913458,27.8635442],[85.091299,27.8635354],[85.0912821,27.8635305],[85.0912622,27.8635202],[85.0912228,27.8634911],[85.0912047,27.8634804],[85.09117,27.8634683],[85.0910818,27.8634486],[85.091049,27.8634364],[85.0910136,27.8634195],[85.0908983,27.8633522],[85.0908546,27.8633295],[85.0908097,27.863312],[85.0907885,27.8633065],[85.0907677,27.8633029],[85.0907396,27.8633025],[85.0906859,27.8633088],[85.090665,27.86331],[85.0906442,27.8633083],[85.0906265,27.8633029],[85.0905947,27.8632847],[85.0905517,27.8632588],[85.0905271,27.8632422],[85.0905063,27.863225],[85.09049,27.8632073],[85.0904698,27.8631772],[85.0904536,27.8631436],[85.0904484,27.8631249],[85.0904418,27.8630804],[85.0904353,27.8630616],[85.0904196,27.8630367],[85.0903991,27.8630139],[85.0903764,27.8629959],[85.0903534,27.8629842],[85.0903356,27.8629795],[85.0903153,27.862977],[85.0902933,27.8629771],[85.0902715,27.8629797],[85.0902605,27.8629828],[85.0902486,27.8629883],[85.0902008,27.8630185],[85.0901804,27.8630252],[85.0901616,27.8630257],[85.0901401,27.8630226],[85.0901169,27.8630163],[85.0900757,27.8630024],[85.0900307,27.8629843],[85.0899833,27.8629582],[85.0899331,27.8629244],[85.0898618,27.8628704],[85.0898254,27.8628397],[85.0897421,27.862759],[85.0897024,27.8627248],[85.0896658,27.8626976],[85.0896262,27.8626712],[85.0895835,27.8626452],[85.0895368,27.8626193],[85.0894348,27.8625688],[85.0892745,27.8624971],[85.0891483,27.8624423],[85.0891025,27.8624247],[85.0890605,27.8624107],[85.0890322,27.8624031],[85.0889999,27.8623966],[85.0888548,27.8623754],[85.0888189,27.8623667],[85.0887874,27.862356],[85.0887428,27.8623375],[85.0887089,27.8623214],[85.08868,27.8623049],[85.0886554,27.8622877],[85.0886226,27.8622587],[85.088592,27.8622246],[85.0885646,27.8621868],[85.0885416,27.8621466],[85.0885292,27.8621187],[85.0885143,27.8620783],[85.0885033,27.8620436],[85.0884943,27.8620067],[85.088487,27.8619672],[85.0884815,27.8619244],[85.0884757,27.8618441],[85.0884688,27.8616459],[85.0884591,27.8615074],[85.0884583,27.8614651],[85.0884596,27.8614274],[85.0884636,27.8613858],[85.0884701,27.8613412],[85.0884915,27.8612362],[85.0885096,27.8611679],[85.0885335,27.8610946],[85.0885635,27.8610145],[85.0886053,27.8609129],[85.0886673,27.8607648],[85.0887077,27.860679],[85.0887291,27.8606392],[85.0887509,27.8606031],[85.0887733,27.86057],[85.0887965,27.8605397],[85.0888233,27.8605134],[85.0888854,27.8604668],[85.0889087,27.8604465],[85.0889277,27.8604229],[85.0889337,27.8604109],[85.0889376,27.8603985],[85.0889406,27.8603797],[85.0889417,27.8603589],[85.0889406,27.8603373],[85.0889376,27.8603166],[85.0889289,27.8602892],[85.088913,27.8602604],[85.0888909,27.8602306],[85.0888511,27.8601846],[85.0888192,27.8601535],[85.0887384,27.8600917],[85.0887055,27.8600617],[85.0886764,27.8600289],[85.0886489,27.8599944],[85.0886232,27.8599583],[85.0885994,27.859921],[85.0885779,27.8598829],[85.0885587,27.8598441],[85.088542,27.859805],[85.0885279,27.8597658],[85.0885142,27.8597196],[85.0885052,27.8596793],[85.0884935,27.8596066],[85.0884899,27.8595545],[85.0884908,27.8595319],[85.0884937,27.8595119],[85.0884985,27.8594943],[85.0885052,27.859479],[85.0885134,27.8594671],[85.0885246,27.8594562],[85.088539,27.8594461],[85.0885571,27.8594366],[85.0885593,27.8593107],[85.0885289,27.8593103],[85.0885308,27.859202],[85.0885003,27.8592016],[85.0885017,27.8591204],[85.0884713,27.85912],[85.0884718,27.8590929],[85.0885022,27.8590933],[85.0885027,27.8590662],[85.0885331,27.8590667],[85.088535,27.8589584],[85.0885046,27.858958],[85.0885055,27.8589038],[85.0884751,27.8589034],[85.0884756,27.8588764],[85.0884451,27.8588759],[85.0884456,27.8588489],[85.0884151,27.8588484],[85.0884156,27.8588214],[85.0883851,27.8588209],[85.0883861,27.8587668],[85.0883556,27.8587664],[85.0883566,27.8587123],[85.0883261,27.8587118],[85.0883271,27.8586577],[85.0882966,27.8586573],[85.088298,27.8585761],[85.0882676,27.8585757],[85.0882695,27.8584674],[85.088239,27.858467],[85.0882405,27.8583858],[85.08821,27.8583853],[85.0882105,27.8583583],[85.08818,27.8583579],[85.0881804,27.8583375],[85.0880653,27.8583664],[85.0880207,27.8583814],[85.0879972,27.8583928],[85.087972,27.8584083],[85.0878915,27.8584678],[85.0878613,27.8584879],[85.0878302,27.8585039],[85.0878007,27.8585134],[85.0877616,27.8585193],[85.0877174,27.8585205],[85.0876676,27.8585173],[85.0876086,27.8585094],[85.0875852,27.8585047],[85.0875597,27.8584975],[85.0874601,27.8584618],[85.0874166,27.8584494],[85.08737,27.8584402],[85.08732,27.8584326],[85.0872657,27.8584264],[85.0872045,27.8584214],[85.0871141,27.8584214],[85.0870765,27.8584174],[85.0870322,27.8584046],[85.0869765,27.8583814],[85.0869411,27.8583624],[85.0869042,27.8583369],[85.0868701,27.8583092],[85.0867871,27.8582365],[85.0867404,27.8582013],[85.0866686,27.8581551],[85.0866044,27.8581173],[85.0865227,27.8580721],[85.0864692,27.8580452],[85.0864191,27.8580241],[85.0863723,27.8580093],[85.0862923,27.8579933],[85.0862255,27.8579743],[85.086166,27.8579525],[85.0861129,27.8579278],[85.0860659,27.8579],[85.0860399,27.8579016],[85.0860095,27.8578999],[85.0858842,27.8578812],[85.0858481,27.8578771],[85.0857578,27.8578623],[85.0857161,27.8578572],[85.0856748,27.8578556],[85.0855783,27.8578565],[85.0855321,27.8578532],[85.0854771,27.8578433],[85.085388,27.8578212],[85.0853563,27.8578144],[85.0853218,27.8578593],[85.085311,27.8578705],[85.0853002,27.8578789],[85.0852843,27.8578881],[85.0852657,27.8578965],[85.0852164,27.8579124],[85.085159,27.8579259],[85.0851105,27.8579316],[85.0850886,27.8579317],[85.0850682,27.85793],[85.0850494,27.8579263],[85.085032,27.8579208],[85.0850031,27.8579068],[85.0849733,27.8578873],[85.0849534,27.857869],[85.0849374,27.8578467],[85.0849253,27.8578203],[85.084917,27.8577897],[85.0849125,27.857755],[85.0849116,27.8577156],[85.0849144,27.857671],[85.0849208,27.8576191],[85.0849167,27.8576182],[85.0848359,27.8576052],[85.0847432,27.8575942],[85.0846969,27.8575914],[85.0846511,27.8575905],[85.0846059,27.8575914],[85.0845616,27.8575942],[85.0845181,27.8575988],[85.0844758,27.8576052],[85.0844403,27.8576131],[85.0843694,27.857633],[85.0843633,27.8576426],[85.0843558,27.8576492],[85.0843358,27.8576572],[85.0843174,27.857663],[85.084298,27.8576671],[85.0842548,27.8576703],[85.0842083,27.8576677],[85.0841144,27.8576556],[85.0840753,27.8576521],[85.084035,27.8576523],[85.0839997,27.8576572],[85.083959,27.8576696],[85.0838689,27.8577061],[85.0838276,27.8577172],[85.0838115,27.857719],[85.0837929,27.8577189],[85.0837276,27.8577124],[85.0837032,27.8577115],[85.0836794,27.8577142],[85.0836596,27.8577212],[85.0836437,27.8577305],[85.0836275,27.8577425],[85.0835956,27.8577732],[85.0835863,27.8577873],[85.0835792,27.857806],[85.0835662,27.8578772],[85.0835595,27.8579006],[85.0835542,27.8579109],[85.0835479,27.857919],[85.0835404,27.8579251],[85.0835316,27.8579293],[85.0835156,27.8579333],[85.0834991,27.8579354],[85.0834805,27.8579355],[85.0834275,27.8579293],[85.0833945,27.8579235],[85.0833618,27.8579155],[85.08333,27.8579054],[85.0832995,27.8578932],[85.0832792,27.8578829],[85.0832155,27.8578452],[85.0831866,27.8578347],[85.083111,27.8578154],[85.0830914,27.8578072],[85.0830754,27.8577972],[85.083062,27.8577834],[85.0830339,27.8577434],[85.0830249,27.8577349],[85.0830154,27.8577292],[85.0829943,27.8577244],[85.0829874,27.8577212],[85.0829826,27.857716],[85.0829714,27.8576972],[85.082957,27.8576866],[85.0829274,27.8576732],[85.0828899,27.8576575],[85.0828481,27.8576444],[85.0828012,27.8576338],[85.0827474,27.8576252],[85.0827146,27.8576218],[85.0826785,27.85762],[85.0825873,27.8576212],[85.0825428,27.8576247],[85.0824943,27.8576325],[85.0824395,27.8576447],[85.0822754,27.8576867],[85.0822656,27.8576885],[85.0822578,27.8576945],[85.0820902,27.8577951],[85.0819058,27.8577867],[85.0815957,27.8577029],[85.081428,27.8576694],[85.0814071,27.85764],[85.081375,27.8576425],[85.0813556,27.8576412],[85.081339,27.8576372],[85.0813112,27.8576257],[85.081295,27.8576132],[85.081283,27.8575932],[85.0812789,27.8575748],[85.0812814,27.8575312],[85.081279,27.8575132],[85.0812726,27.8574976],[85.0812629,27.8574811],[85.081231,27.8574411],[85.0812103,27.8574228],[85.0811555,27.8573868],[85.0811437,27.8573761],[85.0811349,27.8573651],[85.0811247,27.857347],[85.0811157,27.8573257],[85.0810749,27.8573011],[85.081034,27.8572818],[85.0809898,27.8572641],[85.0809422,27.8572479],[85.0808909,27.8572331],[85.0808466,27.8572238],[85.0807441,27.8572098],[85.0806988,27.8572011],[85.080638,27.8571825],[85.080508,27.8571327],[85.0804548,27.857117],[85.080405,27.8571083],[85.0802901,27.8570956],[85.0802387,27.857085],[85.0801927,27.8570695],[85.0800827,27.857025],[85.0800076,27.8570013],[85.0799223,27.8569798],[85.0798405,27.8569628],[85.079651,27.8569272],[85.0795623,27.8569078],[85.0794864,27.8568875],[85.0794185,27.856865],[85.0793271,27.8568298],[85.0792504,27.856797],[85.0791741,27.8567607],[85.0791058,27.8567253],[85.0790435,27.8566895],[85.0789864,27.8566529],[85.07896,27.8566332],[85.078894,27.8565784],[85.0788736,27.8565641],[85.0788543,27.8565529],[85.0788103,27.8565329],[85.0787878,27.8565196],[85.0787645,27.8565024],[85.0786826,27.8564286],[85.0786463,27.8564009],[85.0786273,27.856389],[85.0785916,27.856379],[85.078458,27.8563389],[85.0783503,27.8563027],[85.0782546,27.8562658],[85.0781684,27.8562271],[85.0780761,27.8561804],[85.0780004,27.8561382],[85.077934,27.8560962],[85.0778755,27.8560535],[85.0778028,27.8559988],[85.0777697,27.855971],[85.077742,27.8559414],[85.0777236,27.8559124],[85.0777163,27.8558902],[85.077714,27.8558635],[85.0777165,27.855829],[85.0777295,27.8557522],[85.0777329,27.8557199],[85.0777314,27.8556881],[85.0777236,27.8556629],[85.0777117,27.855643],[85.0776959,27.8556234],[85.0776762,27.8556042],[85.0776526,27.8555852],[85.0776252,27.8555666],[85.0775938,27.8555481],[85.0775582,27.8555297],[85.0775174,27.855511],[85.0774885,27.8554995],[85.0774555,27.8554891],[85.0773655,27.8554676],[85.0773117,27.8554594],[85.0772504,27.855457],[85.0771913,27.8554591],[85.077055,27.8554686],[85.0769915,27.8554697],[85.0769367,27.8554659],[85.0768881,27.8554567],[85.0768597,27.8554482],[85.0768308,27.8554372],[85.0768012,27.8554235],[85.0767703,27.855407],[85.0767072,27.8553676],[85.0765807,27.8552782],[85.0765258,27.8552421],[85.0764663,27.855209],[85.0764108,27.8551855],[85.0763688,27.8551724],[85.076263,27.8551456],[85.0762155,27.8551312],[85.076136,27.8551004],[85.0760508,27.8550607],[85.075959,27.8550122],[85.0758249,27.8549359],[85.075695,27.8548597],[85.0755957,27.8547964],[85.0754969,27.8547905],[85.0753149,27.8547732],[85.0752108,27.8547633],[85.0751293,27.8547537],[85.0750561,27.8547426],[85.0749894,27.8547298],[85.074939,27.8547171],[85.0748843,27.8546999],[85.0748247,27.8546782],[85.0746507,27.8546106],[85.0745951,27.8545919],[85.0745446,27.8545779],[85.0744173,27.8545501],[85.0742842,27.8545282],[85.0741457,27.8545121],[85.0740021,27.8545019],[85.0739046,27.8544978],[85.0738288,27.8544965],[85.0737605,27.8544978],[85.0736983,27.8545019],[85.0736275,27.8545097],[85.0735581,27.8545201],[85.0734905,27.8545329],[85.073425,27.8545482],[85.0733619,27.8545657],[85.0733013,27.8545856],[85.0732434,27.8546078],[85.0731883,27.8546321],[85.0730888,27.8546827],[85.0730452,27.8547076],[85.0730051,27.8547327],[85.0729678,27.8547583],[85.0729336,27.8547844],[85.0729022,27.854811],[85.0728737,27.8548383],[85.0728511,27.8548633],[85.0728283,27.8548931],[85.0727482,27.8550164],[85.0727109,27.8550661],[85.0726942,27.8550841],[85.0726738,27.8551029],[85.0725919,27.8551684],[85.0725606,27.8551966],[85.0725332,27.8552288],[85.0725233,27.855245],[85.0725156,27.8552614],[85.0725019,27.8553039],[85.0724934,27.8553472],[85.0724907,27.8553879],[85.0724939,27.8554242],[85.0725018,27.855451],[85.0725159,27.85548],[85.0725321,27.8555059],[85.0725807,27.8555761],[85.0726448,27.8556772],[85.0726955,27.855753],[85.0727436,27.8558195],[85.0727901,27.8558778],[85.0728375,27.8559309],[85.0728851,27.8559776],[85.0729332,27.8560184],[85.0729822,27.8560535],[85.0730099,27.8560693],[85.0730435,27.8560845],[85.0731616,27.8561266],[85.0732019,27.856143],[85.0732376,27.8561624],[85.0732643,27.8561837],[85.0732839,27.8562064],[85.0733007,27.8562331],[85.0733148,27.8562635],[85.0733259,27.8562975],[85.0733342,27.8563351],[85.0733395,27.8563759],[85.0733418,27.8564197],[85.073341,27.856466],[85.073337,27.8565159],[85.0733299,27.8565674],[85.0733197,27.8566195],[85.0733066,27.8566715],[85.0732909,27.8567224],[85.0732729,27.8567708],[85.073253,27.8568158],[85.0732317,27.8568563],[85.0732071,27.8568957],[85.0731786,27.8569349],[85.0731469,27.8569731],[85.0731125,27.8570097],[85.0731093,27.8570128],[85.0731054,27.8570324],[85.0728707,27.8572671],[85.072854,27.8572722],[85.0728528,27.8572771],[85.0728487,27.8572853],[85.0728427,27.8572923],[85.0728346,27.8572981],[85.0728243,27.8573027],[85.0728025,27.8573083],[85.0727454,27.857317],[85.0727208,27.8573251],[85.0726767,27.857351],[85.0726221,27.8573916],[85.0726145,27.8574039],[85.0725955,27.8574291],[85.072583,27.8574448],[85.0725671,27.8574606],[85.0725013,27.8575122],[85.0724767,27.8575354],[85.0724584,27.8575578],[85.0724407,27.8575842],[85.0724219,27.8576172],[85.0723675,27.8577218],[85.0723474,27.8577532],[85.0723267,27.8577792],[85.072306,27.8577994],[85.072251,27.8578455],[85.0722374,27.8578594],[85.0722266,27.857873],[85.0722136,27.8578967],[85.0721902,27.8579592],[85.0721766,27.8579855],[85.072146,27.8580275],[85.0721146,27.8580617],[85.072083,27.8580873],[85.0720673,27.8580969],[85.0720516,27.8581043],[85.0720363,27.858109],[85.0720184,27.8581117],[85.0719485,27.8581133],[85.0719203,27.8581168],[85.0718799,27.8581266],[85.071847,27.8581367],[85.0718189,27.8581479],[85.0717953,27.8581606],[85.0717814,27.8581708],[85.0717686,27.8581834],[85.071757,27.8581986],[85.0717462,27.8582166],[85.0717286,27.858256],[85.0716999,27.8583393],[85.0716866,27.8583727],[85.07167,27.8584045],[85.0716515,27.8584294],[85.0716293,27.85845],[85.0716008,27.8584696],[85.0715712,27.8584861],[85.0714981,27.8585231],[85.0714637,27.8585437],[85.0714351,27.8585668],[85.0714139,27.8585919],[85.0713841,27.858641],[85.0713754,27.8586609],[85.0713702,27.8586795],[85.0713665,27.8587169],[85.0713702,27.8587545],[85.0713744,27.8587675],[85.071382,27.8587813],[85.0714236,27.8588361],[85.0714297,27.8588487],[85.0714327,27.8588607],[85.0714333,27.8588838],[85.0714302,27.8589086],[85.0714235,27.8589329],[85.0714139,27.8589545],[85.0714028,27.8589714],[85.0713882,27.8589879],[85.0713707,27.8590035],[85.0713514,27.859017],[85.071328,27.8590285],[85.0712889,27.859042],[85.0712505,27.8590513],[85.0711627,27.8590633],[85.0711263,27.8590733],[85.0711026,27.8590849],[85.0710815,27.8590979],[85.0708257,27.8591026],[85.0706497,27.8591277],[85.070482,27.8591528],[85.0703479,27.8592786],[85.070239,27.8593372],[85.0700965,27.8593959],[85.0699959,27.8594713],[85.069887,27.8596054],[85.0698115,27.8597144],[85.0698115,27.8597479],[85.0698032,27.8600916],[85.0698199,27.8601586],[85.0699205,27.8603095],[85.069954,27.8604603],[85.0698953,27.8606447],[85.0696942,27.8607704],[85.0695638,27.8608322],[85.0695549,27.8608327],[85.0695067,27.8608328],[85.0694563,27.8608303],[85.0694039,27.8608253],[85.0693497,27.8608177],[85.0692938,27.8608075],[85.0692363,27.8607949],[85.0691774,27.8607798],[85.0691175,27.8607623],[85.0690571,27.8607425],[85.0689876,27.8607209],[85.0689578,27.8607099],[85.0689295,27.860696],[85.068907,27.86068],[85.0688912,27.8606634],[85.0688507,27.8606112],[85.0688161,27.8605806],[85.0687728,27.8605518],[85.0687316,27.8605293],[85.0686069,27.8604674],[85.0685594,27.8604386],[85.06845,27.8603661],[85.0683968,27.8603355],[85.0683648,27.8603208],[85.0683343,27.8603098],[85.0683047,27.8603025],[85.0682756,27.8602986],[85.0682286,27.8602931],[85.0682161,27.8602945],[85.0682068,27.8602986],[85.068196,27.8603116],[85.0681818,27.8603424],[85.068173,27.8603663],[85.0681681,27.8603943],[85.0681671,27.860427],[85.0681696,27.8604722],[85.0682013,27.8605029],[85.0682256,27.8605299],[85.0682869,27.8606063],[85.0683054,27.8606346],[85.0683194,27.8606612],[85.0683349,27.8607007],[85.0683467,27.8607422],[85.0683541,27.8607837],[85.0683569,27.8608238],[85.0683536,27.860874],[85.0683426,27.8609269],[85.0683246,27.86098],[85.0683006,27.8610301],[85.0682886,27.8610485],[85.068273,27.8610673],[85.0681935,27.8611428],[85.0681764,27.8611618],[85.0681631,27.8611801],[85.0681486,27.8612065],[85.068121,27.861268],[85.0681068,27.8612926],[85.0680917,27.8613118],[85.0680725,27.8613309],[85.0680479,27.861351],[85.0679704,27.8614085],[85.0679486,27.8614288],[85.0679318,27.8614489],[85.0679162,27.8614774],[85.0679046,27.8615142],[85.0678972,27.8615534],[85.0678841,27.8616486],[85.0678737,27.8616919],[85.0678659,27.8617114],[85.0678563,27.8617272],[85.067845,27.8617397],[85.0678317,27.861749],[85.067803,27.8617601],[85.0677659,27.8617667],[85.0677205,27.8617691],[85.0676567,27.8617678],[85.0676039,27.8617625],[85.067546,27.8617501],[85.0674825,27.8617309],[85.0673941,27.861699],[85.0672666,27.8616528],[85.0672289,27.8616371],[85.0671964,27.8616215],[85.067165,27.8616036],[85.0671377,27.8615846],[85.0671141,27.8615644],[85.067094,27.8615427],[85.0670732,27.8615149],[85.0670543,27.8614851],[85.0670382,27.8614545],[85.0670253,27.8614239],[85.0670153,27.8613848],[85.0670062,27.8613057],[85.0670003,27.8612739],[85.066993,27.8612498],[85.0669831,27.8612254],[85.0669707,27.8612005],[85.0669555,27.8611745],[85.0669222,27.8611264],[85.0668301,27.8610059],[85.0668066,27.86097],[85.0667885,27.8609368],[85.0667359,27.8609326],[85.066687,27.8609239],[85.0666417,27.8609105],[85.0666002,27.8608925],[85.0665376,27.860855],[85.066511,27.8608451],[85.0664799,27.8608385],[85.0664489,27.8608351],[85.0663712,27.8608299],[85.0663313,27.8608238],[85.066283,27.8608109],[85.0661856,27.8607795],[85.0661438,27.8607675],[85.0660254,27.8607402],[85.0658991,27.8607179],[85.0657638,27.8607003],[85.0656168,27.860687],[85.0655865,27.8606986],[85.0655538,27.8607078],[85.0655183,27.8607149],[85.0654795,27.8607198],[85.0654482,27.8607215],[85.0653191,27.8607118],[85.0649252,27.8606447],[85.0645397,27.8606028],[85.064129,27.8606196],[85.062964,27.8605441],[85.0625617,27.8605693],[85.062436,27.8605777],[85.0622851,27.8605777],[85.0621252,27.8606043],[85.062084,27.8606112],[85.0619191,27.8606112],[85.0618409,27.860519],[85.0614386,27.860452],[85.0610279,27.8604268],[85.0606005,27.8604184],[85.0602149,27.8603849],[85.0598769,27.8604417],[85.0598378,27.8604436],[85.0596305,27.8604255],[85.0596305,27.8604228],[85.0596001,27.8604224],[85.0596005,27.8603953],[85.0595396,27.8603945],[85.0595401,27.8603674],[85.0593878,27.8603653],[85.0593883,27.8603382],[85.0593274,27.8603373],[85.0593279,27.8603103],[85.059267,27.8603094],[85.0592675,27.8602823],[85.059237,27.8602819],[85.0592365,27.860309],[85.0592061,27.8603085],[85.0592066,27.8602815],[85.0591456,27.8602806],[85.0591459,27.8602657],[85.0590201,27.8602459],[85.0588989,27.8602198],[85.058855,27.8602076],[85.0587574,27.860177],[85.0587145,27.8601656],[85.0586717,27.8601572],[85.0586242,27.8601509],[85.058569,27.8601464],[85.0584017,27.8601367],[85.0583489,27.8601306],[85.0583022,27.8601222],[85.0582295,27.8601054],[85.058163,27.8600881],[85.0581011,27.8600698],[85.0580433,27.8600505],[85.057989,27.8600298],[85.0579382,27.8600077],[85.0578907,27.8599843],[85.0578465,27.8599594],[85.0578021,27.8599306],[85.0577575,27.8598974],[85.0577125,27.8598597],[85.0576665,27.8598169],[85.0576209,27.8597707],[85.0575722,27.8597178],[85.0574451,27.8595688],[85.0574193,27.8595365],[85.0573939,27.8595013],[85.0573432,27.8594208],[85.057299,27.8593406],[85.0571994,27.8591477],[85.0571463,27.8590554],[85.0571185,27.8590128],[85.0570905,27.8589743],[85.0570621,27.8589391],[85.0570328,27.858907],[85.056912,27.8587844],[85.0568675,27.8587434],[85.0568261,27.8587086],[85.0567842,27.8586774],[85.0567434,27.8586515],[85.0567034,27.8586304],[85.0566639,27.858614],[85.0566287,27.8586053],[85.0565871,27.8586018],[85.0565454,27.8586027],[85.0564423,27.8586096],[85.056391,27.8586086],[85.0563663,27.8586051],[85.0563441,27.8585995],[85.056324,27.8585917],[85.0563058,27.8585815],[85.0562738,27.8585575],[85.0562407,27.8585272],[85.0562187,27.8585029],[85.0561968,27.8584737],[85.0561431,27.8583862],[85.0561199,27.8583448],[85.0560981,27.8583017],[85.0560779,27.858257],[85.0560592,27.8582109],[85.0560269,27.8581154],[85.056002,27.8580173],[85.0559988,27.8579976],[85.0559113,27.8579988],[85.0557192,27.8580048],[85.0556404,27.8580057],[85.0555448,27.858003],[85.0554595,27.8579956],[85.0553493,27.8579806],[85.055244,27.857963],[85.0551434,27.8579427],[85.0550472,27.8579196],[85.0549725,27.8578993],[85.0548919,27.8578923],[85.0548144,27.8578826],[85.0547397,27.85787],[85.0546675,27.8578545],[85.0545309,27.8578204],[85.0544825,27.8578054],[85.0544396,27.8577894],[85.0543603,27.8577536],[85.0542877,27.8577135],[85.0542345,27.8576773],[85.0541791,27.8576325],[85.054121,27.8575789],[85.0540382,27.8574965],[85.0539969,27.8574518],[85.0539541,27.8573988],[85.0538297,27.8572248],[85.0537878,27.8571691],[85.0537498,27.8571235],[85.0537127,27.8570842],[85.0536631,27.8570369],[85.0536114,27.8569908],[85.0535578,27.856946],[85.0535024,27.8569027],[85.0534455,27.8568611],[85.0533873,27.8568214],[85.053328,27.8567835],[85.0532678,27.8567478],[85.0532409,27.8567345],[85.0532089,27.8567223],[85.0530737,27.8566845],[85.0530447,27.8566747],[85.0530202,27.8566646],[85.0529942,27.8566505],[85.0529728,27.8566345],[85.0529556,27.8566164],[85.0529423,27.8565959],[85.0529206,27.8565417],[85.0529002,27.8565054],[85.0528737,27.8564717],[85.0528408,27.8564403],[85.0528008,27.8564106],[85.0527633,27.8563875],[85.0527188,27.8563638],[85.0525684,27.856294],[85.0525168,27.8562683],[85.052471,27.8562423],[85.0524324,27.8562162],[85.0523702,27.8561667],[85.0523041,27.8561073],[85.052241,27.8560457],[85.0520811,27.8558837],[85.0520335,27.8558382],[85.0519898,27.855799],[85.051939,27.8557573],[85.0518898,27.8557211],[85.051841,27.8556897],[85.0517922,27.8556629],[85.0517031,27.8556208],[85.0516186,27.8555869],[85.0515841,27.8555754],[85.0515484,27.8555657],[85.0515117,27.8555577],[85.0514737,27.8555515],[85.0514344,27.855547],[85.0513936,27.8555442],[85.0513066,27.8555436],[85.0512293,27.855548],[85.0511424,27.8555569],[85.0508464,27.8556002],[85.0507339,27.8556137],[85.0506761,27.8556184],[85.0506223,27.8556209],[85.0505713,27.8556213],[85.0505228,27.8556195],[85.0503825,27.8556102],[85.0502707,27.8556006],[85.05017,27.8555894],[85.0500779,27.8555761],[85.0499809,27.8555583],[85.049882,27.8555364],[85.0497814,27.8555104],[85.0496786,27.8554802],[85.0495737,27.8554458],[85.0494661,27.855407],[85.0493555,27.8553636],[85.0492413,27.8553156],[85.0491756,27.8553119],[85.0491139,27.8553052],[85.0490565,27.8552956],[85.0490038,27.8552831],[85.0489738,27.8552737],[85.0489432,27.8552618],[85.0488783,27.8552302],[85.048815,27.8551927],[85.0486472,27.8550848],[85.0485956,27.855056],[85.0485481,27.8550336],[85.0484165,27.854977],[85.0483402,27.8549478],[85.0482675,27.8549264],[85.0482336,27.8549192],[85.0482009,27.8549142],[85.0481622,27.8549109],[85.0481189,27.8549099],[85.0479948,27.8549142],[85.0479772,27.8549152],[85.0479401,27.8549347],[85.047908,27.8549576],[85.0478429,27.8550227],[85.0478062,27.8550502],[85.0477616,27.8550755],[85.0477158,27.8550964],[85.0475985,27.8551443],[85.0475667,27.8551595],[85.0475391,27.8551746],[85.0475067,27.855195],[85.047474,27.8552182],[85.0474057,27.8552737],[85.0473435,27.8553312],[85.0472004,27.8554712],[85.0471274,27.855536],[85.047091,27.8555646],[85.0470556,27.8555896],[85.0470206,27.8556115],[85.0469857,27.8556303],[85.0469523,27.8556445],[85.0469127,27.8556569],[85.0468715,27.8556668],[85.0467637,27.8556893],[85.0467074,27.8557054],[85.0466795,27.8557167],[85.0466554,27.8557294],[85.0466346,27.855744],[85.0466168,27.8557605],[85.0466023,27.8557777],[85.0465884,27.8557975],[85.0465622,27.8558449],[85.046538,27.8559026],[85.0465083,27.8559884],[85.0464985,27.856023],[85.0464907,27.8560628],[85.0464696,27.8562295],[85.0464626,27.8562626],[85.0464541,27.8562922],[85.0464371,27.856334],[85.0464137,27.8563782],[85.0463828,27.8564266],[85.0463124,27.8565259],[85.0462835,27.8565695],[85.0462566,27.8566169],[85.0462371,27.856661],[85.0462256,27.8566976],[85.0462167,27.85674],[85.0461991,27.8568822],[85.0461906,27.8569325],[85.0461779,27.8569791],[85.0461611,27.8570191],[85.046136,27.8570663],[85.0461155,27.8571],[85.046095,27.8571276],[85.0460743,27.8571493],[85.0460566,27.8571631],[85.0460362,27.857175],[85.0460129,27.8571853],[85.0459862,27.857194],[85.0459324,27.8572057],[85.0458031,27.8572252],[85.045747,27.8572347],[85.0456887,27.8572415],[85.0456282,27.8572457],[85.0455649,27.8572473],[85.0454989,27.8572464],[85.0454291,27.8572429],[85.0453545,27.8572367],[85.0452728,27.8572278],[85.0451771,27.8572455],[85.0450764,27.8572621],[85.0449728,27.8572772],[85.04487,27.8572903],[85.0448254,27.8572946],[85.0447787,27.8572972],[85.0446759,27.8572971],[85.0445756,27.8572919],[85.0443257,27.8572731],[85.044256,27.8572701],[85.0441936,27.8572696],[85.0441259,27.8572721],[85.044063,27.8572782],[85.0440038,27.8572878],[85.0439477,27.8573012],[85.0439016,27.8573166],[85.0437901,27.8573607],[85.0437591,27.8573705],[85.0437307,27.8573771],[85.0436692,27.8573854],[85.0436021,27.8573882],[85.043529,27.8573854],[85.0434486,27.8573771],[85.0433933,27.8573663],[85.0433334,27.8573474],[85.0432722,27.8573226],[85.0431536,27.8572683],[85.0431039,27.8572471],[85.0430515,27.8572278],[85.0430038,27.8572144],[85.0429594,27.8572053],[85.0429126,27.8571982],[85.042863,27.857193],[85.0428095,27.8571895],[85.0427072,27.8571875],[85.0424427,27.8571901],[85.0423665,27.8571874],[85.0422985,27.8571818],[85.0421661,27.8571664],[85.0420561,27.8571513],[85.0419564,27.8571349],[85.0418645,27.8571167],[85.0417929,27.8571002],[85.0417148,27.8570798],[85.0415065,27.8570191],[85.0412688,27.8569453],[85.041069,27.856877],[85.0409769,27.8568427],[85.0408892,27.8568081],[85.0408055,27.8567729],[85.0407253,27.856737],[85.0406602,27.8567044],[85.0405894,27.856664],[85.040522,27.856622],[85.0403556,27.8565145],[85.0402655,27.8564608],[85.0402178,27.8564353],[85.0401724,27.8564134],[85.0401283,27.8563946],[85.0400851,27.856379],[85.0400382,27.8563649],[85.0399851,27.8563521],[85.0398176,27.8563204],[85.0397581,27.8563265],[85.0397054,27.8563356],[85.0396791,27.8563422],[85.03965,27.8563516],[85.0395297,27.8563976],[85.0394775,27.8564115],[85.0394253,27.8564192],[85.0393673,27.8564234],[85.0393024,27.8564244],[85.0392172,27.8564224],[85.0391731,27.8564193],[85.0391276,27.8564132],[85.0390803,27.8564039],[85.0390304,27.8563914],[85.0389806,27.8563764],[85.0389256,27.8563577],[85.0387126,27.8562769],[85.0386213,27.8562454],[85.0385712,27.8562309],[85.0385242,27.8562195],[85.0384793,27.856211],[85.038436,27.8562054],[85.0383124,27.856196],[85.0381932,27.8561929],[85.0380788,27.856196],[85.0379694,27.8562054],[85.0378679,27.8562196],[85.0377741,27.8562379],[85.0375574,27.856281],[85.0374988,27.8562963],[85.0374489,27.8563132],[85.0374003,27.8563351],[85.0373591,27.8563603],[85.0373246,27.8563893],[85.0372967,27.8564224],[85.03727,27.8564637],[85.0372533,27.8564983],[85.0372467,27.8565192],[85.0372419,27.8565417],[85.037238,27.8565906],[85.0372419,27.8566427],[85.0372533,27.8566936],[85.037265,27.8567207],[85.0373046,27.8567833],[85.0373184,27.8568129],[85.0373267,27.8568423],[85.0373328,27.856873],[85.0373365,27.8569044],[85.0373378,27.856936],[85.0373365,27.8569669],[85.0373328,27.8569968],[85.0373268,27.8570251],[85.0373184,27.8570516],[85.0373016,27.857094],[85.037294,27.857107],[85.0372859,27.8571167],[85.0372774,27.8571234],[85.037267,27.857129],[85.0372406,27.8571367],[85.0372068,27.8571399],[85.0371665,27.8571384],[85.0371489,27.8571351],[85.0371317,27.8571281],[85.0371145,27.8571174],[85.0370972,27.8571028],[85.0370674,27.8570699],[85.0369985,27.8569804],[85.036979,27.8569595],[85.0369604,27.8569431],[85.0369225,27.8569167],[85.0368777,27.8568906],[85.0367309,27.856819],[85.0366842,27.8567945],[85.0366461,27.8567714],[85.0366132,27.8567478],[85.036488,27.8566533],[85.0364534,27.856624],[85.0364249,27.8565965],[85.0363988,27.8565666],[85.0363783,27.8565369],[85.036363,27.856507],[85.0363528,27.8564766],[85.0363461,27.8564456],[85.036342,27.8564172],[85.0363406,27.8563914],[85.0363419,27.8563681],[85.0363458,27.8563498],[85.0363534,27.8563301],[85.036394,27.8562582],[85.036407,27.8562271],[85.0364228,27.8561703],[85.0364308,27.8561294],[85.0364328,27.8560941],[85.0364287,27.8560643],[85.0364231,27.856048],[85.0364148,27.8560312],[85.0364038,27.856014],[85.0363901,27.8559965],[85.0363549,27.8559604],[85.0363094,27.8559233],[85.0362889,27.8559099],[85.036266,27.8558983],[85.0362403,27.8558885],[85.0362114,27.8558801],[85.036158,27.8558695],[85.0360494,27.8558548],[85.0360056,27.8558473],[85.0359479,27.8558369],[85.035884,27.8558277],[85.035614,27.8557993],[85.0355514,27.8557912],[85.0354956,27.8557822],[85.0353128,27.855747],[85.0351543,27.8557112],[85.03501,27.8556726],[85.0348772,27.8556303],[85.0347243,27.8555761],[85.0346728,27.8555546],[85.0346276,27.8555327],[85.0345909,27.8555094],[85.0345258,27.8554581],[85.0344993,27.8554392],[85.0344706,27.8554232],[85.0344432,27.8554133],[85.0344161,27.8554086],[85.0343455,27.8554025],[85.0343087,27.8553955],[85.0342708,27.855386],[85.0342318,27.855374],[85.0341909,27.8553592],[85.0341048,27.8553223],[85.0339801,27.8552614],[85.0337995,27.8552597],[85.033695,27.8552565],[85.0335976,27.85525],[85.0335101,27.8552397],[85.0334492,27.8552289],[85.0333818,27.8552134],[85.033165,27.8551529],[85.0330877,27.8551332],[85.0330135,27.8551183],[85.0329459,27.8551095],[85.0328844,27.8551067],[85.0328154,27.8551088],[85.0327496,27.8551143],[85.0325956,27.8551309],[85.0325208,27.855136],[85.0324534,27.8551362],[85.0323925,27.8551312],[85.0322934,27.855116],[85.0322543,27.8551079],[85.0322189,27.8550987],[85.0321865,27.8550876],[85.0321518,27.8550724],[85.0320115,27.8549963],[85.0319783,27.8549805],[85.0319477,27.8549685],[85.0319033,27.8549551],[85.0317916,27.8549288],[85.0317415,27.8549142],[85.0316829,27.8548904],[85.0316211,27.854858],[85.0315561,27.8548176],[85.0314263,27.8547289],[85.0313703,27.8546927],[85.0313097,27.8546583],[85.0312533,27.8546321],[85.0312138,27.8546177],[85.0311169,27.8545865],[85.0310688,27.854567],[85.0310068,27.8545348],[85.0309475,27.8544983],[85.0308919,27.8544582],[85.030841,27.8544151],[85.0308067,27.8543825],[85.0307779,27.8543524],[85.0307532,27.8543236],[85.0307325,27.8542958],[85.0307214,27.8542776],[85.0307119,27.8542577],[85.0306973,27.854212],[85.0306877,27.854156],[85.030677,27.8540321],[85.0306695,27.8539794],[85.0306633,27.8539517],[85.0306555,27.8539268],[85.030646,27.8539041],[85.0306348,27.8538835],[85.0306086,27.8538439],[85.0305806,27.8538075],[85.0305386,27.8537625],[85.0304896,27.8537198],[85.0304345,27.8536803],[85.0303744,27.8536448],[85.0303489,27.8536325],[85.0303193,27.8536211],[85.0302043,27.8535862],[85.0301575,27.8535688],[85.030081,27.8535334],[85.0300103,27.8534963],[85.0299453,27.8534575],[85.0298862,27.8534169],[85.0298535,27.8533915],[85.0298208,27.8533632],[85.0297876,27.8533317],[85.0297535,27.8532966],[85.0296865,27.8532206],[85.0295716,27.8530806],[85.0294859,27.8529767],[85.0294305,27.8529058],[85.0293831,27.8528394],[85.0293437,27.8527768],[85.0293014,27.8527048],[85.029278,27.8526613],[85.0292592,27.8526199],[85.0292461,27.8525815],[85.029237,27.8525337],[85.0292298,27.8524368],[85.0292244,27.852397],[85.0292113,27.8523436],[85.0291919,27.8522853],[85.0291697,27.8522297],[85.0291107,27.852092],[85.0290833,27.8520173],[85.0290504,27.8519068],[85.0290184,27.8517839],[85.0289868,27.8516482],[85.0289423,27.8514422],[85.0289001,27.8512466],[85.0288768,27.8511296],[85.028858,27.8510204],[85.0288446,27.8509214],[85.0288398,27.8508688],[85.0288372,27.8508136],[85.0288368,27.8507555],[85.0288385,27.8506931],[85.0288464,27.8505736],[85.0288749,27.8502638],[85.0288795,27.8501737],[85.0288803,27.850093],[85.0287361,27.8498798],[85.0287158,27.8498476],[85.028695,27.8498106],[85.0286196,27.8496593],[85.0285849,27.8495969],[85.0285639,27.8495648],[85.0285426,27.8495364],[85.0285205,27.8495114],[85.0284974,27.8494892],[85.0284549,27.8494548],[85.0284091,27.8494228],[85.0283613,27.8493942],[85.028313,27.8493699],[85.0282683,27.8493534],[85.0282164,27.8493417],[85.0281625,27.8493345],[85.0280147,27.8493212],[85.0279713,27.8493141],[85.0279332,27.8493048],[85.0278409,27.8492798],[85.0277985,27.8492661],[85.027759,27.8492489],[85.0277271,27.8492288],[85.0277083,27.8492123],[85.0276898,27.849191],[85.0276323,27.8491074],[85.0276077,27.8490769],[85.0275578,27.8490253],[85.027509,27.8489792],[85.0274611,27.8489382],[85.0274137,27.8489021],[85.0273667,27.8488708],[85.0273201,27.8488443],[85.0272739,27.8488226],[85.027228,27.8488057],[85.0271945,27.8487962],[85.0271574,27.8487879],[85.0270652,27.8487731],[85.0270316,27.8487705],[85.0269935,27.848771],[85.0268641,27.8487836],[85.0268162,27.8487858],[85.0267694,27.8487827],[85.0267485,27.8487787],[85.0267289,27.8487731],[85.0267091,27.8487646],[85.0266877,27.8487516],[85.0266191,27.8486985],[85.0265939,27.8486815],[85.0265683,27.8486694],[85.0265444,27.8486646],[85.0265232,27.848665],[85.0264997,27.8486681],[85.0264749,27.8486739],[85.0264499,27.8486821],[85.0264259,27.8486923],[85.0264042,27.848704],[85.0263856,27.8487166],[85.0263708,27.8487297],[85.0263567,27.8487489],[85.0263462,27.8487732],[85.0263393,27.8488025],[85.026336,27.8488365],[85.0263365,27.8488755],[85.0263408,27.8489185],[85.0263487,27.8489647],[85.02636,27.8490118],[85.026373,27.8490532],[85.0263883,27.8490909],[85.0264057,27.8491242],[85.0264251,27.8491529],[85.0264459,27.8491736],[85.0265026,27.8492156],[85.0265143,27.8492276],[85.0265227,27.8492397],[85.0265348,27.8492676],[85.0265427,27.8493003],[85.0265461,27.8493355],[85.0265444,27.8493699],[85.0265392,27.849396],[85.0265299,27.8494235],[85.0265169,27.8494516],[85.026501,27.8494784],[85.026487,27.8494971],[85.0264701,27.8495152],[85.0264507,27.8495325],[85.0264289,27.8495488],[85.0264051,27.8495638],[85.0263798,27.8495772],[85.0263537,27.8495886],[85.0263274,27.8495977],[85.0262941,27.8496056],[85.0262571,27.84961],[85.0262172,27.849611],[85.0261755,27.8496086],[85.0261376,27.8496026],[85.0260968,27.8495918],[85.0260526,27.8495761],[85.0260019,27.8495543],[85.0259747,27.8495402],[85.0259458,27.849522],[85.0258414,27.849443],[85.0257958,27.8494133],[85.0257382,27.8493848],[85.0256078,27.8493306],[85.0255571,27.8493048],[85.0254567,27.8492438],[85.025416,27.8492162],[85.0253794,27.8491891],[85.0253458,27.8491616],[85.0253155,27.8491339],[85.0252884,27.8491057],[85.0252641,27.8490769],[85.0252215,27.8490205],[85.0252086,27.8489992],[85.025199,27.8489793],[85.0251926,27.8489602],[85.0251876,27.848938],[85.0251773,27.8488599],[85.0251736,27.8488209],[85.0251734,27.8487761],[85.0251871,27.848607],[85.0251881,27.8485409],[85.0251847,27.8485068],[85.0251783,27.8484767],[85.0251686,27.8484498],[85.0251556,27.8484259],[85.0251388,27.8484031],[85.0251184,27.8483804],[85.0250945,27.8483578],[85.0250671,27.8483355],[85.0250364,27.8483135],[85.0250026,27.8482922],[85.0249662,27.8482716],[85.0249278,27.8482523],[85.0249046,27.8482436],[85.0248768,27.8482373],[85.0247752,27.8482268],[85.0247379,27.84822],[85.0247197,27.8482142],[85.0247038,27.8482069],[85.0246901,27.8481979],[85.0246782,27.8481872],[85.0246457,27.8481438],[85.0246247,27.8481274],[85.0245972,27.8481152],[85.0245677,27.8481074],[85.0244894,27.8480925],[85.0244682,27.8480862],[85.0244504,27.8480787],[85.0244261,27.8480652],[85.0244005,27.848048],[85.0243008,27.8479685],[85.0242551,27.8479377],[85.0242395,27.8479292],[85.0240833,27.8479307],[85.0240164,27.8479268],[85.0239,27.84791],[85.023793,27.8478883],[85.0236945,27.8478614],[85.0236483,27.8478459],[85.0236041,27.8478292],[85.0235684,27.8478132],[85.0235303,27.8477931],[85.0234876,27.8477675],[85.0233595,27.8476862],[85.0233174,27.8476629],[85.0232786,27.8476447],[85.0232148,27.8476215],[85.02307,27.8475794],[85.0230073,27.8475579],[85.0229693,27.8475421],[85.0229305,27.8475238],[85.022849,27.8474791],[85.0227634,27.8474252],[85.0225928,27.8473086],[85.0225194,27.8472608],[85.0224404,27.8472145],[85.0223672,27.8471782],[85.022289,27.8471457],[85.0222002,27.8471136],[85.0221136,27.8470855],[85.0219012,27.84702],[85.0217921,27.8469829],[85.0213879,27.8468407],[85.0212878,27.8468036],[85.021199,27.8467687],[85.0211039,27.8467284],[85.0210165,27.8466878],[85.0209352,27.8466462],[85.0208591,27.8466032],[85.0207551,27.8465394],[85.0206616,27.8464779],[85.0205762,27.8464171],[85.020498,27.8463564],[85.020408,27.8463529],[85.0203534,27.8463544],[85.0203046,27.8463617],[85.0202828,27.8463677],[85.0202623,27.8463753],[85.0202165,27.8464004],[85.0201972,27.8464079],[85.0201745,27.8464122],[85.0201514,27.8464137],[85.0201298,27.8464122],[85.0201104,27.8464079],[85.0200961,27.8464019],[85.0200809,27.846393],[85.0200453,27.8463645],[85.0200303,27.8463481],[85.0200185,27.8463286],[85.0200097,27.8463059],[85.0200039,27.8462795],[85.0200001,27.8462263],[85.0200026,27.8461246],[85.020002,27.8460858],[85.0199983,27.8460487],[85.0199911,27.8460173],[85.0199615,27.8459368],[85.0199151,27.8458328],[85.0198504,27.845702],[85.0198188,27.8456444],[85.0197871,27.8455908],[85.0197549,27.8455406],[85.0197222,27.8454938],[85.0196888,27.8454502],[85.0196547,27.8454097],[85.019627,27.845381],[85.0195936,27.8453512],[85.01948,27.8452627],[85.0194423,27.8452314],[85.0194101,27.8452009],[85.0193835,27.845171],[85.0193393,27.8451111],[85.0192974,27.845044],[85.0192578,27.8449699],[85.0192207,27.8448889],[85.0191935,27.8448192],[85.0191698,27.8447466],[85.0191498,27.8446718],[85.0191339,27.8445959],[85.0191233,27.8445272],[85.0191161,27.8444569],[85.0190797,27.8444006],[85.0190557,27.8443685],[85.019027,27.8443339],[85.0189002,27.8441929],[85.018874,27.8441602],[85.0188518,27.8441294],[85.0188166,27.844073],[85.0187836,27.8440117],[85.0187525,27.843945],[85.0187228,27.8438717],[85.0186977,27.8438016],[85.0186719,27.843722],[85.0185806,27.8434133],[85.018513,27.8431982],[85.0184952,27.8431289],[85.0184829,27.8430661],[85.0184752,27.8430105],[85.0184697,27.8429527],[85.0184663,27.8428929],[85.0184652,27.8428307],[85.0184663,27.8427663],[85.0184696,27.8426993],[85.0184829,27.8425561],[85.0184979,27.8424502],[85.0185175,27.8423474],[85.0185415,27.8422487],[85.0185697,27.8421547],[85.0185891,27.8421029],[85.0186142,27.8420475],[85.0186461,27.8419859],[85.0187472,27.8418028],[85.0187757,27.8417431],[85.0187976,27.8416881],[85.0188097,27.8416467],[85.0188344,27.841539],[85.0188439,27.8415099],[85.0188547,27.8414853],[85.0188525,27.8414225],[85.0188566,27.8413651],[85.0188671,27.841313],[85.0188839,27.8412661],[85.0189115,27.8411317],[85.0189495,27.8409829],[85.018971,27.840909],[85.0189737,27.840863],[85.0189794,27.8408115],[85.0190037,27.8406574],[85.0190131,27.8406065],[85.0190252,27.840555],[85.0190401,27.840503],[85.0190576,27.8404504],[85.0190779,27.8403974],[85.0191007,27.8403441],[85.0191262,27.8402906],[85.0191542,27.840237],[85.0191848,27.8401831],[85.0192178,27.8401295],[85.0192532,27.8400762],[85.0192907,27.8400234],[85.0193303,27.8399714],[85.0193717,27.8399203],[85.0194148,27.8398704],[85.0194594,27.8398219],[85.0194919,27.8397902],[85.0195299,27.8397575],[85.0195739,27.8397233],[85.0196368,27.8396778],[85.0196547,27.8396483],[85.0196688,27.8396202],[85.0196819,27.8395882],[85.0197324,27.8394261],[85.0197472,27.839388],[85.0197632,27.8393554],[85.0197922,27.839311],[85.0198659,27.8392159],[85.0198934,27.8391709],[85.01991,27.8391313],[85.019941,27.8390302],[85.0199585,27.8389865],[85.0199764,27.8389545],[85.0199983,27.8389235],[85.0200245,27.8388932],[85.0200555,27.8388629],[85.020087,27.838836],[85.0201239,27.8388076],[85.0202688,27.8387066],[85.0203269,27.8386627],[85.0203563,27.8386377],[85.0203822,27.838613],[85.020405,27.8385883],[85.0204251,27.8385633],[85.0204566,27.8385186],[85.020489,27.8384682],[85.0205661,27.8383355],[85.0205901,27.8382895],[85.0206123,27.8382399],[85.0206332,27.8381864],[85.020653,27.8381278],[85.0206847,27.8380171],[85.020752,27.8377499],[85.0207722,27.8376807],[85.0207927,27.8376195],[85.0208169,27.8375578],[85.0208429,27.8375016],[85.0208714,27.8374499],[85.0209024,27.8374024],[85.0209315,27.8373647],[85.0210024,27.8372807],[85.0210326,27.8372397],[85.0210516,27.8372085],[85.0210701,27.8371728],[85.0211385,27.8370141],[85.0211561,27.836978],[85.0211737,27.8369467],[85.0211968,27.8369123],[85.0212254,27.8368757],[85.0213264,27.8367629],[85.0213605,27.8367222],[85.0213897,27.8366817],[85.0214124,27.8366429],[85.021437,27.836592],[85.0214579,27.8365423],[85.0214751,27.8364941],[85.0214883,27.8364476],[85.021495,27.8364093],[85.0214971,27.8363654],[85.0214956,27.836323],[85.0214884,27.8362241],[85.0214877,27.8361773],[85.0214913,27.8361365],[85.0214992,27.8361004],[85.0215054,27.8360791],[85.0214754,27.8360505],[85.0214449,27.8360245],[85.0214234,27.8360088],[85.0213992,27.8359947],[85.0213723,27.835982],[85.0213421,27.8359703],[85.0212839,27.835953],[85.021147,27.8359196],[85.0210864,27.8358999],[85.0210615,27.8358892],[85.0210389,27.8358775],[85.0210185,27.8358648],[85.0210001,27.8358509],[85.0209613,27.8358157],[85.0209235,27.8357755],[85.0208077,27.8357439],[85.0207526,27.8357274],[85.0206994,27.8357085],[85.0206529,27.8356881],[85.0206084,27.8356635],[85.0205119,27.8356026],[85.0204685,27.8355796],[85.0204255,27.8355627],[85.0203764,27.8355489],[85.0203203,27.8355376],[85.0202023,27.8355194],[85.0201523,27.8355102],[85.0201007,27.8354975],[85.0200562,27.835482],[85.0200173,27.8354636],[85.0199755,27.8354388],[85.0198452,27.8353466],[85.0197985,27.8353164],[85.0197525,27.8352921],[85.019709,27.8352758],[85.0196773,27.8352676],[85.0196434,27.8352612],[85.0196072,27.8352564],[85.0195679,27.8352532],[85.0194856,27.8352513],[85.0193401,27.8352541],[85.0192923,27.8352568],[85.0192389,27.8352636],[85.019055,27.8352994],[85.0189847,27.83531],[85.018948,27.8353131],[85.0189141,27.8353138],[85.0188821,27.8353123],[85.0188518,27.8353084],[85.0188043,27.8352981],[85.0187552,27.8352833],[85.0187044,27.8352639],[85.0186514,27.8352399],[85.0185968,27.8352115],[85.0185391,27.835178],[85.0184773,27.8351389],[85.018407,27.8350914],[85.0183598,27.8350568],[85.0183124,27.8350184],[85.0182645,27.8349759],[85.0182159,27.834929],[85.0181667,27.8348782],[85.0181152,27.8348215],[85.0179947,27.8346791],[85.0179564,27.8346292],[85.0179167,27.8345711],[85.0177998,27.83438],[85.0177587,27.8343163],[85.017719,27.8342606],[85.01768,27.8342125],[85.0176445,27.8341754],[85.0176016,27.834137],[85.0175576,27.8341017],[85.0174462,27.8340169],[85.01739,27.8339694],[85.0173629,27.8339434],[85.0173392,27.8339176],[85.0173184,27.8338917],[85.0173003,27.8338653],[85.017274,27.8338223],[85.0172569,27.8337894],[85.01724,27.8337452],[85.0172283,27.8336969],[85.0172218,27.8336448],[85.0172206,27.8335893],[85.0172246,27.8335304],[85.017234,27.8334692],[85.0172485,27.8334067],[85.0172677,27.8333445],[85.0172943,27.8332772],[85.0173078,27.8332496],[85.017322,27.8332252],[85.0173361,27.8332049],[85.0173527,27.833185],[85.0173939,27.8331454],[85.0174418,27.8331082],[85.017539,27.8330407],[85.0175999,27.8329954],[85.0176189,27.8329839],[85.0176366,27.8329756],[85.0176657,27.8329672],[85.0176998,27.8329629],[85.0177383,27.8329621],[85.0177994,27.8329648],[85.0178516,27.8329693],[85.0179055,27.8329781],[85.0179607,27.8329911],[85.0180164,27.8330082],[85.0180791,27.8330299],[85.0181185,27.8330461],[85.018152,27.8330642],[85.0181791,27.8330841],[85.0181986,27.8331052],[85.0182363,27.8331598],[85.0182551,27.8331818],[85.0182844,27.8332066],[85.0183206,27.8332303],[85.0183609,27.8332521],[85.0184395,27.8332903],[85.0185153,27.8333241],[85.0185971,27.8333527],[85.0186856,27.8333765],[85.0187821,27.8333957],[85.0188794,27.8334096],[85.0189889,27.8334207],[85.0190983,27.8334284],[85.0193401,27.8334422],[85.0193982,27.8334445],[85.0194633,27.8334441],[85.0196815,27.8334342],[85.0197628,27.8334325],[85.0198432,27.8334349],[85.0199151,27.8334422],[85.0200316,27.8334619],[85.0201411,27.8334866],[85.0202433,27.8335162],[85.0203383,27.8335507],[85.0204656,27.8336033],[85.0205098,27.8336238],[85.0205488,27.833644],[85.0205856,27.8336655],[85.0206186,27.8336877],[85.0206482,27.8337109],[85.0206746,27.8337351],[85.020701,27.8337656],[85.020756,27.8338435],[85.0207831,27.8338762],[85.0208131,27.8339034],[85.0208509,27.8339295],[85.0208894,27.8339516],[85.0209786,27.8339982],[85.0210166,27.8340207],[85.0210432,27.8340028],[85.0210652,27.8339847],[85.0211028,27.8339496],[85.0211275,27.8339241],[85.0211475,27.8338997],[85.0211628,27.8338762],[85.021176,27.8338483],[85.0211867,27.833815],[85.0211951,27.8337777],[85.0212062,27.8337134],[85.0212101,27.8336777],[85.0212098,27.8336369],[85.0211947,27.8335],[85.0211921,27.8334514],[85.0211956,27.8334054],[85.0212,27.8333851],[85.0212062,27.8333662],[85.0212154,27.8333474],[85.0212283,27.8333284],[85.0212096,27.8333052],[85.0211328,27.8330366],[85.0207808,27.8325254],[85.0207369,27.8324978],[85.0207172,27.8324302],[85.0206948,27.8323599],[85.0206723,27.8322995],[85.0206486,27.832246],[85.0206084,27.8321667],[85.0205678,27.8320933],[85.0205266,27.8320255],[85.0204847,27.8319629],[85.0204574,27.8319269],[85.0204268,27.8318912],[85.0203926,27.8318556],[85.0203541,27.8318194],[85.0202697,27.8317488],[85.0202157,27.8317078],[85.0196074,27.8308407],[85.019499,27.8307782],[85.0194482,27.8306061],[85.0193308,27.8304636],[85.0192805,27.8303127],[85.0192805,27.8302121],[85.0193225,27.8300361],[85.0192638,27.8298937],[85.0191548,27.829726],[85.0190543,27.8296003],[85.0189202,27.8294075],[85.0187944,27.8292483],[85.0187274,27.8291142],[85.0185514,27.8288963],[85.0184759,27.8287538],[85.0182999,27.8286029],[85.0180988,27.8284856],[85.0177132,27.8284269],[85.0174618,27.8283934],[85.0172858,27.8283431],[85.0169505,27.8281922],[85.0169322,27.8281789],[85.0167899,27.8280754],[85.016674,27.8279911],[85.0164644,27.8278402],[85.0163468,27.8278178],[85.0163337,27.8277958],[85.016307,27.8277557],[85.0162768,27.827715],[85.0162426,27.827673],[85.0161711,27.8275934],[85.0160271,27.8274452],[85.0159694,27.8273834],[85.0159126,27.827317],[85.0158656,27.8272545],[85.0158004,27.8271689],[85.0157857,27.8271438],[85.0157762,27.8271204],[85.0157692,27.8270873],[85.0157669,27.8270492],[85.0157692,27.827006],[85.0157762,27.8269565],[85.015785,27.8269249],[85.015788,27.8269186],[85.0157772,27.8268596],[85.0157727,27.8268184],[85.0157712,27.826775],[85.0157727,27.8267298],[85.0157772,27.8266836],[85.0157836,27.8266397],[85.0157911,27.8266026],[85.0158,27.8265699],[85.0158107,27.8265411],[85.0158282,27.8265072],[85.0158519,27.8264734],[85.0158819,27.8264393],[85.0159191,27.826404],[85.0159103,27.8263456],[85.0159008,27.8262984],[85.0158861,27.8262464],[85.0158284,27.8260856],[85.015811,27.8260326],[85.0157989,27.8259861],[85.0157911,27.8259433],[85.0157863,27.825879],[85.0157886,27.8258077],[85.0157974,27.8257295],[85.0158233,27.8255682],[85.0158323,27.8254991],[85.0158373,27.8254268],[85.0158358,27.8253622],[85.0158306,27.8252748],[85.0158267,27.8252495],[85.0158209,27.8252281],[85.0158171,27.8252204],[85.0157325,27.8251989],[85.0156925,27.8251863],[85.0156559,27.8251698],[85.0156263,27.8251498],[85.0155889,27.825117],[85.0155676,27.8250912],[85.0155587,27.8250733],[85.0155526,27.8250528],[85.0155494,27.8250297],[85.015549,27.825004],[85.0155515,27.8249759],[85.015557,27.8249457],[85.0155652,27.824914],[85.015576,27.8248816],[85.0155942,27.8248424],[85.0156211,27.8247997],[85.0156272,27.824781],[85.0156373,27.824761],[85.0156522,27.8247403],[85.0156716,27.8247189],[85.0157331,27.8246574],[85.0157496,27.8246368],[85.0157613,27.8246171],[85.0157643,27.8246095],[85.0157597,27.8245823],[85.0157516,27.8245534],[85.0157404,27.8245239],[85.0157269,27.8244961],[85.0157109,27.8244713],[85.0156902,27.8244462],[85.0156647,27.8244208],[85.0156347,27.8243955],[85.0156116,27.8243787],[85.0155931,27.8243708],[85.0155263,27.8243458],[85.015462,27.8243279],[85.0154322,27.8243224],[85.0154037,27.8243191],[85.0153707,27.8243192],[85.0153335,27.8243242],[85.0152979,27.8243323],[85.015291,27.8243341],[85.0152433,27.8243687],[85.0152233,27.8243815],[85.015202,27.8243912],[85.0151821,27.8243955],[85.0151424,27.824396],[85.0151046,27.8243915],[85.0150755,27.8243827],[85.0150646,27.824377],[85.0150564,27.8243704],[85.0150487,27.8243595],[85.0150435,27.8243448],[85.0150408,27.8243267],[85.0150406,27.8243053],[85.0150432,27.8242805],[85.0150483,27.8242539],[85.0150557,27.8242271],[85.0150647,27.8242027],[85.0150769,27.8241801],[85.0150946,27.8241565],[85.015117,27.8241323],[85.0151569,27.8240938],[85.0152001,27.824054],[85.0152402,27.8240219],[85.0152787,27.8239962],[85.0153162,27.8239764],[85.0153341,27.8239698],[85.0153551,27.8239649],[85.0154371,27.8239553],[85.0154695,27.8239484],[85.015514,27.8239242],[85.0155434,27.8238958],[85.0155592,27.8238842],[85.0155779,27.8238762],[85.0155989,27.8238716],[85.0156224,27.8238704],[85.0156486,27.8238726],[85.0156762,27.8238779],[85.0157073,27.8238865],[85.0157939,27.8239178],[85.0158119,27.8239258],[85.0158313,27.8239369],[85.0159128,27.8239926],[85.0159336,27.8240032],[85.0159532,27.82401],[85.0159647,27.8240124],[85.0159951,27.8239848],[85.0160104,27.823961],[85.0160705,27.8238675],[85.0160835,27.8237305],[85.0160873,27.8236915],[85.0160705,27.8235825],[85.0160426,27.823536],[85.0160335,27.8234946],[85.0160189,27.8234436],[85.0160006,27.8233911],[85.0159787,27.823337],[85.0159531,27.8232813],[85.0159235,27.8232233],[85.0158896,27.8231625],[85.0158507,27.8230973],[85.0158126,27.823042],[85.0157208,27.8229246],[85.0156868,27.8228738],[85.0156682,27.8228395],[85.0156522,27.8228037],[85.0156388,27.8227663],[85.015628,27.8227273],[85.0156198,27.8226865],[85.015614,27.8226439],[85.0156108,27.8225993],[85.01561,27.8225523],[85.0156152,27.8224577],[85.0156293,27.8223506],[85.0156502,27.8222374],[85.0156988,27.8220109],[85.0157176,27.821916],[85.0157335,27.8218178],[85.0157431,27.8217306],[85.015746,27.8216803],[85.0157466,27.8216325],[85.0157449,27.8215867],[85.015741,27.8215429],[85.0157347,27.8215008],[85.0157261,27.8214603],[85.0157151,27.8214214],[85.0157017,27.8213838],[85.015657,27.8212795],[85.015649,27.821253],[85.0156431,27.821225],[85.0156392,27.8211951],[85.0156373,27.821163],[85.015639,27.8210924],[85.0156528,27.8209438],[85.015656,27.8208804],[85.0156554,27.8208464],[85.015653,27.820815],[85.0156486,27.8207856],[85.0156421,27.820758],[85.0156257,27.8207106],[85.0155819,27.8206079],[85.0155676,27.8205643],[85.0155548,27.8205074],[85.0155455,27.8204484],[85.0155399,27.8203879],[85.015538,27.8203267],[85.0155399,27.8202653],[85.0155455,27.8202045],[85.0155548,27.820145],[85.0155676,27.8200875],[85.0155754,27.8200621],[85.0155863,27.8200343],[85.0156402,27.8199173],[85.0156502,27.8198896],[85.015657,27.819864],[85.0156628,27.8198178],[85.0156653,27.8197132],[85.0156719,27.8196703],[85.0156804,27.8196419],[85.0156915,27.8196131],[85.0157053,27.8195839],[85.0157218,27.8195541],[85.0156898,27.8195084],[85.0156546,27.8194677],[85.0156113,27.8194254],[85.015562,27.8193828],[85.0155066,27.8193398],[85.0154448,27.819296],[85.0154195,27.8192807],[85.0153893,27.8192661],[85.0152738,27.8192216],[85.0152295,27.8192012],[85.0152076,27.8191883],[85.0151887,27.8191745],[85.0151725,27.8191596],[85.0151588,27.8191434],[85.0151469,27.8191241],[85.0151238,27.8190767],[85.0151111,27.8190576],[85.0150984,27.8190445],[85.0150823,27.8190319],[85.0150133,27.8189914],[85.0149871,27.8189718],[85.014964,27.8189465],[85.0149428,27.818915],[85.0149228,27.8188767],[85.0148858,27.8187928],[85.0148686,27.8187576],[85.0148476,27.818723],[85.014825,27.8186952],[85.0148061,27.8186776],[85.0147591,27.8186391],[85.0147392,27.818619],[85.0147234,27.8185979],[85.0147092,27.8185742],[85.0146966,27.8185475],[85.0146854,27.8185176],[85.0146678,27.8184526],[85.0146438,27.8183329],[85.0146354,27.8182755],[85.014633,27.8182102],[85.0146352,27.8181476],[85.0146452,27.818003],[85.0146465,27.8179357],[85.0146429,27.8178786],[85.0146343,27.8178275],[85.0146252,27.8177938],[85.0146127,27.8177574],[85.0145445,27.8175966],[85.0145303,27.8175577],[85.0145198,27.8175223],[85.0145106,27.8174763],[85.0144948,27.8173657],[85.0144817,27.8173125],[85.0144678,27.8172772],[85.0144483,27.8172397],[85.0144257,27.8172028],[85.0143608,27.8171043],[85.0143431,27.8170737],[85.0143291,27.8170455],[85.0143091,27.8169955],[85.0142662,27.8168654],[85.0142433,27.8168071],[85.0141869,27.8166855],[85.0141413,27.8166013],[85.0141178,27.8165642],[85.0140937,27.8165308],[85.0140688,27.8165005],[85.014043,27.8164733],[85.0140199,27.8164534],[85.0139625,27.8164104],[85.0139381,27.8163875],[85.0139262,27.8163726],[85.0139154,27.8163559],[85.013897,27.8163163],[85.0138832,27.8162726],[85.013852,27.816148],[85.0138389,27.8161122],[85.0138237,27.8160824],[85.0137966,27.8160432],[85.013721,27.8159537],[85.0136902,27.8159107],[85.0136582,27.8158551],[85.0136297,27.8157977],[85.0136052,27.8157396],[85.0135853,27.8156818],[85.0135751,27.8156449],[85.0135668,27.8156063],[85.0135603,27.8155661],[85.0135556,27.8155241],[85.0135516,27.815435],[85.0135548,27.8153379],[85.0134995,27.8152527],[85.0129369,27.8147378],[85.0125936,27.8141942],[85.013776,27.8141179],[85.0139668,27.8142228],[85.0141064,27.814409],[85.0141265,27.8144067],[85.0141428,27.8144067],[85.0141563,27.8144089],[85.014167,27.8144135],[85.0141784,27.8144252],[85.014196,27.8144585],[85.0142052,27.8144708],[85.0142146,27.8144785],[85.0142265,27.8144855],[85.0142799,27.8145066],[85.0143005,27.8145184],[85.0143165,27.8145319],[85.0143318,27.8145477],[85.0143604,27.8145854],[85.0143854,27.8146306],[85.0144054,27.8146805],[85.0144107,27.8147091],[85.0144136,27.8147819],[85.0144177,27.8147997],[85.0144245,27.8148141],[85.0144317,27.8148228],[85.0144421,27.8148312],[85.0144946,27.8148623],[85.0145041,27.8148712],[85.0145103,27.8148808],[85.014515,27.8148979],[85.0145198,27.8149476],[85.0145287,27.8149719],[85.0145433,27.814997],[85.014562,27.8150214],[85.0146186,27.8150873],[85.0146333,27.8151085],[85.0146438,27.8151287],[85.0146519,27.8151504],[85.0146585,27.815175],[85.0146776,27.8152892],[85.0146839,27.8153156],[85.0146915,27.8153385],[85.0147106,27.8153829],[85.0147331,27.8154268],[85.0147587,27.8154695],[85.0147869,27.8155102],[85.0148106,27.8155405],[85.0148363,27.8155699],[85.0148635,27.8155981],[85.0148918,27.8156246],[85.0149299,27.8156533],[85.0149764,27.8156789],[85.0150297,27.8157013],[85.0151415,27.8157407],[85.015188,27.8157589],[85.0152345,27.8157813],[85.0152732,27.8158058],[85.0153351,27.8158508],[85.0153714,27.8158801],[85.0154019,27.8159097],[85.0154258,27.8159393],[85.0154441,27.8159668],[85.0154544,27.815987],[85.0154599,27.8160094],[85.0154596,27.8160357],[85.015455,27.8160616],[85.015439,27.816126],[85.0154353,27.8161586],[85.0154358,27.8162181],[85.0154384,27.8162703],[85.0154432,27.8163177],[85.0154502,27.8163606],[85.0154596,27.8163996],[85.0154714,27.8164345],[85.0154855,27.8164655],[85.0155021,27.8164924],[85.0155124,27.8165047],[85.0155254,27.8165161],[85.0155412,27.8165268],[85.0155601,27.8165369],[85.0155992,27.8165532],[85.0156973,27.8165874],[85.015721,27.8165975],[85.0157404,27.8166079],[85.0157581,27.8166202],[85.0157719,27.8166336],[85.0157819,27.8166481],[85.0157881,27.8166641],[85.0157939,27.8166945],[85.0157959,27.8167275],[85.0157939,27.8167595],[85.0157881,27.816788],[85.015777,27.8168117],[85.0157349,27.8168663],[85.0157266,27.8168801],[85.0157214,27.8168929],[85.0157147,27.8169273],[85.0157141,27.8169667],[85.0157196,27.81701],[85.0157309,27.817055],[85.0157412,27.8170791],[85.0157701,27.8171296],[85.0157786,27.8171504],[85.015783,27.8171691],[85.0157854,27.8171904],[85.0157854,27.8172706],[85.0157881,27.817303],[85.0157956,27.8173401],[85.0158066,27.8173807],[85.0158454,27.8174937],[85.0158926,27.8176222],[85.0159316,27.8177131],[85.0159519,27.8177537],[85.0159727,27.8177908],[85.0159944,27.8178248],[85.016017,27.8178561],[85.0160672,27.8179145],[85.0161269,27.8179721],[85.0161959,27.8180289],[85.0162745,27.8180849],[85.0163189,27.8181111],[85.0164226,27.8181635],[85.0164652,27.8181898],[85.0165021,27.8182193],[85.0165395,27.8182561],[85.0165755,27.8182972],[85.0166713,27.8184145],[85.0167024,27.818448],[85.0167322,27.8184759],[85.0167674,27.8185042],[85.0168079,27.8185327],[85.0168579,27.8185644],[85.0170152,27.8186585],[85.0170634,27.8186915],[85.0171041,27.8187238],[85.0171591,27.8187675],[85.017306,27.8188752],[85.0173726,27.8189304],[85.0174346,27.8189505],[85.0174845,27.8189702],[85.0175275,27.8189915],[85.0175642,27.8190147],[85.0176033,27.8190449],[85.0176363,27.8190749],[85.017663,27.8191046],[85.0176834,27.8191339],[85.0176912,27.8191492],[85.0176973,27.819166],[85.0177049,27.8192052],[85.0177068,27.8192463],[85.0177052,27.8193579],[85.0177078,27.8193896],[85.0177132,27.819417],[85.017728,27.8194616],[85.0177495,27.8195094],[85.0177744,27.8195558],[85.017844,27.8196757],[85.0178625,27.8197118],[85.0178771,27.8197448],[85.0178935,27.8197888],[85.0179094,27.8198388],[85.017967,27.8200494],[85.0179814,27.8200931],[85.0179963,27.8201322],[85.0180338,27.820216],[85.0180792,27.8203049],[85.0181336,27.8204014],[85.0182049,27.8205196],[85.0182301,27.8205572],[85.018261,27.8205975],[85.0183868,27.8207421],[85.018435,27.8208035],[85.018458,27.820838],[85.0184768,27.8208713],[85.0184917,27.8209042],[85.0185029,27.8209368],[85.0185096,27.8209646],[85.0185146,27.8209963],[85.0185249,27.8211224],[85.0185327,27.8211752],[85.0185473,27.8212303],[85.0185688,27.8212895],[85.018597,27.8213533],[85.0186605,27.8214825],[85.0186861,27.8215382],[85.0187097,27.8215976],[85.0187189,27.8216276],[85.0187022,27.8217889],[85.0186939,27.8218811],[85.0186942,27.8218851],[85.0186519,27.8219398],[85.0186519,27.8221745],[85.0186855,27.8223002],[85.0186771,27.8225181],[85.0186687,27.822627],[85.0187441,27.8227276],[85.0188363,27.8228366],[85.0189872,27.8230629],[85.0190459,27.823264],[85.0190878,27.8234484],[85.019071,27.8235909],[85.0190832,27.8237672],[85.0190978,27.8237697],[85.0191124,27.8237746],[85.0191273,27.8237821],[85.0191426,27.8237922],[85.0191707,27.8238159],[85.0192441,27.8238875],[85.0192671,27.8239052],[85.0192889,27.8239178],[85.0193087,27.8239247],[85.0193544,27.8239348],[85.0193724,27.8239402],[85.0193881,27.8239486],[85.0193979,27.8239597],[85.0194035,27.8239736],[85.019407,27.8239909],[85.019408,27.8240095],[85.0194063,27.8240267],[85.0194024,27.8240391],[85.0193954,27.8240524],[85.0193644,27.8240938],[85.0193392,27.8241271],[85.0193137,27.8241573],[85.0192881,27.8241842],[85.0192622,27.8242079],[85.0192722,27.8242279],[85.0192805,27.8242865],[85.0192638,27.8244961],[85.0192722,27.824605],[85.0193392,27.8248062],[85.0193644,27.8249403],[85.019423,27.8252755],[85.0195571,27.8255354],[85.019708,27.8258203],[85.01972,27.8258395],[85.0197416,27.8258975],[85.0197865,27.826002],[85.0198356,27.8261019],[85.0198887,27.8261966],[85.0199335,27.8262645],[85.0199892,27.8263362],[85.020051,27.8264073],[85.0202276,27.8266002],[85.0202784,27.8266613],[85.0203208,27.8267181],[85.0203657,27.8267879],[85.0204107,27.8268693],[85.0204508,27.8269504],[85.0205452,27.8271522],[85.0205988,27.8272554],[85.020629,27.8273063],[85.0206594,27.8273524],[85.0206907,27.8273946],[85.0207231,27.8274333],[85.0207591,27.8274708],[85.0208412,27.8275497],[85.0208721,27.8275823],[85.0209136,27.8276314],[85.0209542,27.8276847],[85.0209941,27.8277422],[85.0210334,27.8278044],[85.0210721,27.827871],[85.0211112,27.8279438],[85.0211517,27.8280243],[85.0211964,27.8281183],[85.0212437,27.8281757],[85.0212876,27.828235],[85.0213277,27.8282956],[85.0213638,27.8283571],[85.021382,27.8283962],[85.0213975,27.8284427],[85.0214093,27.8284902],[85.0214351,27.8286108],[85.0214531,27.8286726],[85.0214654,27.8287029],[85.0214793,27.8287297],[85.021495,27.8287534],[85.0215128,27.8287743],[85.0215341,27.8287939],[85.0216022,27.8288488],[85.0216382,27.8288858],[85.0216726,27.8289273],[85.0217056,27.8289736],[85.0217375,27.8290251],[85.0217678,27.8290805],[85.0217983,27.829143],[85.0218297,27.8292133],[85.0218704,27.8293107],[85.0218849,27.8293489],[85.0218981,27.8293894],[85.0219208,27.8294793],[85.0219386,27.8295763],[85.0219667,27.8297718],[85.0219802,27.8298534],[85.0219982,27.8299374],[85.0220194,27.830011],[85.0220342,27.8300521],[85.022052,27.8300943],[85.0220729,27.8301381],[85.0220972,27.8301844],[85.0221467,27.8302694],[85.0222743,27.830475],[85.0223069,27.8305321],[85.0223339,27.8305842],[85.0223599,27.8306412],[85.0223804,27.8306958],[85.022396,27.8307488],[85.0224068,27.8308007],[85.0224114,27.8308397],[85.0224136,27.830884],[85.0224115,27.8310271],[85.0224122,27.8310756],[85.0224155,27.8311194],[85.0224217,27.8311583],[85.022431,27.8311948],[85.0224438,27.8312318],[85.0224602,27.8312698],[85.0224806,27.8313094],[85.0225277,27.8313862],[85.0226301,27.8315336],[85.0226706,27.8315958],[85.0227077,27.8316624],[85.0227346,27.8317245],[85.0227487,27.8317725],[85.0227687,27.8318687],[85.0227785,27.8319073],[85.0227922,27.8319457],[85.0228091,27.8319778],[85.0228281,27.832002],[85.0228797,27.8320543],[85.0228906,27.8320684],[85.0228985,27.8320821],[85.0229064,27.8321046],[85.0229105,27.8321315],[85.0229112,27.8321594],[85.022909,27.832235],[85.0229103,27.8322568],[85.0229134,27.8322758],[85.0229216,27.832304],[85.0229345,27.8323346],[85.0229849,27.8324281],[85.0230002,27.8324595],[85.023011,27.8324878],[85.0230177,27.8325142],[85.0230359,27.8325947],[85.0230421,27.8326287],[85.0230446,27.8326616],[85.0230419,27.8326875],[85.023107,27.8327257],[85.0231476,27.8327514],[85.0231832,27.8327768],[85.0232135,27.832802],[85.0232898,27.8328747],[85.0233564,27.8329456],[85.0234141,27.8330153],[85.023463,27.8330841],[85.0234999,27.8331434],[85.023533,27.8332026],[85.0235623,27.8332613],[85.0235876,27.8333193],[85.0236088,27.8333762],[85.0236259,27.833432],[85.0236388,27.8334866],[85.0236475,27.8335398],[85.0236497,27.8335664],[85.02365,27.8335965],[85.0236438,27.8337245],[85.0236447,27.8337529],[85.0236475,27.8337785],[85.0236615,27.8338433],[85.0236909,27.8339413],[85.0237057,27.8339819],[85.0237265,27.8340261],[85.0237503,27.8340696],[85.0238159,27.8341819],[85.0238472,27.8342452],[85.0238602,27.8342799],[85.0238692,27.8343127],[85.0238742,27.8343444],[85.0238753,27.8343753],[85.0238734,27.8344252],[85.0238696,27.8344609],[85.0238631,27.8344913],[85.0238536,27.8345163],[85.0238418,27.8345343],[85.0238241,27.8345512],[85.023801,27.8345673],[85.0237476,27.8345979],[85.0237257,27.8346121],[85.0237054,27.8346289],[85.0236909,27.8346465],[85.0236676,27.83469],[85.0236475,27.8347442],[85.0236434,27.8347615],[85.0236417,27.83478],[85.0236421,27.8347999],[85.0236449,27.8348214],[85.0236564,27.8348684],[85.0236815,27.8349415],[85.0236916,27.8349623],[85.0236962,27.8349872],[85.0237047,27.8350261],[85.0237067,27.835059],[85.0237021,27.8350878],[85.0236909,27.8351131],[85.0236774,27.8351319],[85.023677,27.8351567],[85.02368,27.8351782],[85.0236901,27.8352183],[85.0237,27.8352494],[85.0237111,27.8352757],[85.0237234,27.8352975],[85.0237422,27.8353186],[85.0237688,27.8353367],[85.0238002,27.8353513],[85.023867,27.8353759],[85.0238941,27.8353872],[85.02392,27.8354013],[85.0239404,27.8354169],[85.0239803,27.8354559],[85.0240109,27.8354915],[85.0240337,27.8355254],[85.0240489,27.8355579],[85.0240582,27.8355959],[85.0240613,27.8356406],[85.0240583,27.8356922],[85.0240489,27.8357532],[85.0240392,27.8357884],[85.0240225,27.8358257],[85.0240012,27.8358627],[85.0239366,27.8359633],[85.0239199,27.835995],[85.0239079,27.8360245],[85.0238861,27.8360989],[85.0238645,27.8361981],[85.0238574,27.8362436],[85.0238537,27.8362917],[85.0238534,27.8363428],[85.0238566,27.8363981],[85.023869,27.8365007],[85.0239087,27.8367416],[85.0239159,27.8368028],[85.0239195,27.8368576],[85.0239197,27.836912],[85.0239161,27.8369626],[85.0239086,27.8370102],[85.023897,27.8370552],[85.0238867,27.837084],[85.0238728,27.8371156],[85.0238193,27.8372175],[85.0238013,27.837255],[85.0237869,27.8372921],[85.0237777,27.8373265],[85.0237741,27.8373497],[85.0237724,27.8373761],[85.0237726,27.8374879],[85.0237668,27.8375326],[85.0237577,27.8375626],[85.0237431,27.8375949],[85.0236847,27.8376927],[85.0236672,27.8377254],[85.0236551,27.8377546],[85.0236475,27.8377822],[85.0236422,27.837817],[85.0236366,27.8378798],[85.023633,27.8379352],[85.0236327,27.8379935],[85.0236357,27.8380552],[85.0236421,27.8381216],[85.0236605,27.8382468],[85.0237163,27.8385547],[85.0237277,27.8386392],[85.0237342,27.8387145],[85.0237359,27.8387961],[85.0237311,27.8388714],[85.0237198,27.8389419],[85.0237017,27.8390082],[85.0236792,27.8390684],[85.0236496,27.8391344],[85.0236149,27.839203],[85.023548,27.8393281],[85.0235551,27.839395],[85.0235595,27.8394646],[85.0235612,27.8395372],[85.0235601,27.8396131],[85.0235563,27.8396923],[85.0235498,27.8397761],[85.0235405,27.8398653],[85.0235281,27.839963],[85.0235087,27.8400927],[85.0234879,27.8402078],[85.0234646,27.8403136],[85.0234385,27.8404115],[85.0234091,27.8405035],[85.0233764,27.8405894],[85.0233402,27.8406695],[85.0233003,27.8407442],[85.0232572,27.8408168],[85.0232243,27.8408635],[85.0231919,27.8409012],[85.0231555,27.8409376],[85.0231154,27.8409722],[85.0230724,27.8410046],[85.0230409,27.841025],[85.0230507,27.8410697],[85.0230603,27.8411385],[85.0230634,27.8411946],[85.0230602,27.8412438],[85.0230507,27.8412867],[85.0230372,27.8413236],[85.0230217,27.8413563],[85.0230044,27.8413838],[85.0229856,27.841406],[85.0229673,27.8414215],[85.0229439,27.841436],[85.0229173,27.8414491],[85.0228663,27.8414711],[85.0228284,27.8414854],[85.0227878,27.8414957],[85.0227441,27.8415021],[85.0226964,27.8415048],[85.022652,27.8415042],[85.022602,27.8415009],[85.0224195,27.8414801],[85.0223456,27.8414743],[85.0223066,27.8414733],[85.0222705,27.8414743],[85.0222365,27.8414772],[85.0222044,27.841482],[85.0221038,27.8414964],[85.0220581,27.8415075],[85.02204,27.8415725],[85.0220006,27.8417411],[85.0219797,27.8418174],[85.021966,27.841858],[85.0219513,27.8418949],[85.0219353,27.8419288],[85.0219178,27.8419601],[85.021916,27.841983],[85.0219115,27.8420028],[85.0219008,27.8420282],[85.0218853,27.8420531],[85.0218648,27.8420777],[85.0218391,27.8421023],[85.0218104,27.8421253],[85.0217758,27.8421496],[85.0216619,27.8422198],[85.0216229,27.8422407],[85.021529,27.8422827],[85.0214883,27.8423066],[85.0214706,27.8423211],[85.0214533,27.8423395],[85.0214363,27.8423618],[85.0214193,27.8423884],[85.0214261,27.8424306],[85.0214361,27.8424779],[85.0214775,27.8426429],[85.0214996,27.8427393],[85.0215145,27.8427927],[85.0215324,27.8428409],[85.0215534,27.8428816],[85.0215722,27.8429085],[85.0216294,27.8429793],[85.0216545,27.8430215],[85.0216768,27.8430724],[85.0216942,27.8431234],[85.0217314,27.8432474],[85.0217537,27.8433071],[85.021767,27.8433349],[85.0217813,27.8433599],[85.0217969,27.8433823],[85.0218138,27.8434024],[85.0218367,27.8434241],[85.0218909,27.843469],[85.0219115,27.8434892],[85.021948,27.8435348],[85.0219819,27.8435879],[85.022013,27.8436485],[85.0220417,27.8437171],[85.0220534,27.8437554],[85.0220731,27.8438433],[85.0220851,27.8438798],[85.0220986,27.8439095],[85.0221157,27.8439416],[85.0221719,27.8440317],[85.0222318,27.8441195],[85.0222992,27.8442057],[85.0223738,27.84429],[85.0224555,27.8443721],[85.0225439,27.8444519],[85.0226386,27.8445287],[85.0227391,27.8446022],[85.0228446,27.8446719],[85.0229083,27.8447104],[85.0229733,27.844747],[85.023039,27.8447812],[85.023105,27.8448129],[85.0231444,27.8448293],[85.0231897,27.8448447],[85.023346,27.8448879],[85.0234038,27.8449061],[85.0234593,27.8449285],[85.0235064,27.844954],[85.0235353,27.8449734],[85.0235715,27.8449865],[85.0237003,27.845036],[85.0237887,27.8450751],[85.0238285,27.8450954],[85.023865,27.8451162],[85.0238986,27.8451377],[85.0239296,27.8451601],[85.0239624,27.8451878],[85.0240489,27.8452686],[85.0240876,27.8452996],[85.0241284,27.8453289],[85.0241713,27.8453567],[85.0242165,27.8453831],[85.024264,27.8454081],[85.0243142,27.8454318],[85.0243672,27.8454543],[85.0244234,27.8454759],[85.0245228,27.8455093],[85.0246361,27.8455419],[85.0247478,27.8455704],[85.0250291,27.8456382],[85.0251778,27.8456786],[85.0252532,27.8457021],[85.0253228,27.8457263],[85.0253877,27.8457517],[85.0254486,27.8457786],[85.0256801,27.845889],[85.0257641,27.8459323],[85.0258392,27.8459739],[85.0258802,27.8459988],[85.0259219,27.8460269],[85.0259647,27.8460584],[85.0260094,27.846094],[85.0260906,27.8461639],[85.026284,27.8463395],[85.0263378,27.8463852],[85.0263874,27.8464243],[85.0264418,27.8464634],[85.0264947,27.8464969],[85.0265468,27.8465253],[85.0265987,27.8465489],[85.0266402,27.8465643],[85.0266878,27.8465789],[85.0268893,27.8466302],[85.0269307,27.8466434],[85.0269676,27.8466574],[85.0270635,27.8466993],[85.0271423,27.8467385],[85.0272112,27.8467785],[85.0272714,27.8468202],[85.0273047,27.8468471],[85.0273401,27.8468787],[85.0274341,27.8469721],[85.0275558,27.8470963],[85.0276305,27.8471804],[85.027663,27.8472217],[85.0276915,27.8472619],[85.0277164,27.8473015],[85.0277379,27.847341],[85.0277813,27.8474386],[85.0278086,27.8474839],[85.0278413,27.8475284],[85.0278794,27.8475719],[85.0279225,27.8476141],[85.0279707,27.8476549],[85.0280234,27.8476939],[85.0280799,27.8477304],[85.0281394,27.8477641],[85.0281785,27.8477815],[85.0282249,27.8477959],[85.0282706,27.8478063],[85.0283787,27.8478271],[85.0284291,27.8478397],[85.0284718,27.8478546],[85.0285083,27.8478726],[85.0285329,27.8478891],[85.0285586,27.8479107],[85.0286339,27.8479878],[85.0286639,27.8479783],[85.0286988,27.8479731],[85.0287388,27.8479721],[85.0287843,27.8479754],[85.028831,27.8479821],[85.0288843,27.8479925],[85.0290616,27.8480353],[85.0290955,27.8480445],[85.0291324,27.8480573],[85.0292395,27.8481028],[85.029341,27.8481231],[85.0294631,27.8481547],[85.0294969,27.8481651],[85.0295499,27.8481764],[85.0295745,27.8481845],[85.0295996,27.8481947],[85.0296521,27.848222],[85.0297031,27.8482547],[85.0298379,27.8483489],[85.0298798,27.848374],[85.0299188,27.8483934],[85.0299914,27.848423],[85.0300727,27.8484514],[85.0301643,27.8484791],[85.0302876,27.8485127],[85.0303432,27.8485249],[85.0304065,27.8485339],[85.030471,27.8485395],[85.0306417,27.8485503],[85.0306915,27.8485554],[85.0307354,27.848562],[85.0307842,27.8485723],[85.0308284,27.8485855],[85.0308689,27.8486017],[85.0309061,27.8486212],[85.0309775,27.848664],[85.0309985,27.8486805],[85.0310146,27.8486972],[85.0310231,27.8487099],[85.0310303,27.8487255],[85.0310527,27.8488062],[85.0310601,27.848824],[85.0310688,27.8488382],[85.0310899,27.8488612],[85.0311179,27.8488833],[85.0311517,27.8489044],[85.0312099,27.8489359],[85.031228,27.8489447],[85.031248,27.8489522],[85.0312944,27.848964],[85.0313416,27.848971],[85.031455,27.8489827],[85.0315082,27.8489926],[85.0315329,27.8490002],[85.0315545,27.8490094],[85.0315734,27.8490205],[85.0315896,27.8490335],[85.0316093,27.8490545],[85.0316278,27.8490795],[85.0316452,27.8491085],[85.0316615,27.8491419],[85.0316765,27.849179],[85.0316909,27.8492209],[85.0317198,27.8493265],[85.0317267,27.8493618],[85.0317309,27.8494015],[85.0317339,27.849569],[85.0317367,27.8496073],[85.0317415,27.8496411],[85.031754,27.849702],[85.0317684,27.8497612],[85.0317848,27.8498183],[85.0318031,27.849873],[85.0318232,27.8499251],[85.0318449,27.8499744],[85.0318684,27.8500208],[85.0318934,27.8500643],[85.0319223,27.8501051],[85.031959,27.8501467],[85.0320044,27.8501903],[85.0321045,27.8502774],[85.0321463,27.8503161],[85.0321869,27.8503591],[85.0322189,27.8504006],[85.0322358,27.8504282],[85.032252,27.8504608],[85.0322993,27.8505779],[85.0323194,27.8506211],[85.0323437,27.8506615],[85.0323708,27.8506936],[85.0324038,27.8507259],[85.0324261,27.8507451],[85.0324477,27.8507598],[85.0324685,27.8507695],[85.0324865,27.8507736],[85.0325346,27.8507762],[85.0325553,27.8507804],[85.0325804,27.8507927],[85.0326059,27.8508125],[85.0326304,27.8508374],[85.0326746,27.8508889],[85.0327044,27.8509244],[85.0327324,27.8509623],[85.0327585,27.8510022],[85.0327821,27.8510436],[85.0328032,27.851086],[85.0328213,27.8511289],[85.0328364,27.8511718],[85.0328482,27.8512144],[85.032858,27.8512687],[85.0328629,27.8513307],[85.0328632,27.8513996],[85.0328591,27.8515073],[85.0328532,27.8515742],[85.0328406,27.851647],[85.0328207,27.8517291],[85.0327718,27.8519008],[85.0327527,27.8519753],[85.032737,27.8520543],[85.0327289,27.8521258],[85.0327221,27.8522324],[85.0327202,27.852301],[85.0327224,27.8523633],[85.0327289,27.8524187],[85.0327409,27.8524739],[85.0327594,27.8525341],[85.0327838,27.8525987],[85.0328265,27.8527008],[85.0328783,27.8528244],[85.0329123,27.8528988],[85.0329472,27.8529646],[85.0329826,27.8530202],[85.0331579,27.8530335],[85.033228,27.8530372],[85.0333946,27.853045],[85.0335527,27.8530584],[85.0337031,27.8530775],[85.0338464,27.8531023],[85.0340034,27.8531356],[85.0340634,27.8531511],[85.0341177,27.8531674],[85.0341511,27.8531793],[85.0341877,27.8531944],[85.0343375,27.8532634],[85.0343998,27.8532867],[85.0344864,27.8533102],[85.0345843,27.8533292],[85.0346921,27.8533441],[85.0348663,27.8533627],[85.0350526,27.8533806],[85.0351992,27.8533894],[85.035267,27.853391],[85.0353314,27.8533907],[85.035393,27.8533885],[85.0354522,27.8533844],[85.035496,27.8533795],[85.0355442,27.8533721],[85.0357438,27.8533328],[85.035832,27.8533193],[85.0359146,27.8533115],[85.0360072,27.853306],[85.0363202,27.8532976],[85.0364242,27.8532925],[85.0365407,27.8532836],[85.0369243,27.8532453],[85.0370635,27.8532332],[85.0371974,27.8532253],[85.0373176,27.8532227],[85.0373919,27.8532238],[85.0374628,27.8532272],[85.0375309,27.853233],[85.0375966,27.8532411],[85.0376601,27.8532515],[85.0377216,27.8532644],[85.0377813,27.8532798],[85.0378392,27.8532976],[85.037923,27.85333],[85.0379586,27.853341],[85.0379909,27.8533465],[85.0380274,27.8533483],[85.0380654,27.8533469],[85.0381702,27.8533389],[85.0382018,27.8533388],[85.0382298,27.853341],[85.0382354,27.8533417],[85.0382407,27.853341],[85.0382978,27.8533315],[85.0383529,27.85332],[85.0384058,27.8533066],[85.0384562,27.8532911],[85.0385041,27.8532738],[85.0385492,27.8532546],[85.0385917,27.8532336],[85.0386313,27.8532108],[85.03868,27.8531784],[85.0387257,27.8531436],[85.0387675,27.8531072],[85.0388049,27.8530697],[85.0388232,27.8530473],[85.0388413,27.8530202],[85.0388916,27.8529285],[85.0389095,27.8528986],[85.0389274,27.8528736],[85.0389459,27.8528527],[85.0389739,27.8528261],[85.0390012,27.8528028],[85.039028,27.8527828],[85.0390544,27.8527659],[85.0390835,27.8527507],[85.0391163,27.8527367],[85.0391531,27.8527239],[85.0391955,27.8527117],[85.0392433,27.8527013],[85.0392962,27.8526944],[85.0393549,27.8526907],[85.0394233,27.85269],[85.0394632,27.852692],[85.0395047,27.8526972],[85.039548,27.8527057],[85.039594,27.8527177],[85.0396786,27.8527455],[85.039882,27.852822],[85.0399373,27.8528396],[85.0399875,27.8528527],[85.0401,27.8528745],[85.0403583,27.8529147],[85.0404202,27.8529267],[85.0404757,27.8529395],[85.0406894,27.852995],[85.0407647,27.8530172],[85.040832,27.8530395],[85.0408966,27.8530638],[85.040956,27.8530894],[85.0410109,27.8531166],[85.0410616,27.8531457],[85.0411166,27.8531811],[85.0411703,27.8532192],[85.0412222,27.8532594],[85.0412719,27.8533016],[85.041319,27.8533452],[85.0413631,27.85339],[85.041404,27.8534357],[85.0414414,27.853482],[85.0414871,27.8535444],[85.0415277,27.8536055],[85.0415635,27.8536654],[85.0415944,27.8537242],[85.0416204,27.853782],[85.0416416,27.8538386],[85.0416578,27.8538941],[85.0416692,27.8539486],[85.0416757,27.8540202],[85.0416801,27.8540462],[85.0416855,27.8540634],[85.0416935,27.8540816],[85.0417404,27.8541608],[85.0417497,27.8541802],[85.041756,27.8541981],[85.0417609,27.8542208],[85.0417635,27.8542466],[85.041763,27.85435],[85.0417669,27.8543934],[85.0417761,27.8544362],[85.0417893,27.8544826],[85.0418067,27.8545333],[85.041832,27.8545996],[85.0419015,27.8547767],[85.0419271,27.854834],[85.0419521,27.8548838],[85.0419795,27.8549306],[85.0420076,27.8549715],[85.0420371,27.8550069],[85.0420679,27.855037],[85.0421247,27.8549414],[85.0421441,27.8549052],[85.0421601,27.854865],[85.0421683,27.8548274],[85.0421729,27.8547607],[85.0421718,27.854733],[85.0421683,27.8547081],[85.0421621,27.8546833],[85.0421529,27.8546571],[85.0421405,27.8546292],[85.0421249,27.8545996],[85.0421156,27.8545852],[85.0421038,27.8545714],[85.0420728,27.8545448],[85.0420382,27.8545226],[85.0419536,27.8544751],[85.0419175,27.8544499],[85.0419029,27.8544365],[85.0418911,27.8544227],[85.041882,27.8544084],[85.0418754,27.8543934],[85.0418617,27.8543447],[85.0418551,27.8542997],[85.0418561,27.8542615],[85.0418594,27.8542451],[85.0418645,27.8542307],[85.0418715,27.8542193],[85.0418822,27.8542078],[85.0419366,27.854164],[85.0419453,27.854154],[85.0419513,27.8541439],[85.0419593,27.8541204],[85.0419639,27.8540923],[85.0419648,27.8540598],[85.0419622,27.8540245],[85.0419591,27.8540098],[85.0419533,27.8539954],[85.0419449,27.853981],[85.0419337,27.8539665],[85.0419019,27.8539359],[85.0418227,27.8538752],[85.041792,27.8538479],[85.0417781,27.8538322],[85.0417675,27.8538168],[85.0417602,27.8538014],[85.041756,27.8537858],[85.0417533,27.8537625],[85.0417527,27.8537373],[85.0417575,27.8536843],[85.0417699,27.8536336],[85.0417786,27.8536108],[85.0417886,27.8535905],[85.0418015,27.8535722],[85.0418196,27.8535544],[85.0418413,27.8535376],[85.0419077,27.8534919],[85.0419261,27.8534761],[85.0419405,27.8534603],[85.041957,27.8534353],[85.041989,27.8533754],[85.0420056,27.8533518],[85.0420271,27.853332],[85.042056,27.8533144],[85.0420867,27.8533007],[85.0421601,27.8532727],[85.0421917,27.8532575],[85.0422159,27.8532407],[85.0422334,27.8532216],[85.0422465,27.8531979],[85.0422562,27.8531682],[85.0422625,27.8531367],[85.0422751,27.8530501],[85.0422807,27.8530256],[85.0422877,27.8530046],[85.0423219,27.8529263],[85.0423583,27.852859],[85.0423776,27.8528292],[85.0423975,27.852802],[85.0424182,27.8527773],[85.0424396,27.8527551],[85.0424815,27.8527185],[85.0425275,27.8526856],[85.0425757,27.8526576],[85.042624,27.8526357],[85.0426484,27.8526295],[85.0426787,27.8526276],[85.0427111,27.8526292],[85.0427932,27.8526373],[85.0428327,27.8526367],[85.0428511,27.8526328],[85.0428657,27.8526259],[85.0428767,27.8526161],[85.0428844,27.8526032],[85.0428903,27.8525701],[85.0428953,27.8525598],[85.0429057,27.852554],[85.0429246,27.8525518],[85.0429116,27.8524574],[85.0429061,27.8523645],[85.0429051,27.8522735],[85.0429078,27.8522132],[85.0429152,27.8521602],[85.0429278,27.8521149],[85.0429447,27.852079],[85.0429698,27.8520416],[85.0429979,27.8520076],[85.0430694,27.8519285],[85.0431014,27.8518871],[85.0431861,27.8517572],[85.0432565,27.8516365],[85.0432872,27.8515782],[85.0433149,27.8515211],[85.0433397,27.851465],[85.0433618,27.8514097],[85.0433729,27.8513759],[85.0433828,27.8513365],[85.0434086,27.8511947],[85.0434206,27.8511417],[85.0434379,27.8510914],[85.0434481,27.8510703],[85.0434595,27.8510516],[85.0434739,27.851033],[85.0434905,27.851016],[85.0435093,27.8510005],[85.0435306,27.8509864],[85.0435542,27.8509737],[85.0435803,27.8509624],[85.0436093,27.8509522],[85.0436413,27.8509431],[85.0436656,27.8509106],[85.0437442,27.8508165],[85.0438231,27.8507328],[85.0438626,27.8506949],[85.043902,27.8506598],[85.0439412,27.8506275],[85.0439804,27.850598],[85.0440192,27.8505714],[85.0440579,27.8505477],[85.0440963,27.8505268],[85.0441344,27.8505088],[85.0441723,27.8504937],[85.0442099,27.8504815],[85.0442471,27.8504722],[85.0442841,27.8504657],[85.0443351,27.8504607],[85.0443891,27.8504591],[85.044445,27.8504607],[85.0445011,27.8504657],[85.0445488,27.8504729],[85.0445975,27.8504833],[85.0446467,27.8504968],[85.0446964,27.8505132],[85.0447461,27.8505327],[85.0447956,27.8505549],[85.0448442,27.8505796],[85.0448917,27.8506068],[85.0449507,27.8506449],[85.045005,27.8506849],[85.0450541,27.8507266],[85.0450978,27.8507695],[85.0451243,27.8507966],[85.0452062,27.8508152],[85.0453257,27.8508346],[85.045381,27.850841],[85.0454429,27.8508443],[85.0455042,27.8508447],[85.0456622,27.8508426],[85.0457488,27.8508455],[85.0458402,27.850853],[85.0459329,27.8508626],[85.046027,27.8508743],[85.0461225,27.8508881],[85.0462194,27.8509041],[85.0463177,27.8509222],[85.0465192,27.8509648],[85.0466975,27.8510026],[85.0467759,27.8510217],[85.0468534,27.8510457],[85.0469206,27.8510733],[85.0469465,27.851087],[85.0470077,27.8511231],[85.04704,27.8511384],[85.0470741,27.851149],[85.0471136,27.8511558],[85.0471534,27.8511591],[85.0472563,27.8511636],[85.0473112,27.851171],[85.0474178,27.8511966],[85.0475219,27.8512283],[85.0476215,27.8512656],[85.0477155,27.8513079],[85.0478024,27.8513546],[85.0478431,27.8513796],[85.0478819,27.8514055],[85.0479186,27.8514323],[85.0479534,27.8514601],[85.047986,27.8514887],[85.0480165,27.8515182],[85.0480338,27.8515369],[85.0481121,27.8515351],[85.0481416,27.8515366],[85.0481684,27.8515399],[85.0482441,27.8515536],[85.0483056,27.8515682],[85.0483596,27.8515851],[85.0484071,27.851605],[85.0485076,27.8516512],[85.0485364,27.851667],[85.04856,27.8516826],[85.0485807,27.8517],[85.0485964,27.8517181],[85.0486072,27.851737],[85.0486132,27.8517569],[85.0486161,27.8517905],[85.0486132,27.851822],[85.0486078,27.8518371],[85.0485977,27.8518522],[85.048583,27.8518677],[85.0485344,27.8519114],[85.0485226,27.8519265],[85.0485156,27.8519413],[85.0485055,27.8519813],[85.0485021,27.8520177],[85.0485055,27.852048],[85.0485097,27.8520606],[85.0485156,27.8520715],[85.0485297,27.8520884],[85.0485481,27.8521041],[85.0485609,27.8521114],[85.0485758,27.8521167],[85.0485928,27.8521198],[85.0486119,27.8521209],[85.048633,27.8521199],[85.0486562,27.8521167],[85.0487109,27.8521041],[85.0487274,27.8520979],[85.0487433,27.8520889],[85.0487588,27.8520769],[85.0487741,27.8520617],[85.0488018,27.8520262],[85.0488527,27.8519469],[85.0488754,27.8519151],[85.0489014,27.8518861],[85.0489278,27.8518654],[85.0489602,27.8518466],[85.0489951,27.8518291],[85.0490317,27.8518136],[85.0490689,27.8518003],[85.0491202,27.8517872],[85.0491754,27.8517797],[85.0492344,27.851778],[85.0492972,27.8517819],[85.0493638,27.8517915],[85.0494345,27.8518067],[85.0495095,27.8518276],[85.0495897,27.8518545],[85.0496609,27.8518804],[85.0497051,27.8518991],[85.0497431,27.8519194],[85.0497741,27.8519413],[85.0497902,27.8519566],[85.0498058,27.8519758],[85.0498636,27.8520678],[85.0498785,27.8520879],[85.0498935,27.8521041],[85.049926,27.8521319],[85.049965,27.8521594],[85.0500107,27.852187],[85.0500779,27.8522234],[85.0501062,27.8522373],[85.0501364,27.85225],[85.0502039,27.852272],[85.0502797,27.8522898],[85.0504374,27.8523189],[85.050504,27.8523332],[85.0505723,27.8523525],[85.0506313,27.8523753],[85.0507244,27.8524242],[85.0507615,27.8524404],[85.0507825,27.8524468],[85.050805,27.8524511],[85.0508294,27.8524536],[85.0508559,27.8524543],[85.0509056,27.8524514],[85.0510205,27.8524389],[85.0510726,27.8524373],[85.051115,27.8524414],[85.0511521,27.8524513],[85.0511822,27.8524639],[85.0512139,27.8524799],[85.0512477,27.8524997],[85.0512857,27.8525244],[85.0513394,27.8525146],[85.0514016,27.8525055],[85.0514813,27.8524977],[85.0515629,27.8524951],[85.0516453,27.8524977],[85.0517271,27.8525055],[85.0517895,27.8525173],[85.0519331,27.8525571],[85.0519984,27.8525706],[85.0520312,27.8525729],[85.0520696,27.8525707],[85.0521108,27.8525648],[85.0522233,27.8525445],[85.0522557,27.8525409],[85.0522835,27.8525403],[85.0523135,27.8525435],[85.052339,27.8525513],[85.0523605,27.8525639],[85.0523781,27.8525815],[85.0523998,27.852614],[85.0524136,27.8526253],[85.0524323,27.8526327],[85.0524553,27.8526367],[85.0525061,27.85264],[85.0525271,27.8526427],[85.0525471,27.8526485],[85.0525626,27.8526574],[85.0525782,27.8526731],[85.0526168,27.8527225],[85.0526543,27.8527548],[85.0527008,27.852785],[85.0527554,27.852813],[85.0528447,27.8528527],[85.0528941,27.852871],[85.0529515,27.8528856],[85.0530075,27.8528955],[85.053139,27.8529145],[85.0532009,27.8529267],[85.053254,27.852942],[85.0533004,27.8529612],[85.0533283,27.8529763],[85.0533978,27.8530192],[85.0534306,27.8530372],[85.053477,27.8530567],[85.0535305,27.8530729],[85.0535889,27.8530858],[85.0537081,27.8531067],[85.053758,27.8531168],[85.0538092,27.8531301],[85.0538537,27.8531457],[85.0539089,27.8531708],[85.0540346,27.8532378],[85.0540924,27.853265],[85.0541285,27.8532789],[85.0541695,27.8532923],[85.0543496,27.8533428],[85.0543916,27.8533577],[85.0544288,27.8533735],[85.0544577,27.8533885],[85.054489,27.8534073],[85.0546186,27.853494],[85.0546494,27.8535115],[85.0546783,27.8535254],[85.0547299,27.8535443],[85.0548388,27.8535753],[85.0548845,27.8535905],[85.0549245,27.853606],[85.0549936,27.8535996],[85.0550615,27.8535984],[85.0551268,27.8536027],[85.0551883,27.8536122],[85.0552708,27.8536307],[85.0553295,27.8536491],[85.0553551,27.8536599],[85.0553779,27.8536717],[85.0553982,27.8536848],[85.0554161,27.853699],[85.0554367,27.8537215],[85.0554744,27.8537753],[85.0554921,27.8537967],[85.0555192,27.853821],[85.0555527,27.8538437],[85.0555909,27.8538645],[85.0557034,27.8539192],[85.0557362,27.8539389],[85.0557633,27.8539594],[85.0558092,27.8539981],[85.0558345,27.8540216],[85.0558557,27.854045],[85.0558718,27.8540679],[85.0558865,27.854101],[85.0559054,27.8541706],[85.0559152,27.8541981],[85.0559292,27.854227],[85.0559457,27.8542562],[85.055987,27.8543165],[85.0560387,27.8543793],[85.0561214,27.8544694],[85.0561897,27.8545413],[85.0562452,27.8545946],[85.0562979,27.854639],[85.0563492,27.8546755],[85.056377,27.8546916],[85.0564416,27.8547244],[85.0564686,27.8547406],[85.0565007,27.8547649],[85.0565316,27.8547936],[85.0565617,27.8548267],[85.0565914,27.854865],[85.0566163,27.8549015],[85.0566426,27.8549437],[85.0567507,27.8551312],[85.0567796,27.8551828],[85.0568298,27.8552859],[85.0568515,27.8553272],[85.0568767,27.8553683],[85.0569026,27.8554025],[85.0569225,27.8554237],[85.0569464,27.8554454],[85.0570617,27.8555326],[85.0570874,27.8555547],[85.0571087,27.8555761],[85.0571335,27.8556057],[85.0571584,27.8556407],[85.0572434,27.8557805],[85.0572823,27.8558365],[85.0573409,27.8559093],[85.0573951,27.8559717],[85.0574476,27.8560267],[85.0574993,27.8560752],[85.057554,27.8561203],[85.0576166,27.856166],[85.0576885,27.8562135],[85.0577814,27.8562705],[85.0578407,27.8563033],[85.0579081,27.8563353],[85.0579871,27.8563684],[85.058156,27.8564332],[85.0582282,27.8564625],[85.0583028,27.8564965],[85.0583673,27.8565309],[85.058434,27.8565715],[85.058502,27.8566168],[85.0585719,27.8566672],[85.0586449,27.8567237],[85.0587869,27.8568421],[85.0590617,27.8570842],[85.0592305,27.8572223],[85.0592886,27.8572724],[85.0593491,27.8573311],[85.059398,27.857388],[85.0594127,27.8574089],[85.0594273,27.8574338],[85.0594728,27.8575257],[85.0594919,27.8575601],[85.0595147,27.8575918],[85.0595391,27.8576158],[85.0595599,27.8576292],[85.0595864,27.8576402],[85.0596137,27.8576481],[85.0596803,27.8576639],[85.0597111,27.857674],[85.0597365,27.8576868],[85.0597561,27.8577026],[85.0597715,27.857721],[85.0597867,27.8577438],[85.0598212,27.8578111],[85.0598301,27.8578336],[85.0598369,27.8578595],[85.0598419,27.8578896],[85.0598457,27.8579282],[85.0599208,27.8578873],[85.0599642,27.85786],[85.06,27.857831],[85.0600273,27.8578003],[85.0600414,27.8577787],[85.0600548,27.8577531],[85.0601007,27.8576407],[85.060125,27.8575941],[85.0601616,27.8575374],[85.0601896,27.8574988],[85.060217,27.8574671],[85.0602443,27.8574422],[85.0602572,27.8574335],[85.0602721,27.8574261],[85.0603086,27.857415],[85.0603472,27.857409],[85.0604402,27.8574],[85.0604816,27.8573916],[85.0604997,27.857385],[85.0605148,27.8573769],[85.0605273,27.8573671],[85.0605373,27.8573554],[85.0605445,27.8573417],[85.0605497,27.857324],[85.0605584,27.857259],[85.0605631,27.8572366],[85.0605704,27.8572178],[85.0605807,27.8572035],[85.0605961,27.8571902],[85.0606241,27.857171],[85.0606432,27.8571592],[85.0606641,27.8571487],[85.0606869,27.8571395],[85.060712,27.8571315],[85.0607652,27.8571192],[85.0608745,27.8571013],[85.0609196,27.8570922],[85.0609652,27.857079],[85.0610038,27.8570625],[85.0610289,27.8570483],[85.0610558,27.8570303],[85.0611639,27.8569491],[85.06121,27.8569214],[85.0612593,27.8569009],[85.061372,27.8568648],[85.0614161,27.8568455],[85.0614398,27.8568318],[85.0614649,27.8568148],[85.0615652,27.8567356],[85.0616114,27.8567044],[85.0616541,27.8566834],[85.061705,27.8566651],[85.0617561,27.8566512],[85.0618795,27.8566222],[85.0619389,27.8566042],[85.0619669,27.856593],[85.061992,27.8565809],[85.0620145,27.8565674],[85.0620346,27.8565525],[85.0620517,27.8565368],[85.0620679,27.8565184],[85.0620833,27.8564972],[85.0620982,27.8564726],[85.0621224,27.8564245],[85.0621741,27.8563071],[85.0622023,27.8562546],[85.062231,27.8562147],[85.0622463,27.8561982],[85.0622624,27.8561837],[85.0622887,27.8561622],[85.0623058,27.8561511],[85.0623206,27.8561454],[85.0623383,27.8561426],[85.0623587,27.8561423],[85.0624167,27.8561453],[85.0624333,27.8561439],[85.0624469,27.8561403],[85.0624613,27.8561328],[85.0624744,27.8561222],[85.0624863,27.8561082],[85.0624972,27.8560906],[85.0625153,27.8560483],[85.0625445,27.855953],[85.0625585,27.8559151],[85.0625771,27.8558812],[85.0625875,27.8558684],[85.0625988,27.8558582],[85.0626155,27.8558473],[85.0626346,27.8558386],[85.0626562,27.8558319],[85.0626808,27.8558273],[85.0627338,27.8558234],[85.0628468,27.8558246],[85.0628938,27.8558229],[85.0629403,27.8558162],[85.0629603,27.8558108],[85.0629785,27.8558039],[85.0630181,27.8557826],[85.0630591,27.8557528],[85.0630988,27.8557178],[85.0632051,27.8556154],[85.0632392,27.8555873],[85.0632715,27.8555652],[85.0633122,27.8555429],[85.0633599,27.8555218],[85.0634067,27.8555043],[85.0635169,27.8554663],[85.0635686,27.8554461],[85.063613,27.855425],[85.0636512,27.8554025],[85.0637431,27.8553447],[85.0637869,27.8553126],[85.0638065,27.8552949],[85.0638228,27.855277],[85.0638361,27.8552587],[85.0638465,27.8552397],[85.0638618,27.8551896],[85.0638682,27.8551746],[85.0638771,27.8551614],[85.0638885,27.8551491],[85.0639025,27.8551377],[85.0639194,27.8551271],[85.0639557,27.8551099],[85.0640418,27.855077],[85.0640679,27.855067],[85.0640961,27.8550589],[85.0641266,27.8550527],[85.0641601,27.8550482],[85.064223,27.8550442],[85.0643714,27.8550416],[85.0644409,27.8550353],[85.0644721,27.8550296],[85.0645007,27.855022],[85.0645272,27.8550125],[85.0645518,27.855001],[85.0645843,27.8549814],[85.0646517,27.8549335],[85.064682,27.8549142],[85.0647692,27.8548673],[85.0648522,27.8548302],[85.0648923,27.8548151],[85.0649315,27.8548024],[85.0649699,27.8547921],[85.0650075,27.854784],[85.065073,27.8547741],[85.0651372,27.854769],[85.0651988,27.8547686],[85.065257,27.8547732],[85.0652828,27.8547775],[85.0653105,27.8547843],[85.0653784,27.8548073],[85.0654453,27.8547374],[85.065467,27.8547112],[85.0654849,27.8546864],[85.0655016,27.8546587],[85.0655183,27.8546265],[85.0655853,27.8544799],[85.0656052,27.8544449],[85.0656259,27.8544151],[85.0656696,27.854361],[85.065707,27.8543202],[85.0657429,27.8542878],[85.0657778,27.8542632],[85.0657943,27.8542547],[85.0658124,27.8542478],[85.0658322,27.8542427],[85.0658542,27.8542391],[85.0659031,27.8542364],[85.0660087,27.8542394],[85.0660535,27.8542384],[85.0660984,27.8542322],[85.0661179,27.8542268],[85.0661359,27.8542198],[85.0661558,27.8542095],[85.0661771,27.8541958],[85.0662624,27.8541317],[85.0662986,27.8541113],[85.0663297,27.8541005],[85.0664059,27.8540823],[85.0664243,27.8540757],[85.0664397,27.8540679],[85.0664581,27.8540554],[85.0664761,27.8540402],[85.0664937,27.8540221],[85.0665109,27.8540012],[85.0665446,27.8539507],[85.0665807,27.8538835],[85.0665949,27.8538465],[85.0666185,27.8537579],[85.0666262,27.8537378],[85.066635,27.8537207],[85.0666559,27.8536883],[85.0666789,27.8536576],[85.0667028,27.8536301],[85.0667271,27.8536065],[85.0667509,27.8535876],[85.0667744,27.8535731],[85.0667973,27.8535632],[85.0668194,27.853558],[85.0668399,27.8535565],[85.0668622,27.8535573],[85.0668854,27.8535603],[85.0669083,27.8535653],[85.0669299,27.8535722],[85.0669498,27.8535806],[85.0669673,27.8535904],[85.0669822,27.8536014],[85.0669976,27.8536188],[85.0670239,27.8536609],[85.0670364,27.8536773],[85.0670766,27.8537157],[85.0671208,27.8537478],[85.0671433,27.8537608],[85.0671659,27.8537715],[85.0671881,27.8537799],[85.06721,27.8537858],[85.0672326,27.8537893],[85.0672586,27.8537904],[85.0673402,27.8537858],[85.0673738,27.8537825],[85.0674085,27.8537761],[85.0674446,27.8537667],[85.0674829,27.853754],[85.0675523,27.8537258],[85.0677093,27.8536537],[85.0677829,27.8536256],[85.0678151,27.853616],[85.0678458,27.8536089],[85.0678755,27.853604],[85.0679044,27.8536014],[85.0679697,27.8535993],[85.0680285,27.8536004],[85.0680826,27.8536047],[85.0681322,27.8536122],[85.0681598,27.8536191],[85.0681899,27.8536297],[85.0682833,27.8536715],[85.0683151,27.8536843],[85.0683441,27.8536934],[85.0683709,27.853699],[85.068411,27.8537033],[85.0684546,27.8537047],[85.0685022,27.8537033],[85.0685554,27.853699],[85.0685857,27.8536947],[85.0686169,27.8536878],[85.0686492,27.8536783],[85.0686832,27.8536659],[85.0687483,27.853637],[85.0688706,27.853575],[85.0689208,27.8535512],[85.0689736,27.8535297],[85.0690219,27.8535146],[85.0690906,27.8534981],[85.0691623,27.8534835],[85.0692371,27.8534709],[85.0693149,27.8534603],[85.0694412,27.853445],[85.0695198,27.853437],[85.0695924,27.8534319],[85.0696579,27.8534303],[85.0697217,27.8534321],[85.0697812,27.8534377],[85.0698371,27.8534471],[85.0698899,27.8534603],[85.0698958,27.853462],[85.0699008,27.8534603],[85.0699338,27.8534511],[85.0699711,27.8534431],[85.0700744,27.8534278],[85.0701909,27.8534129],[85.0702686,27.8534072],[85.0703047,27.8534069],[85.0703383,27.8534084],[85.07037,27.8534117],[85.0703999,27.8534169],[85.070422,27.8534234],[85.0704469,27.8534341],[85.0705311,27.8534813],[85.0705616,27.8534959],[85.0705773,27.8535013],[85.0705916,27.8535044],[85.0706047,27.8535052],[85.0706169,27.8535037],[85.0706288,27.8534997],[85.0706404,27.8534931],[85.0706518,27.8534837],[85.0706632,27.8534713],[85.0706838,27.8534426],[85.0707227,27.853377],[85.0707402,27.8533503],[85.0707599,27.853326],[85.0707796,27.8533084],[85.0708092,27.853289],[85.0708434,27.8532703],[85.0708828,27.8532521],[85.0709315,27.8532325],[85.0709552,27.8532247],[85.0709825,27.8532182],[85.0710735,27.8532036],[85.0711052,27.8531973],[85.0711344,27.8531888],[85.0711594,27.8531782],[85.0711863,27.8531611],[85.0712135,27.8531366],[85.0712375,27.85311],[85.0712905,27.8530454],[85.0713167,27.8530177],[85.0713411,27.8529974],[85.0713655,27.8529829],[85.0713968,27.8529709],[85.0714339,27.8529618],[85.0714704,27.8529561],[85.0715552,27.8529461],[85.0715934,27.8529395],[85.0716467,27.852927],[85.071702,27.8529119],[85.0718212,27.8528735],[85.0719333,27.8528319],[85.0721936,27.8527293],[85.0723214,27.8526838],[85.0723818,27.8526648],[85.0724393,27.8526488],[85.0724946,27.8526355],[85.0725482,27.8526249],[85.0726147,27.8526147],[85.0726887,27.8526064],[85.0729919,27.8525852],[85.0730613,27.8525785],[85.0731232,27.8525706],[85.0733988,27.8525328],[85.0734754,27.8525203],[85.0735434,27.8525073],[85.0736138,27.852491],[85.0736786,27.8524728],[85.0737392,27.8524524],[85.0737959,27.8524296],[85.0738716,27.8524005],[85.0738997,27.852388],[85.073927,27.8523718],[85.0739478,27.8523536],[85.0739615,27.8523341],[85.0739873,27.8522784],[85.0740021,27.852256],[85.0740285,27.8522311],[85.0740625,27.8522084],[85.0741041,27.8521879],[85.074154,27.8521692],[85.0741826,27.8521622],[85.0742155,27.8521588],[85.0742495,27.8521587],[85.0743417,27.8521622],[85.0743688,27.8521612],[85.0743927,27.8521583],[85.0744203,27.8521526],[85.0744485,27.8521446],[85.0744777,27.8521342],[85.0745082,27.8521213],[85.0745697,27.8520904],[85.0746908,27.8520213],[85.0747423,27.8519939],[85.0747975,27.8519692],[85.0748484,27.8519522],[85.0749197,27.8519355],[85.0749999,27.851922],[85.0750883,27.8519112],[85.0752281,27.8518979],[85.0754047,27.8518842],[85.0755622,27.8518782],[85.0756152,27.8518647],[85.0756728,27.8518557],[85.0757354,27.8518513],[85.0758038,27.8518513],[85.0758732,27.8518553],[85.0759512,27.8518632],[85.0761938,27.8518979],[85.0763011,27.8519155],[85.0764086,27.8519382],[85.0765155,27.8519657],[85.0766212,27.8519979],[85.076725,27.8520346],[85.0768261,27.8520755],[85.0769241,27.8521205],[85.0770183,27.8521692],[85.0770885,27.8522116],[85.0772547,27.8523269],[85.0772955,27.8523533],[85.077333,27.8523753],[85.0773705,27.8523947],[85.0774136,27.8524141],[85.0775616,27.8524719],[85.0776161,27.852495],[85.0776683,27.8525213],[85.0777127,27.8525489],[85.0777633,27.8525868],[85.0778152,27.852631],[85.0778696,27.8526825],[85.0779297,27.8527442],[85.0779792,27.8528028],[85.0780911,27.8529591],[85.0781196,27.8529954],[85.0781467,27.8530263],[85.0781755,27.8530554],[85.078207,27.8530841],[85.0782415,27.8531125],[85.0782797,27.8531412],[85.0783617,27.8531966],[85.0785318,27.8533015],[85.0786023,27.8533474],[85.0786731,27.8533989],[85.0787326,27.8534495],[85.078767,27.8534796],[85.078858,27.8535549],[85.0789038,27.853598],[85.0789262,27.8536233],[85.0789448,27.8536483],[85.0789598,27.8536735],[85.0789713,27.853699],[85.078993,27.853775],[85.0790046,27.8538002],[85.0790193,27.8538254],[85.079037,27.8538505],[85.0790579,27.8538756],[85.0790819,27.8539007],[85.0791094,27.8539263],[85.0791775,27.8539811],[85.0792129,27.8540041],[85.0792949,27.854047],[85.0793294,27.8540679],[85.0793593,27.8540905],[85.0793902,27.8541181],[85.0794228,27.8541511],[85.0795171,27.8542525],[85.0795487,27.8542823],[85.0795789,27.8543066],[85.0796273,27.8543375],[85.0797447,27.854401],[85.0797724,27.8544189],[85.0797959,27.8544368],[85.0798301,27.8544706],[85.0799007,27.8545556],[85.079919,27.8545739],[85.079937,27.8545887],[85.0799562,27.8546013],[85.0799791,27.8546135],[85.0800833,27.8546591],[85.0801189,27.8546385],[85.080154,27.8546213],[85.080183,27.8546101],[85.0802164,27.8546005],[85.0803557,27.8545728],[85.080387,27.8545649],[85.0804144,27.8545562],[85.0805303,27.8545218],[85.0805761,27.8545041],[85.080598,27.8544921],[85.0806161,27.8544789],[85.0806308,27.8544641],[85.0806422,27.8544477],[85.0806639,27.8543934],[85.0806795,27.8543637],[85.0806991,27.854335],[85.0807227,27.854307],[85.0807508,27.8542791],[85.0807779,27.8542558],[85.0808098,27.854231],[85.0809251,27.8541495],[85.0809688,27.8541166],[85.0810102,27.8540811],[85.0810437,27.8540462],[85.0811066,27.8539689],[85.0811688,27.8538839],[85.0812307,27.8537908],[85.0812932,27.8536882],[85.0813088,27.8536593],[85.0813244,27.8536261],[85.0813748,27.8535003],[85.0813974,27.8534505],[85.0814253,27.8534019],[85.0814402,27.8533813],[85.081456,27.8533627],[85.0815046,27.8533079],[85.0815323,27.8532813],[85.0815464,27.8532706],[85.08156,27.8532626],[85.0815732,27.8532571],[85.0815862,27.8532542],[85.0816124,27.853254],[85.0816426,27.8532597],[85.0816749,27.8532711],[85.0817055,27.8532867],[85.0817299,27.8533036],[85.081752,27.8533231],[85.0817695,27.8533431],[85.0817815,27.8533627],[85.0817869,27.853378],[85.0817897,27.8533953],[85.0817897,27.8534147],[85.0817871,27.8534363],[85.0817739,27.8534856],[85.0817489,27.8535471],[85.0817394,27.8535649],[85.0817265,27.8535835],[85.0816635,27.853655],[85.0816404,27.8536882],[85.0816251,27.8537202],[85.0816127,27.8537553],[85.0816031,27.8537939],[85.0815962,27.8538365],[85.0815901,27.8539181],[85.0815883,27.8540667],[85.0815862,27.8541222],[85.0815718,27.8543054],[85.0815685,27.8543942],[85.0815696,27.8544389],[85.0815729,27.8544804],[85.0815784,27.8545193],[85.0815862,27.8545562],[85.081595,27.8545845],[85.0816207,27.8546517],[85.0816296,27.8546864],[85.0816348,27.8547268],[85.0816365,27.8547636],[85.0816348,27.8547972],[85.0816296,27.8548274],[85.0816203,27.8548611],[85.0816104,27.8548876],[85.081599,27.8549089],[85.0815862,27.8549251],[85.0815764,27.8549325],[85.0815635,27.8549385],[85.081546,27.8549435],[85.0814916,27.854955],[85.0814771,27.8549609],[85.0814668,27.8549685],[85.0814603,27.8549768],[85.0814554,27.8549869],[85.0814506,27.8550128],[85.0814513,27.8550416],[85.0814594,27.8551227],[85.081459,27.8551451],[85.081456,27.8551638],[85.0814459,27.8551894],[85.081428,27.8552173],[85.0814061,27.855244],[85.0813487,27.8553071],[85.081325,27.8553395],[85.0813166,27.8553566],[85.0813121,27.8553726],[85.0813116,27.8553879],[85.0813149,27.8554025],[85.0813259,27.8554267],[85.0813399,27.8554493],[85.0813545,27.8554668],[85.0813692,27.8554784],[85.0813792,27.8554829],[85.0813909,27.8554858],[85.0814194,27.8554865],[85.0814544,27.8554806],[85.0814994,27.8554676],[85.0815134,27.8554615],[85.0815283,27.8554523],[85.0815892,27.8554041],[85.0816043,27.8553961],[85.0816187,27.8553916],[85.0816462,27.8553894],[85.0816778,27.8553924],[85.0817128,27.8554005],[85.0817489,27.8554133],[85.0817707,27.8554238],[85.0817925,27.8554374],[85.081814,27.8554537],[85.0818348,27.8554725],[85.0818545,27.8554934],[85.0818725,27.8555159],[85.0818884,27.8555393],[85.0819019,27.8555633],[85.0819235,27.8555636],[85.081924,27.8555365],[85.0821067,27.8555391],[85.0821057,27.8555932],[85.0821971,27.8555945],[85.0821966,27.8556215],[85.0822271,27.855622],[85.0822266,27.855649],[85.0823789,27.8556511],[85.0823784,27.8556782],[85.0824698,27.8556795],[85.0824693,27.8557065],[85.0825911,27.8557082],[85.0825916,27.8556812],[85.082622,27.8556816],[85.0826225,27.8556545],[85.082653,27.855655],[85.0826534,27.8556279],[85.0826839,27.8556283],[85.0826844,27.8556012],[85.0827148,27.8556017],[85.0827153,27.8555746],[85.0828676,27.8555767],[85.0828671,27.8556038],[85.0832021,27.8556084],[85.0832026,27.8555814],[85.083233,27.8555818],[85.0832335,27.8555547],[85.0833553,27.8555564],[85.0833548,27.8555835],[85.0835376,27.855586],[85.083538,27.855559],[85.0836294,27.8555602],[85.0836299,27.8555332],[85.0836908,27.855534],[85.0836913,27.8555069],[85.0839654,27.8555107],[85.0839658,27.8554837],[85.0840267,27.8554845],[85.0840272,27.8554575],[85.0840577,27.8554579],[85.0840581,27.8554308],[85.0840886,27.8554312],[85.0840891,27.8554042],[85.0841169,27.8554046],[85.0841196,27.8554],[85.0841219,27.8552693],[85.0840915,27.8552688],[85.0840919,27.8552418],[85.0841224,27.8552422],[85.0841233,27.8551881],[85.0841538,27.8551885],[85.0841543,27.8551614],[85.0841847,27.8551618],[85.0841852,27.8551348],[85.0842108,27.8551351],[85.0842119,27.8551312],[85.0842205,27.8551062],[85.0842327,27.8550801],[85.0842486,27.8550525],[85.0842688,27.8550224],[85.084288,27.8549472],[85.0843048,27.8548903],[85.0843226,27.8548399],[85.0843421,27.8547949],[85.0843851,27.8547034],[85.0844012,27.8546763],[85.084418,27.8546538],[85.0844491,27.8546228],[85.0845048,27.8545779],[85.0845496,27.8545459],[85.084603,27.854515],[85.0846557,27.8544891],[85.0847787,27.8544331],[85.0848342,27.8544048],[85.0848788,27.854378],[85.0849171,27.85435],[85.0849395,27.8543303],[85.0849939,27.8542772],[85.0850256,27.8542524],[85.085048,27.8542392],[85.0850726,27.8542274],[85.0850996,27.8542169],[85.0851294,27.8542077],[85.0851953,27.8541927],[85.0852969,27.8541764],[85.0853759,27.8541653],[85.0854407,27.854159],[85.0854488,27.8541547],[85.0855052,27.8541268],[85.0855651,27.8541008],[85.0856286,27.8540768],[85.085696,27.8540545],[85.0857673,27.8540341],[85.0858432,27.8540152],[85.0859244,27.8539977],[85.0860129,27.8539811],[85.0861043,27.8539674],[85.0861989,27.8539576],[85.0862966,27.8539517],[85.0863973,27.8539497],[85.086501,27.8539517],[85.0866073,27.8539576],[85.086716,27.8539674],[85.0868267,27.8539811],[85.0869146,27.8539949],[85.0870034,27.8540119],[85.0870929,27.8540319],[85.0871828,27.854055],[85.0872731,27.8540811],[85.0873633,27.8541101],[85.0874533,27.8541419],[85.0875428,27.8541764],[85.0876474,27.8542194],[85.0877164,27.8542524],[85.0877747,27.8542858],[85.0878348,27.8543252],[85.0878976,27.8543713],[85.0879659,27.854426],[85.0880356,27.8544838],[85.0880568,27.8545041],[85.0880744,27.8545236],[85.088094,27.8545498],[85.0881135,27.8545812],[85.0881612,27.8546755],[85.0881842,27.8547292],[85.088201,27.8547844],[85.0882123,27.8547845],[85.0882127,27.8547575],[85.0882432,27.8547579],[85.0882435,27.8547394],[85.0883848,27.8548605],[85.0884641,27.8549775],[85.0884526,27.8549774],[85.0884507,27.8550857],[85.0884811,27.8550861],[85.0884802,27.8551402],[85.0885106,27.8551406],[85.0885097,27.8551948],[85.0885401,27.8551952],[85.0885359,27.8554388],[85.0885054,27.8554384],[85.0885049,27.8554654],[85.0885354,27.8554659],[85.0885349,27.8554929],[85.0885045,27.8554925],[85.088503,27.8555737],[85.0884726,27.8555733],[85.0884702,27.8557086],[85.0885007,27.8557091],[85.0884992,27.8557903],[85.0885297,27.8557907],[85.0885295,27.8558027],[85.0886249,27.8558167],[85.0886605,27.8558229],[85.0887009,27.8558687],[85.0887329,27.8558767],[85.0888329,27.8559367],[85.0888769,27.8559527],[85.088937,27.8559687],[85.089025,27.8559768],[85.089125,27.8559888],[85.089265,27.8559968],[85.0893171,27.8560168],[85.0893691,27.8560488],[85.0894531,27.8560728],[85.0894691,27.8560768],[85.0895457,27.8561074],[85.0895596,27.856123],[85.0895931,27.8561608],[85.0895893,27.8561673],[85.0895878,27.8562518],[85.0896107,27.8562713],[85.0896585,27.8563233],[85.0896714,27.8563342],[85.0896842,27.8563424],[85.0897252,27.8563575],[85.0897388,27.8563652],[85.0897466,27.8563733],[85.0897532,27.8563844],[85.0897718,27.856434],[85.0898052,27.8564369],[85.0898372,27.8564649],[85.0899372,27.8565529],[85.0899772,27.8565969],[85.0900412,27.8566609],[85.0901173,27.8567289],[85.0901453,27.856777],[85.0901773,27.856829],[85.0902013,27.856861],[85.0902239,27.8568971],[85.0902413,27.856925],[85.0902764,27.8569387],[85.0903333,27.856961],[85.0904013,27.856997],[85.0905294,27.857073],[85.0905955,27.8571188],[85.0906387,27.8571194],[85.0906392,27.8570924],[85.0906697,27.8570928],[85.0906692,27.8571199],[85.0907301,27.8571207],[85.0907296,27.8571478],[85.090821,27.857149],[85.0908205,27.8571761],[85.090851,27.8571765],[85.0908505,27.8572036],[85.0909723,27.8572053],[85.0909723,27.8572061],[85.091,27.8572051],[85.0910226,27.8572074],[85.091048,27.8572143],[85.0910723,27.8572249],[85.0910931,27.857238],[85.0911091,27.8572529],[85.0911178,27.8572654],[85.0911252,27.8572814],[85.0911409,27.8573348],[85.0911481,27.8573716],[85.091154,27.8574512],[85.0911592,27.8574851],[85.0911865,27.8575807],[85.0911939,27.8576172],[85.0911992,27.8576578],[85.0912097,27.8578527],[85.0912151,27.8578992],[85.0912229,27.8579403],[85.0912518,27.8580299],[85.0912593,27.8580678],[85.0912604,27.8580952],[85.0912593,27.8581315],[85.0912525,27.858181],[85.0912263,27.8582829],[85.0912183,27.8583272],[85.0912161,27.8583711],[85.0912185,27.8584741],[85.0912138,27.858523],[85.0912082,27.8585459],[85.0911996,27.8585709],[85.0911601,27.8586597],[85.0911465,27.8586968],[85.0911594,27.8586969],[85.0911585,27.8587511],[85.0911889,27.8587515],[85.091188,27.8588056],[85.0912184,27.858806],[85.0912175,27.8588602],[85.0914307,27.8588631],[85.0914302,27.8588902],[85.0914606,27.8588906],[85.0914602,27.8589177],[85.0914906,27.8589181],[85.0914903,27.8589367],[85.0915257,27.8589486],[85.0915643,27.8589646],[85.0916125,27.8589929],[85.0916326,27.859001],[85.0916592,27.8590065],[85.091682,27.8590083],[85.0917005,27.8590065],[85.0917145,27.859001],[85.0917201,27.8589962],[85.0917251,27.8589891],[85.0917412,27.8589512],[85.091751,27.8589373],[85.091764,27.8589281],[85.0917969,27.8589134],[85.0918101,27.8589054],[85.091822,27.8588939],[85.0918451,27.8588652],[85.0918557,27.8588553],[85.0918723,27.8588446],[85.0918924,27.8588353],[85.0919162,27.858827],[85.0919467,27.8588189],[85.0919763,27.8588129],[85.0920066,27.8588093],[85.0920367,27.858808],[85.0920659,27.8588092],[85.0920936,27.8588127],[85.0921195,27.8588186],[85.0921435,27.8588268],[85.0921652,27.8588371],[85.0921941,27.8588541],[85.0922107,27.858869],[85.0922207,27.8588835],[85.0922289,27.8589008],[85.0922346,27.8589214],[85.0922365,27.8589445],[85.0922346,27.8589687],[85.0922289,27.8589919],[85.0922107,27.8590283],[85.0922098,27.8590381],[85.0922114,27.8590493],[85.0922256,27.8590896],[85.0922289,27.8591057],[85.0922283,27.8591178],[85.0922791,27.8591185],[85.0922787,27.8591456],[85.0924005,27.8591473],[85.0924,27.8591744],[85.0924609,27.8591752],[85.0924607,27.8591884],[85.0924678,27.8591891],[85.0925154,27.8591956],[85.0925742,27.8592077],[85.092617,27.8592219],[85.092635,27.8592301],[85.0926498,27.8592448],[85.0926571,27.8592563],[85.0926661,27.8592759],[85.0926735,27.8592973],[85.0926779,27.8593223],[85.0926802,27.8594058],[85.0926829,27.8594344],[85.0927069,27.859438],[85.0927332,27.8594476],[85.0927819,27.8594742],[85.0928025,27.8594835],[85.0928585,27.8595021],[85.0929027,27.8595108],[85.092943,27.8595133],[85.0929755,27.8595108],[85.092997,27.8595057],[85.0930191,27.8594975],[85.0930412,27.8594864],[85.0930627,27.8594728],[85.0930846,27.8594408],[85.093094,27.8594296],[85.0931091,27.8594168],[85.0931271,27.8594045],[85.0931337,27.8593824],[85.0931449,27.8593165],[85.0931521,27.8592997],[85.0931622,27.8592878],[85.0931856,27.8592736],[85.0932213,27.8592605],[85.0932563,27.8592532],[85.0932955,27.8592515],[85.0933378,27.8592555],[85.0933807,27.859265],[85.0934201,27.85928],[85.0934606,27.8593025],[85.0935003,27.8593318],[85.0935367,27.8593658],[85.0935382,27.8593656],[85.0935626,27.8593613],[85.0936149,27.8593465],[85.0936382,27.8593416],[85.0936734,27.8593374],[85.0937082,27.8593354],[85.093742,27.8593354],[85.0937742,27.8593376],[85.093804,27.8593421],[85.093835,27.8593494],[85.0938557,27.8593485],[85.0938792,27.8593495],[85.0939755,27.8593618],[85.0940155,27.8593637],[85.0940363,27.8593619],[85.0940549,27.8593578],[85.0940715,27.8593514],[85.0940863,27.8593424],[85.0941077,27.8593255],[85.0941227,27.8593105],[85.0941367,27.8592894],[85.0941546,27.8592514],[85.0941659,27.859221],[85.0941857,27.8591475],[85.0942001,27.8591148],[85.0942168,27.8590891],[85.0942364,27.8590641],[85.0942585,27.8590405],[85.094282,27.8590192],[85.094313,27.8589977],[85.0943511,27.8589787],[85.0943944,27.8589623],[85.0944732,27.8589373],[85.0945384,27.8589175],[85.0945916,27.8589054],[85.0946349,27.8588974],[85.0946599,27.8588963],[85.0946724,27.8588989],[85.0946838,27.8589047],[85.0946942,27.8589139],[85.0947038,27.8589266],[85.0947204,27.8589606],[85.094749,27.8590458],[85.0947635,27.8590799],[85.0947728,27.8590957],[85.0947828,27.8591081],[85.0947937,27.8591175],[85.0948055,27.8591239],[85.0948273,27.8591305],[85.0948534,27.8591349],[85.0948841,27.8591371],[85.0949239,27.8591376],[85.0949478,27.859136],[85.0949723,27.8591316],[85.0949976,27.8591244],[85.0950243,27.8591142],[85.0950741,27.8590895],[85.0952016,27.8590165],[85.0952395,27.8589992],[85.0952744,27.8589873],[85.0953099,27.858979],[85.0953494,27.8589723],[85.0953965,27.8589668],[85.0955425,27.8589536],[85.0955888,27.8589465],[85.0956295,27.8589373],[85.0956543,27.8589319],[85.0957163,27.858922],[85.0957452,27.8589146],[85.0957605,27.8589086],[85.0957734,27.8589013],[85.0957844,27.8588927],[85.0957934,27.8588826],[85.0958025,27.858869],[85.0958201,27.8588487],[85.0958417,27.8588327],[85.0958675,27.8588209],[85.0958977,27.858813],[85.0959323,27.8588091],[85.0959731,27.8588088],[85.0960181,27.8588116],[85.0961486,27.8588237],[85.0961876,27.8588248],[85.096221,27.8588233],[85.096257,27.8588177],[85.0962877,27.8588076],[85.0963137,27.8587929],[85.0963351,27.8587734],[85.0963571,27.8587432],[85.096367,27.8587324],[85.0963825,27.8587212],[85.0964125,27.8587051],[85.0964599,27.8586807],[85.0965089,27.8586595],[85.0965586,27.8586417],[85.0966083,27.8586277],[85.0966363,27.8586218],[85.0966661,27.8586176],[85.096732,27.8586136],[85.0967982,27.8586148],[85.0969468,27.8586229],[85.0971124,27.8585716],[85.0971616,27.8585609],[85.0972729,27.858548],[85.0973192,27.8585394],[85.0973428,27.8585323],[85.0973634,27.8585236],[85.0973814,27.858513],[85.0973969,27.8585005],[85.0974174,27.8584783],[85.0974373,27.8584507],[85.0974566,27.8584177],[85.0974752,27.8583796],[85.0974853,27.8583505],[85.0975014,27.8582841],[85.0975107,27.8582587],[85.0975386,27.8582058],[85.097553,27.8581843],[85.0975676,27.8581662],[85.0975815,27.8581527],[85.0975974,27.8581407],[85.0976154,27.8581302],[85.0976357,27.858121],[85.0976581,27.8581132],[85.0976832,27.8581065],[85.0977439,27.8580962],[85.0977693,27.8580767],[85.0978022,27.858058],[85.097842,27.85804],[85.097902,27.8580168],[85.0979315,27.858007],[85.0979649,27.8579983],[85.0980584,27.8579813],[85.0981873,27.8579591],[85.0982592,27.8579486],[85.098326,27.857942],[85.0983829,27.8579403],[85.0984341,27.8579439],[85.0984563,27.8579478],[85.0984763,27.8579531],[85.0984941,27.8579598],[85.0985099,27.8579679],[85.0985235,27.8579774],[85.098535,27.8579884],[85.0985443,27.8580018],[85.0985511,27.8580183],[85.0985553,27.8580381],[85.0985572,27.8580617],[85.0985559,27.8581042],[85.0985452,27.8582096],[85.0985427,27.8582571],[85.0985615,27.8582882],[85.0985761,27.8583088],[85.0985908,27.858325],[85.0986061,27.8583369],[85.098629,27.8583476],[85.0986574,27.858354],[85.0986875,27.8583564],[85.0987694,27.8583582],[85.0987926,27.8583609],[85.0988124,27.8583654],[85.0988468,27.8583788],[85.0988833,27.8583995],[85.0989167,27.858423],[85.0989934,27.8584819],[85.0990318,27.8585074],[85.0990687,27.8585256],[85.099104,27.8585361],[85.0991382,27.8585414],[85.099174,27.8585443],[85.0992104,27.858545],[85.0992463,27.8585432],[85.0992773,27.8585391],[85.0993092,27.8585318],[85.0993424,27.8585214],[85.0993772,27.8585077],[85.0994118,27.8584916],[85.0994497,27.8584718],[85.0995593,27.858408],[85.0995957,27.8583843],[85.0996765,27.8583255],[85.0997158,27.8583014],[85.0997765,27.858271],[85.0998345,27.8582467],[85.0998901,27.8582284],[85.0999434,27.858216],[85.0999611,27.858214],[85.0999815,27.8582141],[85.1000557,27.8582218],[85.1000844,27.8582227],[85.1001124,27.8582187],[85.1001354,27.8582089],[85.1001639,27.8581875],[85.1001767,27.8581808],[85.1001908,27.8581761],[85.1002063,27.8581735],[85.1002234,27.858173],[85.1002606,27.8581773],[85.1003395,27.8581955],[85.1003727,27.8582009],[85.1004061,27.8582012],[85.1004207,27.8581988],[85.1004342,27.8581947],[85.1004818,27.8581735],[85.1004987,27.8581631],[85.1005124,27.858152],[85.1005227,27.8581394],[85.1005436,27.8581026],[85.1005551,27.858088],[85.1005714,27.8580751],[85.1005923,27.8580636],[85.1006161,27.8580538],[85.1006618,27.8580382],[85.1006725,27.8580346],[85.100704,27.8580132],[85.1007369,27.8579932],[85.100737,27.8579899],[85.1007427,27.85799],[85.1008055,27.8579585],[85.1008455,27.8579424],[85.100889,27.8579279],[85.1009361,27.8579152],[85.1009876,27.8579039],[85.1010304,27.8578975],[85.1011514,27.8578857],[85.1012265,27.8578709],[85.1012266,27.8578612],[85.1012633,27.8578618],[85.1012877,27.8578552],[85.101288,27.857835],[85.1013489,27.8578359],[85.1013494,27.8578088],[85.1014103,27.8578096],[85.1014108,27.8577826],[85.1015571,27.8577846],[85.1016663,27.8577639],[85.1017511,27.8577502],[85.1018281,27.8577409],[85.101899,27.8577358],[85.101899,27.8577351],[85.1019115,27.8577353],[85.1019753,27.8577362],[85.1020146,27.8577367],[85.1020437,27.8577354],[85.1020819,27.8577307],[85.1020822,27.8577106],[85.1021127,27.857711],[85.1021131,27.8576839],[85.1021436,27.8576844],[85.1021441,27.8576573],[85.1021745,27.8576577],[85.102175,27.8576306],[85.1022054,27.8576311],[85.1022059,27.857604],[85.1022364,27.8576044],[85.1022373,27.8575503],[85.1022678,27.8575507],[85.1022711,27.8573612],[85.1022406,27.8573608],[85.1022409,27.8573456],[85.1022804,27.8573348],[85.1023441,27.8573348],[85.1023942,27.8573485],[85.1024306,27.8573576],[85.1024625,27.8573804],[85.1024742,27.8573845],[85.1025353,27.8574395],[85.1025854,27.8574851],[85.1026614,27.8575115],[85.1026761,27.8575213],[85.1027722,27.8575534],[85.102848,27.857565],[85.102915,27.8575679],[85.1030315,27.8575796],[85.1030985,27.8575796],[85.1032151,27.8576],[85.1033141,27.857632],[85.1033753,27.8576408],[85.1034744,27.8576815],[85.1035064,27.8577398],[85.1035356,27.8577893],[85.1035734,27.8578156],[85.103588,27.8578243],[85.1036667,27.857836],[85.1037075,27.8578243],[85.103722,27.8578127],[85.1037949,27.8577573],[85.1038182,27.8577369],[85.1038968,27.8577136],[85.1039216,27.8576946],[85.1039347,27.8576845],[85.1039784,27.857667],[85.1040163,27.8577194],[85.1040102,27.8577432],[85.1039872,27.857833],[85.1040192,27.8578564],[85.1040979,27.8578971],[85.1041794,27.8579146],[85.1042465,27.8579408],[85.1043135,27.8579787],[85.1043776,27.8580253],[85.1044591,27.8580486],[85.104497,27.8580516],[85.1045436,27.8580486],[85.1046048,27.8580399],[85.1046485,27.8580049],[85.104701,27.8579729],[85.1047579,27.8579481],[85.1047971,27.8579525],[85.1048728,27.8579816],[85.1049777,27.8579845],[85.1050535,27.8579758],[85.105237,27.857935],[85.1053565,27.8579379],[85.1054031,27.8579408],[85.1055429,27.8579467],[85.1056216,27.8579845],[85.1056595,27.8580137],[85.1057178,27.8580545],[85.1057615,27.8580632],[85.1058676,27.8580684],[85.1059043,27.8580218],[85.1059348,27.857991],[85.1059499,27.8579792],[85.1059649,27.8579699],[85.1059799,27.857963],[85.1059951,27.8579585],[85.1060133,27.8579559],[85.1060452,27.857954],[85.1060804,27.8579532],[85.1061169,27.8579556],[85.106155,27.857961],[85.1061954,27.8579695],[85.1062738,27.8579925],[85.1064226,27.8580456],[85.1064836,27.8580653],[85.1065473,27.8580815],[85.1066051,27.8580905],[85.1066718,27.8580942],[85.1068219,27.8580949],[85.1068873,27.8580996],[85.1069253,27.8581054],[85.1070208,27.8581245],[85.1070649,27.8581315],[85.1071289,27.8581366],[85.1072004,27.8581368],[85.1072709,27.8581333],[85.1074523,27.8581197],[85.1075048,27.8581177],[85.107552,27.8581178],[85.1076821,27.858116],[85.1077174,27.8581196],[85.1077477,27.8581269],[85.1077764,27.8581386],[85.1078066,27.8581551],[85.1078387,27.8581767],[85.1078766,27.858206],[85.1078883,27.858206],[85.1079699,27.8582176],[85.1081184,27.8582468],[85.1082117,27.8582788],[85.1082554,27.858305],[85.1083639,27.8583538],[85.1084442,27.8584001],[85.1084897,27.8584137],[85.1086172,27.8584228],[85.1086946,27.8584001],[85.1087902,27.8583682],[85.108863,27.8583409],[85.108995,27.8583136],[85.1090861,27.8582999],[85.1091817,27.8582726],[85.1092636,27.8582544],[85.1093319,27.8582362],[85.1094366,27.8582043],[85.1094548,27.8581998],[85.1095986,27.8581617],[85.1096096,27.8581588],[85.1096293,27.8581509],[85.1096578,27.8581395],[85.1097142,27.8581403],[85.1097644,27.8581133],[85.1097828,27.858098],[85.1098327,27.8580496],[85.1098735,27.8580199],[85.1099212,27.8579915],[85.1099767,27.8579638],[85.1100512,27.8579312],[85.1101096,27.8579074],[85.1101576,27.85789],[85.1102015,27.8578768],[85.1102424,27.8578675],[85.1103155,27.8578562],[85.1103795,27.8578518],[85.1104369,27.857854],[85.1104633,27.8578576],[85.1104882,27.8578629],[85.1105187,27.8578736],[85.1105908,27.8579094],[85.1106248,27.8579221],[85.1106498,27.8579269],[85.1107105,27.857933],[85.1107386,27.8579403],[85.1107579,27.8579503],[85.1107773,27.8579654],[85.110796,27.8579842],[85.1108465,27.8580412],[85.1108633,27.8580564],[85.1108797,27.8580678],[85.1109247,27.85809],[85.1109768,27.8581079],[85.111036,27.8581217],[85.1111027,27.8581315],[85.111139,27.8581344],[85.1111764,27.8581354],[85.1112146,27.8581344],[85.111253,27.8581315],[85.1112751,27.8581283],[85.1112995,27.8581227],[85.111401,27.8580931],[85.1114442,27.858086],[85.1115443,27.858086],[85.1115941,27.8580807],[85.1117188,27.8580563],[85.1117765,27.8580496],[85.111837,27.8580478],[85.1118857,27.8580496],[85.1119111,27.8580527],[85.1119388,27.8580585],[85.1120561,27.8580935],[85.1120838,27.8581001],[85.1121088,27.8581042],[85.1122062,27.8581178],[85.1122582,27.8581209],[85.1122863,27.8581042],[85.1123049,27.85809],[85.1123238,27.8580725],[85.1123683,27.8580222],[85.1123841,27.8580008],[85.1123989,27.8579755],[85.1124548,27.857851],[85.1124704,27.8578228],[85.1124866,27.8577992],[85.1125357,27.8577423],[85.1125611,27.8577172],[85.1125868,27.8576945],[85.1126368,27.8576549],[85.1126784,27.8576271],[85.1127176,27.857607],[85.1127552,27.8575943],[85.1127849,27.8575887],[85.112819,27.8575852],[85.1128537,27.8575847],[85.1128909,27.8575875],[85.1129307,27.8575937],[85.1129737,27.8576034],[85.1130217,27.8576176],[85.113066,27.8576345],[85.1131062,27.8576541],[85.1131422,27.8576763],[85.1131678,27.8576944],[85.1131831,27.8577081],[85.1131952,27.8577228],[85.1132062,27.8577401],[85.113216,27.8577597],[85.1132241,27.857781],[85.1132304,27.8578085],[85.1132325,27.85784],[85.1132305,27.8578757],[85.1132241,27.8579175],[85.1132112,27.8579672],[85.1131923,27.8580131],[85.1131793,27.8580345],[85.1131617,27.8580564],[85.113093,27.8581233],[85.1130693,27.8581497],[85.1130521,27.8581739],[85.1130103,27.8582397],[85.1129966,27.8582577],[85.1129828,27.8582726],[85.1129616,27.8582908],[85.1129055,27.8583318],[85.1128773,27.8583568],[85.1128479,27.8583869],[85.1127302,27.8585214],[85.1127013,27.8585496],[85.1126733,27.8585731],[85.1126147,27.8586151],[85.1126141,27.8586186],[85.1126046,27.858656],[85.1125887,27.8586953],[85.1125664,27.8587369],[85.1125367,27.8587825],[85.1125132,27.8588128],[85.1124844,27.8588437],[85.11245,27.8588761],[85.1124047,27.8589145],[85.1123591,27.8589502],[85.1123154,27.858981],[85.112273,27.8590069],[85.1122317,27.8590283],[85.1121794,27.8590489],[85.1121186,27.8590656],[85.1120522,27.8590784],[85.1119313,27.8590966],[85.111873,27.8591036],[85.1118075,27.8591072],[85.111601,27.8591065],[85.1115331,27.859108],[85.1114745,27.8591122],[85.1114214,27.8591193],[85.1113076,27.8591421],[85.1112744,27.8591446],[85.1111911,27.8591447],[85.1111683,27.859147],[85.1111483,27.8591512],[85.1111161,27.8591608],[85.1110911,27.8591702],[85.11107,27.8591806],[85.1110527,27.8591922],[85.1110328,27.8592101],[85.1110151,27.859231],[85.1110004,27.8592536],[85.1109897,27.8592767],[85.1110028,27.8592898],[85.1110173,27.8593247],[85.1110377,27.8593772],[85.1110785,27.8594879],[85.1111135,27.8595433],[85.1111659,27.8596015],[85.1111976,27.8596226],[85.1112184,27.8596365],[85.1112482,27.8596528],[85.1112504,27.859654],[85.1113,27.8596948],[85.1113582,27.8597472],[85.1113781,27.8597605],[85.1113877,27.8597669],[85.1114107,27.8597822],[85.1114485,27.8598375],[85.1115097,27.8599249],[85.1115214,27.8599482],[85.1115214,27.859979],[85.1115214,27.8600502],[85.1115156,27.860123],[85.1115068,27.8601871],[85.1114777,27.8602367],[85.1114841,27.8602541],[85.1113961,27.8602221],[85.1113203,27.8602483],[85.1112242,27.8603328],[85.1112067,27.8603852],[85.1111892,27.8604464],[85.1112038,27.8605076],[85.1112446,27.8605484],[85.1113378,27.8605717],[85.111399,27.8605659],[85.1114806,27.8605513],[85.1115709,27.8605397],[85.1116467,27.8605251],[85.1117463,27.8605276],[85.1117574,27.8605309],[85.1118077,27.8605564],[85.1118493,27.8606216],[85.1118948,27.8607081],[85.1119449,27.8608629],[85.1119722,27.861004],[85.1119859,27.8610859],[85.1120087,27.8611588],[85.1120587,27.8612498],[85.112086,27.8613227],[85.1120997,27.8614183],[85.1121225,27.8615184],[85.112168,27.8616186],[85.1122317,27.8617369],[85.1122681,27.8617733],[85.1124411,27.8619145],[85.1125458,27.8620374],[85.112646,27.8621739],[85.1126778,27.862265],[85.1127188,27.8623742],[85.1127825,27.8624971],[85.112819,27.8625791],[85.112819,27.8626292],[85.1128299,27.8627314],[85.1128094,27.8627311],[85.1128066,27.8628935],[85.1127761,27.8628931],[85.1127747,27.8629743],[85.1127443,27.8629739],[85.1127429,27.8630551],[85.1127733,27.8630555],[85.112771,27.8631909],[85.1127405,27.8631904],[85.1127401,27.8632175],[85.1127096,27.8632171],[85.1127091,27.8632442],[85.1126787,27.8632437],[85.1126782,27.8632708],[85.1126173,27.86327],[85.1126169,27.86329],[85.1126179,27.8632971],[85.1126473,27.8632975],[85.1126468,27.8633245],[85.1126773,27.863325],[85.1126768,27.863352],[85.1127072,27.8633524],[85.1127058,27.8634336],[85.1127363,27.8634341],[85.1127358,27.8634611],[85.1127967,27.863462],[85.1127963,27.863489],[85.1128572,27.8634899],[85.1128567,27.8635169],[85.1129481,27.8635182],[85.1129476,27.8635452],[85.1130085,27.8635461],[85.1130081,27.8635731],[85.1130385,27.8635736],[85.1130376,27.8636277],[85.113068,27.8636281],[85.1130676,27.8636552],[85.113098,27.8636556],[85.1130971,27.8637097],[85.1131275,27.8637102],[85.1131271,27.8637372],[85.113188,27.8637381],[85.1131875,27.8637651],[85.113218,27.8637655],[85.113217,27.8638197],[85.1132475,27.8638201],[85.113247,27.8638472],[85.1132775,27.8638476],[85.1132766,27.8639017],[85.1133375,27.8639025],[85.1133365,27.8639567],[85.1133974,27.8639575],[85.113397,27.8639846],[85.1134274,27.863985],[85.113427,27.8640121],[85.1134574,27.8640125],[85.1134569,27.8640395],[85.1134874,27.86404],[85.1134865,27.8640941],[85.1135169,27.8640945],[85.1135165,27.8641216],[85.113486,27.8641212],[85.1134855,27.8641482],[85.1133637,27.8641466],[85.1133642,27.8641195],[85.1133337,27.8641191],[85.1133342,27.864092],[85.1133037,27.8640916],[85.1133042,27.8640645],[85.1132737,27.8640641],[85.1132742,27.864037],[85.1132437,27.8640366],[85.1132442,27.8640096],[85.1132138,27.8640091],[85.1132142,27.8639821],[85.1131838,27.8639817],[85.1131847,27.8639275],[85.1131543,27.8639271],[85.1131547,27.8639],[85.1131243,27.8638996],[85.1131247,27.8638726],[85.1130638,27.8638717],[85.1130643,27.8638447],[85.1130338,27.8638442],[85.1130343,27.8638172],[85.1130038,27.8638168],[85.1130034,27.8638438],[85.1129729,27.8638434],[85.112972,27.8638975],[85.1130024,27.863898],[85.113002,27.863925],[85.1130324,27.8639254],[85.113032,27.8639525],[85.1130624,27.8639529],[85.1130619,27.86398],[85.1130924,27.8639804],[85.1130915,27.8640345],[85.1131219,27.864035],[85.1131205,27.8641162],[85.113151,27.8641166],[85.1131505,27.8641437],[85.1132114,27.8641445],[85.1132109,27.8641716],[85.1132414,27.864172],[85.1132409,27.864199],[85.1133019,27.8641999],[85.1133014,27.8642269],[85.1133318,27.8642274],[85.1133309,27.8642815],[85.1133614,27.8642819],[85.1133609,27.864309],[85.1133913,27.8643094],[85.1133909,27.8643365],[85.1134518,27.8643373],[85.1134513,27.8643644],[85.1135122,27.8643652],[85.1135118,27.8643923],[85.1135422,27.8643927],[85.1135413,27.8644468],[85.1135717,27.8644472],[85.1135713,27.8644743],[85.1136017,27.8644747],[85.1136003,27.8645559],[85.1136308,27.8645563],[85.1136303,27.8645834],[85.1135999,27.864583],[85.1135989,27.8646371],[85.1135685,27.8646367],[85.1135675,27.8646908],[85.113598,27.8646913],[85.1135956,27.8648266],[85.1135652,27.8648262],[85.1135642,27.8648803],[85.1135338,27.8648799],[85.1135328,27.864934],[85.1135633,27.8649344],[85.1135624,27.8649886],[85.1137147,27.8649907],[85.1137137,27.8650448],[85.1137442,27.8650452],[85.1137437,27.8650723],[85.1137742,27.8650727],[85.1137737,27.8650998],[85.1138042,27.8651002],[85.1138023,27.8652085],[85.1138327,27.8652089],[85.1138323,27.8652359],[85.1138627,27.8652364],[85.1138613,27.8653176],[85.1138918,27.865318],[85.1138913,27.865345],[85.1139218,27.8653455],[85.1139213,27.8653725],[85.1139518,27.8653729],[85.1139513,27.8654],[85.1139817,27.8654004],[85.1139803,27.8654816],[85.1140108,27.8654821],[85.1140094,27.8655633],[85.1139789,27.8655628],[85.1139766,27.8656982],[85.114007,27.8656986],[85.1140066,27.8657257],[85.114037,27.8657261],[85.1140366,27.8657531],[85.1140667,27.8657536],[85.114067,27.8657541],[85.1140837,27.8657809],[85.1140967,27.8658015],[85.1141027,27.8658112],[85.1141201,27.8658355],[85.1141482,27.8658749],[85.1142211,27.8660206],[85.1142711,27.866057],[85.1143052,27.8660723],[85.1143268,27.866082],[85.1143657,27.8660994],[85.114365,27.8661367],[85.1143955,27.8661371],[85.1143946,27.8661912],[85.114425,27.8661916],[85.1144245,27.8662187],[85.114455,27.8662191],[85.1144545,27.8662462],[85.114485,27.8662466],[85.1144845,27.8662737],[85.114515,27.8662741],[85.1145145,27.8663012],[85.114545,27.8663016],[85.1145417,27.8664911],[85.1145721,27.8664915],[85.1145707,27.8665727],[85.1146012,27.8665731],[85.1146007,27.8666002],[85.1146921,27.8666014],[85.1146912,27.8666555],[85.1147216,27.866656],[85.1147212,27.866683],[85.1147516,27.8666834],[85.1147502,27.8667646],[85.1147807,27.8667651],[85.1147797,27.8668192],[85.1148102,27.8668196],[85.1148097,27.8668467],[85.1148402,27.8668471],[85.1148397,27.8668742],[85.1148702,27.8668746],[85.1148697,27.8669017],[85.1149002,27.8669021],[85.1148997,27.8669291],[85.1149301,27.8669296],[85.1149297,27.8669566],[85.1149601,27.866957],[85.1149578,27.8670924],[85.1149882,27.8670928],[85.1149868,27.867174],[85.1150173,27.8671744],[85.1150164,27.8672285],[85.1150468,27.867229],[85.1150463,27.867256],[85.1150768,27.8672564],[85.1150754,27.8673376],[85.1151059,27.8673381],[85.1151045,27.8674193],[85.1151349,27.8674197],[85.1151326,27.867555],[85.115163,27.8675554],[85.1151602,27.8677178],[85.1151907,27.8677183],[85.1151869,27.8679348],[85.1152174,27.8679352],[85.115215,27.8680706],[85.1151846,27.8680701],[85.1151818,27.8682325],[85.1152122,27.868233],[85.1152113,27.8682871],[85.1152418,27.8682875],[85.1152413,27.8683146],[85.1153022,27.8683154],[85.1153017,27.8683425],[85.1153626,27.8683433],[85.1153631,27.8683162],[85.1154545,27.8683175],[85.115454,27.8683446],[85.1154845,27.868345],[85.115484,27.868372],[85.1155449,27.8683729],[85.115544,27.868427],[85.1155745,27.8684274],[85.115574,27.8684545],[85.1156349,27.8684553],[85.1156344,27.8684824],[85.1156649,27.8684828],[85.1156654,27.8684558],[85.1157872,27.8684574],[85.1157877,27.8684303],[85.1159704,27.8684328],[85.1159699,27.8684599],[85.1160309,27.8684607],[85.1160304,27.8684878],[85.1160913,27.8684886],[85.1160908,27.8685157],[85.1161518,27.8685165],[85.1161508,27.8685707],[85.1161813,27.8685711],[85.1161803,27.8686252],[85.1162108,27.8686256],[85.1162099,27.8686798],[85.1162403,27.8686802],[85.1162399,27.8687073],[85.1162703,27.8687077],[85.1162698,27.8687348],[85.1163003,27.8687352],[85.1162994,27.8687893],[85.1163603,27.8687901],[85.1163598,27.8688172],[85.1163903,27.8688176],[85.1163898,27.8688447],[85.1164812,27.8688459],[85.1164807,27.868873],[85.1165112,27.8688734],[85.1165107,27.8689005],[85.1165716,27.8689013],[85.1165706,27.8689617],[85.1165961,27.8689829],[85.1166007,27.8689829],[85.1166006,27.8689875],[85.1166194,27.8690103],[85.1167525,27.8690121],[85.116752,27.8690392],[85.1167825,27.8690396],[85.116782,27.8690666],[85.1168429,27.8690675],[85.1168425,27.8690945],[85.1168729,27.869095],[85.116872,27.8691491],[85.1169634,27.8691503],[85.1169629,27.8691774],[85.1170238,27.8691782],[85.1170229,27.8692324],[85.1170533,27.8692328],[85.1170524,27.8692869],[85.1170829,27.8692873],[85.1170805,27.8694227],[85.117111,27.8694231],[85.1171105,27.8694502],[85.117141,27.8694506],[85.11714,27.8695047],[85.1172009,27.8695055],[85.1172005,27.8695326],[85.1172309,27.869533],[85.1172305,27.8695601],[85.1172914,27.8695609],[85.1172909,27.869588],[85.1173214,27.8695884],[85.1173209,27.8696155],[85.1174123,27.8696167],[85.1174118,27.8696438],[85.1175641,27.8696459],[85.1175636,27.8696729],[85.1177464,27.8696754],[85.1177459,27.8697025],[85.1178068,27.8697033],[85.1178064,27.8697304],[85.1178368,27.8697308],[85.1178359,27.869785],[85.1178664,27.8697854],[85.1178659,27.8698124],[85.1179268,27.8698133],[85.1179263,27.8698403],[85.1180177,27.8698416],[85.1180173,27.8698687],[85.1180782,27.8698695],[85.1180777,27.8698966],[85.11823,27.8698986],[85.1182295,27.8699257],[85.11826,27.8699261],[85.1182595,27.8699532],[85.1183204,27.869954],[85.11832,27.8699811],[85.1184113,27.8699823],[85.1184109,27.8700094],[85.1184413,27.8700098],[85.1184409,27.8700369],[85.1185627,27.8700385],[85.1185622,27.8700656],[85.1186536,27.8700669],[85.1186531,27.8700939],[85.1187141,27.8700948],[85.1187136,27.8701218],[85.1187441,27.8701222],[85.1187436,27.8701493],[85.118774,27.8701497],[85.1187736,27.8701768],[85.118804,27.8701772],[85.1188036,27.8702043],[85.118834,27.8702047],[85.1188336,27.8702318],[85.118864,27.8702322],[85.1188636,27.8702592],[85.118894,27.8702597],[85.1188935,27.8702867],[85.118924,27.8702871],[85.1189235,27.8703142],[85.1189845,27.870315],[85.118984,27.8703421],[85.1190144,27.8703425],[85.119014,27.8703696],[85.1190749,27.8703704],[85.119074,27.8704246],[85.1191044,27.870425],[85.1191039,27.870452],[85.1191953,27.8704533],[85.1191949,27.8704804],[85.1192253,27.8704808],[85.1192248,27.8705078],[85.1192553,27.8705083],[85.1192548,27.8705353],[85.1192853,27.8705357],[85.1192848,27.8705628],[85.1193153,27.8705632],[85.1193144,27.8706174],[85.1193448,27.8706178],[85.1193439,27.8706719],[85.1193743,27.8706723],[85.1193739,27.8706994],[85.1194043,27.8706998],[85.1194034,27.8707539],[85.1194339,27.8707544],[85.1194329,27.8708085],[85.1194634,27.8708089],[85.1194629,27.870836],[85.1194934,27.8708364],[85.1194929,27.8708635],[85.1195234,27.8708639],[85.1195224,27.870918],[85.1195529,27.8709184],[85.119551,27.8710267],[85.1195815,27.8710271],[85.1195805,27.8710812],[85.119611,27.8710817],[85.1196101,27.8711358],[85.1196405,27.8711362],[85.1196396,27.8711903],[85.1197005,27.8711912],[85.1196996,27.8712453],[85.11973,27.8712457],[85.1197296,27.8712728],[85.11976,27.8712732],[85.1197596,27.8713003],[85.11979,27.8713007],[85.1197895,27.8713278],[85.11982,27.8713282],[85.1198195,27.8713552],[85.11985,27.8713557],[85.1198495,27.8713827],[85.11988,27.8713831],[85.1198795,27.8714102],[85.11991,27.8714106],[85.1199095,27.8714377],[85.11994,27.8714381],[85.119939,27.8714922],[85.12,27.8714931],[85.1199995,27.8715201],[85.1200909,27.8715214],[85.1200904,27.8715485],[85.1201818,27.8715497],[85.1201808,27.8716038],[85.1202453,27.8716047],[85.1202574,27.8716154],[85.1203257,27.8716473],[85.12074,27.8717474],[85.1209129,27.8717929],[85.1210495,27.8718521],[85.1212362,27.8719295],[85.12135,27.8719978],[85.1216049,27.8721753],[85.1217187,27.8722846],[85.1218507,27.8724257],[85.1220601,27.8725623],[85.1222832,27.8726488],[85.1224744,27.8727261],[85.1225882,27.8728126],[85.1227612,27.8729219],[85.122875,27.8730038],[85.1231754,27.8731814],[85.1234622,27.8732861],[85.1236534,27.873368],[85.1238765,27.8734955],[85.1240722,27.8735729],[85.1243636,27.8736229],[85.124573,27.8736639],[85.1247642,27.8737003],[85.1249326,27.8737322],[85.1251056,27.8737459],[85.1253469,27.8737322],[85.1254743,27.8736503],[85.1257247,27.8736685],[85.1259205,27.8737595],[85.1260343,27.8739097],[85.1261572,27.8740509],[85.1262528,27.8741465],[85.1263802,27.8742102],[85.1265487,27.8742603],[85.1266625,27.874283],[85.1268901,27.8743786],[85.1270267,27.8744333],[85.127095,27.8745289],[85.127227,27.8745653],[85.1274,27.8746563],[85.1275183,27.8747428],[85.127664,27.8748566],[85.1277823,27.8749522],[85.1280282,27.8751844],[85.1281612,27.8752574],[85.1281607,27.8752862],[85.1281912,27.8752866],[85.1281902,27.8753408],[85.1282207,27.8753412],[85.1282202,27.8753682],[85.1282507,27.8753687],[85.1282502,27.8753957],[85.1282198,27.8753953],[85.1282184,27.8754765],[85.1282488,27.8754769],[85.1282484,27.875504],[85.1282788,27.8755044],[85.1282783,27.8755315],[85.1283088,27.8755319],[85.1283083,27.875559],[85.1283388,27.8755594],[85.1283379,27.8756135],[85.1283683,27.8756139],[85.1283674,27.8756681],[85.1283369,27.8756676],[85.1283355,27.8757488],[85.128366,27.8757493],[85.1283651,27.8758034],[85.1283955,27.8758038],[85.1283951,27.8758309],[85.1284255,27.8758313],[85.1284246,27.8758854],[85.1284551,27.8758858],[85.1284546,27.8759129],[85.1284851,27.8759133],[85.1284846,27.8759404],[85.1285151,27.8759408],[85.1285132,27.8760491],[85.1284218,27.8760478],[85.1284227,27.8759937],[85.1283923,27.8759933],[85.1283927,27.8759662],[85.1283623,27.8759658],[85.1283627,27.8759387],[85.1282104,27.8759367],[85.1282109,27.8759096],[85.1281804,27.8759092],[85.1281809,27.8758821],[85.1281505,27.8758817],[85.1281509,27.8758546],[85.1280595,27.8758534],[85.1280591,27.8758805],[85.1280895,27.8758809],[85.1280886,27.875935],[85.1281191,27.8759354],[85.1281181,27.8759896],[85.1281486,27.87599],[85.1281481,27.876017],[85.1281786,27.8760175],[85.1281777,27.8760716],[85.1282081,27.876072],[85.1282077,27.8760991],[85.128299,27.8761003],[85.1282976,27.8761815],[85.1282672,27.8761811],[85.1282662,27.8762352],[85.1282053,27.8762344],[85.1282067,27.8761532],[85.1281763,27.8761528],[85.1281767,27.8761257],[85.1280853,27.8761245],[85.1280849,27.8761516],[85.1279935,27.8761503],[85.127993,27.8761774],[85.1279016,27.8761761],[85.1278989,27.8763385],[85.1278684,27.8763381],[85.1278619,27.8767171],[85.1278923,27.8767175],[85.12789,27.8768528],[85.1279205,27.8768533],[85.12792,27.8768803],[85.1279505,27.8768807],[85.12795,27.8769078],[85.1279805,27.8769082],[85.1279786,27.8770165],[85.1279481,27.8770161],[85.1279463,27.8771243],[85.1279158,27.8771239],[85.127914,27.8772322],[85.1279444,27.8772326],[85.127943,27.8773138],[85.1279735,27.8773142],[85.127973,27.8773413],[85.1279426,27.8773409],[85.1279416,27.877395],[85.1280008,27.8773958],[85.1280009,27.8773968],[85.1280373,27.8774969],[85.1280828,27.8776108],[85.1281511,27.8777428],[85.1282148,27.8778111],[85.1282694,27.8778748],[85.1282922,27.8779476],[85.12828,27.8780494],[85.1282785,27.8780614],[85.128266,27.8781034],[85.1282376,27.878198],[85.1282194,27.878239],[85.1281966,27.8783027],[85.1281647,27.8783892],[85.1281238,27.8784666],[85.1280838,27.878539],[85.1280871,27.8785593],[85.128088,27.8785822],[85.1280828,27.8786396],[85.1280739,27.8786795],[85.1280583,27.8787218],[85.1280358,27.8787669],[85.1280054,27.8788171],[85.127999,27.8788269],[85.12801,27.8788626],[85.12806,27.8790675],[85.1280555,27.8793315],[85.1280646,27.8794817],[85.1281056,27.8795956],[85.1281693,27.8796821],[85.128233,27.8797594],[85.128315,27.8798732],[85.1284697,27.8800599],[85.1285641,27.8801771],[85.1285638,27.8801921],[85.1285334,27.8801917],[85.1285329,27.8802188],[85.1285634,27.8802192],[85.1285615,27.8803275],[85.128592,27.8803279],[85.1285915,27.8803549],[85.128622,27.8803553],[85.1286215,27.8803824],[85.128652,27.8803828],[85.1286487,27.8805723],[85.1286792,27.8805727],[85.1286778,27.8806539],[85.1286473,27.8806535],[85.1286468,27.8806806],[85.1286164,27.8806802],[85.1286159,27.8807072],[85.1285854,27.8807068],[85.128584,27.880788],[85.1286145,27.8807884],[85.128614,27.8808155],[85.128675,27.8808163],[85.1286745,27.8808434],[85.1287659,27.8808446],[85.1287654,27.8808717],[85.1288263,27.8808725],[85.1288259,27.8808996],[85.1288563,27.8809],[85.1288559,27.8809284],[85.1288629,27.8809099],[85.1288703,27.8808975],[85.1288812,27.8808857],[85.1288953,27.880874],[85.128959,27.8808313],[85.1289796,27.880811],[85.1289935,27.880788],[85.1290189,27.8807241],[85.1290342,27.8806972],[85.1290525,27.8806734],[85.1290661,27.8806608],[85.1290755,27.8806555],[85.1290871,27.8806513],[85.1291298,27.8806426],[85.1291703,27.8806361],[85.1292163,27.880635],[85.1292603,27.8806378],[85.1293581,27.8806481],[85.1293993,27.8806503],[85.1294312,27.8806361],[85.1294621,27.8806244],[85.1295244,27.8806048],[85.1295741,27.8805946],[85.1295898,27.8805759],[85.1296033,27.8805652],[85.12962,27.8805572],[85.1296488,27.880547],[85.1296792,27.8805392],[85.1297544,27.8805275],[85.1297735,27.8805221],[85.1297899,27.8805151],[85.1298026,27.8805068],[85.1298322,27.8804826],[85.1298491,27.8804741],[85.1298742,27.880471],[85.1299128,27.8804741],[85.1299539,27.8804817],[85.1299909,27.8804822],[85.1299907,27.8804937],[85.1300084,27.8805015],[85.1300209,27.8805077],[85.1300213,27.8804826],[85.1300518,27.880483],[85.1300511,27.880526],[85.1300662,27.8805374],[85.1301423,27.8805384],[85.1301418,27.8805655],[85.1301723,27.8805659],[85.1301718,27.880593],[85.1302023,27.8805934],[85.1302013,27.8806475],[85.1302318,27.8806479],[85.1302304,27.8807291],[85.1302609,27.8807296],[85.1302604,27.8807566],[85.1302909,27.880757],[85.1302899,27.8808112],[85.1303204,27.8808116],[85.1303195,27.8808657],[85.1303499,27.8808661],[85.1303494,27.880895],[85.1303736,27.8809096],[85.130393,27.8809234],[85.1304093,27.8809375],[85.1304227,27.8809521],[85.1304536,27.8809941],[85.1304728,27.8810295],[85.1304842,27.8810667],[85.1304895,27.8811096],[85.1304888,27.881158],[85.1304819,27.8812116],[85.1304754,27.8812436],[85.1304682,27.8812662],[85.1304523,27.8812963],[85.1304272,27.88133],[85.1304126,27.8813457],[85.1303944,27.8813616],[85.1303316,27.8814074],[85.130295,27.88143],[85.1302186,27.8814671],[85.1301889,27.8814835],[85.1301611,27.8815037],[85.1301404,27.8815257],[85.1301305,27.8815408],[85.1301211,27.881559],[85.1300962,27.8816208],[85.1301237,27.8816211],[85.1301217,27.8817352],[85.1301394,27.881746],[85.1301573,27.8817599],[85.1301757,27.881777],[85.1301949,27.8817977],[85.1302301,27.8818418],[85.1303043,27.8819445],[85.130345,27.8820009],[85.1303772,27.8820538],[85.130396,27.8820953],[85.1304305,27.8821995],[85.13045,27.882245],[85.1304955,27.8823224],[85.130542,27.8823994],[85.1305729,27.8824453],[85.1305877,27.8824635],[85.1306062,27.8824824],[85.1306775,27.882544],[85.1307037,27.8825695],[85.1307264,27.8825982],[85.1307413,27.8826274],[85.1307504,27.8826547],[85.1307635,27.8826835],[85.1307808,27.8827116],[85.1308025,27.8827391],[85.1308289,27.8827663],[85.1308578,27.8827917],[85.1308922,27.8828184],[85.1310054,27.882896],[85.1310283,27.8829105],[85.131055,27.8829252],[85.1311738,27.8829825],[85.1312008,27.8829982],[85.1312239,27.8830143],[85.131284,27.8830634],[85.1313058,27.8830846],[85.131324,27.8831054],[85.1313523,27.8831457],[85.1313767,27.8831908],[85.131711,27.883465],[85.132494,27.8842207],[85.1337046,27.8856858],[85.1337269,27.8856932],[85.1337424,27.8857003],[85.1337547,27.8857086],[85.1337641,27.8857184],[85.1337777,27.8857412],[85.1337914,27.8857562],[85.13381,27.8857695],[85.1338299,27.8857798],[85.1338787,27.8858015],[85.1339006,27.885814],[85.1339409,27.885845],[85.1340289,27.8859234],[85.1340519,27.8859409],[85.1340736,27.8859551],[85.1341109,27.885974],[85.1341547,27.8859904],[85.1341996,27.8860034],[85.134319,27.8860333],[85.1343532,27.8860439],[85.1343832,27.8860553],[85.134472,27.8860941],[85.134538,27.8861281],[85.1345886,27.8861613],[85.1346942,27.8862446],[85.1347428,27.8862783],[85.1348475,27.8863375],[85.1348855,27.8863643],[85.1349249,27.8863975],[85.1349634,27.8864342],[85.1350663,27.8865379],[85.135099,27.8865676],[85.1351297,27.8865924],[85.1351959,27.8866379],[85.1353652,27.8867384],[85.1354049,27.8867639],[85.1354393,27.8867882],[85.1355004,27.8868375],[85.1355642,27.8868965],[85.1356277,27.8869615],[85.1358006,27.8871472],[85.1358562,27.8872017],[85.1359082,27.887248],[85.1360857,27.8873891],[85.1362353,27.887519],[85.1363341,27.887612],[85.1363778,27.8876572],[85.1364173,27.8877012],[85.1364529,27.8877446],[85.136485,27.8877877],[85.1365059,27.8877897],[85.1365247,27.8877939],[85.1365444,27.8878013],[85.1365645,27.8878116],[85.1365848,27.8878249],[85.1366057,27.8878412],[85.1366488,27.8878828],[85.1366991,27.8879414],[85.1367265,27.8879819],[85.1367721,27.8880681],[85.136793,27.8881024],[85.1368439,27.8881728],[85.1368968,27.8882384],[85.1369513,27.8882984],[85.1370069,27.8883525],[85.1370633,27.8884002],[85.1371203,27.8884416],[85.1371778,27.8884765],[85.1372357,27.8885049],[85.1372887,27.8885254],[85.1373468,27.8885435],[85.1374097,27.888559],[85.1374771,27.8885719],[85.1375203,27.8885766],[85.1375693,27.8885772],[85.1376162,27.8885746],[85.1377258,27.8885654],[85.1377781,27.8885635],[85.1378246,27.8885656],[85.1378661,27.8885719],[85.1379546,27.8885947],[85.1379952,27.8886079],[85.1380334,27.8886224],[85.1380691,27.8886382],[85.1381023,27.8886551],[85.138133,27.8886733],[85.1381613,27.8886927],[85.138196,27.8887207],[85.1382304,27.8887528],[85.1382638,27.8887884],[85.1382954,27.8888268],[85.1383174,27.8888576],[85.138338,27.8888913],[85.1383574,27.8889282],[85.1383757,27.8889685],[85.1383928,27.8890118],[85.1384093,27.8890595],[85.138443,27.8891756],[85.1384575,27.8892403],[85.1384679,27.889309],[85.138474,27.8893821],[85.1384761,27.8894605],[85.1384742,27.8895416],[85.1384685,27.8896313],[85.1384592,27.8897299],[85.138443,27.8898731],[85.1384326,27.8899443],[85.1384168,27.8900232],[85.1383569,27.8902653],[85.1383395,27.8903414],[85.13835,27.8904106],[85.1383579,27.8904881],[85.1383705,27.8907274],[85.1383723,27.8907893],[85.1383713,27.8908584],[85.1383582,27.8911031],[85.1383557,27.8912004],[85.1383593,27.8912999],[85.138364,27.8913452],[85.1383705,27.8913884],[85.1383814,27.891438],[85.1384116,27.8915504],[85.138422,27.8916031],[85.1384262,27.8916396],[85.1384284,27.8916805],[85.1384283,27.8918274],[85.1384306,27.8918864],[85.1384404,27.8920036],[85.1384504,27.8920937],[85.1384628,27.8921742],[85.1384779,27.8922471],[85.138517,27.8922798],[85.1386174,27.8923548],[85.1387168,27.8924318],[85.1388115,27.8924969],[85.1388577,27.8925256],[85.1389033,27.8925516],[85.1389483,27.8925752],[85.138993,27.8925963],[85.1390386,27.892613],[85.1391266,27.8926366],[85.1391604,27.8926472],[85.1391935,27.8926608],[85.139221,27.8926768],[85.139235,27.8926878],[85.1392493,27.8927022],[85.1393082,27.8927726],[85.139325,27.8927872],[85.1393417,27.8927975],[85.1393539,27.8928022],[85.1393687,27.8928056],[85.1394359,27.8928136],[85.1394506,27.8928181],[85.1394625,27.8928243],[85.1394782,27.8928378],[85.1394936,27.8928565],[85.1395085,27.8928798],[85.1395295,27.8929182],[85.1395449,27.8929525],[85.1395553,27.8929902],[85.139561,27.8930316],[85.139562,27.8930776],[85.1395596,27.8931166],[85.1395544,27.8931605],[85.1395249,27.8933312],[85.1395161,27.8934012],[85.139498,27.8935966],[85.1394765,27.8937732],[85.1394508,27.8939369],[85.1394206,27.8940899],[85.1393852,27.8942348],[85.1393448,27.8943714],[85.1392991,27.8945003],[85.1392478,27.8946219],[85.1392264,27.8946707],[85.1392291,27.8947086],[85.1392291,27.8947453],[85.1392262,27.8948009],[85.1392216,27.89484],[85.1392141,27.8948729],[85.1392033,27.8948998],[85.1391948,27.8949135],[85.1391839,27.8949265],[85.1391704,27.8949388],[85.1391542,27.8949508],[85.1391207,27.8949703],[85.1390352,27.8950127],[85.1389973,27.8950372],[85.1389199,27.8950988],[85.138857,27.8951524],[85.138802,27.8952033],[85.1387541,27.8952527],[85.1387117,27.895302],[85.1386752,27.8953511],[85.1386446,27.8954001],[85.1386195,27.8954493],[85.138595,27.8955087],[85.1385751,27.8955679],[85.1385604,27.8956256],[85.1385508,27.8956811],[85.138549,27.8957247],[85.1385546,27.8958251],[85.1385537,27.8958488],[85.1385508,27.89587],[85.1385411,27.8959049],[85.1385101,27.8959813],[85.1384993,27.8960159],[85.1384957,27.8960365],[85.138494,27.8960601],[85.1384954,27.8961402],[85.1384944,27.8961695],[85.1384901,27.8961977],[85.1384821,27.896222],[85.13847,27.8962458],[85.1384478,27.8962821],[85.1383981,27.8963564],[85.1383454,27.8964231],[85.1382903,27.8964814],[85.138262,27.8965073],[85.1382332,27.896531],[85.1381967,27.8965545],[85.1381027,27.8966026],[85.13808,27.8966179],[85.1380615,27.8966341],[85.1380331,27.8966621],[85.1380182,27.8966792],[85.1380073,27.8966958],[85.1380014,27.8967113],[85.1379999,27.8967307],[85.1380035,27.8967537],[85.1380122,27.8967804],[85.1380271,27.8968144],[85.1380458,27.8968447],[85.1380734,27.8968748],[85.1381078,27.8969038],[85.1381731,27.8969517],[85.1381965,27.8969677],[85.138222,27.8969822],[85.1382499,27.8969954],[85.1382807,27.8970074],[85.1383499,27.8970281],[85.1384995,27.8970623],[85.1385629,27.8970795],[85.1385963,27.8970909],[85.1386265,27.8971033],[85.1386542,27.897117],[85.1386796,27.897132],[85.1386977,27.8971426],[85.1387054,27.8971492],[85.1387112,27.897161],[85.1387132,27.8971777],[85.1387111,27.8971983],[85.1387054,27.8972179],[85.1387007,27.8972255],[85.1386936,27.8972318],[85.138684,27.8972369],[85.1386717,27.8972409],[85.1386476,27.8972449],[85.1385906,27.8972491],[85.138568,27.8972522],[85.1385282,27.8972566],[85.1384797,27.8972555],[85.1384265,27.8972497],[85.1382867,27.8972294],[85.1382486,27.8972264],[85.1382172,27.8972265],[85.1381848,27.8972312],[85.1381714,27.8972355],[85.1381598,27.8972412],[85.1381499,27.8972483],[85.1381417,27.8972567],[85.1381351,27.8972666],[85.1381301,27.897278],[85.1381224,27.897308],[85.138118,27.8973412],[85.1381178,27.8973721],[85.1381216,27.8973982],[85.1381285,27.8974148],[85.1381412,27.8974314],[85.1381607,27.8974491],[85.1382079,27.8974842],[85.1382265,27.8974999],[85.1382419,27.8975178],[85.1382503,27.8975355],[85.1382539,27.8975534],[85.1382552,27.8975733],[85.1382541,27.8975951],[85.1382507,27.8976185],[85.138237,27.8976683],[85.138216,27.8977158],[85.1382004,27.8977411],[85.1381814,27.8977659],[85.1381597,27.8977893],[85.1381361,27.8978104],[85.1381902,27.8978875],[85.1383159,27.8980599],[85.1383666,27.8981344],[85.1384117,27.898205],[85.1384528,27.8982741],[85.1384895,27.8983411],[85.1385221,27.8984068],[85.1385508,27.8984713],[85.1385783,27.8985409],[85.1386045,27.8986153],[85.1386296,27.8986947],[85.1386538,27.8987804],[85.1386719,27.8988599],[85.1386855,27.8989485],[85.1386955,27.8990507],[85.1387094,27.8992674],[85.1387174,27.8993608],[85.1387305,27.8994583],[85.1387483,27.8995445],[85.1387775,27.8996591],[85.138801,27.8997413],[85.1388254,27.8998144],[85.1388513,27.8998793],[85.1388925,27.8999671],[85.1389363,27.900048],[85.1389827,27.9001217],[85.1390316,27.9001884],[85.1390796,27.9002482],[85.1391131,27.9002863],[85.1391457,27.9003179],[85.1391775,27.9003429],[85.1391996,27.900356],[85.1392257,27.9003675],[85.1392564,27.900378],[85.1393496,27.9004052],[85.1393774,27.9004163],[85.1394008,27.9004288],[85.1394358,27.9004541],[85.1394713,27.9004874],[85.1395032,27.9005229],[85.13958,27.9006154],[85.139624,27.9006606],[85.1396985,27.9007268],[85.1397601,27.9007779],[85.1398178,27.9008213],[85.139873,27.900858],[85.1399465,27.9009027],[85.1400002,27.9009319],[85.1400498,27.9009542],[85.1400962,27.9009696],[85.1401214,27.9009746],[85.1401505,27.9009769],[85.1402465,27.9009742],[85.1402798,27.900975],[85.1403102,27.9009791],[85.1403366,27.9009868],[85.1403681,27.9010009],[85.1404052,27.9010211],[85.1404319,27.9010387],[85.1404576,27.9010597],[85.1404824,27.9010845],[85.140507,27.9011135],[85.140548,27.9011716],[85.1406386,27.9013164],[85.1406639,27.9013517],[85.1406886,27.9013817],[85.1407345,27.90143],[85.1407891,27.9014808],[85.1408442,27.901528],[85.1409827,27.9016422],[85.1410529,27.9017048],[85.1410872,27.9017385],[85.1411177,27.9017714],[85.141145,27.9018041],[85.1411693,27.9018368],[85.1411977,27.9018791],[85.1412253,27.9019242],[85.1412788,27.9020232],[85.1413308,27.9021352],[85.141384,27.902266],[85.1414247,27.9023764],[85.1414549,27.902469],[85.1414778,27.9025541],[85.141494,27.9026338],[85.1415285,27.90266],[85.1415551,27.902684],[85.1415807,27.9027113],[85.1416046,27.90274],[85.1416267,27.90277],[85.1416471,27.9028014],[85.1416658,27.9028343],[85.1416828,27.9028685],[85.1416981,27.9029042],[85.1417117,27.9029413],[85.141734,27.9030199],[85.1417496,27.9031046],[85.1417586,27.9031956],[85.1417611,27.9032936],[85.141758,27.9033849],[85.14175,27.9034826],[85.1417369,27.9035875],[85.1417185,27.9037014],[85.1416996,27.9038022],[85.1416761,27.903915],[85.1415744,27.904367],[85.1415417,27.9045352],[85.1415232,27.9046256],[85.1414678,27.9048532],[85.1414555,27.9049186],[85.1414478,27.9049779],[85.1414402,27.9050809],[85.1414377,27.9051803],[85.1414402,27.9052758],[85.1414478,27.9053669],[85.1414565,27.9054322],[85.1414677,27.9054972],[85.1414812,27.9055616],[85.141497,27.905625],[85.1415151,27.9056871],[85.1415354,27.9057477],[85.1415577,27.9058065],[85.141582,27.9058633],[85.1415983,27.9058957],[85.1416191,27.9059309],[85.1416942,27.9060419],[85.1417195,27.906082],[85.1417408,27.9061215],[85.1417564,27.9061584],[85.1417716,27.9062076],[85.1417833,27.9062605],[85.1417916,27.9063173],[85.1417965,27.9063783],[85.1417981,27.9064431],[85.1417965,27.9065134],[85.1417917,27.9065905],[85.1417832,27.9066815],[85.1417687,27.9067838],[85.1417462,27.9068885],[85.1417159,27.906995],[85.1416781,27.9071021],[85.1416331,27.907209],[85.1415814,27.9073141],[85.1415239,27.907416],[85.1414612,27.9075132],[85.1414377,27.9075453],[85.1414114,27.9075773],[85.141382,27.9076094],[85.1413491,27.9076421],[85.1412701,27.9077121],[85.1410916,27.9078548],[85.1410162,27.9079193],[85.1409771,27.9079562],[85.1409426,27.907992],[85.1409118,27.9080276],[85.1408844,27.9080632],[85.140855,27.9081073],[85.1407928,27.9082086],[85.1407637,27.908251],[85.1407282,27.9082969],[85.1406903,27.9083424],[85.1406499,27.9083873],[85.1406071,27.9084315],[85.1405621,27.908475],[85.140515,27.9085177],[85.1404658,27.9085593],[85.1404149,27.9085998],[85.1403078,27.908678],[85.1402562,27.9087122],[85.1402057,27.9087435],[85.1401992,27.9088166],[85.1401872,27.9089057],[85.1401734,27.9089711],[85.1401577,27.9090225],[85.140137,27.9090762],[85.1401111,27.9091328],[85.140079,27.9091944],[85.1400299,27.9092779],[85.1400072,27.909311],[85.1399846,27.9093403],[85.1399515,27.909375],[85.1398772,27.9094399],[85.1398472,27.9094691],[85.1398168,27.9095038],[85.1397847,27.9095442],[85.1396841,27.9096837],[85.1396452,27.9097396],[85.1396047,27.9098037],[85.1394647,27.9100474],[85.1394042,27.9101449],[85.1393692,27.9101954],[85.1393344,27.9102408],[85.1392993,27.9102818],[85.1392634,27.910319],[85.139225,27.9103538],[85.13918,27.9103897],[85.1391308,27.9104253],[85.1389898,27.9105231],[85.1389477,27.910555],[85.1389114,27.9105852],[85.1388314,27.9106595],[85.1387468,27.910746],[85.1386588,27.9108428],[85.1385165,27.9110058],[85.1384675,27.9110636],[85.1384143,27.9111293],[85.1381953,27.9114115],[85.138144,27.911474],[85.1380958,27.9115296],[85.1380002,27.9116312],[85.1379784,27.9116529],[85.1379132,27.9118206],[85.1378605,27.9119401],[85.1378527,27.9119532],[85.1378517,27.911991],[85.1378435,27.9120406],[85.1378287,27.912085],[85.1378052,27.9121319],[85.1377729,27.9121817],[85.1377303,27.9122368],[85.1377125,27.9122566],[85.1376911,27.9122772],[85.13761,27.9123446],[85.1375794,27.9123727],[85.1375517,27.9124021],[85.1375224,27.9124366],[85.1374062,27.9125863],[85.1373791,27.9126174],[85.137353,27.9126443],[85.13732,27.9126734],[85.1372348,27.9127407],[85.1372129,27.9127607],[85.1371946,27.9127801],[85.1371772,27.9128024],[85.1371383,27.9128605],[85.1371191,27.9128858],[85.1371015,27.9129044],[85.1370799,27.9129236],[85.136982,27.9129987],[85.1369618,27.9130178],[85.1369456,27.9130367],[85.1369269,27.9130631],[85.1369095,27.9130922],[85.1368933,27.9131238],[85.1368784,27.9131578],[85.1368648,27.9131942],[85.1368525,27.9132328],[85.1368324,27.9133159],[85.1368156,27.9134163],[85.1368117,27.913458],[85.1368103,27.9134963],[85.1368117,27.9135323],[85.1368158,27.9135657],[85.1368227,27.9135967],[85.1368324,27.9136252],[85.1368537,27.9136705],[85.1368777,27.9137082],[85.1368912,27.9137244],[85.136908,27.913741],[85.1369682,27.9137912],[85.1370005,27.9138173],[85.1370377,27.9138442],[85.1371959,27.9139468],[85.1372625,27.913995],[85.137297,27.9140239],[85.1373342,27.9140578],[85.1374866,27.9142071],[85.1375227,27.9142391],[85.1375568,27.9142666],[85.1376103,27.9143041],[85.1377332,27.9143816],[85.1377831,27.9144175],[85.1378802,27.9144916],[85.1379292,27.9145334],[85.1379515,27.9145554],[85.1379709,27.9145772],[85.1379728,27.9145797],[85.1379745,27.9145807],[85.1380295,27.9146187],[85.1382019,27.9147511],[85.1382643,27.9147965],[85.1383256,27.9148363],[85.1383835,27.9148679],[85.1384209,27.9148849],[85.1384639,27.9149015],[85.1386491,27.9149638],[85.1386896,27.9149804],[85.1387254,27.9149976],[85.1387729,27.9150247],[85.1388242,27.9150583],[85.1389797,27.9151732],[85.139032,27.9152098],[85.1391054,27.9152571],[85.1391838,27.9153039],[85.1392681,27.9153508],[85.139287,27.9153606],[85.1393359,27.9153601],[85.1393823,27.9153624],[85.1394256,27.9153677],[85.1394658,27.9153758],[85.1395011,27.9153872],[85.139539,27.9154045],[85.1395742,27.9154241],[85.1396571,27.9154743],[85.1396997,27.9154966],[85.139805,27.915544],[85.1398919,27.91558],[85.1399718,27.9156092],[85.1400468,27.9156324],[85.1401018,27.9156474],[85.1401374,27.915655],[85.1401593,27.9156576],[85.1401836,27.9156585],[85.1402879,27.9156532],[85.1403336,27.915655],[85.140381,27.9156621],[85.140429,27.9156722],[85.1404764,27.915685],[85.1405222,27.9157003],[85.1405541,27.9157131],[85.1405859,27.9157281],[85.1406175,27.9157453],[85.1406489,27.9157647],[85.1407112,27.91581],[85.1407727,27.9158638],[85.1408331,27.9159262],[85.1408923,27.9159967],[85.1409498,27.9160751],[85.1410051,27.9161606],[85.1410238,27.9161942],[85.1410621,27.9162717],[85.1410806,27.9163039],[85.1411473,27.916404],[85.1411764,27.9164421],[85.1412048,27.9164753],[85.1412337,27.9165047],[85.1412627,27.9165298],[85.1412921,27.9165509],[85.1413221,27.916568],[85.1413494,27.9165804],[85.1413805,27.9165918],[85.1414579,27.9166133],[85.1415021,27.9166207],[85.1416003,27.916629],[85.141639,27.916636],[85.1416627,27.9166429],[85.1416884,27.9166525],[85.1417945,27.9167012],[85.1418427,27.916719],[85.1418797,27.9167265],[85.1419528,27.9167337],[85.1419812,27.916738],[85.1420089,27.9167457],[85.1420314,27.9167567],[85.1420506,27.9167721],[85.1420692,27.9167936],[85.1420852,27.916817],[85.1421225,27.9168784],[85.1421445,27.9169076],[85.1422006,27.9169672],[85.142257,27.9170197],[85.1423138,27.9170652],[85.1423709,27.9171038],[85.1424075,27.9171253],[85.1424388,27.9171415],[85.1424622,27.9171511],[85.1424888,27.9171589],[85.1425213,27.9171658],[85.1426225,27.9171829],[85.1426536,27.9171913],[85.1426803,27.9172019],[85.1427153,27.9172207],[85.1427527,27.9172452],[85.1427901,27.9172732],[85.1428614,27.9173302],[85.1428989,27.9173616],[85.1429388,27.9173992],[85.1430594,27.9175249],[85.1431012,27.9175665],[85.1431406,27.9176021],[85.1431783,27.917632],[85.1432728,27.9176988],[85.143354,27.9177499],[85.1434302,27.9177903],[85.1434669,27.9178067],[85.1435028,27.9178206],[85.1435458,27.9178338],[85.1435951,27.9178447],[85.1437643,27.9178691],[85.1438272,27.917881],[85.1439631,27.9179139],[85.1440811,27.9179465],[85.1441886,27.9179805],[85.1442875,27.9180168],[85.1443894,27.9180591],[85.1444762,27.9180998],[85.1445922,27.9181596],[85.1446736,27.9182068],[85.1447098,27.9182306],[85.1447428,27.9182545],[85.144773,27.9182787],[85.1448006,27.9183036],[85.1448427,27.9183494],[85.1449142,27.9184417],[85.144944,27.9184771],[85.1449956,27.9185328],[85.1450489,27.9185871],[85.1451038,27.9186399],[85.1451601,27.9186911],[85.1452177,27.9187406],[85.1452765,27.9187881],[85.1453362,27.9188336],[85.1453967,27.918877],[85.1454412,27.9189043],[85.1454945,27.9189305],[85.1456546,27.9189382],[85.1458117,27.9189525],[85.1460505,27.9189727],[85.1461073,27.9189794],[85.1461575,27.9189874],[85.1462116,27.918999],[85.1462607,27.9190132],[85.1463059,27.9190304],[85.1463475,27.9190506],[85.146373,27.9190661],[85.1464286,27.9191041],[85.1464531,27.9191185],[85.1464872,27.9191333],[85.1465241,27.9191438],[85.1465641,27.91915],[85.1466079,27.919152],[85.1466497,27.9191505],[85.1466969,27.9191459],[85.1468746,27.9191181],[85.1469478,27.91911],[85.1469866,27.9191084],[85.1470223,27.9191093],[85.1470556,27.9191126],[85.147087,27.9191185],[85.1471708,27.919134],[85.1472037,27.9191421],[85.1472356,27.9191548],[85.1472605,27.9191713],[85.1472872,27.9191978],[85.1473058,27.9192241],[85.1473118,27.9192398],[85.1473145,27.9192586],[85.1473099,27.9193361],[85.1473107,27.919353],[85.1473133,27.9193675],[85.1473274,27.919411],[85.1473435,27.9194429],[85.1473538,27.9194558],[85.1473676,27.9194683],[85.1474272,27.9195075],[85.1474491,27.919526],[85.147477,27.919559],[85.1475035,27.9195982],[85.1475289,27.9196442],[85.1475548,27.9196995],[85.1475731,27.9197475],[85.1475887,27.9198016],[85.147602,27.9198631],[85.1476152,27.919941],[85.1476181,27.9199894],[85.1476134,27.9200955],[85.1476751,27.9201136],[85.1478242,27.9201617],[85.1479019,27.9201824],[85.1479665,27.9201949],[85.1480393,27.9202053],[85.1482742,27.920228],[85.1483556,27.9202376],[85.1484307,27.9202501],[85.148498,27.9202654],[85.1486061,27.9202944],[85.1486411,27.920306],[85.1486715,27.9203182],[85.1487151,27.9203416],[85.1487603,27.9203736],[85.1488018,27.9204088],[85.1489021,27.9205007],[85.1489312,27.9205247],[85.1489583,27.9205446],[85.1490051,27.920574],[85.1490597,27.9206032],[85.1491142,27.9206291],[85.1492508,27.9206901],[85.1493208,27.9207253],[85.1493555,27.9207453],[85.1493868,27.9207657],[85.1494153,27.9207868],[85.1494412,27.9208087],[85.1494795,27.9208474],[85.1495567,27.9209372],[85.1495921,27.9209747],[85.1496622,27.9210384],[85.1497417,27.9211023],[85.1498321,27.9211677],[85.1499392,27.9212388],[85.1500252,27.9212922],[85.1501104,27.9213414],[85.1501948,27.9213864],[85.1502784,27.9214272],[85.150361,27.9214638],[85.1504427,27.9214962],[85.1505235,27.9215243],[85.1506032,27.9215482],[85.1506654,27.9215615],[85.15078,27.9215776],[85.1508239,27.9215851],[85.1508673,27.9215956],[85.1509051,27.9216086],[85.1509649,27.9216367],[85.1510484,27.921684],[85.1511577,27.9217509],[85.1512581,27.9218194],[85.1513497,27.9218896],[85.1514325,27.9219614],[85.1515064,27.9220349],[85.15154,27.9220723],[85.1515714,27.9221101],[85.1516006,27.9221482],[85.1516276,27.9221868],[85.1516523,27.9222257],[85.1516747,27.922265],[85.1517222,27.9223584],[85.1517381,27.922396],[85.1517502,27.922431],[85.1517594,27.9224721],[85.1517711,27.9225743],[85.1517804,27.9226197],[85.1517923,27.9226541],[85.1518273,27.9227339],[85.1518407,27.9227706],[85.1518578,27.9228398],[85.1518693,27.9229173],[85.1518758,27.9230047],[85.1518785,27.9231177],[85.151877,27.9231724],[85.1518714,27.923233],[85.1518355,27.9234646],[85.1518292,27.9235164],[85.1518256,27.9235629],[85.1518207,27.9236748],[85.1518191,27.9237636],[85.1518208,27.9238439],[85.1518256,27.9239175],[85.1518356,27.9240199],[85.1518412,27.9240537],[85.1518483,27.9240835],[85.1518586,27.9241134],[85.1518735,27.9241454],[85.1519386,27.9242562],[85.1519615,27.9243024],[85.1519813,27.9243525],[85.1520003,27.9244062],[85.1520369,27.9245287],[85.1520585,27.924615],[85.1520746,27.9246947],[85.1520807,27.92474],[85.1520837,27.9247911],[85.1520828,27.9249556],[85.1520842,27.925012],[85.1520889,27.9250637],[85.1520973,27.9251097],[85.1521082,27.9251478],[85.152124,27.9251895],[85.1521842,27.9253176],[85.1522027,27.9253606],[85.1522162,27.9253987],[85.1522256,27.9254342],[85.1522328,27.9254737],[85.1522386,27.9255176],[85.1522482,27.9256379],[85.1522647,27.9257851],[85.1522679,27.9258446],[85.1522667,27.9258759],[85.1522631,27.9259044],[85.1522569,27.9259307],[85.1522482,27.9259549],[85.152232,27.9259864],[85.1522072,27.9260249],[85.1522159,27.9260564],[85.1522215,27.9260907],[85.1522239,27.9261278],[85.1522233,27.9261678],[85.1522197,27.9262105],[85.152213,27.9262565],[85.1522032,27.9263065],[85.1521897,27.9263633],[85.1521797,27.9263971],[85.1521665,27.9264318],[85.1521501,27.9264677],[85.1521301,27.9265054],[85.1520886,27.9265734],[85.1519775,27.9267406],[85.1519245,27.9268214],[85.1518623,27.9269076],[85.1517896,27.9270015],[85.1515692,27.9272763],[85.1515029,27.9273657],[85.1514469,27.927448],[85.1513298,27.9276302],[85.1512493,27.9277596],[85.151179,27.9278785],[85.1511183,27.9279884],[85.1510632,27.9280971],[85.1510154,27.9282017],[85.1509744,27.9283034],[85.15094,27.928403],[85.1509096,27.9285009],[85.1508928,27.928568],[85.1508845,27.928624],[85.1508818,27.9286866],[85.150884,27.9287532],[85.150897,27.9289419],[85.1508969,27.9289999],[85.1508928,27.9290514],[85.1508784,27.9291472],[85.1508598,27.9292406],[85.150837,27.9293306],[85.1508103,27.9294169],[85.1507753,27.929527],[85.1507556,27.9295792],[85.1507316,27.9296267],[85.1507184,27.9296467],[85.1507042,27.9296645],[85.1506826,27.9296868],[85.1506574,27.9297088],[85.1506688,27.9297588],[85.1506786,27.9297889],[85.1506916,27.9298217],[85.1507522,27.92995],[85.1507749,27.9300064],[85.1507849,27.9300397],[85.1507936,27.9300778],[85.1508153,27.9302097],[85.1508254,27.9302591],[85.1508396,27.9303072],[85.1508574,27.9303483],[85.1508777,27.9303837],[85.1509028,27.9304211],[85.1509331,27.9304614],[85.1509753,27.9305134],[85.1510008,27.9305418],[85.1510317,27.9305716],[85.1511358,27.9306602],[85.15117,27.930691],[85.151199,27.9307205],[85.1512229,27.9307492],[85.151261,27.9308023],[85.1512961,27.9308577],[85.1513279,27.9309146],[85.1513558,27.9309722],[85.1513794,27.9310297],[85.1513986,27.9310867],[85.1514133,27.9311426],[85.1514234,27.9311972],[85.151428,27.9312381],[85.1514305,27.9312808],[85.1514307,27.9313252],[85.1514288,27.931371],[85.1514247,27.9314181],[85.1514185,27.931466],[85.1513998,27.9315627],[85.1513894,27.9315986],[85.1513748,27.9316364],[85.1513955,27.9316594],[85.1514179,27.9316795],[85.1514456,27.9316991],[85.1515419,27.9317538],[85.1515738,27.931774],[85.1516008,27.9317954],[85.1516219,27.9318178],[85.1516339,27.9318355],[85.1516449,27.9318572],[85.1516732,27.9319334],[85.1516844,27.9319592],[85.1516976,27.9319814],[85.1517125,27.9319989],[85.1517372,27.9320212],[85.1517603,27.9320385],[85.1517822,27.9320512],[85.151803,27.9320593],[85.1518275,27.9320637],[85.1518558,27.9320639],[85.1518878,27.93206],[85.1519237,27.9320518],[85.1519458,27.9320444],[85.1519695,27.9320337],[85.1520294,27.9319989],[85.1520806,27.9319634],[85.1521275,27.9319235],[85.1521476,27.9319023],[85.1521676,27.9318767],[85.1522334,27.9317746],[85.1522633,27.9317348],[85.1523216,27.9316633],[85.1523509,27.9316311],[85.1523825,27.9316035],[85.1524142,27.9315839],[85.1524746,27.9315613],[85.1525062,27.931545],[85.1525387,27.9315228],[85.1525718,27.9314956],[85.1526641,27.931413],[85.1526946,27.9313902],[85.1527236,27.9313727],[85.1527801,27.9313454],[85.1528411,27.931321],[85.1529056,27.9312997],[85.1529726,27.9312821],[85.1530265,27.9312714],[85.1530829,27.9312638],[85.1531418,27.9312592],[85.153203,27.9312576],[85.1532666,27.9312592],[85.1533325,27.9312638],[85.1534005,27.9312714],[85.1534706,27.9312821],[85.1535307,27.9312953],[85.1536523,27.9313297],[85.1537045,27.9313425],[85.1537784,27.9313551],[85.1538603,27.9313635],[85.1539559,27.9313682],[85.1541593,27.9313714],[85.1542473,27.9313747],[85.1543396,27.9313825],[85.1544213,27.9313953],[85.1545675,27.9314235],[85.1546501,27.9314427],[85.1547256,27.931466],[85.1547594,27.9314791],[85.1547911,27.9314934],[85.1548478,27.9315284],[85.1548614,27.9315348],[85.1548741,27.9315387],[85.1548897,27.9315397],[85.1549265,27.9315366],[85.154942,27.9315387],[85.1549586,27.9315476],[85.1549887,27.9315746],[85.1550024,27.9315839],[85.1550177,27.9315902],[85.1550359,27.9315944],[85.1551087,27.9316004],[85.1551382,27.9316066],[85.1551685,27.9316178],[85.1551991,27.9316318],[85.1552295,27.9316483],[85.1552589,27.9316669],[85.1552979,27.9316982],[85.1553366,27.9317388],[85.1553747,27.9317877],[85.1554325,27.9318707],[85.1554587,27.9319103],[85.155484,27.9319526],[85.1555086,27.9319978],[85.1555325,27.9320463],[85.1555791,27.9321536],[85.1556287,27.9322857],[85.1556526,27.932365],[85.1556958,27.9325439],[85.1557192,27.9326177],[85.1557436,27.9326745],[85.1558076,27.9328033],[85.1558216,27.9328362],[85.1558324,27.9328667],[85.1558412,27.9328992],[85.1558484,27.9329356],[85.155869,27.933108],[85.1558762,27.9331484],[85.1558852,27.9331836],[85.1559026,27.9332328],[85.1559254,27.9332821],[85.1559538,27.933332],[85.1559884,27.9333834],[85.1560224,27.9334284],[85.1560628,27.9334773],[85.1562134,27.933646],[85.1562712,27.9337144],[85.1563255,27.9337869],[85.1563681,27.9338552],[85.1564177,27.9339468],[85.1564587,27.9340287],[85.1565063,27.9341349],[85.1565509,27.9342479],[85.1565928,27.9343682],[85.1566322,27.9344966],[85.1566415,27.9345328],[85.1566572,27.9345381],[85.1567173,27.9345639],[85.1567329,27.9345732],[85.1567473,27.934584],[85.1567605,27.9345964],[85.1567725,27.9346104],[85.1567933,27.9346432],[85.15681,27.9346832],[85.1568209,27.9347214],[85.15683,27.9347666],[85.1568514,27.9349297],[85.1568621,27.9349912],[85.1568776,27.9350488],[85.156887,27.9350737],[85.1568976,27.9350962],[85.1569166,27.9351296],[85.1569634,27.9352052],[85.1569835,27.9352421],[85.1569989,27.9352773],[85.1570132,27.9353176],[85.1570565,27.9354715],[85.1570779,27.935534],[85.1571032,27.9355914],[85.1571655,27.9357177],[85.1571895,27.9357744],[85.1572085,27.9358286],[85.1572258,27.9358855],[85.1572415,27.9359454],[85.1572557,27.9360089],[85.1572799,27.9361473],[85.1573011,27.9363153],[85.157304,27.936379],[85.1572994,27.9365064],[85.1572999,27.9365589],[85.1573059,27.9366124],[85.1573183,27.9366587],[85.1573336,27.9366937],[85.1573784,27.9367789],[85.1573949,27.9368175],[85.1574101,27.9368585],[85.1574373,27.9369496],[85.1574591,27.9370437],[85.1575103,27.9372985],[85.1575293,27.9373737],[85.1575501,27.93744],[85.1575979,27.9375696],[85.1576524,27.9377026],[85.1577136,27.9378395],[85.1577819,27.9379809],[85.1578326,27.9380795],[85.1578533,27.9381175],[85.1580619,27.9382116],[85.1581542,27.9382549],[85.1582488,27.938303],[85.1583313,27.93835],[85.1584535,27.9384243],[85.1585361,27.9384765],[85.1586096,27.9385259],[85.1586748,27.9385732],[85.1587221,27.938612],[85.1588315,27.9387092],[85.1588894,27.9387535],[85.1589493,27.9387897],[85.1590198,27.9388238],[85.1590905,27.9388524],[85.1592694,27.9389188],[85.1593184,27.9389393],[85.1593616,27.9389596],[85.159491,27.9390251],[85.1595874,27.9390767],[85.1596724,27.939126],[85.1597479,27.9391742],[85.1598359,27.9392374],[85.1599236,27.9393084],[85.1600114,27.9393875],[85.1601001,27.9394753],[85.1601889,27.9395709],[85.1602813,27.9396779],[85.1603795,27.9397986],[85.1604948,27.9399469],[85.1606137,27.940099],[85.1606716,27.9401784],[85.1607223,27.9402581],[85.160743,27.940296],[85.160761,27.9403332],[85.1607817,27.9403823],[85.1608013,27.9404354],[85.16082,27.940493],[85.1608383,27.9405564],[85.1608555,27.9406254],[85.16087,27.9406945],[85.1608814,27.9407632],[85.1608898,27.9408312],[85.1608956,27.9409094],[85.1608975,27.9409912],[85.1608956,27.9410767],[85.1608898,27.941166],[85.160882,27.941244],[85.1608724,27.9413147],[85.1608607,27.94138],[85.1608468,27.9414407],[85.1608208,27.9415294],[85.1608046,27.9415733],[85.1608278,27.9416094],[85.1608595,27.9416648],[85.1608922,27.9417272],[85.160938,27.9418201],[85.1609695,27.9418875],[85.161,27.9419587],[85.1610298,27.9420343],[85.1610592,27.9421156],[85.1611163,27.9422902],[85.1611974,27.9425629],[85.1612184,27.9426397],[85.1612388,27.9427262],[85.1612986,27.9430214],[85.1613235,27.943133],[85.1613533,27.9432435],[85.161386,27.943341],[85.161406,27.9433906],[85.1614307,27.9434449],[85.1615441,27.9436734],[85.1615675,27.9437273],[85.1615864,27.9437773],[85.1616094,27.9438532],[85.1616554,27.9440449],[85.1616808,27.944131],[85.1617064,27.9442014],[85.1617359,27.9442736],[85.1617695,27.9443479],[85.1618074,27.9444253],[85.161849,27.9445044],[85.1618964,27.9445895],[85.1620227,27.944803],[85.1620862,27.9449],[85.1622464,27.9451235],[85.1622852,27.9451835],[85.1623174,27.9452392],[85.1623476,27.9452987],[85.1623779,27.9453664],[85.1624755,27.9456132],[85.1625179,27.9457108],[85.1625515,27.945779],[85.1625919,27.9458535],[85.1627352,27.9460984],[85.1627869,27.9461909],[85.1628341,27.9462845],[85.1628716,27.9463711],[85.162884,27.9464088],[85.162894,27.9464529],[85.1629017,27.9465011],[85.1629192,27.9466376],[85.1629269,27.9466779],[85.1629359,27.9467125],[85.1629499,27.9467499],[85.1629672,27.9467817],[85.1629882,27.9468086],[85.163013,27.9468309],[85.1630393,27.9468468],[85.1630484,27.9468545],[85.1630556,27.9468688],[85.1630565,27.9468882],[85.1630534,27.9469056],[85.1630495,27.9469198],[85.1630838,27.946937],[85.1631561,27.9469765],[85.1632291,27.9470196],[85.1633032,27.9470663],[85.1633783,27.9471169],[85.1634547,27.9471712],[85.1635329,27.9472298],[85.1636133,27.947293],[85.1636969,27.9473615],[85.1637664,27.9474209],[85.1638349,27.947482],[85.1639022,27.9475448],[85.163968,27.9476091],[85.164131,27.9477731],[85.164187,27.9478328],[85.164236,27.9478882],[85.1642821,27.947944],[85.1643232,27.9479982],[85.1643599,27.9480515],[85.1643925,27.9481042],[85.1644501,27.9482054],[85.1644874,27.9482793],[85.1645153,27.9483474],[85.164534,27.9484108],[85.1645442,27.9484699],[85.1645494,27.9485366],[85.1645498,27.9486115],[85.1645458,27.9487173],[85.1645384,27.9487914],[85.1645226,27.948872],[85.1644991,27.9489592],[85.1644434,27.9491365],[85.1644215,27.9492125],[85.1644031,27.9492929],[85.1643925,27.9493658],[85.1643882,27.9494365],[85.1643855,27.9495941],[85.1643807,27.9496605],[85.1643699,27.9497405],[85.1643547,27.949825],[85.164335,27.9499152],[85.1643099,27.9500142],[85.1642943,27.9500658],[85.1642735,27.9501224],[85.164195,27.9503051],[85.1641686,27.9503717],[85.1641472,27.9504373],[85.1641331,27.9504976],[85.1641267,27.9505482],[85.164125,27.9506057],[85.1641268,27.950661],[85.164135,27.9507925],[85.1641359,27.9508571],[85.1641315,27.9509165],[85.1641213,27.9509692],[85.1641076,27.9510128],[85.1640624,27.9511343],[85.1640473,27.9511911],[85.1640365,27.9512508],[85.1640297,27.9513141],[85.1640271,27.9513816],[85.1640284,27.9514565],[85.1640341,27.9515399],[85.1640434,27.9516293],[85.1640744,27.9518848],[85.1640812,27.9519639],[85.1640846,27.9520344],[85.1640841,27.9521152],[85.1640783,27.9521897],[85.1640672,27.9522594],[85.1640506,27.9523251],[85.1640241,27.9524008],[85.1640152,27.9524312],[85.1640069,27.9524753],[85.1640027,27.9525222],[85.1640025,27.9525718],[85.1640063,27.9526242],[85.1640141,27.9526794],[85.164026,27.9527379],[85.1640419,27.9528001],[85.1640624,27.9528674],[85.1640824,27.9529169],[85.1641118,27.9529696],[85.1641442,27.9530179],[85.1642234,27.953127],[85.1642571,27.9531792],[85.1642811,27.9532248],[85.1642982,27.9532683],[85.1643338,27.9533725],[85.1643484,27.9534272],[85.1643521,27.9534516],[85.1643529,27.9534725],[85.1643506,27.9534899],[85.1643504,27.9534904],[85.1643513,27.9535094],[85.16435,27.9535612],[85.1643545,27.9535889],[85.1643786,27.953642],[85.1643861,27.9536659],[85.1643917,27.9536913],[85.1643953,27.9537185],[85.164397,27.9537477],[85.1645246,27.9537494],[85.1645242,27.9537764],[85.1645852,27.9537772],[85.1645847,27.9538043],[85.1646152,27.9538047],[85.1646143,27.9538588],[85.1646447,27.9538593],[85.1646443,27.9538863],[85.1646748,27.9538867],[85.1646743,27.9539138],[85.1647048,27.9539142],[85.1647043,27.9539413],[85.1647348,27.9539417],[85.1647344,27.9539687],[85.1647648,27.9539692],[85.1647644,27.9539962],[85.1647949,27.9539966],[85.1647944,27.9540237],[85.1648249,27.9540241],[85.164824,27.9540782],[85.1648545,27.9540786],[85.164854,27.9541057],[85.1648845,27.9541061],[85.1648836,27.9541603],[85.1649445,27.9541611],[85.1649441,27.9541881],[85.1649746,27.9541885],[85.164975,27.9541615],[85.1650055,27.9541619],[85.1650046,27.954216],[85.1650351,27.9542164],[85.1650332,27.9543247],[85.1650637,27.9543251],[85.1650624,27.9544063],[85.1650928,27.9544067],[85.1650924,27.9544338],[85.1651533,27.9544346],[85.1651515,27.9545429],[85.165182,27.9545433],[85.1651806,27.9546245],[85.1652111,27.9546249],[85.1652106,27.954652],[85.1652411,27.9546524],[85.1652407,27.9546794],[85.1652712,27.9546798],[85.1652702,27.954734],[85.1653007,27.9547344],[85.1652998,27.9547885],[85.1653303,27.9547889],[85.1653294,27.9548431],[85.1653599,27.9548435],[85.1653589,27.9548976],[85.1653894,27.954898],[85.165389,27.9549251],[85.1654195,27.9549255],[85.1654185,27.9549796],[85.165449,27.95498],[85.1654481,27.9550342],[85.1654786,27.9550346],[85.1654763,27.9551699],[85.1655068,27.9551703],[85.1655063,27.9551974],[85.1655673,27.9551982],[85.1655668,27.9552253],[85.1655973,27.9552257],[85.1655964,27.9552798],[85.1656269,27.9552802],[85.1656263,27.9553157],[85.1656447,27.9553346],[85.1656565,27.9553348],[85.1656563,27.955347],[85.1656697,27.955362],[85.1656865,27.9553622],[85.1656862,27.9553812],[85.1657145,27.9554168],[85.165777,27.9554176],[85.1657766,27.9554447],[85.165807,27.9554451],[85.1658075,27.955418],[85.1658685,27.9554188],[85.1658689,27.9553917],[85.1659604,27.955393],[85.1659599,27.95542],[85.1660209,27.9554208],[85.1660204,27.9554479],[85.1660509,27.9554483],[85.1660495,27.9555295],[85.16608,27.9555299],[85.1660796,27.955557],[85.1660491,27.9555566],[85.1660473,27.9556649],[85.1660777,27.9556653],[85.1660764,27.9557465],[85.1660459,27.9557461],[85.1660454,27.9557731],[85.1660149,27.9557727],[85.166014,27.9558269],[85.1660445,27.9558273],[85.1660441,27.9558543],[85.166105,27.9558551],[85.1661055,27.9558281],[85.166136,27.9558285],[85.1661364,27.9558014],[85.1661059,27.955801],[85.1661068,27.9557469],[85.1661373,27.9557473],[85.1661378,27.9557202],[85.1661988,27.955721],[85.1661983,27.9557481],[85.1662593,27.9557489],[85.1662602,27.9556948],[85.1663516,27.955696],[85.1663525,27.9556418],[85.166383,27.9556423],[85.1663839,27.9555881],[85.1663535,27.9555877],[85.1663548,27.9555065],[85.1663853,27.9555069],[85.1663862,27.9554528],[85.1664472,27.9554536],[85.1664467,27.9554807],[85.1664772,27.9554811],[85.1664759,27.9555623],[85.1665063,27.9555627],[85.1665054,27.9556168],[85.1665359,27.9556172],[85.1665364,27.9555902],[85.1665668,27.9555906],[85.1665673,27.9555635],[85.1666588,27.9555647],[85.1666583,27.9555918],[85.1666888,27.9555922],[85.166687,27.9557005],[85.1666565,27.9557],[85.1666551,27.9557813],[85.1666856,27.9557817],[85.1666851,27.9558087],[85.1667461,27.9558095],[85.1667465,27.9557825],[85.1668075,27.9557833],[85.1668071,27.9558104],[85.166868,27.9558112],[85.1668676,27.9558382],[85.1668066,27.9558374],[85.1668061,27.9558645],[85.1667452,27.9558637],[85.1667443,27.9559178],[85.1667747,27.9559182],[85.1667734,27.9559994],[85.1668039,27.9559998],[85.1668043,27.9559728],[85.1668653,27.9559736],[85.1668657,27.9559465],[85.1668962,27.9559469],[85.1668958,27.955974],[85.1669262,27.9559744],[85.1669258,27.9560015],[85.1669868,27.9560023],[85.1669863,27.9560293],[85.1670168,27.9560297],[85.1670163,27.9560568],[85.1670468,27.9560572],[85.1670464,27.9560843],[85.1670768,27.9560847],[85.1670773,27.9560576],[85.1671078,27.956058],[85.167106,27.9561663],[85.1671364,27.9561667],[85.167136,27.9561938],[85.1671969,27.9561946],[85.1671965,27.9562217],[85.167227,27.9562221],[85.1672261,27.9562762],[85.1672565,27.9562766],[85.1672556,27.9563307],[85.1672861,27.9563311],[85.1672857,27.9563582],[85.1673466,27.956359],[85.1673462,27.9563861],[85.1673766,27.9563865],[85.1673757,27.9564419],[85.1674767,27.9564791],[85.1675658,27.9565171],[85.1676331,27.9565375],[85.1676963,27.9565637],[85.1677273,27.9565807],[85.1677697,27.9565813],[85.1677693,27.9566072],[85.1678025,27.9566265],[85.1678217,27.9566361],[85.1678603,27.9566366],[85.16786,27.9566534],[85.1679909,27.9567038],[85.1680197,27.9567133],[85.1680526,27.9567218],[85.1681885,27.9567471],[85.168245,27.9567614],[85.1682742,27.956772],[85.1683,27.9567843],[85.168323,27.9567985],[85.1683434,27.9568148],[85.1683724,27.9568438],[85.1683832,27.9568601],[85.1683926,27.9568801],[85.168411,27.9569404],[85.1684157,27.956964],[85.1684176,27.956991],[85.1684142,27.9571046],[85.1684163,27.9571276],[85.1684207,27.9571481],[85.1684352,27.9571915],[85.1684514,27.9572263],[85.168469,27.9572543],[85.1684928,27.9572819],[85.1685221,27.9573074],[85.1685445,27.9573226],[85.16855,27.9573226],[85.1685499,27.9573257],[85.1685817,27.9573415],[85.1686187,27.9573557],[85.1686465,27.9573627],[85.1686785,27.9573659],[85.1687107,27.957366],[85.168795,27.9573626],[85.1688408,27.9573654],[85.1689029,27.957374],[85.1689372,27.9573802],[85.1689686,27.9573886],[85.1689954,27.9573992],[85.1690149,27.9574096],[85.1690356,27.9574231],[85.1690919,27.9574668],[85.1691256,27.9574985],[85.1691992,27.9575819],[85.1692206,27.9576013],[85.1692416,27.9576165],[85.1692851,27.9576406],[85.1693013,27.9576555],[85.1693166,27.957675],[85.1693313,27.9576993],[85.1693479,27.9577324],[85.1693582,27.9577586],[85.1693655,27.9577873],[85.1693699,27.9578186],[85.1693714,27.9578529],[85.16937,27.9578892],[85.169366,27.9579295],[85.1693479,27.9580366],[85.1693374,27.9580844],[85.1693237,27.9581332],[85.169308,27.958174],[85.1692656,27.9582625],[85.1692513,27.9583022],[85.1692414,27.9583392],[85.1692368,27.958365],[85.1692353,27.9584141],[85.1692375,27.9584385],[85.1692416,27.9584616],[85.169249,27.9584857],[85.16926,27.9585099],[85.1692748,27.9585343],[85.1692931,27.9585588],[85.1693152,27.9585833],[85.1693406,27.9586076],[85.1693694,27.9586316],[85.169401,27.9586548],[85.1694302,27.9586736],[85.1694597,27.9586897],[85.1694887,27.9587028],[85.1695169,27.9587127],[85.1695446,27.9587194],[85.1695758,27.9587239],[85.1696111,27.9587264],[85.169657,27.9587272],[85.1696757,27.9587263],[85.1696967,27.9587232],[85.1697681,27.9587066],[85.1697949,27.9587018],[85.1698217,27.9587003],[85.1698453,27.9587031],[85.1698809,27.9587115],[85.1699047,27.9587196],[85.1699235,27.9587296],[85.1699371,27.9587417],[85.1699496,27.9587625],[85.1699612,27.9587948],[85.1699677,27.9588306],[85.1700186,27.9588313],[85.170019,27.9588042],[85.170141,27.9588058],[85.1701414,27.9587788],[85.1702634,27.9587804],[85.1702629,27.9588074],[85.1704154,27.9588095],[85.1704144,27.9588636],[85.1704449,27.958864],[85.170444,27.9589182],[85.1704745,27.9589186],[85.1704727,27.9590268],[85.1705032,27.9590272],[85.1705027,27.9590543],[85.1704722,27.9590539],[85.1704676,27.9593246],[85.1704981,27.959325],[85.1704977,27.9593521],[85.1705282,27.9593525],[85.1705268,27.9594337],[85.1705573,27.9594341],[85.1705564,27.9594882],[85.1705868,27.9594886],[85.1705859,27.9595427],[85.1706164,27.9595432],[85.170616,27.9595702],[85.1706464,27.9595706],[85.1706455,27.9596248],[85.170676,27.9596252],[85.1706756,27.9596522],[85.170706,27.9596526],[85.1707056,27.9596797],[85.1707361,27.9596801],[85.1707356,27.9597072],[85.1707966,27.959708],[85.1707961,27.9597351],[85.1708266,27.9597355],[85.1708262,27.9597625],[85.1708566,27.9597629],[85.1708557,27.9598171],[85.1708862,27.9598175],[85.1708858,27.9598446],[85.1709162,27.959845],[85.1709158,27.959872],[85.1709463,27.9598724],[85.1709449,27.9599536],[85.1709754,27.959954],[85.170974,27.9600352],[85.1710045,27.9600356],[85.1710031,27.9601169],[85.1710336,27.9601173],[85.1710327,27.9601714],[85.1710632,27.9601718],[85.1710627,27.9601989],[85.1710932,27.9601993],[85.1710909,27.9603346],[85.1711214,27.960335],[85.171121,27.9603621],[85.1711515,27.9603625],[85.171151,27.9603896],[85.1712425,27.9603908],[85.171242,27.9604178],[85.171303,27.9604187],[85.1713025,27.9604457],[85.1713635,27.9604465],[85.171363,27.9604736],[85.1713935,27.960474],[85.1713931,27.9605011],[85.1714235,27.9605015],[85.1714222,27.9605827],[85.1714527,27.9605831],[85.1714517,27.9606372],[85.1714822,27.9606376],[85.1714818,27.9606647],[85.1715123,27.9606651],[85.1715113,27.9607192],[85.1715418,27.9607196],[85.1715414,27.9607467],[85.1716023,27.9607475],[85.1716019,27.9607746],[85.1716324,27.960775],[85.1716319,27.9608021],[85.1716624,27.9608025],[85.1716619,27.9608295],[85.1717839,27.9608312],[85.1717834,27.9608582],[85.1717225,27.9608574],[85.171722,27.9608845],[85.1716915,27.9608841],[85.1716897,27.9609924],[85.1717202,27.9609928],[85.1717193,27.9610469],[85.1717802,27.9610477],[85.1717798,27.9610748],[85.1718407,27.9610756],[85.1718403,27.9611027],[85.1718708,27.9611031],[85.1718703,27.9611301],[85.1719008,27.9611305],[85.1719003,27.9611576],[85.1719308,27.961158],[85.1719304,27.9611851],[85.1719609,27.9611855],[85.1719604,27.9612125],[85.1719909,27.961213],[85.17199,27.9612671],[85.1720205,27.9612675],[85.17202,27.9612946],[85.172081,27.9612954],[85.1720805,27.9613224],[85.172111,27.9613228],[85.1721106,27.9613499],[85.1721715,27.9613507],[85.1721706,27.9614049],[85.1722011,27.9614053],[85.1722006,27.9614323],[85.1721702,27.9614319],[85.1721697,27.961459],[85.1721392,27.9614586],[85.1721378,27.9615398],[85.1721074,27.9615394],[85.1721069,27.9615665],[85.1721374,27.9615669],[85.1721365,27.961621],[85.172167,27.9616214],[85.1721665,27.9616485],[85.172197,27.9616489],[85.1721961,27.961703],[85.1722266,27.9617034],[85.1722257,27.9617576],[85.1722561,27.961758],[85.1722552,27.9618121],[85.1722857,27.9618125],[85.1722853,27.9618396],[85.1723157,27.96184],[85.1723153,27.961867],[85.1723763,27.9618679],[85.1723758,27.9618949],[85.1724063,27.9618953],[85.1724058,27.9619224],[85.1724668,27.9619232],[85.1724663,27.9619503],[85.1724968,27.9619507],[85.1724959,27.9620048],[85.1725264,27.9620052],[85.1725255,27.9620594],[85.172556,27.9620598],[85.1725551,27.9621139],[85.1725856,27.9621143],[85.1725851,27.9621414],[85.1726156,27.9621418],[85.1726147,27.9621959],[85.1726452,27.9621963],[85.1726447,27.9622234],[85.1726752,27.9622238],[85.1726747,27.9622509],[85.1727357,27.9622517],[85.1727352,27.9622787],[85.1727819,27.9622794],[85.1727915,27.9623106],[85.1728777,27.9623703],[85.1730103,27.9624499],[85.1730965,27.9625029],[85.1730965,27.9625228],[85.1731098,27.9625759],[85.1732026,27.9625958],[85.1732557,27.962609],[85.173269,27.9626753],[85.1732623,27.9627682],[85.1733485,27.9628478],[85.1734679,27.9629539],[85.1735342,27.9630136],[85.1736271,27.9631727],[85.1737796,27.9632125],[85.1738791,27.9632391],[85.1739918,27.9632457],[85.1740582,27.9632788],[85.1741112,27.9633651],[85.1741643,27.9634778],[85.174224,27.963564],[85.1743765,27.96369],[85.1747147,27.9637563],[85.1749203,27.9637762],[85.175179,27.9638227],[85.1753978,27.9639022],[85.1756366,27.9639553],[85.1758289,27.9639885],[85.1759416,27.9640482],[85.1760278,27.964141],[85.1761141,27.9641874],[85.1762268,27.9642073],[85.1764191,27.9641874],[85.1765518,27.9642206],[85.1767109,27.9643267],[85.1768436,27.9644461],[85.1772017,27.9647047],[85.1773277,27.9648175],[85.177341,27.9650562],[85.1773741,27.9652021],[85.1775267,27.9652883],[85.1776659,27.9653215],[85.177772,27.9653944],[85.1779312,27.9655868],[85.1781368,27.9656862],[85.1783026,27.9657791],[85.1784286,27.9659714],[85.1784684,27.9660576],[85.1785215,27.9661704],[85.1785944,27.966303],[85.1787403,27.9665418],[85.1789592,27.9667142],[85.1791382,27.9668535],[85.1792576,27.9668999],[85.1794499,27.9670193],[85.1795162,27.9670789],[85.1796025,27.9670657],[85.1798213,27.9670723],[85.1799407,27.9670856],[85.1800534,27.9670988],[85.180133,27.967258],[85.1803452,27.9674702],[85.1803718,27.96751],[85.1805641,27.9676029],[85.1806702,27.9676758],[85.1808227,27.9677819],[85.1810018,27.9678615],[85.1811013,27.9679146],[85.1812737,27.9680605],[85.1813069,27.9681135],[85.1813467,27.9681798],[85.1813666,27.9682064],[85.1814395,27.9682992],[85.1814992,27.9683987],[85.1816982,27.9683854],[85.1817313,27.9683655],[85.1819369,27.968339],[85.1822221,27.9683523],[85.1825205,27.9684717],[85.1826399,27.9685247],[85.1826797,27.9685446],[85.1827858,27.9685446],[85.1830577,27.9685977],[85.1830909,27.9686109],[85.1832301,27.9686109],[85.1833031,27.9686109],[85.1834026,27.9686242],[85.1834821,27.9686507],[85.1835286,27.9686971],[85.183575,27.9687436],[85.1836081,27.9687701],[85.1836944,27.9687966],[85.1837474,27.9687966],[85.1838734,27.9688033],[85.1839133,27.9687978],[85.1844111,27.9689534],[85.1847677,27.969068],[85.1848908,27.9691784],[85.1850829,27.9693536],[85.1850903,27.9693603],[85.1850903,27.9693609],[85.1850903,27.9694118],[85.1850945,27.9695052],[85.1851115,27.9695731],[85.1851369,27.969658],[85.1851667,27.9697429],[85.1851921,27.9697853],[85.1852133,27.969832],[85.1852388,27.969866],[85.1852897,27.9698999],[85.1853916,27.9699339],[85.1855274,27.9699593],[85.1856166,27.9699848],[85.1857991,27.97004],[85.1858755,27.9700952],[85.1859222,27.9701206],[85.1860071,27.9701885],[85.1861217,27.970248],[85.1861853,27.9702946],[85.1862702,27.9703583],[85.1863042,27.9703795],[85.1863593,27.9704008],[85.186406,27.9704008],[85.1864612,27.970388],[85.1865843,27.9703159],[85.1866098,27.9703116],[85.1866777,27.9703116],[85.1867031,27.9703116],[85.1867418,27.9703086],[85.1867911,27.9703049],[85.1868262,27.9703371],[85.186839,27.9703583],[85.1868644,27.9704347],[85.1868432,27.9705408],[85.1867541,27.97063],[85.1866522,27.9707021],[85.1865928,27.970787],[85.1865673,27.9709016],[85.1865164,27.9710289],[85.1865164,27.9711393],[85.1865291,27.9712581],[85.1864739,27.9713855],[85.1863721,27.9714873],[85.1862278,27.9716996],[85.1862023,27.9717844],[85.1861981,27.9718905],[85.1861981,27.9720094],[85.1861683,27.9720858],[85.1861853,27.9721919],[85.1862278,27.9722471],[85.1863042,27.9723065],[85.1863678,27.9723532],[85.186423,27.9724169],[85.186457,27.9724763],[85.1865249,27.9725654],[85.1865461,27.9726121],[85.1865798,27.9726489],[85.1865801,27.9726503],[85.1865801,27.9726715],[85.1866005,27.972692],[85.186631,27.9727225],[85.1867244,27.9727819],[85.1867711,27.9728073],[85.1868811,27.9728624],[85.1869069,27.9728753],[85.1870809,27.9729219],[85.1871573,27.9729304],[85.1874162,27.9729559],[85.1875648,27.9729771],[85.1876369,27.9729983],[85.1877218,27.9730153],[85.1879128,27.973045],[85.1879158,27.9730451],[85.1881632,27.9731214],[85.1882139,27.9731806],[85.1882334,27.9732033],[85.1883044,27.9732237],[85.1883519,27.9732412],[85.1884033,27.9732671],[85.188451,27.9732958],[85.1885604,27.9733666],[85.1886139,27.9733973],[85.1886631,27.9734198],[85.1887092,27.9734342],[85.1887351,27.9734387],[85.188763,27.9734405],[85.1887932,27.9734395],[85.1888263,27.9734358],[85.1888895,27.9734235],[85.1890431,27.9733852],[85.1890834,27.973378],[85.1891186,27.9733743],[85.1891551,27.9733742],[85.1891877,27.9733787],[85.1892171,27.9733879],[85.1892435,27.9734018],[85.1892746,27.973425],[85.1893067,27.9734544],[85.1893396,27.97349],[85.1893731,27.9735314],[85.1893872,27.9735532],[85.1894003,27.97358],[85.1894347,27.9736757],[85.1894488,27.9737084],[85.1894663,27.9737371],[85.1894864,27.973758],[85.1895087,27.973772],[85.1895372,27.9737825],[85.1895691,27.9737898],[85.1896632,27.9738055],[85.1896904,27.9738132],[85.1897131,27.9738228],[85.1897367,27.9738374],[85.1897611,27.9738572],[85.1898332,27.9739303],[85.1898585,27.9739536],[85.1898831,27.9739717],[85.1899074,27.9739847],[85.1899354,27.9739945],[85.1899956,27.9740093],[85.1900207,27.9740171],[85.1900831,27.9740435],[85.1901451,27.9740767],[85.1902055,27.9741161],[85.190263,27.9741609],[85.1903165,27.97421],[85.1903647,27.9742626],[85.1904067,27.9743173],[85.1904417,27.9743733],[85.1904573,27.9744077],[85.1904696,27.9744491],[85.190478,27.9744906],[85.1904943,27.9745906],[85.1905052,27.9746382],[85.19052,27.9746793],[85.1905388,27.9747133],[85.1905529,27.9747314],[85.1905711,27.97475],[85.1906555,27.9748236],[85.1906718,27.9748414],[85.1906846,27.974859],[85.1907008,27.9748878],[85.1907159,27.9749212],[85.1907302,27.9749597],[85.1907457,27.9750088],[85.1907863,27.9750418],[85.1908212,27.9750766],[85.1908497,27.9751149],[85.1908951,27.9751922],[85.1909145,27.9752217],[85.1909763,27.9753022],[85.1910404,27.9753761],[85.1911062,27.9754426],[85.1911735,27.9755015],[85.1912041,27.9755223],[85.1912433,27.9755422],[85.1914046,27.9756047],[85.1914569,27.9755875],[85.1915061,27.9755751],[85.1915531,27.9755672],[85.1915984,27.9755637],[85.1916966,27.9755614],[85.1917599,27.975565],[85.1917883,27.9755695],[85.1918139,27.9755759],[85.1918369,27.9755843],[85.1918575,27.9755948],[85.1918973,27.9756215],[85.1919306,27.9756503],[85.1919554,27.9756796],[85.1919714,27.9757088],[85.1919812,27.9757396],[85.1919864,27.9757706],[85.1919866,27.9757987],[85.1919818,27.9758227],[85.1919697,27.9758463],[85.1919403,27.9758849],[85.1919027,27.9759307],[85.1918587,27.9759741],[85.1918082,27.9760154],[85.1917508,27.9760548],[85.1916873,27.976092],[85.1916154,27.9761285],[85.191534,27.976165],[85.1914326,27.9762062],[85.1913825,27.9762224],[85.1912562,27.976254],[85.1912229,27.9762656],[85.1911943,27.9762787],[85.1911707,27.9762929],[85.1911455,27.9763117],[85.1910477,27.9763978],[85.1910271,27.9764125],[85.1910077,27.9764238],[85.1910015,27.9764267],[85.1909788,27.9764768],[85.1909598,27.9765105],[85.1909231,27.9765613],[85.1908792,27.9766106],[85.1908282,27.9766582],[85.1907702,27.9767042],[85.1907053,27.9767483],[85.190634,27.9767903],[85.1905566,27.9768299],[85.1904741,27.9768668],[85.1904402,27.9768798],[85.1904048,27.9768912],[85.190368,27.9769011],[85.1903296,27.9769094],[85.1902477,27.9769215],[85.1901577,27.9769278],[85.190074,27.9769287],[85.1899794,27.9769257],[85.1896804,27.9769044],[85.1895836,27.9768991],[85.1892887,27.9768935],[85.1892161,27.9768902],[85.1891515,27.9768853],[85.1890822,27.976877],[85.1890185,27.9768659],[85.1889591,27.9768517],[85.1889035,27.9768344],[85.1888501,27.9768127],[85.1887923,27.9767838],[85.1887366,27.976752],[85.1885948,27.9766662],[85.1885149,27.9766239],[85.1884455,27.9765942],[85.1883657,27.9765661],[85.1882866,27.9765423],[85.1880886,27.976487],[85.1879856,27.9764535],[85.1879337,27.9764333],[85.1878864,27.976412],[85.1878428,27.9763893],[85.1878025,27.9763648],[85.1877616,27.976336],[85.187718,27.9763011],[85.187562,27.9761607],[85.1874949,27.9761058],[85.1874351,27.9760645],[85.1873652,27.9760229],[85.1872953,27.9759858],[85.1871209,27.9758978],[85.1870319,27.975848],[85.186988,27.9758201],[85.1869484,27.9757919],[85.1869124,27.9757631],[85.1868796,27.9757334],[85.1868464,27.9756979],[85.1867728,27.9756102],[85.1867339,27.9755715],[85.1867001,27.975544],[85.1866631,27.9755177],[85.1866228,27.9754925],[85.186579,27.9754683],[85.1865318,27.975445],[85.1864805,27.9754224],[85.1864244,27.9754],[85.1863615,27.9753772],[85.1862995,27.975359],[85.1862285,27.9753447],[85.1861774,27.975344],[85.1861769,27.9753711],[85.1861159,27.9753703],[85.1861164,27.9753432],[85.1860249,27.975342],[85.1860253,27.9753205],[85.1859431,27.9753094],[85.1858758,27.9752962],[85.1858262,27.9752835],[85.1857749,27.9752682],[85.1856643,27.9752289],[85.1855389,27.9752273],[85.1855393,27.9752002],[85.1854784,27.9751994],[85.1854788,27.9751724],[85.1854178,27.9751715],[85.1854183,27.9751445],[85.1853268,27.9751433],[85.1853273,27.9751162],[85.1852968,27.9751158],[85.1852972,27.9750887],[85.1852667,27.9750883],[85.1852672,27.9750617],[85.1852038,27.9750381],[85.1851446,27.9750183],[85.1850882,27.9750019],[85.1850338,27.9749886],[85.1849939,27.9749811],[85.1849488,27.9749752],[85.1847583,27.9749585],[85.1847177,27.9749526],[85.1846813,27.9749452],[85.1846287,27.9749445],[85.184629,27.97493],[85.1846128,27.9749238],[85.1845962,27.974917],[85.1844462,27.9749151],[85.1844467,27.974888],[85.1844162,27.9748876],[85.1844167,27.9748605],[85.1842642,27.9748585],[85.1842638,27.9748856],[85.1842028,27.9748848],[85.1842019,27.9749389],[85.1841714,27.9749385],[85.18417,27.9750197],[85.1841395,27.9750193],[85.1841373,27.9751546],[85.1841678,27.975155],[85.1841669,27.9752092],[85.1841364,27.9752088],[85.1841356,27.9752555],[85.1841362,27.9752869],[85.1841345,27.9753231],[85.1841341,27.9753441],[85.1841327,27.9753441],[85.18413,27.9753711],[85.1841336,27.9753712],[85.1841327,27.9754253],[85.1841632,27.9754257],[85.1841623,27.9754799],[85.1841318,27.9754795],[85.1841309,27.9755336],[85.1841004,27.9755332],[85.1841,27.9755603],[85.1840786,27.97556],[85.1840461,27.97562],[85.1840038,27.9756854],[85.1839599,27.975746],[85.1838545,27.9758846],[85.1838078,27.9759507],[85.1837721,27.9760076],[85.1837437,27.9760611],[85.1837329,27.9760864],[85.1837228,27.9761159],[85.1836878,27.9762511],[85.1836681,27.9763074],[85.183654,27.9763352],[85.1836379,27.9763584],[85.1836195,27.9763775],[85.1835986,27.9763927],[85.1835572,27.9764134],[85.1835477,27.9764211],[85.1835394,27.9764305],[85.1835258,27.9764551],[85.1835168,27.9764824],[85.1834992,27.976555],[85.1834924,27.9765739],[85.1834846,27.9765896],[85.1834571,27.9766293],[85.1833948,27.9767028],[85.1833706,27.9767346],[85.1833346,27.9767941],[85.1833013,27.9768639],[85.1832726,27.9769367],[85.1832019,27.9771347],[85.1831777,27.9771923],[85.183153,27.9772424],[85.1831129,27.9773113],[85.183016,27.9774629],[85.1829769,27.9775325],[85.1829447,27.9776026],[85.1829171,27.9776779],[85.1828937,27.9777591],[85.1828742,27.9778477],[85.1828601,27.977931],[85.1828479,27.9780248],[85.1828154,27.9783698],[85.1827984,27.9785097],[85.1827863,27.9785836],[85.1827725,27.9786519],[85.1827566,27.9787158],[85.1827385,27.978776],[85.1826845,27.9789406],[85.1826486,27.979041],[85.1826114,27.9791317],[85.1825727,27.9792112],[85.1825531,27.9792479],[85.1825847,27.9792984],[85.1826082,27.979348],[85.1826226,27.9793887],[85.1826342,27.9794302],[85.1826425,27.9794711],[85.1826473,27.9795106],[85.1826486,27.9795477],[85.1826464,27.9795823],[85.1826408,27.9796141],[85.1826318,27.9796428],[85.1826235,27.9796597],[85.1826117,27.9796774],[85.1825484,27.9797497],[85.1825353,27.9797675],[85.1825257,27.9797843],[85.1825149,27.9798114],[85.182507,27.9798431],[85.1825019,27.9798777],[85.1824917,27.9799768],[85.1824861,27.9800064],[85.1824785,27.9800319],[85.182453,27.9800993],[85.1824298,27.9801535],[85.182406,27.9802007],[85.1823813,27.9802415],[85.1823549,27.9802772],[85.182327,27.9803071],[85.1822975,27.9803314],[85.1822663,27.9803502],[85.1822073,27.9803738],[85.1821926,27.980383],[85.1821784,27.9803944],[85.1821509,27.9804242],[85.1821271,27.980458],[85.1820776,27.9805388],[85.1820277,27.9806208],[85.181983,27.9807083],[85.1819443,27.9807995],[85.1819126,27.9808925],[85.1819052,27.980921],[85.1818995,27.9809514],[85.1818932,27.9810193],[85.1818926,27.9810857],[85.181897,27.9812431],[85.1818943,27.9813192],[85.1818902,27.9813547],[85.181884,27.9813875],[85.1818758,27.9814181],[85.1818654,27.9814467],[85.1818527,27.9814737],[85.1818363,27.9815023],[85.1817464,27.9816319],[85.181727,27.9816642],[85.1817122,27.9816943],[85.1816823,27.9817727],[85.1816532,27.9818711],[85.1816314,27.9819605],[85.1816145,27.9820475],[85.1816025,27.9821319],[85.1815956,27.9822134],[85.1815937,27.9822919],[85.1815967,27.9823671],[85.1816048,27.9824391],[85.1816178,27.9825078],[85.1816369,27.9825778],[85.181665,27.9826611],[85.1816784,27.9826952],[85.1816943,27.9827299],[85.1817341,27.9828024],[85.1817832,27.9828779],[85.18189,27.9830277],[85.1819336,27.9830922],[85.1819751,27.9831619],[85.1820069,27.983227],[85.1820206,27.9832626],[85.1820332,27.9833036],[85.182069,27.9834534],[85.1820858,27.9835118],[85.1820968,27.9835418],[85.1821088,27.9835689],[85.182122,27.9835935],[85.1821366,27.9836161],[85.18216,27.9836449],[85.1822186,27.9837056],[85.1822427,27.983734],[85.1822614,27.9837624],[85.182279,27.9837974],[85.1823268,27.9839223],[85.182346,27.9839648],[85.1823575,27.9839849],[85.1823695,27.984002],[85.1823823,27.9840166],[85.182396,27.9840287],[85.1824129,27.9840393],[85.1824327,27.9840472],[85.1824554,27.9840524],[85.1824817,27.9840552],[85.1825332,27.9840545],[85.1826599,27.9840441],[85.1826907,27.9840438],[85.1827175,27.9840457],[85.1827412,27.9840497],[85.1827621,27.9840561],[85.1827806,27.9840648],[85.1827968,27.9840759],[85.1828194,27.984096],[85.1828413,27.9841192],[85.1828616,27.9841443],[85.1828794,27.9841702],[85.1828969,27.9842031],[85.182912,27.9842418],[85.182925,27.984287],[85.1829383,27.984347],[85.1829463,27.9843943],[85.1829511,27.9844432],[85.1829528,27.9844935],[85.1829513,27.9845446],[85.1829467,27.9845962],[85.1829391,27.9846477],[85.1829283,27.9846984],[85.1829147,27.9847479],[85.1828794,27.9848422],[85.1828656,27.9848847],[85.1828537,27.9849284],[85.1828436,27.9849733],[85.1828354,27.9850196],[85.1828241,27.9851167],[85.1828199,27.9852215],[85.1828217,27.985321],[85.1828288,27.9854323],[85.1828397,27.9855449],[85.1828733,27.9858474],[85.1828811,27.9859378],[85.1828858,27.9860187],[85.1828877,27.9861103],[85.1828853,27.9861953],[85.1828786,27.9862754],[85.1828676,27.9863514],[85.1828627,27.9863809],[85.1828827,27.9864241],[85.1829086,27.9864712],[85.1830081,27.9866285],[85.1830434,27.9866895],[85.1830729,27.9867526],[85.1830835,27.9867823],[85.1830916,27.9868112],[85.1830993,27.9868519],[85.1831035,27.9868951],[85.1831043,27.986941],[85.1831017,27.9869905],[85.1830967,27.9870372],[85.1830889,27.9870893],[85.1830521,27.9872829],[85.1830394,27.9873629],[85.183032,27.9874454],[85.1830326,27.9875186],[85.1830442,27.9876757],[85.1830572,27.987781],[85.1830662,27.9878293],[85.1830768,27.987874],[85.1830891,27.9879158],[85.1831034,27.9879548],[85.1831179,27.9879867],[85.1831366,27.9880208],[85.1832235,27.9881542],[85.1832567,27.9882142],[85.1832735,27.9882535],[85.1832892,27.9882978],[85.1833051,27.9883514],[85.1833499,27.988518],[85.1833675,27.98857],[85.1833863,27.9886151],[85.1834179,27.9886749],[85.1834583,27.9887384],[85.183503,27.9888005],[85.1836286,27.9889651],[85.1836638,27.989016],[85.1836929,27.9890631],[85.1838225,27.989275],[85.1838531,27.9893293],[85.1838781,27.9893785],[85.1839018,27.9894325],[85.1839199,27.9894838],[85.1839327,27.9895335],[85.1839405,27.9895818],[85.1839442,27.9896283],[85.1839455,27.9896758],[85.1839442,27.9897235],[85.1839405,27.9897705],[85.1839343,27.989813],[85.1839244,27.9898592],[85.1838892,27.9899814],[85.1838933,27.9899945],[85.1839136,27.9900422],[85.183976,27.9901542],[85.1839893,27.9901816],[85.1839994,27.9902067],[85.1840132,27.9902581],[85.1840208,27.9903176],[85.1840229,27.9903754],[85.1840223,27.9905095],[85.1840258,27.990571],[85.1840337,27.9906218],[85.1840466,27.9906665],[85.1840716,27.9907318],[85.1840935,27.9907803],[85.1841165,27.9908212],[85.1841409,27.9908552],[85.1841594,27.9908744],[85.1841827,27.9908928],[85.1842106,27.9909107],[85.1842965,27.9909604],[85.1843213,27.9909784],[85.1843413,27.9909967],[85.1843687,27.9910263],[85.1843908,27.9910529],[85.1844091,27.9910783],[85.1844239,27.9911028],[85.1844366,27.99113],[85.1844478,27.9911618],[85.184471,27.991256],[85.1844762,27.9912832],[85.1844795,27.991312],[85.1844808,27.991376],[85.1844766,27.9914377],[85.1844615,27.9915799],[85.1844585,27.9916456],[85.1844616,27.9917017],[85.184471,27.9917512],[85.1844795,27.9917772],[85.184491,27.9918037],[85.1845056,27.9918309],[85.1845237,27.9918594],[85.1845616,27.9919105],[85.1846579,27.9920283],[85.1846805,27.9920591],[85.184699,27.9920875],[85.1847151,27.9921165],[85.1847275,27.9921446],[85.1847365,27.9921721],[85.1847422,27.9921993],[85.1847471,27.9922524],[85.1847468,27.992312],[85.1847414,27.9923789],[85.1847304,27.9924586],[85.1847191,27.9925176],[85.1847036,27.9925782],[85.1846838,27.9926402],[85.1846599,27.9927037],[85.1846799,27.9927449],[85.1846946,27.9927869],[85.1847023,27.9928262],[85.1847048,27.9928714],[85.1847024,27.992923],[85.1846946,27.9929906],[85.1846867,27.9930284],[85.1846729,27.9930686],[85.1846517,27.9931149],[85.1845994,27.9932126],[85.1845785,27.9932558],[85.184561,27.9933023],[85.1845512,27.9933452],[85.1845446,27.9933957],[85.1845413,27.9934358],[85.184541,27.9934716],[85.1845437,27.9935037],[85.1845507,27.9935385],[85.1845631,27.9935766],[85.1845797,27.9936167],[85.1846116,27.9936848],[85.1846353,27.993729],[85.1846669,27.9937757],[85.1847003,27.9938183],[85.1847816,27.9939155],[85.1848181,27.9939641],[85.1848469,27.9940101],[85.1848681,27.9940545],[85.1849059,27.9941677],[85.1849562,27.9942936],[85.1849754,27.9943345],[85.1849947,27.9943695],[85.1850159,27.9944016],[85.1850382,27.9944288],[85.1850619,27.9944514],[85.185087,27.9944696],[85.1851127,27.9944834],[85.1851434,27.9944962],[85.1851791,27.994508],[85.1852303,27.9945224],[85.185258,27.9945286],[85.1852889,27.9945333],[85.1854265,27.994543],[85.1854586,27.994547],[85.1854869,27.9945526],[85.1855408,27.994569],[85.1856735,27.9946234],[85.1857062,27.9946348],[85.1857359,27.9946431],[85.1857531,27.994646],[85.1857738,27.9946472],[85.1858616,27.9946443],[85.1858953,27.9946461],[85.1859112,27.9946498],[85.1859237,27.9946554],[85.1859332,27.9946632],[85.1859396,27.9946733],[85.1859441,27.9946874],[85.185947,27.9947056],[85.1859472,27.9947487],[85.1859426,27.9947679],[85.1859327,27.9947846],[85.1859172,27.9947992],[85.1858959,27.9948119],[85.1858742,27.994821],[85.1858474,27.9948296],[85.1857432,27.994855],[85.1857026,27.9948669],[85.1856658,27.9948821],[85.1856378,27.9948997],[85.1855843,27.99494],[85.185571,27.9949539],[85.1855623,27.9949676],[85.1855543,27.9949927],[85.1855515,27.9950223],[85.1855543,27.995053],[85.1855623,27.9950808],[85.1855696,27.995095],[85.185585,27.9951185],[85.1856189,27.9951679],[85.1856542,27.9952122],[85.1856907,27.995251],[85.1857283,27.9952845],[85.1857686,27.9953138],[85.1858189,27.9953449],[85.185847,27.9953592],[85.1858798,27.9953723],[85.1859869,27.9954052],[85.1860214,27.9954171],[85.1860503,27.9954294],[85.1860754,27.9954429],[85.1860994,27.9954589],[85.1861249,27.9954785],[85.1862083,27.9955519],[85.1862414,27.9955788],[85.1862797,27.9956048],[85.1863249,27.9956306],[85.1863716,27.9956539],[85.1864939,27.9957112],[85.1865581,27.9957461],[85.1865902,27.9957671],[85.1866182,27.9957887],[85.1866427,27.9958114],[85.186664,27.9958353],[85.1866955,27.995878],[85.1867242,27.9959232],[85.1867491,27.9959697],[85.1867696,27.9960164],[85.1867913,27.9960815],[85.1868074,27.9961522],[85.186812,27.996199],[85.1868104,27.9963177],[85.1868117,27.996346],[85.1868149,27.9963711],[85.1868209,27.9963963],[85.1868308,27.9964239],[85.1868731,27.9965144],[85.1868866,27.996548],[85.1868955,27.9965817],[85.1868979,27.9966125],[85.1868927,27.9966508],[85.1868736,27.9967209],[85.1868677,27.9967483],[85.1868643,27.9967851],[85.186865,27.996827],[85.1868803,27.9969614],[85.1868834,27.9970058],[85.1868825,27.9970451],[85.1868773,27.9970798],[85.1868848,27.9971204],[85.1868869,27.9971678],[85.1868839,27.9972224],[85.1868753,27.9972916],[85.1868629,27.9973601],[85.1869118,27.9974446],[85.1869503,27.9975204],[85.1869807,27.9975922],[85.1870036,27.9976614],[85.1870194,27.9977246],[85.1870337,27.9977972],[85.1870417,27.9978599],[85.1870442,27.9979295],[85.187042,27.9980061],[85.187031,27.9981634],[85.187028,27.9982304],[85.1870285,27.9983006],[85.1870337,27.9983631],[85.1870516,27.9984874],[85.1870609,27.9985333],[85.1870715,27.9985744],[85.1870873,27.9986198],[85.1871303,27.9987185],[85.1871469,27.998763],[85.1871622,27.9988144],[85.187176,27.9988689],[85.1871997,27.9989894],[85.1872291,27.999147],[85.1872352,27.99919],[85.1872387,27.9992281],[85.1872395,27.9992674],[85.1872371,27.9993033],[85.1872314,27.9993363],[85.1872224,27.9993667],[85.1872114,27.9993909],[85.1871958,27.9994166],[85.1871212,27.9995123],[85.187106,27.9995346],[85.1870941,27.9995553],[85.1870726,27.9996019],[85.1870527,27.9996549],[85.1870336,27.9997151],[85.1870111,27.9997968],[85.1869994,27.9998484],[85.1869911,27.9999027],[85.1869862,27.9999603],[85.1869846,28.000022],[85.186986,28.0000826],[85.18699,28.0001502],[85.187015,28.0004094],[85.1870222,28.0005185],[85.1870232,28.0005773],[85.1870217,28.000632],[85.1870177,28.0006835],[85.1870111,28.0007325],[85.1869815,28.0008669],[85.1869734,28.0009211],[85.1869737,28.0009508],[85.1869822,28.0010121],[85.1869838,28.0010367],[85.1869812,28.0010606],[85.1869734,28.0010796],[85.1869662,28.0010887],[85.1869561,28.0010979],[85.1869131,28.0011272],[85.1868979,28.0011399],[85.1868767,28.0011665],[85.1868611,28.0011973],[85.1868509,28.0012328],[85.1868459,28.0012736],[85.1868455,28.0013112],[85.1868484,28.0013548],[85.1868688,28.0015096],[85.1868742,28.0015691],[85.1868743,28.0016265],[85.1868677,28.0016757],[85.1868225,28.0018417],[85.1868139,28.0018938],[85.1868092,28.0019518],[85.1868078,28.0020154],[85.1868092,28.0022006],[85.1868061,28.0022583],[85.1867998,28.0023095],[85.1867811,28.0024211],[85.1867723,28.0024581],[85.1867621,28.0024906],[85.1867362,28.0025549],[85.186723,28.0025809],[85.1867093,28.0026038],[85.1866837,28.0026376],[85.1866516,28.0026712],[85.1866128,28.0027048],[85.1865659,28.0027396],[85.1865335,28.0027589],[85.1864949,28.0027757],[85.1864526,28.00279],[85.1863705,28.0028135],[85.1863681,28.0028276],[85.1863634,28.0028422],[85.186347,28.0028741],[85.1863261,28.002904],[85.1862703,28.0029752],[85.186247,28.0030108],[85.1862328,28.0030422],[85.1862264,28.0030716],[85.1862245,28.0031113],[85.1862264,28.0031471],[85.1862295,28.0031653],[85.1862352,28.0031851],[85.1862627,28.0032547],[85.1862716,28.0032829],[85.1862861,28.0033506],[85.1862959,28.0034174],[85.1863011,28.0034823],[85.1863016,28.0035446],[85.1862973,28.0036035],[85.1862883,28.003659],[85.1862747,28.0037106],[85.1862565,28.0037583],[85.1862287,28.0038129],[85.1861962,28.0038639],[85.1861829,28.0038802],[85.186166,28.0038969],[85.1861037,28.0039474],[85.1860826,28.0039664],[85.186065,28.0039868],[85.1860528,28.0040073],[85.1860382,28.0040476],[85.1860291,28.0040924],[85.1860264,28.004138],[85.1860302,28.0041808],[85.1860376,28.0042134],[85.1860479,28.0042442],[85.1860607,28.0042714],[85.1860754,28.004294],[85.1860898,28.004309],[85.1861092,28.0043228],[85.1861846,28.0043605],[85.1862113,28.004377],[85.1862663,28.004419],[85.1863028,28.0044506],[85.1863322,28.0044817],[85.1863546,28.0045128],[85.1863639,28.0045313],[85.1863815,28.0045765],[85.1863924,28.0045958],[85.1864083,28.0046121],[85.1864529,28.0046446],[85.1864619,28.004654],[85.1864678,28.0046638],[85.1864757,28.0046864],[85.1864799,28.0047101],[85.1864798,28.0047307],[85.1864754,28.0047468],[85.1864663,28.0047592],[85.1864515,28.0047712],[85.1864313,28.0047825],[85.1864074,28.004792],[85.1863877,28.0047966],[85.1863648,28.0047981],[85.1863389,28.0047966],[85.1863094,28.004792],[85.1862834,28.0047832],[85.1862238,28.0047496],[85.1861962,28.0047392],[85.1861703,28.004735],[85.1861426,28.0047334],[85.1861137,28.0047345],[85.1860842,28.0047382],[85.1860551,28.0047446],[85.1860271,28.0047533],[85.1860009,28.0047642],[85.1859773,28.0047769],[85.1859521,28.0047949],[85.1859269,28.0048176],[85.1859023,28.0048447],[85.1858792,28.004875],[85.1858694,28.0048916],[85.1858609,28.0049112],[85.1858318,28.0050134],[85.1858224,28.0050368],[85.1858113,28.0050561],[85.1857946,28.0050764],[85.1857515,28.0051187],[85.1857359,28.0051391],[85.1857256,28.0051631],[85.1857206,28.0051928],[85.1857201,28.0052228],[85.1857234,28.0052939],[85.1857218,28.0053261],[85.185716,28.0053518],[85.1857057,28.005373],[85.1856967,28.005384],[85.18567,28.00541],[85.1856604,28.0054259],[85.1856575,28.0054386],[85.1856565,28.0054536],[85.1856604,28.0054862],[85.1856638,28.0054953],[85.1856693,28.0055035],[85.1856769,28.005511],[85.1856868,28.0055179],[85.1857095,28.0055288],[85.1857797,28.0055549],[85.1857979,28.0055653],[85.1858113,28.0055768],[85.1858275,28.0055994],[85.1858569,28.0056551],[85.1858717,28.0056749],[85.1858837,28.0056856],[85.185899,28.0056956],[85.1859691,28.0057311],[85.1859821,28.0057404],[85.1859924,28.0057503],[85.1860036,28.005766],[85.186013,28.0057856],[85.1860382,28.0058688],[85.1860528,28.0059012],[85.1860644,28.0059183],[85.1860789,28.005936],[85.1861525,28.006009],[85.1861685,28.0060272],[85.1861811,28.0060446],[85.1861972,28.0060714],[85.1862121,28.0061004],[85.1862386,28.0061649],[85.1862608,28.0062387],[85.1862792,28.0063238],[85.1862897,28.006387],[85.1862953,28.0064366],[85.1862969,28.0064807],[85.1862943,28.00652],[85.1862887,28.0065501],[85.1862796,28.0065811],[85.1862669,28.0066132],[85.1862503,28.0066468],[85.1862089,28.0067148],[85.1861283,28.0068294],[85.186071,28.0069067],[85.1860086,28.006981],[85.1859419,28.007051],[85.1858717,28.0071161],[85.1858391,28.0071416],[85.185754,28.0072007],[85.1857317,28.0072189],[85.1857132,28.0072368],[85.1856824,28.007271],[85.1856601,28.0072989],[85.1856428,28.0073251],[85.1856302,28.00735],[85.1856244,28.0073685],[85.1856213,28.0073899],[85.1856206,28.0074153],[85.1856231,28.0074941],[85.1856206,28.0075182],[85.1856152,28.0075387],[85.1856006,28.0075682],[85.1855615,28.0076262],[85.1855472,28.0076518],[85.1855339,28.0076868],[85.1855249,28.0077245],[85.1855201,28.0077653],[85.1855193,28.0078102],[85.1855217,28.0078499],[85.1855268,28.0078947],[85.185558,28.0080976],[85.1855621,28.0081492],[85.1855623,28.0081951],[85.1855542,28.0083613],[85.1855439,28.0084871],[85.1855292,28.0085994],[85.1855095,28.0087007],[85.1854908,28.0087662],[85.1854633,28.0088376],[85.1854329,28.0089044],[85.1853571,28.0090594],[85.1853237,28.0091362],[85.185299,28.0092075],[85.1852831,28.0092742],[85.1852767,28.0093481],[85.1852732,28.0093652],[85.1852681,28.0093798],[85.1852563,28.0094033],[85.1852454,28.0094175],[85.1852362,28.0094243],[85.185224,28.0094295],[85.1851784,28.00944],[85.1851722,28.0094943],[85.1851624,28.0095458],[85.1851388,28.0096228],[85.1851322,28.0096514],[85.1851275,28.0096903],[85.1851259,28.0097276],[85.1851275,28.0097626],[85.1851322,28.0097948],[85.1851381,28.0098153],[85.1851475,28.0098371],[85.1851983,28.0099223],[85.1852082,28.0099423],[85.1852152,28.0099608],[85.1852477,28.0100605],[85.1852552,28.0100918],[85.1852593,28.0101189],[85.1852599,28.0101447],[85.1852566,28.0101671],[85.1852492,28.0101863],[85.1852379,28.0102023],[85.1852001,28.0102325],[85.1851849,28.0102485],[85.1851707,28.0102664],[85.1851461,28.0103072],[85.1851278,28.0103524],[85.1851171,28.0103985],[85.1851114,28.0104506],[85.1851128,28.0104678],[85.1851171,28.0104815],[85.1851224,28.010489],[85.1851308,28.0104962],[85.185174,28.0105215],[85.1851807,28.0105277],[85.185185,28.0105343],[85.1851894,28.0105482],[85.1851909,28.0105657],[85.1851896,28.0105863],[85.185185,28.0106173],[85.1851796,28.0106416],[85.1851706,28.0106677],[85.1851579,28.010696],[85.1851398,28.0107305],[85.1851279,28.0107489],[85.185112,28.010768],[85.185036,28.0108439],[85.1850217,28.0108629],[85.1850115,28.0108814],[85.1850015,28.0109073],[85.1849938,28.0109356],[85.1849882,28.0109661],[85.1849851,28.0109982],[85.1849843,28.0110316],[85.184986,28.0110652],[85.18499,28.0110985],[85.1849964,28.0111304],[85.1850089,28.011172],[85.1850262,28.0112135],[85.1850475,28.011253],[85.1850719,28.0112889],[85.1850943,28.0113119],[85.1851548,28.0113594],[85.1851678,28.0113731],[85.1851775,28.0113869],[85.1851881,28.0114085],[85.1852001,28.0114398],[85.1852101,28.0114718],[85.185218,28.011508],[85.1852303,28.0116058],[85.1852331,28.0116445],[85.185234,28.0116877],[85.1852303,28.0118171],[85.1852322,28.0119129],[85.1852292,28.0119386],[85.1852228,28.0119604],[85.1852094,28.011988],[85.1851932,28.0120124],[85.1852001,28.0120283],[85.1852362,28.0121017],[85.1853097,28.0122338],[85.1853373,28.0122861],[85.1853625,28.0123405],[85.1853812,28.0123905],[85.1853922,28.0124294],[85.1854003,28.0124706],[85.1854057,28.0125144],[85.1854084,28.0125614],[85.1854086,28.0126107],[85.1854063,28.0126658],[85.1853877,28.0128877],[85.1853835,28.012983],[85.1853845,28.0130343],[85.1853881,28.0130817],[85.1853946,28.013126],[85.1854039,28.0131677],[85.1854253,28.0132517],[85.1854385,28.0132961],[85.1854541,28.0133368],[85.1854718,28.0133715],[85.1854874,28.013393],[85.1855313,28.0134423],[85.1855408,28.0134563],[85.1855472,28.0134696],[85.1855517,28.0134892],[85.1855512,28.0135124],[85.185546,28.0135395],[85.1855242,28.0136211],[85.185522,28.0136454],[85.1855246,28.0136657],[85.1855316,28.0136856],[85.1855421,28.0137056],[85.185556,28.0137259],[85.1855735,28.0137467],[85.1856179,28.0137889],[85.1856906,28.0138468],[85.1857323,28.0138749],[85.1858208,28.013923],[85.1858566,28.0139449],[85.1859089,28.0139821],[85.1859593,28.014021],[85.1860073,28.0140615],[85.1860528,28.0141034],[85.1860956,28.0141504],[85.1861861,28.0142661],[85.1862103,28.0142926],[85.1862339,28.0143147],[85.1862544,28.0143307],[85.1862788,28.014347],[85.1863872,28.01441],[85.1864104,28.0144264],[85.1864301,28.0144429],[85.1864582,28.0144709],[85.1864859,28.0145021],[85.1865373,28.0145321],[85.186581,28.0145637],[85.1866149,28.0145935],[85.186648,28.0146272],[85.1866801,28.0146647],[85.1867112,28.0147058],[85.1867411,28.0147505],[85.1867698,28.0147985],[85.186797,28.0148496],[85.1868225,28.0149032],[85.186838,28.014944],[85.186867,28.0150377],[85.1868828,28.0150768],[85.1869118,28.0151308],[85.1869583,28.0152051],[85.1870381,28.0153228],[85.1870763,28.015374],[85.1871142,28.0154211],[85.1871522,28.0154647],[85.1871903,28.0155047],[85.1872288,28.0155414],[85.1872677,28.0155748],[85.1873119,28.0156086],[85.1873627,28.015643],[85.1874209,28.015679],[85.1875016,28.0157257],[85.1875433,28.0157472],[85.187592,28.0157677],[85.1877695,28.0158285],[85.1878373,28.0158555],[85.1878716,28.0158722],[85.1879022,28.0158899],[85.1879297,28.0159089],[85.1879543,28.0159294],[85.1879868,28.0159643],[85.1880522,28.0160489],[85.1880826,28.0160804],[85.1881107,28.0161015],[85.1881817,28.0161458],[85.1881979,28.0161584],[85.1882109,28.0161709],[85.1882306,28.016197],[85.1882465,28.0162274],[85.1882588,28.0162622],[85.1882672,28.0163015],[85.1883368,28.0163476],[85.1883855,28.0163762],[85.1884314,28.0163978],[85.188475,28.0164124],[85.1885232,28.0164212],[85.1885429,28.0164275],[85.1885652,28.0164406],[85.188587,28.0164594],[85.1886078,28.0164832],[85.1886259,28.0165105],[85.1886341,28.0165275],[85.1886411,28.0165479],[85.1886561,28.0166161],[85.1886712,28.0166941],[85.18868,28.0167665],[85.1886825,28.0168335],[85.1886787,28.0168953],[85.1886716,28.0169333],[85.1886587,28.0169745],[85.1886415,28.0170167],[85.1885882,28.0171342],[85.1885747,28.0171711],[85.1885655,28.0172047],[85.1885422,28.0173049],[85.1885326,28.0173616],[85.1885299,28.0174145],[85.1885316,28.0174385],[85.1885353,28.0174612],[85.1885425,28.0174906],[85.1885504,28.017514],[85.1885601,28.0175318],[85.188575,28.0175495],[85.1886336,28.0175988],[85.1886512,28.0176159],[85.1886636,28.0176328],[85.1886711,28.0176499],[85.1886763,28.0176712],[85.1886794,28.0176931],[85.1886802,28.017714],[85.1886787,28.0177329],[85.1886736,28.0177494],[85.1886632,28.0177661],[85.1886475,28.0177833],[85.1886088,28.0178179],[85.1885934,28.0178336],[85.1885804,28.0178513],[85.1885731,28.0178687],[85.188566,28.0179049],[85.1885655,28.0179366],[85.188571,28.0179628],[85.1885821,28.0179904],[85.1885984,28.0180178],[85.1886183,28.0180422],[85.1886289,28.0180511],[85.1886429,28.0180589],[85.1887096,28.0180848],[85.1887222,28.0180931],[85.1887315,28.0181026],[85.1887401,28.0181164],[85.1887475,28.0181337],[85.1887617,28.0181856],[85.1887704,28.0182286],[85.1887746,28.0182662],[85.1887742,28.0182996],[85.1887692,28.018329],[85.1887626,28.0183487],[85.1887524,28.0183701],[85.1887164,28.0184271],[85.1886945,28.0184541],[85.1886651,28.0184805],[85.1886336,28.0185031],[85.1885564,28.0185532],[85.1885216,28.01858],[85.1884941,28.0186084],[85.188475,28.0186383],[85.1884566,28.0186812],[85.1884448,28.0187213],[85.1884404,28.0187573],[85.1884421,28.0187983],[85.1884483,28.0188391],[85.1884674,28.0189326],[85.1884799,28.0189881],[85.1884993,28.0190489],[85.1885214,28.0191058],[85.1885761,28.0192365],[85.1885993,28.0192994],[85.1886157,28.0193558],[85.1886259,28.019408],[85.1886381,28.0195182],[85.1886421,28.0196177],[85.1886411,28.0196643],[85.1886381,28.019709],[85.188633,28.0197518],[85.1886259,28.0197928],[85.1886202,28.0198559],[85.1886167,28.019876],[85.1886085,28.0198947],[85.1886027,28.0199012],[85.1885957,28.019906],[85.1885731,28.0199136],[85.1885566,28.0199211],[85.1885424,28.0199305],[85.1885304,28.0199418],[85.1885206,28.0199551],[85.188513,28.0199703],[85.1885076,28.0199875],[85.1885042,28.0200069],[85.1885029,28.0200285],[85.188505,28.0200683],[85.1885125,28.0201162],[85.1885565,28.0203012],[85.1885701,28.0203756],[85.1885737,28.0204124],[85.1885741,28.0204455],[85.1885714,28.0204753],[85.1885655,28.0205021],[85.1885498,28.0205518],[85.1885334,28.0205968],[85.1885161,28.020638],[85.1884976,28.0206757],[85.1884714,28.0207236],[85.1884501,28.0207583],[85.1884288,28.0207874],[85.188407,28.0208115],[85.1883905,28.0208258],[85.1883703,28.0208399],[85.188293,28.020883],[85.1882637,28.020902],[85.1882024,28.0209513],[85.1881436,28.0210061],[85.1880882,28.0210655],[85.1880373,28.0211284],[85.1880147,28.0211624],[85.187993,28.0212031],[85.1879347,28.0213407],[85.1879128,28.0213869],[85.1878892,28.021427],[85.1878638,28.0214604],[85.1878572,28.0214678],[85.1878583,28.0214734],[85.1878632,28.0215099],[85.187862,28.0215219],[85.1878583,28.0215313],[85.1878516,28.0215388],[85.1878294,28.0215555],[85.187815,28.0215759],[85.1877933,28.0216271],[85.1877811,28.0216473],[85.1877661,28.0216637],[85.1877473,28.0216802],[85.1876845,28.0217245],[85.1876445,28.0217492],[85.1875507,28.0217975],[85.1875106,28.0218211],[85.1874839,28.0218402],[85.1874554,28.0218635],[85.1873391,28.0219693],[85.1873107,28.0219914],[85.1872836,28.0220094],[85.1872491,28.022027],[85.1871581,28.0220641],[85.1871343,28.0220772],[85.1871146,28.0220915],[85.1870832,28.0221246],[85.1870712,28.022135],[85.1870474,28.0221484],[85.1870084,28.022164],[85.1869751,28.0221737],[85.1868909,28.0221877],[85.1868538,28.0221978],[85.1868064,28.0222159],[85.1867735,28.022231],[85.1867459,28.0222474],[85.1867295,28.0222606],[85.1867407,28.0222869],[85.1867596,28.0223378],[85.186777,28.0223917],[85.1868062,28.0225021],[85.1868316,28.0226279],[85.1868529,28.0227634],[85.1868848,28.0230019],[85.1868915,28.023074],[85.1868931,28.0231554],[85.1868906,28.0232345],[85.18688,28.0234286],[85.1868791,28.0235289],[85.1868815,28.0235794],[85.1868863,28.0236263],[85.1868934,28.0236703],[85.186903,28.023712],[85.186922,28.0237797],[85.1869417,28.0238418],[85.1869624,28.0238993],[85.1869841,28.0239527],[85.1870073,28.0240026],[85.1870318,28.0240488],[85.1870577,28.0240916],[85.1870851,28.0241308],[85.1871247,28.0241796],[85.187171,28.024229],[85.1872243,28.0242793],[85.1872854,28.0243311],[85.187326,28.0243622],[85.1873703,28.0243922],[85.1874186,28.0244214],[85.1874347,28.0244302],[85.1874509,28.0244313],[85.1874865,28.0244385],[85.1875106,28.024447],[85.1875369,28.0244586],[85.1876169,28.0245013],[85.1877255,28.0245612],[85.1877409,28.0245707],[85.187777,28.0245861],[85.187844,28.0246133],[85.1879145,28.0246398],[85.1879891,28.0246655],[85.1880687,28.0246909],[85.1882416,28.0247407],[85.1884872,28.0248046],[85.1885611,28.0248223],[85.188639,28.0248385],[85.1887215,28.0248536],[85.1888104,28.0248676],[85.1889742,28.0248895],[85.1893546,28.0249339],[85.1895351,28.0249597],[85.1896164,28.0249738],[85.1896928,28.0249889],[85.1897653,28.0250053],[85.1898346,28.0250231],[85.1898758,28.025033],[85.1899235,28.0250421],[85.1901392,28.0250748],[85.1901905,28.0250858],[85.190235,28.0250984],[85.1902869,28.0251184],[85.190331,28.0251426],[85.1903505,28.0251564],[85.1903683,28.0251714],[85.1903845,28.0251877],[85.1903991,28.0252052],[85.1904355,28.0252598],[85.1904516,28.0252761],[85.1904707,28.0252893],[85.1904931,28.0252997],[85.1905191,28.0253073],[85.1905455,28.025312],[85.1905762,28.0253149],[85.1906986,28.0253175],[85.1907489,28.0253216],[85.1907746,28.0253262],[85.1907975,28.0253325],[85.1908179,28.0253407],[85.1908362,28.0253509],[85.1908657,28.0253729],[85.1909213,28.0254224],[85.1909454,28.0254419],[85.1909753,28.0254621],[85.1910079,28.0254806],[85.1910435,28.0254974],[85.1910824,28.0255128],[85.1911246,28.0255267],[85.1911723,28.0255401],[85.1913674,28.0255856],[85.1914499,28.0256086],[85.1914933,28.0256238],[85.1915325,28.0256403],[85.1915683,28.0256585],[85.1916009,28.0256786],[85.1916792,28.0257336],[85.1917417,28.0257829],[85.1917943,28.0258311],[85.1918377,28.0258789],[85.1918702,28.0259246],[85.191901,28.0259799],[85.1919034,28.0259851],[85.1922065,28.0260287],[85.1922787,28.0260367],[85.1923447,28.0260418],[85.1923928,28.0260416],[85.1925046,28.0260312],[85.1925533,28.0260298],[85.1925793,28.0260318],[85.1926028,28.026036],[85.1926243,28.0260426],[85.1926441,28.0260515],[85.1926827,28.0260757],[85.1927024,28.0260848],[85.1927251,28.026092],[85.1927526,28.0260979],[85.1928378,28.0261119],[85.1928637,28.0261193],[85.1928856,28.0261288],[85.1929095,28.0261426],[85.1929342,28.0261591],[85.192987,28.0262012],[85.1930089,28.0262229],[85.1930305,28.0262494],[85.1930517,28.0262804],[85.1931103,28.0263736],[85.1931308,28.0264009],[85.1931512,28.0264234],[85.1931941,28.0264609],[85.1932785,28.0265234],[85.1933105,28.0265489],[85.193443,28.0266599],[85.1935137,28.0267252],[85.1935457,28.0267589],[85.1935738,28.0267919],[85.1935983,28.0268248],[85.1936196,28.026858],[85.1936486,28.0269111],[85.1936689,28.0269388],[85.1936954,28.0269665],[85.1937233,28.0269911],[85.1937937,28.0270485],[85.1938273,28.0270801],[85.1939152,28.0271751],[85.1939489,28.0272014],[85.1940286,28.0272706],[85.1940708,28.0273064],[85.1941135,28.0273469],[85.194157,28.0273926],[85.1942021,28.0274441],[85.1942312,28.0274811],[85.1942612,28.0275243],[85.194354,28.0276753],[85.1943908,28.0277309],[85.1944248,28.0277766],[85.1944651,28.0278259],[85.1946151,28.0279941],[85.1946724,28.0280625],[85.1947262,28.028136],[85.1947485,28.0281713],[85.194768,28.0282062],[85.1947833,28.0282392],[85.1948184,28.0283272],[85.1948306,28.0283516],[85.1948435,28.0283723],[85.194871,28.0284044],[85.1949378,28.0284649],[85.1949642,28.028493],[85.1949918,28.0285291],[85.1950185,28.0285686],[85.1950445,28.0286119],[85.1950699,28.028659],[85.1951079,28.0287388],[85.1951206,28.0287717],[85.1951302,28.0288024],[85.1951374,28.0288326],[85.1951428,28.0288645],[85.1951483,28.0289324],[85.1951466,28.0290054],[85.1951378,28.0290815],[85.1951278,28.0291282],[85.1951118,28.0291795],[85.1950922,28.0292306],[85.1950472,28.0293381],[85.1950145,28.0294152],[85.1950124,28.0294802],[85.1950106,28.0295087],[85.1950148,28.0295316],[85.1950277,28.0296348],[85.1950425,28.0298121],[85.1950695,28.0300945],[85.1950738,28.0301787],[85.1950741,28.0302534],[85.1950706,28.0303102],[85.1950804,28.0303405],[85.195099,28.0304075],[85.1951119,28.0304772],[85.1951148,28.0305095],[85.1951153,28.0305405],[85.1951102,28.0306134],[85.1950971,28.0307044],[85.1950898,28.0307381],[85.1950877,28.0307447],[85.1950937,28.0308041],[85.1951019,28.0309456],[85.1951046,28.0310955],[85.1951021,28.0312511],[85.1950943,28.0314207],[85.1950814,28.0316082],[85.1950607,28.0318515],[85.1950517,28.0319342],[85.1950387,28.0320262],[85.195022,28.0321226],[85.1950243,28.0321247],[85.1950789,28.0321611],[85.1951042,28.0321834],[85.1951265,28.0322091],[85.1951457,28.0322381],[85.1951619,28.0322705],[85.1951751,28.0323061],[85.1951852,28.032345],[85.1951922,28.0323871],[85.1951924,28.0323894],[85.195231,28.0324467],[85.1952687,28.0325161],[85.1953156,28.0326163],[85.1953432,28.0326866],[85.1953647,28.0327625],[85.1953802,28.0328449],[85.1953901,28.0329353],[85.195394,28.0330088],[85.1953951,28.0330908],[85.1953863,28.0334336],[85.1953863,28.0335119],[85.1953884,28.0335814],[85.1954066,28.0340093],[85.1954169,28.0344045],[85.1954195,28.034777],[85.1954145,28.0351312],[85.195409,28.0353033],[85.1954016,28.035472],[85.1953923,28.0356374],[85.195381,28.0357997],[85.1953676,28.0359593],[85.1953523,28.0361161],[85.195335,28.0362703],[85.1953156,28.036422],[85.1952926,28.0365686],[85.1952608,28.0367312],[85.1952262,28.0368872],[85.1951466,28.0372263],[85.1951333,28.0373684],[85.1951142,28.037545],[85.1950936,28.0377092],[85.1950707,28.0378667],[85.1950456,28.0380165],[85.1950345,28.0380739],[85.1950345,28.0380759],[85.1950361,28.0382074],[85.1950461,28.0385846],[85.1950459,28.0387022],[85.1950425,28.0388074],[85.1950391,28.0389528],[85.1950398,28.0390477],[85.1950802,28.0391485],[85.1951035,28.039211],[85.1951209,28.0392662],[85.1951335,28.0393173],[85.1951445,28.0393754],[85.1951535,28.0394361],[85.1951608,28.0394993],[85.1951662,28.0395654],[85.1951716,28.0397064],[85.1951699,28.0398636],[85.195166,28.0399326],[85.1952155,28.040038],[85.1952888,28.040185],[85.1953614,28.0403217],[85.1954348,28.0404505],[85.1955091,28.0405715],[85.1955846,28.0406852],[85.1956616,28.0407922],[85.1957159,28.040862],[85.1957751,28.0409332],[85.1958397,28.0410064],[85.195911,28.0410831],[85.1960528,28.0412272],[85.1963717,28.0415388],[85.196617,28.0417823],[85.1968046,28.0419654],[85.1969762,28.0421287],[85.1971358,28.042276],[85.1972928,28.0424156],[85.1974443,28.0425448],[85.1975922,28.042665],[85.1977374,28.042777],[85.1978761,28.0428801],[85.1980028,28.0429719],[85.1981224,28.0430559],[85.1982367,28.0431336],[85.198348,28.0432063],[85.1984563,28.0432741],[85.1985621,28.0433372],[85.1986661,28.0433961],[85.1987723,28.0434508],[85.1990228,28.04357],[85.1990847,28.043602],[85.1991395,28.0436329],[85.1992197,28.0436812],[85.1992981,28.0437309],[85.1993745,28.0437818],[85.1994488,28.0438338],[85.1995208,28.0438869],[85.1995904,28.043941],[85.1996576,28.0439959],[85.1997222,28.0440517],[85.1997693,28.0440954],[85.1998164,28.044143],[85.199864,28.044195],[85.1999128,28.0442523],[85.2000062,28.0443711],[85.2001819,28.0446096],[85.2002562,28.0447071],[85.2003372,28.0448054],[85.2004142,28.0448893],[85.200516,28.0449919],[85.2006137,28.045087],[85.2007085,28.0451758],[85.2008012,28.045259],[85.2008926,28.0453373],[85.2009827,28.0454109],[85.2010721,28.0454801],[85.2011608,28.0455448],[85.2012527,28.0456055],[85.2014672,28.0457354],[85.2015172,28.0457683],[85.2015614,28.0457998],[85.2018123,28.0459772],[85.2018766,28.0460274],[85.2019309,28.0460746],[85.2019835,28.0461278],[85.202027,28.0461812],[85.2020622,28.0462356],[85.2020894,28.0462914],[85.2021258,28.0464007],[85.2021486,28.0464475],[85.2021772,28.0464938],[85.2022118,28.0465399],[85.2022525,28.0465859],[85.2022989,28.0466314],[85.2023523,28.0466782],[85.2024138,28.0467269],[85.20249,28.046783],[85.2025441,28.0468174],[85.2026841,28.0468912],[85.2027168,28.0469102],[85.2027449,28.0469287],[85.2028066,28.0469744],[85.2028665,28.0470235],[85.2029241,28.0470755],[85.2029791,28.0471301],[85.2030308,28.0471868],[85.2030791,28.0472452],[85.2031235,28.047305],[85.2031638,28.0473657],[85.2031889,28.0474098],[85.2032137,28.0474609],[85.2032921,28.0476534],[85.2033276,28.0477299],[85.2033642,28.0477952],[85.2034092,28.0478658],[85.2034547,28.0479314],[85.2035638,28.0480831],[85.2036145,28.0481581],[85.2036572,28.0482284],[85.2036918,28.0482944],[85.2037184,28.0483458],[85.2037971,28.048487],[85.2038181,28.0485299],[85.2038342,28.0485687],[85.2038483,28.0486128],[85.2038566,28.0486542],[85.203858,28.0486778],[85.2038832,28.048692],[85.2039275,28.048721],[85.203965,28.0487496],[85.203991,28.0487729],[85.2040185,28.0488005],[85.2041046,28.0488968],[85.2041367,28.0489308],[85.2041697,28.0489615],[85.2042017,28.0489864],[85.2042323,28.049006],[85.2042681,28.0490252],[85.2044034,28.0490863],[85.2044566,28.0491138],[85.2045892,28.0491939],[85.2047076,28.0492729],[85.2048141,28.0493522],[85.204863,28.0493921],[85.2049093,28.0494324],[85.204953,28.0494731],[85.204994,28.0495142],[85.2050324,28.0495556],[85.2050681,28.0495975],[85.2051012,28.0496398],[85.2051317,28.0496825],[85.2051597,28.0497257],[85.205185,28.0497694],[85.2052241,28.049841],[85.2052468,28.049887],[85.2052643,28.04993],[85.2052679,28.0499423],[85.2053017,28.0499724],[85.2053448,28.0500141],[85.2053866,28.0500579],[85.2054269,28.0501035],[85.2054654,28.0501506],[85.2055018,28.0501989],[85.2055359,28.0502479],[85.2055674,28.0502974],[85.2055808,28.0503218],[85.205593,28.0503486],[85.2056141,28.0504105],[85.2056295,28.0504741],[85.2056616,28.0506349],[85.2056728,28.0506783],[85.205685,28.0507158],[85.2057015,28.0507548],[85.2057206,28.0507888],[85.2057426,28.0508183],[85.2057677,28.0508437],[85.2057812,28.0508535],[85.2058244,28.0508793],[85.2058346,28.0508886],[85.2058405,28.0508983],[85.2058429,28.0509113],[85.2058413,28.0509276],[85.2058344,28.0509502],[85.2058587,28.0509712],[85.2059159,28.0510171],[85.2059829,28.0510647],[85.2060496,28.0511082],[85.2062152,28.0512114],[85.206299,28.0512681],[85.20634,28.0512987],[85.206377,28.051329],[85.2064107,28.0513593],[85.2064414,28.05139],[85.2064885,28.0514444],[85.2065363,28.051509],[85.2065812,28.0515771],[85.2066972,28.051763],[85.206734,28.0518169],[85.2067692,28.0518634],[85.2068256,28.0519293],[85.2068931,28.0519991],[85.2069605,28.0520633],[85.2071247,28.0522138],[85.2072045,28.052292],[85.2072755,28.0523704],[85.207306,28.0524084],[85.2073337,28.0524461],[85.207409,28.052559],[85.2074728,28.052665],[85.2075264,28.0527667],[85.2075704,28.0528649],[85.2075852,28.0529058],[85.2075988,28.0529526],[85.2076338,28.0531059],[85.2076387,28.053125],[85.2076991,28.0531796],[85.2078041,28.0532771],[85.2079032,28.0533745],[85.2079892,28.0534658],[85.2081268,28.0536205],[85.2082378,28.0537497],[85.2083359,28.0538693],[85.2084235,28.0539823],[85.2085039,28.0540935],[85.2085763,28.0542016],[85.2086413,28.0543078],[85.2086993,28.0544127],[85.2087742,28.0545587],[85.2088265,28.0546703],[85.2088681,28.0547727],[85.2088996,28.0548679],[85.2089146,28.0549323],[85.2089247,28.0550059],[85.20893,28.0550769],[85.2089377,28.0552427],[85.2089449,28.0553213],[85.2089563,28.0553898],[85.2089725,28.0554506],[85.2089943,28.0555044],[85.2090425,28.0555982],[85.2090594,28.0556343],[85.2090732,28.0556713],[85.2090817,28.0557055],[85.2090863,28.0557417],[85.2090878,28.0557827],[85.2090817,28.0559241],[85.2090766,28.0560219],[85.2090662,28.0561234],[85.2090537,28.0562063],[85.2090543,28.0562403],[85.209052,28.0563583],[85.209046,28.0564767],[85.2090361,28.0566004],[85.2090222,28.05673],[85.2090043,28.056867],[85.208983,28.0570079],[85.208957,28.0571617],[85.2088814,28.0575629],[85.2088631,28.0576519],[85.2088417,28.0577445],[85.2087889,28.0579456],[85.2087324,28.0581382],[85.2087004,28.0582423],[85.2086977,28.0582697],[85.2087358,28.0585644],[85.2087541,28.058733],[85.2087652,28.0588977],[85.2087691,28.0590576],[85.2087659,28.0592121],[85.2087645,28.0592307],[85.2087699,28.0592453],[85.2087811,28.0592924],[85.2087877,28.0593437],[85.2087899,28.0593998],[85.2087883,28.0594532],[85.2087834,28.0595135],[85.208754,28.059748],[85.2087457,28.0598193],[85.2087348,28.0598927],[85.2087212,28.0599685],[85.2087048,28.0600471],[85.2086635,28.060214],[85.2086083,28.0604035],[85.2085832,28.0604787],[85.2085536,28.0605559],[85.2085192,28.0606358],[85.2084796,28.0607198],[85.2084399,28.0607977],[85.208394,28.0608834],[85.2082179,28.0611955],[85.2081477,28.0613249],[85.2080798,28.0614617],[85.2080334,28.061569],[85.2080451,28.0616252],[85.2080531,28.0616744],[85.2080566,28.0617254],[85.2080533,28.0617699],[85.208042,28.0618228],[85.2080241,28.0618808],[85.2080001,28.0619438],[85.2079601,28.062038],[85.2079436,28.0620736],[85.2079251,28.0621087],[85.2079044,28.0621433],[85.2078815,28.0621776],[85.207829,28.0622455],[85.2077774,28.0623018],[85.2077603,28.0623622],[85.2077343,28.0624611],[85.2077029,28.0626035],[85.2076409,28.0629568],[85.2076241,28.0630414],[85.2076068,28.0631167],[85.2075747,28.0632345],[85.2075339,28.0633623],[85.207483,28.0635053],[85.2073705,28.063802],[85.2073237,28.0639306],[85.2072782,28.0640672],[85.2072426,28.064191],[85.2072145,28.0643026],[85.2071875,28.0644179],[85.2071367,28.0646618],[85.2070891,28.0649274],[85.2070423,28.0652289],[85.2070323,28.065307],[85.2070237,28.0653943],[85.2070018,28.065705],[85.2069906,28.0658286],[85.2069735,28.0659547],[85.2069513,28.0660666],[85.2069246,28.0661719],[85.2068949,28.0662759],[85.2068623,28.0663781],[85.2068269,28.0664782],[85.2067888,28.0665756],[85.2067482,28.0666701],[85.2067052,28.0667615],[85.2066599,28.0668496],[85.2066377,28.0668882],[85.2066123,28.0669274],[85.2065834,28.0669676],[85.2065505,28.0670096],[85.2064853,28.0670855],[85.2063209,28.067266],[85.2062785,28.0673162],[85.2062424,28.0673625],[85.206207,28.0674132],[85.206177,28.0674625],[85.206152,28.0675111],[85.2061319,28.0675597],[85.2061059,28.0676351],[85.2060853,28.0677049],[85.2060697,28.0677707],[85.206059,28.0678328],[85.2060474,28.0679328],[85.2060438,28.0680121],[85.2060475,28.0680817],[85.2060523,28.068113],[85.206059,28.0681424],[85.2060686,28.0681724],[85.2060813,28.0682032],[85.2060973,28.0682349],[85.2061166,28.0682679],[85.2061644,28.0683368],[85.2062411,28.0684338],[85.2062696,28.0684664],[85.2063017,28.068498],[85.2063376,28.0685289],[85.2063781,28.0685595],[85.2064199,28.0685879],[85.2064678,28.0686177],[85.2066587,28.0687267],[85.2067377,28.0687754],[85.2067787,28.0688037],[85.2068154,28.0688317],[85.2068485,28.06886],[85.2068784,28.068889],[85.2069194,28.0689307],[85.2069253,28.0689323],[85.2069527,28.0689372],[85.2069818,28.0689401],[85.2070131,28.068941],[85.2070809,28.0689376],[85.2072228,28.0689211],[85.2072833,28.0689165],[85.2073159,28.068916],[85.2073459,28.0689173],[85.2073741,28.0689205],[85.2074007,28.0689254],[85.20746,28.0689403],[85.207515,28.068957],[85.2075652,28.0689753],[85.2076104,28.0689953],[85.2076504,28.0690165],[85.2076898,28.0690409],[85.2077287,28.0690685],[85.2077668,28.0690992],[85.2078037,28.0691327],[85.2078395,28.0691688],[85.2078736,28.0692074],[85.207906,28.0692481],[85.2079364,28.0692906],[85.2079646,28.0693347],[85.2079904,28.06938],[85.2080135,28.0694262],[85.2080338,28.0694729],[85.2080511,28.0695198],[85.2080654,28.0695666],[85.2080766,28.069613],[85.2080839,28.0696636],[85.2080882,28.0696829],[85.2080947,28.0696998],[85.2081038,28.069716],[85.2081158,28.0697318],[85.2081308,28.0697474],[85.2081636,28.0697743],[85.208256,28.0698394],[85.2082797,28.0698603],[85.208298,28.069881],[85.2083226,28.0699151],[85.2083464,28.0699519],[85.2083694,28.0699911],[85.2083912,28.0700325],[85.2084044,28.0700624],[85.2084163,28.0700971],[85.2084458,28.070211],[85.2084571,28.0702492],[85.2084699,28.070283],[85.2084845,28.0703122],[85.2085099,28.0703564],[85.2085284,28.0703851],[85.2085471,28.0704092],[85.2085661,28.0704287],[85.2085867,28.0704432],[85.2086395,28.0704706],[85.2086507,28.0704786],[85.2086593,28.070487],[85.2086681,28.0704997],[85.2086751,28.0705145],[85.2086802,28.0705317],[85.2086835,28.0705514],[85.2086854,28.0705924],[85.2086826,28.0706847],[85.2086946,28.0707016],[85.2087214,28.0707461],[85.2087434,28.0707879],[85.2087663,28.0708363],[85.2088386,28.0710049],[85.2088444,28.0710176],[85.2088467,28.0710179],[85.2088942,28.0710265],[85.2089409,28.0710371],[85.2089864,28.0710497],[85.2090302,28.0710639],[85.209072,28.0710799],[85.2091116,28.0710974],[85.2091488,28.0711163],[85.2091779,28.0711344],[85.2092063,28.071156],[85.2092342,28.0711816],[85.2092621,28.0712114],[85.2092871,28.0712418],[85.2093137,28.0712773],[85.2094091,28.0714172],[85.2094508,28.0714738],[85.2094979,28.0715282],[85.2095213,28.0715508],[85.209545,28.0715708],[85.2095625,28.0715833],[85.2095834,28.0715957],[85.2096694,28.071638],[85.2097034,28.0716577],[85.20972,28.0716699],[85.209734,28.0716827],[85.2097455,28.0716962],[85.2097548,28.0717107],[85.2097712,28.0717553],[85.2097781,28.0717689],[85.2097916,28.0717838],[85.209811,28.0717962],[85.2098327,28.0718053],[85.2098904,28.0718248],[85.2099179,28.0718389],[85.2099563,28.0718679],[85.2099952,28.0719037],[85.2100353,28.0719469],[85.2100811,28.072002],[85.2101296,28.0720684],[85.2101735,28.0721401],[85.210212,28.0722157],[85.2102442,28.0722934],[85.2102532,28.0723212],[85.2102612,28.072353],[85.2102873,28.0724869],[85.2103025,28.0725381],[85.2103186,28.0725742],[85.2103411,28.0726128],[85.2103656,28.0726484],[85.2104265,28.0727309],[85.2104539,28.0727729],[85.2104751,28.0728137],[85.2104889,28.0728528],[85.2104958,28.0728902],[85.2105037,28.0729777],[85.2105123,28.0730159],[85.2105196,28.0730334],[85.2105306,28.0730521],[85.210576,28.0731116],[85.2105891,28.0731315],[85.210635,28.0731321],[85.2106347,28.0731468],[85.2106462,28.0731495],[85.2106811,28.073159],[85.2107149,28.0731711],[85.2107438,28.0731851],[85.2107912,28.0732127],[85.2108188,28.0732351],[85.2108341,28.0732528],[85.2108479,28.0732728],[85.2108597,28.0732943],[85.2108689,28.0733164],[85.2108769,28.0733418],[85.2108815,28.0733628],[85.210883,28.0733813],[85.2108825,28.0733854],[85.2108894,28.073388],[85.2109321,28.0734067],[85.2109766,28.0734292],[85.2110171,28.0734541],[85.2110949,28.0735109],[85.2111287,28.0735332],[85.2111572,28.0735492],[85.21119,28.0735652],[85.2113363,28.0736286],[85.2113708,28.0736467],[85.2113864,28.0736563],[85.2113894,28.0736564],[85.2113894,28.0736582],[85.2114007,28.0736652],[85.2114401,28.0736915],[85.2114608,28.0737093],[85.2114784,28.0737304],[85.2114928,28.0737533],[85.2114954,28.0737591],[85.2115013,28.0737615],[85.2115095,28.0737662],[85.2115097,28.0737662],[85.2115097,28.0737663],[85.2115468,28.0737877],[85.2115558,28.0737939],[85.2116008,28.0737945],[85.2116008,28.0737959],[85.2116229,28.0737878],[85.2116484,28.0737808],[85.2116751,28.0737755],[85.2117026,28.0737721],[85.2117307,28.0737706],[85.2117592,28.073771],[85.2117874,28.0737734],[85.2118151,28.0737776],[85.211842,28.0737837],[85.2118676,28.0737916],[85.2118916,28.0738011],[85.211914,28.0738122],[85.2119343,28.0738248],[85.2119585,28.073842],[85.2119727,28.0738555],[85.2119932,28.0738888],[85.2120107,28.0739088],[85.2120367,28.0739324],[85.2120551,28.073946],[85.2120998,28.0739728],[85.2121187,28.0739861],[85.2121332,28.0739996],[85.2121671,28.0740369],[85.2121878,28.0740527],[85.2122154,28.0740639],[85.2122646,28.0740757],[85.2122677,28.0740763],[85.2122677,28.0740739],[85.2123515,28.074075],[85.2123928,28.0740563],[85.2124495,28.0740367],[85.2125051,28.074024],[85.2125661,28.0740165],[85.2126325,28.074014],[85.2127036,28.0740165],[85.2127782,28.074024],[85.2128224,28.0740309],[85.2128676,28.0740405],[85.2129138,28.0740526],[85.2129611,28.0740672],[85.2130094,28.0740844],[85.2130587,28.0741042],[85.2131091,28.0741265],[85.2131606,28.0741514],[85.213242,28.0741927],[85.2132671,28.0742084],[85.2132881,28.0742243],[85.2133092,28.0742438],[85.2133296,28.0742658],[85.2133488,28.07429],[85.2133665,28.0743157],[85.2133823,28.0743426],[85.2133906,28.0743593],[85.2134229,28.0743597],[85.2134224,28.0743868],[85.213453,28.0743872],[85.2134525,28.0744142],[85.213483,28.0744146],[85.2134821,28.0744688],[85.2135126,28.0744692],[85.2135122,28.0744962],[85.2135427,28.0744966],[85.2135423,28.0745237],[85.2136949,28.0745257],[85.2136944,28.0745528],[85.2137554,28.0745536],[85.213755,28.0745806],[85.2137855,28.074581],[85.2137846,28.0746352],[85.2138151,28.0746356],[85.2138138,28.0747168],[85.2138443,28.0747172],[85.2138434,28.0747713],[85.2138739,28.0747717],[85.2138735,28.0747988],[85.2139345,28.0747996],[85.2139341,28.0748266],[85.2139646,28.074827],[85.213965,28.0748],[85.2139956,28.0748004],[85.2139951,28.0748274],[85.2140562,28.0748282],[85.2140566,28.0748011],[85.2142397,28.0748035],[85.2142393,28.0748306],[85.2142698,28.074831],[85.2142693,28.0748581],[85.2142998,28.0748585],[85.214299,28.0749126],[85.2143295,28.074913],[85.2143286,28.0749671],[85.2143591,28.0749675],[85.2143582,28.0750217],[85.2143887,28.0750221],[85.2143878,28.0750762],[85.2144183,28.0750766],[85.2144179,28.0751037],[85.2144789,28.0751045],[85.2144785,28.0751315],[85.2146006,28.0751331],[85.2145997,28.0751873],[85.2146302,28.0751877],[85.2146297,28.0752147],[85.2146602,28.0752151],[85.2146589,28.0752963],[85.2146894,28.0752967],[85.214689,28.0753238],[85.2147195,28.0753242],[85.214719,28.0753513],[85.2147496,28.0753517],[85.2147491,28.0753787],[85.2147796,28.0753791],[85.2147792,28.0754062],[85.2148097,28.0754066],[85.2148093,28.0754336],[85.2148398,28.075434],[85.2148393,28.0754611],[85.2148698,28.0754615],[85.2148694,28.0754886],[85.2148999,28.075489],[85.214899,28.0755431],[85.2149295,28.0755435],[85.2149286,28.0755976],[85.2149897,28.0755984],[85.2149888,28.0756526],[85.2150193,28.075653],[85.215018,28.0757342],[85.2150485,28.0757346],[85.2150476,28.0757887],[85.2150781,28.0757891],[85.2150777,28.0758162],[85.2151082,28.0758166],[85.2151073,28.0758707],[85.2151378,28.0758711],[85.2151373,28.0758982],[85.2151679,28.0758986],[85.2151674,28.0759256],[85.2151979,28.075926],[85.215197,28.0759802],[85.2152581,28.075981],[85.2152585,28.0759539],[85.2153196,28.0759547],[85.21532,28.0759276],[85.2153505,28.075928],[85.2153501,28.0759551],[85.2155027,28.0759571],[85.2155045,28.0758488],[85.215535,28.0758492],[85.2155345,28.0758763],[85.2156566,28.0758779],[85.2156562,28.0759049],[85.2156867,28.0759053],[85.2156858,28.0759595],[85.2157163,28.0759599],[85.2157154,28.076014],[85.2157459,28.0760144],[85.215745,28.0760685],[85.2158366,28.0760697],[85.2158361,28.0760968],[85.2158667,28.0760972],[85.2158653,28.0761784],[85.2158348,28.076178],[85.2158352,28.0761509],[85.2156521,28.0761485],[85.2156508,28.0762297],[85.2156813,28.0762301],[85.2156804,28.0762843],[85.2157109,28.0762847],[85.2157105,28.0763117],[85.2157715,28.0763125],[85.2157706,28.0763667],[85.2158011,28.0763671],[85.2158007,28.0763941],[85.2158312,28.0763945],[85.2158308,28.0764216],[85.2158613,28.076422],[85.2158608,28.0764491],[85.2158914,28.0764495],[85.2158905,28.0765036],[85.215921,28.076504],[85.2159205,28.0765311],[85.2159511,28.0765315],[85.2159506,28.0765585],[85.2160116,28.0765593],[85.2160112,28.0765864],[85.2160417,28.0765868],[85.2160413,28.0766139],[85.2160718,28.0766143],[85.2160713,28.0766413],[85.2161629,28.0766425],[85.2161647,28.0765342],[85.2161952,28.0765346],[85.2161956,28.0765076],[85.2164093,28.0765104],[85.2164097,28.0764833],[85.2165013,28.0764845],[85.2165017,28.0764574],[85.2166543,28.0764594],[85.2166548,28.0764323],[85.2166853,28.0764327],[85.2166857,28.0764056],[85.2167163,28.076406],[85.2167171,28.0763519],[85.2168392,28.0763535],[85.2168383,28.0764076],[85.2168688,28.076408],[85.2168675,28.0764892],[85.216837,28.0764888],[85.2168361,28.076543],[85.2168056,28.0765426],[85.2168051,28.0765696],[85.2167746,28.0765692],[85.2167742,28.0765963],[85.2167131,28.0765955],[85.2167122,28.0766497],[85.2166817,28.0766493],[85.2166813,28.0766763],[85.2166507,28.0766759],[85.2166498,28.0767301],[85.2165278,28.0767285],[85.2165282,28.0767014],[85.2164061,28.0766998],[85.2164057,28.0767269],[85.2163447,28.0767261],[85.2163429,28.0768344],[85.2163734,28.0768348],[85.2163729,28.0768618],[85.216434,28.0768626],[85.2164335,28.0768897],[85.2164641,28.0768901],[85.2164645,28.076863],[85.2165866,28.0768646],[85.216587,28.0768376],[85.2166175,28.076838],[85.216618,28.0768109],[85.216679,28.0768117],[85.2166799,28.0767575],[85.2169241,28.0767607],[85.2169236,28.0767878],[85.2169541,28.0767882],[85.2169515,28.0769506],[85.2169209,28.0769502],[85.2169196,28.0770314],[85.2168891,28.077031],[85.2168877,28.0771122],[85.2169183,28.0771126],[85.2169174,28.0771667],[85.2169479,28.0771671],[85.216947,28.0772213],[85.2169775,28.0772217],[85.2169771,28.0772487],[85.2170076,28.0772491],[85.2170067,28.0773033],[85.2170372,28.0773037],[85.2170354,28.0774119],[85.2170659,28.0774123],[85.217065,28.0774665],[85.2170956,28.0774669],[85.2170951,28.0774939],[85.2171256,28.0774943],[85.2171252,28.0775214],[85.2171557,28.0775218],[85.2171548,28.0775759],[85.2171853,28.0775763],[85.2171849,28.0776034],[85.2172154,28.0776038],[85.2172149,28.0776309],[85.217276,28.0776317],[85.2172755,28.0776587],[85.2173061,28.0776591],[85.2173056,28.0776862],[85.2173666,28.077687],[85.2173653,28.0777682],[85.2173958,28.0777686],[85.2173945,28.0778498],[85.217425,28.0778502],[85.2174241,28.0779043],[85.2174546,28.0779047],[85.2174528,28.078013],[85.2174834,28.0780134],[85.2174829,28.0780405],[85.2175134,28.0780409],[85.217513,28.0780679],[85.2175435,28.0780683],[85.2175431,28.0780954],[85.2175736,28.0780958],[85.2175731,28.0781229],[85.2176342,28.0781236],[85.2176337,28.0781507],[85.2176642,28.0781511],[85.2176638,28.0781782],[85.2177248,28.078179],[85.2177244,28.078206],[85.2178159,28.0782072],[85.2178155,28.0782343],[85.2179376,28.0782359],[85.2179371,28.078263],[85.2179676,28.0782634],[85.2179672,28.0782904],[85.2179977,28.0782908],[85.2179973,28.0783179],[85.2180278,28.0783183],[85.2180269,28.0783724],[85.2180574,28.0783728],[85.2180565,28.078427],[85.218087,28.0784273],[85.2180866,28.0784544],[85.2181171,28.0784548],[85.2181162,28.0785089],[85.2181467,28.0785093],[85.2181458,28.0785635],[85.2181764,28.0785639],[85.218175,28.0786451],[85.2182055,28.0786455],[85.2182051,28.0786725],[85.2182661,28.0786733],[85.2182657,28.0787004],[85.2184793,28.0787032],[85.2184789,28.0787303],[85.2185094,28.0787306],[85.2185072,28.078866],[85.2185377,28.0788664],[85.2185372,28.0788935],[85.2185677,28.0788939],[85.2185673,28.0789209],[85.2186283,28.0789217],[85.2186279,28.0789488],[85.2186584,28.0789492],[85.2186575,28.0790033],[85.218688,28.0790037],[85.2186871,28.0790578],[85.2187177,28.0790582],[85.2187163,28.0791394],[85.2186858,28.0791391],[85.218684,28.0792473],[85.2187145,28.0792477],[85.2187136,28.0793019],[85.2187442,28.0793023],[85.2187437,28.0793293],[85.2187742,28.0793297],[85.2187738,28.0793568],[85.2188043,28.0793572],[85.2188034,28.0794113],[85.2188339,28.0794117],[85.2188326,28.0794929],[85.2188021,28.0794925],[85.2188007,28.0795737],[85.2188313,28.0795741],[85.2188299,28.0796553],[85.2188604,28.0796557],[85.2188595,28.0797099],[85.2189206,28.0797107],[85.2189199,28.0797539],[85.2189362,28.079765],[85.2189502,28.0797652],[85.21895,28.079775],[85.2189743,28.0797926],[85.2189803,28.0797927],[85.2189802,28.0797968],[85.2189905,28.0798043],[85.219101,28.0798916],[85.219177,28.0799577],[85.2192218,28.0799582],[85.2192213,28.0799853],[85.2192518,28.0799857],[85.2192514,28.0800128],[85.2192819,28.0800132],[85.2192815,28.0800402],[85.219312,28.0800406],[85.2193115,28.0800677],[85.2194641,28.0800697],[85.2194637,28.0800967],[85.2195247,28.0800975],[85.2195243,28.0801246],[85.2195548,28.080125],[85.2195543,28.0801521],[85.2196154,28.0801529],[85.2196149,28.0801799],[85.2196455,28.0801803],[85.2196446,28.0802345],[85.2196751,28.0802349],[85.2196746,28.0802619],[85.2197662,28.0802631],[85.2197657,28.0802902],[85.2198573,28.0802914],[85.2198569,28.0803184],[85.2199179,28.0803192],[85.2199175,28.0803463],[85.2200701,28.0803483],[85.2200696,28.0803754],[85.2201001,28.0803757],[85.2200997,28.0804028],[85.2201607,28.0804036],[85.2201598,28.0804577],[85.2201903,28.0804581],[85.2201899,28.0804852],[85.2202509,28.080486],[85.2202505,28.0805131],[85.2203115,28.0805139],[85.2203111,28.0805409],[85.2203416,28.0805413],[85.2203407,28.0805955],[85.2203712,28.0805959],[85.2203703,28.08065],[85.2205229,28.080652],[85.2205225,28.080679],[85.220553,28.0806794],[85.2205526,28.0807065],[85.2206136,28.0807073],[85.2206132,28.0807344],[85.2206437,28.0807348],[85.2206432,28.0807618],[85.2207958,28.0807638],[85.2207963,28.0807367],[85.2208573,28.0807375],[85.2208578,28.0807105],[85.2209798,28.0807121],[85.2209803,28.080685],[85.2210108,28.0806854],[85.2210113,28.0806583],[85.2210418,28.0806587],[85.2210422,28.0806316],[85.2210727,28.080632],[85.2210732,28.080605],[85.2211037,28.0806054],[85.2211064,28.0804429],[85.2211369,28.0804433],[85.2211374,28.0804163],[85.2211679,28.0804167],[85.2211674,28.0804437],[85.2211979,28.0804441],[85.2211953,28.0806065],[85.2212258,28.0806069],[85.2212249,28.0806611],[85.2212554,28.0806615],[85.221255,28.0806885],[85.2212855,28.0806889],[85.2212859,28.0806619],[85.221347,28.0806627],[85.2213474,28.0806356],[85.2213779,28.080636],[85.2213788,28.0805819],[85.2214094,28.0805822],[85.2214098,28.0805552],[85.2214403,28.0805556],[85.2214412,28.0805014],[85.2215328,28.0805026],[85.2215332,28.0804756],[85.2216858,28.0804775],[85.2216854,28.0805046],[85.2217159,28.080505],[85.2217154,28.0805321],[85.221746,28.0805325],[85.2217442,28.0806407],[85.2217747,28.0806411],[85.2217743,28.0806682],[85.2218658,28.0806694],[85.2218663,28.0806423],[85.2219578,28.0806435],[85.2219583,28.0806164],[85.2220193,28.0806172],[85.2220197,28.0805902],[85.2220503,28.0805906],[85.2220507,28.0805635],[85.2222033,28.0805655],[85.2222029,28.0805925],[85.2222334,28.0805929],[85.2222329,28.08062],[85.2222024,28.0806196],[85.222202,28.0806467],[85.2221715,28.0806463],[85.2221701,28.0807275],[85.2221396,28.0807271],[85.2221392,28.0807542],[85.2221086,28.0807538],[85.2221077,28.0808079],[85.2220467,28.0808071],[85.2220463,28.0808342],[85.2219852,28.0808334],[85.2219848,28.0808605],[85.2219542,28.0808601],[85.2219534,28.0809142],[85.2219228,28.0809138],[85.2219219,28.0809679],[85.2218914,28.0809675],[85.221891,28.0809946],[85.2218605,28.0809942],[85.2218578,28.0811566],[85.2218883,28.081157],[85.2218879,28.0811841],[85.2219184,28.0811845],[85.2219179,28.0812115],[85.2219485,28.0812119],[85.2219476,28.0812661],[85.2219781,28.0812665],[85.2219776,28.0812935],[85.2220082,28.0812939],[85.2220077,28.081321],[85.2220382,28.0813214],[85.2220378,28.0813485],[85.2220683,28.0813489],[85.2220674,28.081403],[85.2220979,28.0814034],[85.222097,28.0814575],[85.2221276,28.0814579],[85.2221267,28.0815121],[85.2221572,28.0815125],[85.2221567,28.0815395],[85.2221873,28.0815399],[85.2221868,28.081567],[85.2222784,28.0815682],[85.2222779,28.0815953],[85.222339,28.081596],[85.2223385,28.0816231],[85.2224606,28.0816247],[85.2224602,28.0816518],[85.2224907,28.0816522],[85.2224902,28.0816792],[85.2225513,28.08168],[85.2225508,28.0817071],[85.2226424,28.0817083],[85.2226419,28.0817353],[85.2227945,28.0817373],[85.2227941,28.0817644],[85.2228551,28.0817652],[85.2228556,28.0817381],[85.2230082,28.0817401],[85.2230086,28.081713],[85.2231002,28.0817142],[85.2231006,28.0816871],[85.2231922,28.0816883],[85.2231913,28.0817425],[85.2232218,28.0817429],[85.22322,28.0818511],[85.2232506,28.0818515],[85.2232501,28.0818786],[85.2234027,28.0818806],[85.2234018,28.0819347],[85.2234629,28.0819355],[85.2234624,28.0819626],[85.2234929,28.081963],[85.2234925,28.08199],[85.223523,28.0819904],[85.2235226,28.0820175],[85.2235531,28.0820179],[85.2235526,28.082045],[85.2236442,28.0820461],[85.2236438,28.0820732],[85.2237353,28.0820744],[85.2237349,28.0821015],[85.2237959,28.0821023],[85.2237964,28.0820752],[85.2238269,28.0820756],[85.2238264,28.0821026],[85.2238875,28.0821034],[85.223887,28.0821305],[85.2239176,28.0821309],[85.2239167,28.082185],[85.2239472,28.0821854],[85.2239463,28.0822396],[85.2239768,28.08224],[85.2239764,28.082267],[85.2240069,28.0822674],[85.224006,28.0823216],[85.224067,28.0823224],[85.2240666,28.0823494],[85.2241276,28.0823502],[85.2241272,28.0823773],[85.2242493,28.0823789],[85.2242488,28.0824059],[85.2243099,28.0824067],[85.2243103,28.0823797],[85.2243713,28.0823804],[85.2243718,28.0823534],[85.2244939,28.082355],[85.2244943,28.0823279],[85.2246164,28.0823295],[85.224616,28.0823565],[85.224738,28.0823581],[85.2247376,28.0823852],[85.2248902,28.0823872],[85.2248906,28.0823601],[85.2249822,28.0823613],[85.2249818,28.0823883],[85.2250123,28.0823887],[85.2250118,28.0824158],[85.2249508,28.082415],[85.2249503,28.0824421],[85.2250724,28.0824437],[85.2250733,28.0823895],[85.2251038,28.0823899],[85.2251047,28.0823358],[85.2251352,28.0823362],[85.2251375,28.0822008],[85.2253206,28.0822032],[85.225321,28.0821761],[85.2253516,28.0821765],[85.2253511,28.0822036],[85.2254427,28.0822048],[85.2254422,28.0822319],[85.2255033,28.0822326],[85.2255028,28.0822597],[85.2255944,28.0822609],[85.2255939,28.082288],[85.2257465,28.0822899],[85.225747,28.0822629],[85.2258996,28.0822648],[85.2258991,28.0822919],[85.2259907,28.0822931],[85.2259903,28.0823202],[85.2260208,28.0823206],[85.2260203,28.0823476],[85.2261119,28.0823488],[85.2261115,28.0823759],[85.226142,28.0823763],[85.2261415,28.0824033],[85.226172,28.0824037],[85.2261707,28.0824849],[85.2261402,28.0824845],[85.226138,28.0826199],[85.2261685,28.0826203],[85.2261672,28.0827015],[85.2262282,28.0827023],[85.2262278,28.0827293],[85.2262888,28.0827301],[85.2262883,28.0827572],[85.2263799,28.0827584],[85.2263795,28.0827855],[85.2264054,28.0827858],[85.2264294,28.0828359],[85.2265487,28.0828836],[85.2266407,28.0829156],[85.2267527,28.0829517],[85.2268728,28.0829917],[85.2269048,28.0830637],[85.2269048,28.0831237],[85.2269048,28.0832277],[85.2269048,28.0833278],[85.2269128,28.0834038],[85.2269448,28.0834838],[85.2270328,28.0835478],[85.2270888,28.0835638],[85.2271528,28.0835638],[85.227254,28.0835526],[85.227308,28.0835313],[85.2274224,28.0834645],[85.2276227,28.0834932],[85.2277371,28.0836171],[85.2279564,28.0838174],[85.2281853,28.0839413],[85.2285095,28.0841797],[85.2286812,28.0843133],[85.2287938,28.0844963],[85.2288128,28.0845066],[85.2288715,28.0845417],[85.2289223,28.0845778],[85.228942,28.0845957],[85.2291133,28.0846921],[85.2292494,28.0848081],[85.229305,28.0849564],[85.2293049,28.0849621],[85.2292743,28.0849617],[85.229273,28.0850429],[85.2293035,28.0850433],[85.2293026,28.0850975],[85.2293332,28.0850979],[85.2293305,28.0852603],[85.229361,28.0852607],[85.2293592,28.0853689],[85.2293898,28.0853693],[85.2293884,28.0854505],[85.229419,28.0854509],[85.2294172,28.0855592],[85.2294477,28.0855596],[85.2294473,28.0855867],[85.2294778,28.0855871],[85.2294773,28.0856141],[85.2295079,28.0856145],[85.2295074,28.0856416],[85.22966,28.0856436],[85.2296596,28.0856706],[85.2296901,28.085671],[85.2296892,28.0857252],[85.2297197,28.0857256],[85.2297193,28.0857526],[85.2297498,28.085753],[85.2297494,28.0857801],[85.2298104,28.0857809],[85.22981,28.0858079],[85.229871,28.0858087],[85.2298706,28.0858358],[85.2299621,28.085837],[85.2299617,28.085864],[85.2299922,28.0858644],[85.2299918,28.0858915],[85.2300223,28.0858919],[85.2300218,28.085919],[85.2300524,28.0859194],[85.2300519,28.0859464],[85.2300824,28.0859468],[85.230082,28.0859739],[85.2301125,28.0859743],[85.230109,28.0861908],[85.2301395,28.0861912],[85.230139,28.0862183],[85.2301696,28.0862187],[85.2301691,28.0862458],[85.2301996,28.0862462],[85.2301992,28.0862732],[85.2302297,28.0862736],[85.2302288,28.0863278],[85.2302593,28.0863282],[85.2302589,28.0863552],[85.2302894,28.0863556],[85.230289,28.0863827],[85.2303195,28.0863831],[85.2303186,28.0864372],[85.2303491,28.0864376],[85.2303465,28.0866],[85.2303159,28.0865996],[85.2303155,28.0866267],[85.230285,28.0866263],[85.2302845,28.0866534],[85.2302235,28.0866526],[85.2302222,28.0867338],[85.2302527,28.0867342],[85.2302474,28.087059],[85.2302779,28.0870594],[85.230277,28.0871135],[85.2303075,28.0871139],[85.2303066,28.0871681],[85.2303371,28.0871685],[85.2303363,28.0872226],[85.2303668,28.087223],[85.2303663,28.0872501],[85.2304274,28.0872508],[85.2304269,28.0872779],[85.2304575,28.0872783],[85.230457,28.0873054],[85.2305181,28.0873062],[85.2305176,28.0873332],[85.2305481,28.0873336],[85.2305477,28.0873607],[85.2306087,28.0873615],[85.2306078,28.0874156],[85.2306384,28.087416],[85.2306379,28.0874431],[85.2306684,28.0874435],[85.230668,28.0874705],[85.230729,28.0874713],[85.2307282,28.0875255],[85.2307587,28.0875259],[85.2307578,28.08758],[85.2307883,28.0875804],[85.2307879,28.0876075],[85.2308184,28.0876079],[85.230818,28.0876349],[85.2308485,28.0876353],[85.2308476,28.0876895],[85.2308781,28.0876898],[85.2308772,28.087744],[85.2309688,28.0877452],[85.2309683,28.0877722],[85.2309989,28.0877726],[85.2309993,28.0877456],[85.2310604,28.0877463],[85.2310599,28.0877734],[85.2311035,28.087774],[85.2311373,28.0878286],[85.2311201,28.0878283],[85.2311196,28.0878554],[85.2311501,28.0878558],[85.2311493,28.0879099],[85.231179,28.0879103],[85.2311797,28.087912],[85.2311793,28.0879374],[85.2311943,28.0879376]],[[85.2709779,28.1038503],[85.2709783,28.1038232],[85.2709689,28.1038231],[85.2709709,28.1038502],[85.2709779,28.1038503]],[[85.3056607,28.1370708],[85.3056302,28.1370704],[85.3056306,28.1370433],[85.3054779,28.1370414],[85.3054771,28.1370956],[85.3055076,28.137096],[85.3055072,28.137123],[85.3055377,28.1371234],[85.3055373,28.1371505],[85.3055983,28.1371512],[85.3055979,28.1371783],[85.305659,28.1371791],[85.3056607,28.1370708]],[[85.3059932,28.1372915],[85.3059936,28.1372644],[85.3059326,28.1372637],[85.3059321,28.1372907],[85.3059932,28.1372915]],[[85.353198,28.2080994],[85.3531984,28.2080723],[85.3531373,28.2080716],[85.3531369,28.2080987],[85.353198,28.2080994]],[[85.1281765,27.8779126],[85.1282374,27.8779134],[85.1282383,27.8778593],[85.1282079,27.8778589],[85.1282074,27.877886],[85.1281769,27.8778856],[85.1281765,27.8779126]],[[85.1095972,27.8582404],[85.1096298,27.8582238],[85.1096551,27.8582043],[85.1096589,27.8582005],[85.109659,27.8581937],[85.1096285,27.8581933],[85.1096281,27.8582203],[85.1095976,27.8582199],[85.1095972,27.8582404]]]]}}]}
