{"type":"FeatureCollection","name":"cems_buildings","crs":{"type":"name","properties":{"name":"urn:ogc:def:crs:OGC:1.3:CRS84"}},"features":[{"type":"Feature","properties":{"grade":"Destroyed","aoi":"AOI01","matched_gba":false},"geometry":{"type":"Point","coordinates":[85.33151367,28.15607904]}},{"type":"Feature","properties":{"grade":"Destroyed","aoi":"AOI01","matched_gba":false},"geometry":{"type":"Point","coordinates":[85.33217269,28.15745398]}},{"type":"Feature","properties":{"grade":"Destroyed","aoi":"AOI01","matched_gba":false},"geometry":{"type":"Point","coordinates":[85.33503594,28.15986346]}},{"type":"Feature","properties":{"grade":"Destroyed","aoi":"AOI01","matched_gba":false},"geometry":{"type":"Point","coordinates":[85.3360598,28.15998361]}},{"type":"Feature","properties":{"grade":"Destroyed","aoi":"AOI01","matched_gba":false},"geometry":{"type":"Point","coordinates":[85.33624739,28.16025551]}},{"type":"Feature","properties":{"grade":"Destroyed","aoi":"AOI01","matched_gba":false},"geometry":{"type":"Point","coordinates":[85.33640758,28.16029767]}},{"type":"Feature","properties":{"grade":"Destroyed","aoi":"AOI01","matched_gba":false},"geometry":{"type":"Point","coordinates":[85.33593956,28.16034038]}},{"type":"Feature","properties":{"grade":"Destroyed","aoi":"AOI01","matched_gba":false},"geometry":{"type":"Point","coordinates":[85.33632207,28.16040116]}},{"type":"Feature","properties":{"grade":"Destroyed","aoi":"AOI01","matched_gba":false},"geometry":{"type":"Point","coordinates":[85.33610406,28.16041992]}},{"type":"Feature","properties":{"grade":"Destroyed","aoi":"AOI01","matched_gba":true},"geometry":{"type":"Point","coordinates":[85.33638067,28.16050966]}},{"type":"Feature","properties":{"grade":"Destroyed","aoi":"AOI01","matched_gba":false},"geometry":{"type":"Point","coordinates":[85.33663986,28.16038712]}},{"type":"Feature","properties":{"grade":"Destroyed","aoi":"AOI01","matched_gba":false},"geometry":{"type":"Point","coordinates":[85.33658185,28.16043164]}},{"type":"Feature","properties":{"grade":"Destroyed","aoi":"AOI01","matched_gba":false},"geometry":{"type":"Point","coordinates":[85.33682332,28.16052742]}},{"type":"Feature","properties":{"grade":"Destroyed","aoi":"AOI01","matched_gba":false},"geometry":{"type":"Point","coordinates":[85.33645677,28.16053909]}},{"type":"Feature","properties":{"grade":"Destroyed","aoi":"AOI01","matched_gba":false},"geometry":{"type":"Point","coordinates":[85.3364999,28.16057656]}},{"type":"Feature","properties":{"grade":"Destroyed","aoi":"AOI01","matched_gba":false},"geometry":{"type":"Point","coordinates":[85.33657762,28.16059473]}},{"type":"Feature","properties":{"grade":"Destroyed","aoi":"AOI01","matched_gba":false},"geometry":{"type":"Point","coordinates":[85.33667647,28.16061508]}},{"type":"Feature","properties":{"grade":"Destroyed","aoi":"AOI01","matched_gba":false},"geometry":{"type":"Point","coordinates":[85.33674609,28.16067629]}},{"type":"Feature","properties":{"grade":"Destroyed","aoi":"AOI01","matched_gba":true},"geometry":{"type":"Point","coordinates":[85.33653344,28.16080388]}},{"type":"Feature","properties":{"grade":"Destroyed","aoi":"AOI01","matched_gba":false},"geometry":{"type":"Point","coordinates":[85.33649213,28.16094715]}},{"type":"Feature","properties":{"grade":"Destroyed","aoi":"AOI01","matched_gba":false},"geometry":{"type":"Point","coordinates":[85.33584815,28.16055211]}},{"type":"Feature","properties":{"grade":"Destroyed","aoi":"AOI01","matched_gba":false},"geometry":{"type":"Point","coordinates":[85.33617644,28.16057962]}},{"type":"Feature","properties":{"grade":"Destroyed","aoi":"AOI01","matched_gba":false},"geometry":{"type":"Point","coordinates":[85.33573729,28.1606009]}},{"type":"Feature","properties":{"grade":"Destroyed","aoi":"AOI01","matched_gba":false},"geometry":{"type":"Point","coordinates":[85.33621175,28.16063816]}},{"type":"Feature","properties":{"grade":"Destroyed","aoi":"AOI01","matched_gba":true},"geometry":{"type":"Point","coordinates":[85.33582693,28.16069839]}},{"type":"Feature","properties":{"grade":"Destroyed","aoi":"AOI01","matched_gba":false},"geometry":{"type":"Point","coordinates":[85.33624007,28.1607053]}},{"type":"Feature","properties":{"grade":"Destroyed","aoi":"AOI01","matched_gba":true},"geometry":{"type":"Point","coordinates":[85.3361999,28.1607685]}},{"type":"Feature","properties":{"grade":"Destroyed","aoi":"AOI01","matched_gba":false},"geometry":{"type":"Point","coordinates":[85.33588387,28.16078031]}},{"type":"Feature","properties":{"grade":"Destroyed","aoi":"AOI01","matched_gba":true},"geometry":{"type":"Point","coordinates":[85.33623077,28.16082802]}},{"type":"Feature","properties":{"grade":"Destroyed","aoi":"AOI01","matched_gba":true},"geometry":{"type":"Point","coordinates":[85.3358851,28.16087882]}},{"type":"Feature","properties":{"grade":"Destroyed","aoi":"AOI01","matched_gba":false},"geometry":{"type":"Point","coordinates":[85.33596916,28.1609344]}},{"type":"Feature","properties":{"grade":"Destroyed","aoi":"AOI01","matched_gba":true},"geometry":{"type":"Point","coordinates":[85.33619574,28.16094151]}},{"type":"Feature","properties":{"grade":"Destroyed","aoi":"AOI01","matched_gba":false},"geometry":{"type":"Point","coordinates":[85.33599538,28.16101875]}},{"type":"Feature","properties":{"grade":"Destroyed","aoi":"AOI01","matched_gba":false},"geometry":{"type":"Point","coordinates":[85.33631405,28.16102974]}},{"type":"Feature","properties":{"grade":"Destroyed","aoi":"AOI01","matched_gba":true},"geometry":{"type":"Point","coordinates":[85.33624408,28.16105989]}},{"type":"Feature","properties":{"grade":"Destroyed","aoi":"AOI01","matched_gba":true},"geometry":{"type":"Point","coordinates":[85.33612903,28.16107467]}},{"type":"Feature","properties":{"grade":"Destroyed","aoi":"AOI01","matched_gba":true},"geometry":{"type":"Point","coordinates":[85.33599695,28.1611061]}},{"type":"Feature","properties":{"grade":"Destroyed","aoi":"AOI01","matched_gba":false},"geometry":{"type":"Point","coordinates":[85.33608009,28.16117699]}},{"type":"Feature","properties":{"grade":"Destroyed","aoi":"AOI01","matched_gba":false},"geometry":{"type":"Point","coordinates":[85.33629452,28.1612788]}},{"type":"Feature","properties":{"grade":"Destroyed","aoi":"AOI01","matched_gba":true},"geometry":{"type":"Point","coordinates":[85.33609057,28.16129096]}},{"type":"Feature","properties":{"grade":"Destroyed","aoi":"AOI01","matched_gba":true},"geometry":{"type":"Point","coordinates":[85.33656409,28.16102871]}},{"type":"Feature","properties":{"grade":"Destroyed","aoi":"AOI01","matched_gba":false},"geometry":{"type":"Point","coordinates":[85.33680983,28.16105622]}},{"type":"Feature","properties":{"grade":"Destroyed","aoi":"AOI01","matched_gba":false},"geometry":{"type":"Point","coordinates":[85.3366213,28.16115537]}},{"type":"Feature","properties":{"grade":"Destroyed","aoi":"AOI01","matched_gba":false},"geometry":{"type":"Point","coordinates":[85.33675182,28.16123293]}},{"type":"Feature","properties":{"grade":"Destroyed","aoi":"AOI01","matched_gba":false},"geometry":{"type":"Point","coordinates":[85.33678913,28.16138415]}},{"type":"Feature","properties":{"grade":"Destroyed","aoi":"AOI01","matched_gba":true},"geometry":{"type":"Point","coordinates":[85.33669521,28.16141726]}},{"type":"Feature","properties":{"grade":"Destroyed","aoi":"AOI01","matched_gba":true},"geometry":{"type":"Point","coordinates":[85.33670378,28.16151036]}},{"type":"Feature","properties":{"grade":"Destroyed","aoi":"AOI01","matched_gba":false},"geometry":{"type":"Point","coordinates":[85.33671365,28.16159262]}},{"type":"Feature","properties":{"grade":"Destroyed","aoi":"AOI01","matched_gba":false},"geometry":{"type":"Point","coordinates":[85.33679446,28.16163222]}},{"type":"Feature","properties":{"grade":"Destroyed","aoi":"AOI01","matched_gba":true},"geometry":{"type":"Point","coordinates":[85.33669095,28.1617364]}},{"type":"Feature","properties":{"grade":"Destroyed","aoi":"AOI01","matched_gba":false},"geometry":{"type":"Point","coordinates":[85.33623631,28.16132832]}},{"type":"Feature","properties":{"grade":"Destroyed","aoi":"AOI01","matched_gba":false},"geometry":{"type":"Point","coordinates":[85.33635118,28.16134085]}},{"type":"Feature","properties":{"grade":"Destroyed","aoi":"AOI01","matched_gba":true},"geometry":{"type":"Point","coordinates":[85.33616129,28.16142298]}},{"type":"Feature","properties":{"grade":"Destroyed","aoi":"AOI01","matched_gba":true},"geometry":{"type":"Point","coordinates":[85.33632307,28.16145884]}},{"type":"Feature","properties":{"grade":"Destroyed","aoi":"AOI01","matched_gba":false},"geometry":{"type":"Point","coordinates":[85.33623293,28.1615914]}},{"type":"Feature","properties":{"grade":"Destroyed","aoi":"AOI01","matched_gba":true},"geometry":{"type":"Point","coordinates":[85.33641817,28.16161635]}},{"type":"Feature","properties":{"grade":"Destroyed","aoi":"AOI01","matched_gba":false},"geometry":{"type":"Point","coordinates":[85.33630043,28.16168789]}},{"type":"Feature","properties":{"grade":"Destroyed","aoi":"AOI01","matched_gba":true},"geometry":{"type":"Point","coordinates":[85.33582442,28.16168945]}},{"type":"Feature","properties":{"grade":"Destroyed","aoi":"AOI01","matched_gba":false},"geometry":{"type":"Point","coordinates":[85.33613055,28.16184473]}},{"type":"Feature","properties":{"grade":"Destroyed","aoi":"AOI01","matched_gba":true},"geometry":{"type":"Point","coordinates":[85.33622557,28.16185638]}},{"type":"Feature","properties":{"grade":"Destroyed","aoi":"AOI01","matched_gba":false},"geometry":{"type":"Point","coordinates":[85.33710256,28.16091457]}},{"type":"Feature","properties":{"grade":"Destroyed","aoi":"AOI01","matched_gba":false},"geometry":{"type":"Point","coordinates":[85.33696631,28.16125991]}},{"type":"Feature","properties":{"grade":"Destroyed","aoi":"AOI01","matched_gba":true},"geometry":{"type":"Point","coordinates":[85.3368322,28.16126879]}},{"type":"Feature","properties":{"grade":"Destroyed","aoi":"AOI01","matched_gba":false},"geometry":{"type":"Point","coordinates":[85.33693916,28.16228789]}},{"type":"Feature","properties":{"grade":"Destroyed","aoi":"AOI01","matched_gba":false},"geometry":{"type":"Point","coordinates":[85.33687972,28.16237391]}},{"type":"Feature","properties":{"grade":"Destroyed","aoi":"AOI01","matched_gba":false},"geometry":{"type":"Point","coordinates":[85.33694894,28.16244658]}},{"type":"Feature","properties":{"grade":"Destroyed","aoi":"AOI01","matched_gba":false},"geometry":{"type":"Point","coordinates":[85.33693055,28.162548]}},{"type":"Feature","properties":{"grade":"Destroyed","aoi":"AOI01","matched_gba":false},"geometry":{"type":"Point","coordinates":[85.336957,28.16261744]}},{"type":"Feature","properties":{"grade":"Destroyed","aoi":"AOI01","matched_gba":true},"geometry":{"type":"Point","coordinates":[85.3369052,28.16270325]}},{"type":"Feature","properties":{"grade":"Destroyed","aoi":"AOI01","matched_gba":false},"geometry":{"type":"Point","coordinates":[85.3369969,28.1627359]}},{"type":"Feature","properties":{"grade":"Destroyed","aoi":"AOI01","matched_gba":false},"geometry":{"type":"Point","coordinates":[85.33646536,28.16177663]}},{"type":"Feature","properties":{"grade":"Destroyed","aoi":"AOI01","matched_gba":false},"geometry":{"type":"Point","coordinates":[85.33673171,28.16182163]}},{"type":"Feature","properties":{"grade":"Destroyed","aoi":"AOI01","matched_gba":true},"geometry":{"type":"Point","coordinates":[85.33670985,28.16190445]}},{"type":"Feature","properties":{"grade":"Destroyed","aoi":"AOI01","matched_gba":false},"geometry":{"type":"Point","coordinates":[85.33650281,28.16192616]}},{"type":"Feature","properties":{"grade":"Destroyed","aoi":"AOI01","matched_gba":false},"geometry":{"type":"Point","coordinates":[85.33654828,28.16195246]}},{"type":"Feature","properties":{"grade":"Destroyed","aoi":"AOI01","matched_gba":true},"geometry":{"type":"Point","coordinates":[85.3365024,28.16200467]}},{"type":"Feature","properties":{"grade":"Destroyed","aoi":"AOI01","matched_gba":true},"geometry":{"type":"Point","coordinates":[85.33670722,28.16200929]}},{"type":"Feature","properties":{"grade":"Destroyed","aoi":"AOI01","matched_gba":true},"geometry":{"type":"Point","coordinates":[85.33671394,28.16209423]}},{"type":"Feature","properties":{"grade":"Destroyed","aoi":"AOI01","matched_gba":false},"geometry":{"type":"Point","coordinates":[85.33659952,28.16229732]}},{"type":"Feature","properties":{"grade":"Destroyed","aoi":"AOI01","matched_gba":false},"geometry":{"type":"Point","coordinates":[85.33675215,28.16231679]}},{"type":"Feature","properties":{"grade":"Destroyed","aoi":"AOI01","matched_gba":true},"geometry":{"type":"Point","coordinates":[85.33644659,28.16190244]}},{"type":"Feature","properties":{"grade":"Destroyed","aoi":"AOI01","matched_gba":false},"geometry":{"type":"Point","coordinates":[85.33634258,28.16190388]}},{"type":"Feature","properties":{"grade":"Possibly damaged","aoi":"AOI01","matched_gba":true},"geometry":{"type":"Point","coordinates":[85.33580416,28.16206961]}},{"type":"Feature","properties":{"grade":"Damaged","aoi":"AOI01","matched_gba":true},"geometry":{"type":"Point","coordinates":[85.33609319,28.1621437]}},{"type":"Feature","properties":{"grade":"Damaged","aoi":"AOI01","matched_gba":true},"geometry":{"type":"Point","coordinates":[85.33602149,28.1621475]}},{"type":"Feature","properties":{"grade":"Damaged","aoi":"AOI01","matched_gba":false},"geometry":{"type":"Point","coordinates":[85.33613446,28.16221533]}},{"type":"Feature","properties":{"grade":"Possibly damaged","aoi":"AOI01","matched_gba":false},"geometry":{"type":"Point","coordinates":[85.33599436,28.16236017]}},{"type":"Feature","properties":{"grade":"Possibly damaged","aoi":"AOI01","matched_gba":false},"geometry":{"type":"Point","coordinates":[85.33616447,28.16252645]}},{"type":"Feature","properties":{"grade":"Possibly damaged","aoi":"AOI01","matched_gba":true},"geometry":{"type":"Point","coordinates":[85.33591246,28.1625812]}},{"type":"Feature","properties":{"grade":"Possibly damaged","aoi":"AOI01","matched_gba":false},"geometry":{"type":"Point","coordinates":[85.33607727,28.16274891]}},{"type":"Feature","properties":{"grade":"Destroyed","aoi":"AOI01","matched_gba":true},"geometry":{"type":"Point","coordinates":[85.33675905,28.16241971]}},{"type":"Feature","properties":{"grade":"Destroyed","aoi":"AOI01","matched_gba":false},"geometry":{"type":"Point","coordinates":[85.33660662,28.16243158]}},{"type":"Feature","properties":{"grade":"Destroyed","aoi":"AOI01","matched_gba":false},"geometry":{"type":"Point","coordinates":[85.33667251,28.16252182]}},{"type":"Feature","properties":{"grade":"Destroyed","aoi":"AOI01","matched_gba":false},"geometry":{"type":"Point","coordinates":[85.3367353,28.16262362]}},{"type":"Feature","properties":{"grade":"Destroyed","aoi":"AOI01","matched_gba":true},"geometry":{"type":"Point","coordinates":[85.336767,28.16272401]}},{"type":"Feature","properties":{"grade":"Destroyed","aoi":"AOI01","matched_gba":true},"geometry":{"type":"Point","coordinates":[85.33679552,28.16280859]}},{"type":"Feature","properties":{"grade":"Damaged","aoi":"AOI01","matched_gba":true},"geometry":{"type":"Point","coordinates":[85.33651375,28.16283492]}},{"type":"Feature","properties":{"grade":"Destroyed","aoi":"AOI01","matched_gba":true},"geometry":{"type":"Point","coordinates":[85.33673185,28.1628579]}},{"type":"Feature","properties":{"grade":"Destroyed","aoi":"AOI01","matched_gba":false},"geometry":{"type":"Point","coordinates":[85.33680765,28.16298019]}},{"type":"Feature","properties":{"grade":"Destroyed","aoi":"AOI01","matched_gba":true},"geometry":{"type":"Point","coordinates":[85.33678593,28.16311886]}},{"type":"Feature","properties":{"grade":"Destroyed","aoi":"AOI01","matched_gba":false},"geometry":{"type":"Point","coordinates":[85.33857833,28.16179597]}},{"type":"Feature","properties":{"grade":"Destroyed","aoi":"AOI01","matched_gba":false},"geometry":{"type":"Point","coordinates":[85.33861307,28.16186775]}},{"type":"Feature","properties":{"grade":"Destroyed","aoi":"AOI01","matched_gba":false},"geometry":{"type":"Point","coordinates":[85.33849791,28.16192692]}},{"type":"Feature","properties":{"grade":"Destroyed","aoi":"AOI01","matched_gba":false},"geometry":{"type":"Point","coordinates":[85.33877591,28.16200543]}},{"type":"Feature","properties":{"grade":"Destroyed","aoi":"AOI01","matched_gba":false},"geometry":{"type":"Point","coordinates":[85.33872032,28.16227411]}},{"type":"Feature","properties":{"grade":"Destroyed","aoi":"AOI01","matched_gba":false},"geometry":{"type":"Point","coordinates":[85.338574,28.16230616]}},{"type":"Feature","properties":{"grade":"Destroyed","aoi":"AOI01","matched_gba":true},"geometry":{"type":"Point","coordinates":[85.33866922,28.1623299]}},{"type":"Feature","properties":{"grade":"Destroyed","aoi":"AOI01","matched_gba":false},"geometry":{"type":"Point","coordinates":[85.33874305,28.1624113]}},{"type":"Feature","properties":{"grade":"Destroyed","aoi":"AOI01","matched_gba":false},"geometry":{"type":"Point","coordinates":[85.33868565,28.16242808]}},{"type":"Feature","properties":{"grade":"Destroyed","aoi":"AOI01","matched_gba":false},"geometry":{"type":"Point","coordinates":[85.33954599,28.16267791]}},{"type":"Feature","properties":{"grade":"Destroyed","aoi":"AOI01","matched_gba":false},"geometry":{"type":"Point","coordinates":[85.33956719,28.16278277]}},{"type":"Feature","properties":{"grade":"Destroyed","aoi":"AOI01","matched_gba":false},"geometry":{"type":"Point","coordinates":[85.33984038,28.16296206]}},{"type":"Feature","properties":{"grade":"Destroyed","aoi":"AOI01","matched_gba":false},"geometry":{"type":"Point","coordinates":[85.33768612,28.16313525]}},{"type":"Feature","properties":{"grade":"Destroyed","aoi":"AOI01","matched_gba":true},"geometry":{"type":"Point","coordinates":[85.33769789,28.16325495]}},{"type":"Feature","properties":{"grade":"Destroyed","aoi":"AOI01","matched_gba":false},"geometry":{"type":"Point","coordinates":[85.33791672,28.16329277]}},{"type":"Feature","properties":{"grade":"Destroyed","aoi":"AOI01","matched_gba":true},"geometry":{"type":"Point","coordinates":[85.337797,28.16333068]}},{"type":"Feature","properties":{"grade":"Destroyed","aoi":"AOI01","matched_gba":false},"geometry":{"type":"Point","coordinates":[85.33804824,28.16335168]}},{"type":"Feature","properties":{"grade":"Destroyed","aoi":"AOI01","matched_gba":false},"geometry":{"type":"Point","coordinates":[85.33836959,28.16343993]}},{"type":"Feature","properties":{"grade":"Destroyed","aoi":"AOI01","matched_gba":true},"geometry":{"type":"Point","coordinates":[85.33814283,28.16344227]}},{"type":"Feature","properties":{"grade":"Destroyed","aoi":"AOI01","matched_gba":false},"geometry":{"type":"Point","coordinates":[85.33770106,28.16350766]}},{"type":"Feature","properties":{"grade":"Destroyed","aoi":"AOI01","matched_gba":true},"geometry":{"type":"Point","coordinates":[85.33732887,28.16310262]}},{"type":"Feature","properties":{"grade":"Destroyed","aoi":"AOI01","matched_gba":false},"geometry":{"type":"Point","coordinates":[85.33752617,28.16313043]}},{"type":"Feature","properties":{"grade":"Destroyed","aoi":"AOI01","matched_gba":false},"geometry":{"type":"Point","coordinates":[85.33741554,28.16313356]}},{"type":"Feature","properties":{"grade":"Destroyed","aoi":"AOI01","matched_gba":false},"geometry":{"type":"Point","coordinates":[85.33723469,28.16325236]}},{"type":"Feature","properties":{"grade":"Destroyed","aoi":"AOI01","matched_gba":false},"geometry":{"type":"Point","coordinates":[85.33742446,28.16339121]}},{"type":"Feature","properties":{"grade":"Destroyed","aoi":"AOI01","matched_gba":false},"geometry":{"type":"Point","coordinates":[85.33747234,28.16341008]}},{"type":"Feature","properties":{"grade":"Destroyed","aoi":"AOI01","matched_gba":false},"geometry":{"type":"Point","coordinates":[85.3375258,28.16341446]}},{"type":"Feature","properties":{"grade":"Destroyed","aoi":"AOI01","matched_gba":false},"geometry":{"type":"Point","coordinates":[85.33758477,28.16342954]}},{"type":"Feature","properties":{"grade":"Destroyed","aoi":"AOI01","matched_gba":true},"geometry":{"type":"Point","coordinates":[85.3374327,28.1634443]}},{"type":"Feature","properties":{"grade":"Destroyed","aoi":"AOI01","matched_gba":false},"geometry":{"type":"Point","coordinates":[85.33763425,28.1634579]}},{"type":"Feature","properties":{"grade":"Destroyed","aoi":"AOI01","matched_gba":true},"geometry":{"type":"Point","coordinates":[85.33809271,28.16354196]}},{"type":"Feature","properties":{"grade":"Destroyed","aoi":"AOI01","matched_gba":false},"geometry":{"type":"Point","coordinates":[85.33821787,28.16355703]}},{"type":"Feature","properties":{"grade":"Destroyed","aoi":"AOI01","matched_gba":false},"geometry":{"type":"Point","coordinates":[85.33777521,28.16357396]}},{"type":"Feature","properties":{"grade":"Destroyed","aoi":"AOI01","matched_gba":true},"geometry":{"type":"Point","coordinates":[85.33768486,28.16361087]}},{"type":"Feature","properties":{"grade":"Destroyed","aoi":"AOI01","matched_gba":true},"geometry":{"type":"Point","coordinates":[85.33832697,28.16362205]}},{"type":"Feature","properties":{"grade":"Destroyed","aoi":"AOI01","matched_gba":false},"geometry":{"type":"Point","coordinates":[85.33845791,28.16364353]}},{"type":"Feature","properties":{"grade":"Destroyed","aoi":"AOI01","matched_gba":true},"geometry":{"type":"Point","coordinates":[85.33783261,28.16366847]}},{"type":"Feature","properties":{"grade":"Destroyed","aoi":"AOI01","matched_gba":true},"geometry":{"type":"Point","coordinates":[85.33767195,28.16368893]}},{"type":"Feature","properties":{"grade":"Destroyed","aoi":"AOI01","matched_gba":true},"geometry":{"type":"Point","coordinates":[85.33790757,28.16369189]}},{"type":"Feature","properties":{"grade":"Destroyed","aoi":"AOI01","matched_gba":true},"geometry":{"type":"Point","coordinates":[85.33798268,28.16373442]}},{"type":"Feature","properties":{"grade":"Destroyed","aoi":"AOI01","matched_gba":true},"geometry":{"type":"Point","coordinates":[85.33687115,28.1635772]}},{"type":"Feature","properties":{"grade":"Destroyed","aoi":"AOI01","matched_gba":true},"geometry":{"type":"Point","coordinates":[85.33751452,28.16359584]}},{"type":"Feature","properties":{"grade":"Destroyed","aoi":"AOI01","matched_gba":false},"geometry":{"type":"Point","coordinates":[85.33759333,28.16359654]}},{"type":"Feature","properties":{"grade":"Destroyed","aoi":"AOI01","matched_gba":true},"geometry":{"type":"Point","coordinates":[85.33760773,28.1636397]}},{"type":"Feature","properties":{"grade":"Destroyed","aoi":"AOI01","matched_gba":false},"geometry":{"type":"Point","coordinates":[85.33755409,28.16368653]}},{"type":"Feature","properties":{"grade":"Destroyed","aoi":"AOI01","matched_gba":true},"geometry":{"type":"Point","coordinates":[85.33685826,28.16370877]}},{"type":"Feature","properties":{"grade":"Destroyed","aoi":"AOI01","matched_gba":true},"geometry":{"type":"Point","coordinates":[85.33709261,28.16376339]}},{"type":"Feature","properties":{"grade":"Destroyed","aoi":"AOI01","matched_gba":false},"geometry":{"type":"Point","coordinates":[85.33694203,28.16376901]}},{"type":"Feature","properties":{"grade":"Destroyed","aoi":"AOI01","matched_gba":true},"geometry":{"type":"Point","coordinates":[85.33690607,28.16382504]}},{"type":"Feature","properties":{"grade":"Destroyed","aoi":"AOI01","matched_gba":false},"geometry":{"type":"Point","coordinates":[85.33714098,28.16383872]}},{"type":"Feature","properties":{"grade":"Destroyed","aoi":"AOI01","matched_gba":false},"geometry":{"type":"Point","coordinates":[85.33867455,28.16374038]}},{"type":"Feature","properties":{"grade":"Destroyed","aoi":"AOI01","matched_gba":true},"geometry":{"type":"Point","coordinates":[85.33773029,28.16378828]}},{"type":"Feature","properties":{"grade":"Destroyed","aoi":"AOI01","matched_gba":false},"geometry":{"type":"Point","coordinates":[85.33810081,28.16380904]}},{"type":"Feature","properties":{"grade":"Destroyed","aoi":"AOI01","matched_gba":false},"geometry":{"type":"Point","coordinates":[85.3377792,28.16382858]}},{"type":"Feature","properties":{"grade":"Destroyed","aoi":"AOI01","matched_gba":false},"geometry":{"type":"Point","coordinates":[85.33816602,28.16384507]}},{"type":"Feature","properties":{"grade":"Destroyed","aoi":"AOI01","matched_gba":true},"geometry":{"type":"Point","coordinates":[85.33783817,28.16387822]}},{"type":"Feature","properties":{"grade":"Destroyed","aoi":"AOI01","matched_gba":true},"geometry":{"type":"Point","coordinates":[85.33821415,28.16389211]}},{"type":"Feature","properties":{"grade":"Destroyed","aoi":"AOI01","matched_gba":false},"geometry":{"type":"Point","coordinates":[85.33797202,28.16391684]}},{"type":"Feature","properties":{"grade":"Destroyed","aoi":"AOI01","matched_gba":true},"geometry":{"type":"Point","coordinates":[85.3388389,28.163961]}},{"type":"Feature","properties":{"grade":"Destroyed","aoi":"AOI01","matched_gba":true},"geometry":{"type":"Point","coordinates":[85.33819754,28.16400569]}},{"type":"Feature","properties":{"grade":"Destroyed","aoi":"AOI01","matched_gba":false},"geometry":{"type":"Point","coordinates":[85.33996681,28.16295741]}},{"type":"Feature","properties":{"grade":"Destroyed","aoi":"AOI01","matched_gba":false},"geometry":{"type":"Point","coordinates":[85.34004528,28.16303889]}},{"type":"Feature","properties":{"grade":"Destroyed","aoi":"AOI01","matched_gba":false},"geometry":{"type":"Point","coordinates":[85.33999899,28.16306765]}},{"type":"Feature","properties":{"grade":"Destroyed","aoi":"AOI01","matched_gba":false},"geometry":{"type":"Point","coordinates":[85.34013446,28.16329704]}},{"type":"Feature","properties":{"grade":"Destroyed","aoi":"AOI01","matched_gba":false},"geometry":{"type":"Point","coordinates":[85.34077028,28.16375882]}},{"type":"Feature","properties":{"grade":"Destroyed","aoi":"AOI01","matched_gba":false},"geometry":{"type":"Point","coordinates":[85.34130052,28.16390555]}},{"type":"Feature","properties":{"grade":"Destroyed","aoi":"AOI01","matched_gba":false},"geometry":{"type":"Point","coordinates":[85.34099078,28.16485519]}},{"type":"Feature","properties":{"grade":"Destroyed","aoi":"AOI01","matched_gba":false},"geometry":{"type":"Point","coordinates":[85.34114658,28.16487226]}},{"type":"Feature","properties":{"grade":"Destroyed","aoi":"AOI01","matched_gba":false},"geometry":{"type":"Point","coordinates":[85.34132373,28.1648936]}},{"type":"Feature","properties":{"grade":"Destroyed","aoi":"AOI01","matched_gba":false},"geometry":{"type":"Point","coordinates":[85.34146673,28.16499818]}},{"type":"Feature","properties":{"grade":"Destroyed","aoi":"AOI01","matched_gba":false},"geometry":{"type":"Point","coordinates":[85.33771832,28.16401853]}},{"type":"Feature","properties":{"grade":"Destroyed","aoi":"AOI01","matched_gba":false},"geometry":{"type":"Point","coordinates":[85.33837625,28.16402106]}},{"type":"Feature","properties":{"grade":"Destroyed","aoi":"AOI01","matched_gba":true},"geometry":{"type":"Point","coordinates":[85.3379134,28.16406156]}},{"type":"Feature","properties":{"grade":"Destroyed","aoi":"AOI01","matched_gba":true},"geometry":{"type":"Point","coordinates":[85.3384806,28.16408695]}},{"type":"Feature","properties":{"grade":"Destroyed","aoi":"AOI01","matched_gba":false},"geometry":{"type":"Point","coordinates":[85.33921623,28.16419235]}},{"type":"Feature","properties":{"grade":"Destroyed","aoi":"AOI01","matched_gba":false},"geometry":{"type":"Point","coordinates":[85.33938219,28.16422782]}},{"type":"Feature","properties":{"grade":"Destroyed","aoi":"AOI01","matched_gba":false},"geometry":{"type":"Point","coordinates":[85.33790494,28.16431218]}},{"type":"Feature","properties":{"grade":"Destroyed","aoi":"AOI01","matched_gba":false},"geometry":{"type":"Point","coordinates":[85.3391058,28.16434489]}},{"type":"Feature","properties":{"grade":"Destroyed","aoi":"AOI01","matched_gba":false},"geometry":{"type":"Point","coordinates":[85.33940472,28.16435362]}},{"type":"Feature","properties":{"grade":"Destroyed","aoi":"AOI01","matched_gba":false},"geometry":{"type":"Point","coordinates":[85.33945733,28.16445187]}},{"type":"Feature","properties":{"grade":"Possibly damaged","aoi":"AOI01","matched_gba":false},"geometry":{"type":"Point","coordinates":[85.33705771,28.16442361]}},{"type":"Feature","properties":{"grade":"Damaged","aoi":"AOI01","matched_gba":true},"geometry":{"type":"Point","coordinates":[85.3371512,28.16447345]}},{"type":"Feature","properties":{"grade":"Possibly damaged","aoi":"AOI01","matched_gba":true},"geometry":{"type":"Point","coordinates":[85.33696869,28.16447499]}},{"type":"Feature","properties":{"grade":"Damaged","aoi":"AOI01","matched_gba":false},"geometry":{"type":"Point","coordinates":[85.33752429,28.16447753]}},{"type":"Feature","properties":{"grade":"Destroyed","aoi":"AOI01","matched_gba":false},"geometry":{"type":"Point","coordinates":[85.33762061,28.16449847]}},{"type":"Feature","properties":{"grade":"Damaged","aoi":"AOI01","matched_gba":true},"geometry":{"type":"Point","coordinates":[85.33718862,28.16454455]}},{"type":"Feature","properties":{"grade":"Possibly damaged","aoi":"AOI01","matched_gba":false},"geometry":{"type":"Point","coordinates":[85.33690133,28.16456329]}},{"type":"Feature","properties":{"grade":"Possibly damaged","aoi":"AOI01","matched_gba":true},"geometry":{"type":"Point","coordinates":[85.33706829,28.16457801]}},{"type":"Feature","properties":{"grade":"Possibly damaged","aoi":"AOI01","matched_gba":true},"geometry":{"type":"Point","coordinates":[85.33726388,28.16459055]}},{"type":"Feature","properties":{"grade":"Possibly damaged","aoi":"AOI01","matched_gba":false},"geometry":{"type":"Point","coordinates":[85.33745936,28.16469273]}},{"type":"Feature","properties":{"grade":"Possibly damaged","aoi":"AOI01","matched_gba":true},"geometry":{"type":"Point","coordinates":[85.33738343,28.16470774]}},{"type":"Feature","properties":{"grade":"Possibly damaged","aoi":"AOI01","matched_gba":false},"geometry":{"type":"Point","coordinates":[85.33726869,28.16472505]}},{"type":"Feature","properties":{"grade":"Possibly damaged","aoi":"AOI01","matched_gba":false},"geometry":{"type":"Point","coordinates":[85.33640179,28.16278643]}},{"type":"Feature","properties":{"grade":"Possibly damaged","aoi":"AOI01","matched_gba":true},"geometry":{"type":"Point","coordinates":[85.33609913,28.16281734]}},{"type":"Feature","properties":{"grade":"Possibly damaged","aoi":"AOI01","matched_gba":true},"geometry":{"type":"Point","coordinates":[85.33624632,28.16289985]}},{"type":"Feature","properties":{"grade":"Possibly damaged","aoi":"AOI01","matched_gba":true},"geometry":{"type":"Point","coordinates":[85.336288,28.16303056]}},{"type":"Feature","properties":{"grade":"Possibly damaged","aoi":"AOI01","matched_gba":false},"geometry":{"type":"Point","coordinates":[85.33640973,28.16306115]}},{"type":"Feature","properties":{"grade":"Possibly damaged","aoi":"AOI01","matched_gba":true},"geometry":{"type":"Point","coordinates":[85.33634488,28.16306624]}},{"type":"Feature","properties":{"grade":"Possibly damaged","aoi":"AOI01","matched_gba":true},"geometry":{"type":"Point","coordinates":[85.33639962,28.1632153]}},{"type":"Feature","properties":{"grade":"Possibly damaged","aoi":"AOI01","matched_gba":false},"geometry":{"type":"Point","coordinates":[85.33634013,28.16333498]}},{"type":"Feature","properties":{"grade":"Possibly damaged","aoi":"AOI01","matched_gba":true},"geometry":{"type":"Point","coordinates":[85.33633504,28.16339588]}},{"type":"Feature","properties":{"grade":"Possibly damaged","aoi":"AOI01","matched_gba":true},"geometry":{"type":"Point","coordinates":[85.33636665,28.1635111]}},{"type":"Feature","properties":{"grade":"Possibly damaged","aoi":"AOI01","matched_gba":true},"geometry":{"type":"Point","coordinates":[85.33646997,28.16327602]}},{"type":"Feature","properties":{"grade":"Possibly damaged","aoi":"AOI01","matched_gba":false},"geometry":{"type":"Point","coordinates":[85.33655836,28.16344534]}},{"type":"Feature","properties":{"grade":"Destroyed","aoi":"AOI01","matched_gba":false},"geometry":{"type":"Point","coordinates":[85.33666895,28.16349464]}},{"type":"Feature","properties":{"grade":"Possibly damaged","aoi":"AOI01","matched_gba":true},"geometry":{"type":"Point","coordinates":[85.33654186,28.16354372]}},{"type":"Feature","properties":{"grade":"Possibly damaged","aoi":"AOI01","matched_gba":false},"geometry":{"type":"Point","coordinates":[85.33656194,28.16359644]}},{"type":"Feature","properties":{"grade":"Destroyed","aoi":"AOI01","matched_gba":true},"geometry":{"type":"Point","coordinates":[85.3366732,28.16369515]}},{"type":"Feature","properties":{"grade":"Possibly damaged","aoi":"AOI01","matched_gba":true},"geometry":{"type":"Point","coordinates":[85.33655352,28.16372045]}},{"type":"Feature","properties":{"grade":"Destroyed","aoi":"AOI01","matched_gba":false},"geometry":{"type":"Point","coordinates":[85.33680952,28.16381478]}},{"type":"Feature","properties":{"grade":"Possibly damaged","aoi":"AOI01","matched_gba":true},"geometry":{"type":"Point","coordinates":[85.33654795,28.16382955]}},{"type":"Feature","properties":{"grade":"Possibly damaged","aoi":"AOI01","matched_gba":false},"geometry":{"type":"Point","coordinates":[85.33678248,28.16387905]}},{"type":"Feature","properties":{"grade":"Possibly damaged","aoi":"AOI01","matched_gba":true},"geometry":{"type":"Point","coordinates":[85.33634705,28.1636074]}},{"type":"Feature","properties":{"grade":"Possibly damaged","aoi":"AOI01","matched_gba":true},"geometry":{"type":"Point","coordinates":[85.3363697,28.16394187]}},{"type":"Feature","properties":{"grade":"Destroyed","aoi":"AOI01","matched_gba":false},"geometry":{"type":"Point","coordinates":[85.33753099,28.16386989]}},{"type":"Feature","properties":{"grade":"Destroyed","aoi":"AOI01","matched_gba":false},"geometry":{"type":"Point","coordinates":[85.33688078,28.16388353]}},{"type":"Feature","properties":{"grade":"Destroyed","aoi":"AOI01","matched_gba":false},"geometry":{"type":"Point","coordinates":[85.33695508,28.16389618]}},{"type":"Feature","properties":{"grade":"Destroyed","aoi":"AOI01","matched_gba":false},"geometry":{"type":"Point","coordinates":[85.3375503,28.16393145]}},{"type":"Feature","properties":{"grade":"Damaged","aoi":"AOI01","matched_gba":true},"geometry":{"type":"Point","coordinates":[85.33693806,28.16401152]}},{"type":"Feature","properties":{"grade":"Damaged","aoi":"AOI01","matched_gba":true},"geometry":{"type":"Point","coordinates":[85.33697742,28.16407374]}},{"type":"Feature","properties":{"grade":"Damaged","aoi":"AOI01","matched_gba":false},"geometry":{"type":"Point","coordinates":[85.33682527,28.16407729]}},{"type":"Feature","properties":{"grade":"Damaged","aoi":"AOI01","matched_gba":true},"geometry":{"type":"Point","coordinates":[85.33700154,28.16412962]}},{"type":"Feature","properties":{"grade":"Possibly damaged","aoi":"AOI01","matched_gba":true},"geometry":{"type":"Point","coordinates":[85.33685665,28.16417365]}},{"type":"Feature","properties":{"grade":"Damaged","aoi":"AOI01","matched_gba":true},"geometry":{"type":"Point","coordinates":[85.33703532,28.16417839]}},{"type":"Feature","properties":{"grade":"Possibly damaged","aoi":"AOI01","matched_gba":true},"geometry":{"type":"Point","coordinates":[85.3365699,28.16388815]}},{"type":"Feature","properties":{"grade":"Possibly damaged","aoi":"AOI01","matched_gba":true},"geometry":{"type":"Point","coordinates":[85.33664797,28.16393509]}},{"type":"Feature","properties":{"grade":"Possibly damaged","aoi":"AOI01","matched_gba":true},"geometry":{"type":"Point","coordinates":[85.33654995,28.16396695]}},{"type":"Feature","properties":{"grade":"Possibly damaged","aoi":"AOI01","matched_gba":true},"geometry":{"type":"Point","coordinates":[85.33677693,28.16396894]}},{"type":"Feature","properties":{"grade":"Possibly damaged","aoi":"AOI01","matched_gba":true},"geometry":{"type":"Point","coordinates":[85.33659935,28.1639811]}},{"type":"Feature","properties":{"grade":"Possibly damaged","aoi":"AOI01","matched_gba":false},"geometry":{"type":"Point","coordinates":[85.33661153,28.16403341]}},{"type":"Feature","properties":{"grade":"Possibly damaged","aoi":"AOI01","matched_gba":true},"geometry":{"type":"Point","coordinates":[85.33644988,28.1640624]}},{"type":"Feature","properties":{"grade":"Possibly damaged","aoi":"AOI01","matched_gba":true},"geometry":{"type":"Point","coordinates":[85.33650972,28.16410837]}},{"type":"Feature","properties":{"grade":"Possibly damaged","aoi":"AOI01","matched_gba":false},"geometry":{"type":"Point","coordinates":[85.33657093,28.16416966]}},{"type":"Feature","properties":{"grade":"Possibly damaged","aoi":"AOI01","matched_gba":true},"geometry":{"type":"Point","coordinates":[85.33650562,28.16419109]}},{"type":"Feature","properties":{"grade":"Possibly damaged","aoi":"AOI01","matched_gba":true},"geometry":{"type":"Point","coordinates":[85.33667695,28.16424445]}},{"type":"Feature","properties":{"grade":"Possibly damaged","aoi":"AOI01","matched_gba":true},"geometry":{"type":"Point","coordinates":[85.3366882,28.16433925]}},{"type":"Feature","properties":{"grade":"Damaged","aoi":"AOI01","matched_gba":false},"geometry":{"type":"Point","coordinates":[85.33725365,28.1641872]}},{"type":"Feature","properties":{"grade":"Destroyed","aoi":"AOI01","matched_gba":true},"geometry":{"type":"Point","coordinates":[85.33735977,28.16423448]}},{"type":"Feature","properties":{"grade":"Damaged","aoi":"AOI01","matched_gba":false},"geometry":{"type":"Point","coordinates":[85.33726174,28.16426425]}},{"type":"Feature","properties":{"grade":"Possibly damaged","aoi":"AOI01","matched_gba":true},"geometry":{"type":"Point","coordinates":[85.33695012,28.16427623]}},{"type":"Feature","properties":{"grade":"Damaged","aoi":"AOI01","matched_gba":true},"geometry":{"type":"Point","coordinates":[85.33730335,28.16432522]}},{"type":"Feature","properties":{"grade":"Possibly damaged","aoi":"AOI01","matched_gba":false},"geometry":{"type":"Point","coordinates":[85.3369864,28.1643254]}},{"type":"Feature","properties":{"grade":"Damaged","aoi":"AOI01","matched_gba":false},"geometry":{"type":"Point","coordinates":[85.33735384,28.16439262]}},{"type":"Feature","properties":{"grade":"Damaged","aoi":"AOI01","matched_gba":true},"geometry":{"type":"Point","coordinates":[85.33714405,28.16439613]}},{"type":"Feature","properties":{"grade":"Possibly damaged","aoi":"AOI01","matched_gba":true},"geometry":{"type":"Point","coordinates":[85.33685377,28.164399]}},{"type":"Feature","properties":{"grade":"Damaged","aoi":"AOI01","matched_gba":true},"geometry":{"type":"Point","coordinates":[85.33745923,28.16440589]}},{"type":"Feature","properties":{"grade":"Destroyed","aoi":"AOI01","matched_gba":false},"geometry":{"type":"Point","coordinates":[85.34317835,28.16292522]}},{"type":"Feature","properties":{"grade":"Destroyed","aoi":"AOI01","matched_gba":false},"geometry":{"type":"Point","coordinates":[85.34312016,28.16296171]}},{"type":"Feature","properties":{"grade":"Destroyed","aoi":"AOI01","matched_gba":true},"geometry":{"type":"Point","coordinates":[85.34372991,28.16382121]}},{"type":"Feature","properties":{"grade":"Destroyed","aoi":"AOI01","matched_gba":true},"geometry":{"type":"Point","coordinates":[85.34378471,28.16390294]}},{"type":"Feature","properties":{"grade":"Destroyed","aoi":"AOI01","matched_gba":false},"geometry":{"type":"Point","coordinates":[85.34361377,28.16390972]}},{"type":"Feature","properties":{"grade":"Destroyed","aoi":"AOI01","matched_gba":false},"geometry":{"type":"Point","coordinates":[85.34344523,28.16402965]}},{"type":"Feature","properties":{"grade":"Destroyed","aoi":"AOI01","matched_gba":true},"geometry":{"type":"Point","coordinates":[85.34357741,28.16404836]}},{"type":"Feature","properties":{"grade":"Destroyed","aoi":"AOI01","matched_gba":true},"geometry":{"type":"Point","coordinates":[85.3433687,28.16408225]}},{"type":"Feature","properties":{"grade":"Destroyed","aoi":"AOI01","matched_gba":false},"geometry":{"type":"Point","coordinates":[85.34328089,28.16408896]}},{"type":"Feature","properties":{"grade":"Destroyed","aoi":"AOI01","matched_gba":true},"geometry":{"type":"Point","coordinates":[85.34351665,28.16411875]}},{"type":"Feature","properties":{"grade":"Destroyed","aoi":"AOI01","matched_gba":false},"geometry":{"type":"Point","coordinates":[85.34273128,28.16315018]}},{"type":"Feature","properties":{"grade":"Destroyed","aoi":"AOI01","matched_gba":false},"geometry":{"type":"Point","coordinates":[85.34278421,28.16316145]}},{"type":"Feature","properties":{"grade":"Destroyed","aoi":"AOI01","matched_gba":false},"geometry":{"type":"Point","coordinates":[85.34254583,28.1631809]}},{"type":"Feature","properties":{"grade":"Destroyed","aoi":"AOI01","matched_gba":false},"geometry":{"type":"Point","coordinates":[85.34240275,28.16319304]}},{"type":"Feature","properties":{"grade":"Destroyed","aoi":"AOI01","matched_gba":false},"geometry":{"type":"Point","coordinates":[85.34259731,28.16320667]}},{"type":"Feature","properties":{"grade":"Destroyed","aoi":"AOI01","matched_gba":false},"geometry":{"type":"Point","coordinates":[85.34246692,28.16322071]}},{"type":"Feature","properties":{"grade":"Destroyed","aoi":"AOI01","matched_gba":false},"geometry":{"type":"Point","coordinates":[85.34251974,28.16322308]}},{"type":"Feature","properties":{"grade":"Destroyed","aoi":"AOI01","matched_gba":false},"geometry":{"type":"Point","coordinates":[85.34158584,28.16371983]}},{"type":"Feature","properties":{"grade":"Destroyed","aoi":"AOI01","matched_gba":false},"geometry":{"type":"Point","coordinates":[85.34269925,28.16417492]}},{"type":"Feature","properties":{"grade":"Destroyed","aoi":"AOI01","matched_gba":true},"geometry":{"type":"Point","coordinates":[85.34275002,28.16424213]}},{"type":"Feature","properties":{"grade":"Destroyed","aoi":"AOI01","matched_gba":true},"geometry":{"type":"Point","coordinates":[85.34332997,28.16413888]}},{"type":"Feature","properties":{"grade":"Destroyed","aoi":"AOI01","matched_gba":true},"geometry":{"type":"Point","coordinates":[85.34342906,28.16419022]}},{"type":"Feature","properties":{"grade":"Destroyed","aoi":"AOI01","matched_gba":true},"geometry":{"type":"Point","coordinates":[85.3436289,28.16420195]}},{"type":"Feature","properties":{"grade":"Destroyed","aoi":"AOI01","matched_gba":false},"geometry":{"type":"Point","coordinates":[85.34281715,28.16420478]}},{"type":"Feature","properties":{"grade":"Destroyed","aoi":"AOI01","matched_gba":false},"geometry":{"type":"Point","coordinates":[85.34296799,28.1642353]}},{"type":"Feature","properties":{"grade":"Destroyed","aoi":"AOI01","matched_gba":false},"geometry":{"type":"Point","coordinates":[85.34342737,28.16423761]}},{"type":"Feature","properties":{"grade":"Destroyed","aoi":"AOI01","matched_gba":false},"geometry":{"type":"Point","coordinates":[85.3428333,28.16424316]}},{"type":"Feature","properties":{"grade":"Destroyed","aoi":"AOI01","matched_gba":true},"geometry":{"type":"Point","coordinates":[85.34367551,28.1642525]}},{"type":"Feature","properties":{"grade":"Destroyed","aoi":"AOI01","matched_gba":true},"geometry":{"type":"Point","coordinates":[85.3431874,28.1642559]}},{"type":"Feature","properties":{"grade":"Destroyed","aoi":"AOI01","matched_gba":true},"geometry":{"type":"Point","coordinates":[85.34353015,28.16426365]}},{"type":"Feature","properties":{"grade":"Destroyed","aoi":"AOI01","matched_gba":true},"geometry":{"type":"Point","coordinates":[85.34337117,28.16429]}},{"type":"Feature","properties":{"grade":"Destroyed","aoi":"AOI01","matched_gba":true},"geometry":{"type":"Point","coordinates":[85.34312156,28.16430922]}},{"type":"Feature","properties":{"grade":"Destroyed","aoi":"AOI01","matched_gba":true},"geometry":{"type":"Point","coordinates":[85.34328532,28.16431985]}},{"type":"Feature","properties":{"grade":"Destroyed","aoi":"AOI01","matched_gba":false},"geometry":{"type":"Point","coordinates":[85.3429375,28.16432844]}},{"type":"Feature","properties":{"grade":"Destroyed","aoi":"AOI01","matched_gba":true},"geometry":{"type":"Point","coordinates":[85.3430403,28.16436708]}},{"type":"Feature","properties":{"grade":"Destroyed","aoi":"AOI01","matched_gba":false},"geometry":{"type":"Point","coordinates":[85.34284334,28.16436816]}},{"type":"Feature","properties":{"grade":"Destroyed","aoi":"AOI01","matched_gba":true},"geometry":{"type":"Point","coordinates":[85.34324278,28.16439555]}},{"type":"Feature","properties":{"grade":"Destroyed","aoi":"AOI01","matched_gba":false},"geometry":{"type":"Point","coordinates":[85.34359696,28.16440554]}},{"type":"Feature","properties":{"grade":"Destroyed","aoi":"AOI01","matched_gba":true},"geometry":{"type":"Point","coordinates":[85.3433723,28.16442052]}},{"type":"Feature","properties":{"grade":"Destroyed","aoi":"AOI01","matched_gba":true},"geometry":{"type":"Point","coordinates":[85.3429685,28.16443312]}},{"type":"Feature","properties":{"grade":"Destroyed","aoi":"AOI01","matched_gba":false},"geometry":{"type":"Point","coordinates":[85.34243067,28.16427081]}},{"type":"Feature","properties":{"grade":"Destroyed","aoi":"AOI01","matched_gba":false},"geometry":{"type":"Point","coordinates":[85.34233907,28.16431927]}},{"type":"Feature","properties":{"grade":"Destroyed","aoi":"AOI01","matched_gba":true},"geometry":{"type":"Point","coordinates":[85.34263001,28.16436652]}},{"type":"Feature","properties":{"grade":"Destroyed","aoi":"AOI01","matched_gba":false},"geometry":{"type":"Point","coordinates":[85.34275799,28.16436693]}},{"type":"Feature","properties":{"grade":"Destroyed","aoi":"AOI01","matched_gba":true},"geometry":{"type":"Point","coordinates":[85.34241078,28.16437923]}},{"type":"Feature","properties":{"grade":"Destroyed","aoi":"AOI01","matched_gba":false},"geometry":{"type":"Point","coordinates":[85.34244442,28.16442694]}},{"type":"Feature","properties":{"grade":"Destroyed","aoi":"AOI01","matched_gba":true},"geometry":{"type":"Point","coordinates":[85.3425335,28.16447395]}},{"type":"Feature","properties":{"grade":"Destroyed","aoi":"AOI01","matched_gba":true},"geometry":{"type":"Point","coordinates":[85.34236628,28.1644801]}},{"type":"Feature","properties":{"grade":"Destroyed","aoi":"AOI01","matched_gba":true},"geometry":{"type":"Point","coordinates":[85.34248629,28.16460648]}},{"type":"Feature","properties":{"grade":"Destroyed","aoi":"AOI01","matched_gba":false},"geometry":{"type":"Point","coordinates":[85.34263251,28.16475419]}},{"type":"Feature","properties":{"grade":"Destroyed","aoi":"AOI01","matched_gba":false},"geometry":{"type":"Point","coordinates":[85.34318577,28.16449272]}},{"type":"Feature","properties":{"grade":"Destroyed","aoi":"AOI01","matched_gba":false},"geometry":{"type":"Point","coordinates":[85.343448,28.16452929]}},{"type":"Feature","properties":{"grade":"Destroyed","aoi":"AOI01","matched_gba":true},"geometry":{"type":"Point","coordinates":[85.34296835,28.16455275]}},{"type":"Feature","properties":{"grade":"Destroyed","aoi":"AOI01","matched_gba":true},"geometry":{"type":"Point","coordinates":[85.34307953,28.16458574]}},{"type":"Feature","properties":{"grade":"Destroyed","aoi":"AOI01","matched_gba":true},"geometry":{"type":"Point","coordinates":[85.34317197,28.16461309]}},{"type":"Feature","properties":{"grade":"Destroyed","aoi":"AOI01","matched_gba":true},"geometry":{"type":"Point","coordinates":[85.34313951,28.164666]}},{"type":"Feature","properties":{"grade":"Destroyed","aoi":"AOI01","matched_gba":true},"geometry":{"type":"Point","coordinates":[85.34306854,28.16467674]}},{"type":"Feature","properties":{"grade":"Destroyed","aoi":"AOI01","matched_gba":true},"geometry":{"type":"Point","coordinates":[85.34286325,28.16471952]}},{"type":"Feature","properties":{"grade":"Destroyed","aoi":"AOI01","matched_gba":false},"geometry":{"type":"Point","coordinates":[85.34289977,28.16479356]}},{"type":"Feature","properties":{"grade":"Destroyed","aoi":"AOI01","matched_gba":true},"geometry":{"type":"Point","coordinates":[85.34296252,28.16484839]}},{"type":"Feature","properties":{"grade":"Destroyed","aoi":"AOI01","matched_gba":true},"geometry":{"type":"Point","coordinates":[85.34268188,28.1647912]}},{"type":"Feature","properties":{"grade":"Destroyed","aoi":"AOI01","matched_gba":true},"geometry":{"type":"Point","coordinates":[85.34263038,28.1648244]}},{"type":"Feature","properties":{"grade":"Destroyed","aoi":"AOI01","matched_gba":true},"geometry":{"type":"Point","coordinates":[85.3425223,28.1648374]}},{"type":"Feature","properties":{"grade":"Destroyed","aoi":"AOI01","matched_gba":true},"geometry":{"type":"Point","coordinates":[85.3427251,28.16490595]}},{"type":"Feature","properties":{"grade":"Destroyed","aoi":"AOI01","matched_gba":false},"geometry":{"type":"Point","coordinates":[85.34280051,28.1649456]}},{"type":"Feature","properties":{"grade":"Destroyed","aoi":"AOI01","matched_gba":false},"geometry":{"type":"Point","coordinates":[85.34260192,28.16496083]}},{"type":"Feature","properties":{"grade":"Destroyed","aoi":"AOI01","matched_gba":false},"geometry":{"type":"Point","coordinates":[85.34280048,28.16501152]}},{"type":"Feature","properties":{"grade":"Destroyed","aoi":"AOI01","matched_gba":false},"geometry":{"type":"Point","coordinates":[85.34154356,28.16506221]}},{"type":"Feature","properties":{"grade":"Destroyed","aoi":"AOI01","matched_gba":false},"geometry":{"type":"Point","coordinates":[85.34170589,28.16507218]}},{"type":"Feature","properties":{"grade":"Destroyed","aoi":"AOI01","matched_gba":false},"geometry":{"type":"Point","coordinates":[85.34277013,28.16507534]}},{"type":"Feature","properties":{"grade":"Destroyed","aoi":"AOI01","matched_gba":false},"geometry":{"type":"Point","coordinates":[85.34175059,28.16520521]}},{"type":"Feature","properties":{"grade":"Destroyed","aoi":"AOI01","matched_gba":false},"geometry":{"type":"Point","coordinates":[85.34183383,28.16526497]}},{"type":"Feature","properties":{"grade":"Destroyed","aoi":"AOI01","matched_gba":true},"geometry":{"type":"Point","coordinates":[85.34169296,28.16530339]}},{"type":"Feature","properties":{"grade":"Destroyed","aoi":"AOI01","matched_gba":false},"geometry":{"type":"Point","coordinates":[85.34182529,28.16538876]}},{"type":"Feature","properties":{"grade":"Destroyed","aoi":"AOI01","matched_gba":false},"geometry":{"type":"Point","coordinates":[85.34190201,28.16640814]}},{"type":"Feature","properties":{"grade":"Destroyed","aoi":"AOI01","matched_gba":true},"geometry":{"type":"Point","coordinates":[85.34155495,28.16654114]}},{"type":"Feature","properties":{"grade":"Destroyed","aoi":"AOI01","matched_gba":true},"geometry":{"type":"Point","coordinates":[85.34179974,28.16658449]}},{"type":"Feature","properties":{"grade":"Destroyed","aoi":"AOI01","matched_gba":false},"geometry":{"type":"Point","coordinates":[85.34169048,28.16660629]}},{"type":"Feature","properties":{"grade":"Destroyed","aoi":"AOI01","matched_gba":true},"geometry":{"type":"Point","coordinates":[85.34199846,28.16688002]}},{"type":"Feature","properties":{"grade":"Destroyed","aoi":"AOI01","matched_gba":false},"geometry":{"type":"Point","coordinates":[85.34158657,28.16697284]}},{"type":"Feature","properties":{"grade":"Destroyed","aoi":"AOI01","matched_gba":true},"geometry":{"type":"Point","coordinates":[85.34288538,28.16486632]}},{"type":"Feature","properties":{"grade":"Destroyed","aoi":"AOI01","matched_gba":true},"geometry":{"type":"Point","coordinates":[85.34292708,28.16498881]}},{"type":"Feature","properties":{"grade":"Destroyed","aoi":"AOI01","matched_gba":true},"geometry":{"type":"Point","coordinates":[85.34283925,28.16506555]}},{"type":"Feature","properties":{"grade":"Destroyed","aoi":"AOI01","matched_gba":true},"geometry":{"type":"Point","coordinates":[85.34288653,28.16508269]}},{"type":"Feature","properties":{"grade":"Possibly damaged","aoi":"AOI01","matched_gba":false},"geometry":{"type":"Point","coordinates":[85.34376908,28.16742694]}},{"type":"Feature","properties":{"grade":"Possibly damaged","aoi":"AOI01","matched_gba":false},"geometry":{"type":"Point","coordinates":[85.34382765,28.16750824]}},{"type":"Feature","properties":{"grade":"Possibly damaged","aoi":"AOI01","matched_gba":false},"geometry":{"type":"Point","coordinates":[85.34373761,28.16757731]}},{"type":"Feature","properties":{"grade":"Possibly damaged","aoi":"AOI01","matched_gba":false},"geometry":{"type":"Point","coordinates":[85.34387869,28.16797177]}},{"type":"Feature","properties":{"grade":"Destroyed","aoi":"AOI01","matched_gba":true},"geometry":{"type":"Point","coordinates":[85.34344142,28.16870808]}},{"type":"Feature","properties":{"grade":"Possibly damaged","aoi":"AOI01","matched_gba":false},"geometry":{"type":"Point","coordinates":[85.34372985,28.16921537]}},{"type":"Feature","properties":{"grade":"Destroyed","aoi":"AOI01","matched_gba":true},"geometry":{"type":"Point","coordinates":[85.34162787,28.16708772]}},{"type":"Feature","properties":{"grade":"Destroyed","aoi":"AOI01","matched_gba":false},"geometry":{"type":"Point","coordinates":[85.34173737,28.16730265]}},{"type":"Feature","properties":{"grade":"Destroyed","aoi":"AOI01","matched_gba":true},"geometry":{"type":"Point","coordinates":[85.34159905,28.1674377]}},{"type":"Feature","properties":{"grade":"Destroyed","aoi":"AOI01","matched_gba":false},"geometry":{"type":"Point","coordinates":[85.3416396,28.16757643]}},{"type":"Feature","properties":{"grade":"Destroyed","aoi":"AOI01","matched_gba":false},"geometry":{"type":"Point","coordinates":[85.34188505,28.17996821]}},{"type":"Feature","properties":{"grade":"Destroyed","aoi":"AOI01","matched_gba":false},"geometry":{"type":"Point","coordinates":[85.34187224,28.18004291]}},{"type":"Feature","properties":{"grade":"Destroyed","aoi":"AOI01","matched_gba":false},"geometry":{"type":"Point","coordinates":[85.34185944,28.18015603]}},{"type":"Feature","properties":{"grade":"Destroyed","aoi":"AOI01","matched_gba":false},"geometry":{"type":"Point","coordinates":[85.34182315,28.18029902]}},{"type":"Feature","properties":{"grade":"Destroyed","aoi":"AOI01","matched_gba":false},"geometry":{"type":"Point","coordinates":[85.34180181,28.18042922]}},{"type":"Feature","properties":{"grade":"Destroyed","aoi":"AOI01","matched_gba":false},"geometry":{"type":"Point","coordinates":[85.34168229,28.18059996]}},{"type":"Feature","properties":{"grade":"Damaged","aoi":"AOI01","matched_gba":false},"geometry":{"type":"Point","coordinates":[85.33814986,28.16455513]}},{"type":"Feature","properties":{"grade":"Destroyed","aoi":"AOI01","matched_gba":false},"geometry":{"type":"Point","coordinates":[85.33843,28.16459491]}},{"type":"Feature","properties":{"grade":"Destroyed","aoi":"AOI01","matched_gba":false},"geometry":{"type":"Point","coordinates":[85.33839623,28.16467958]}},{"type":"Feature","properties":{"grade":"Damaged","aoi":"AOI01","matched_gba":true},"geometry":{"type":"Point","coordinates":[85.33922417,28.16496458]}},{"type":"Feature","properties":{"grade":"Damaged","aoi":"AOI01","matched_gba":true},"geometry":{"type":"Point","coordinates":[85.33878367,28.16505122]}},{"type":"Feature","properties":{"grade":"Damaged","aoi":"AOI01","matched_gba":true},"geometry":{"type":"Point","coordinates":[85.33886079,28.16506609]}},{"type":"Feature","properties":{"grade":"Possibly damaged","aoi":"AOI01","matched_gba":true},"geometry":{"type":"Point","coordinates":[85.33896625,28.16514675]}},{"type":"Feature","properties":{"grade":"Possibly damaged","aoi":"AOI01","matched_gba":true},"geometry":{"type":"Point","coordinates":[85.33902877,28.1651474]}},{"type":"Feature","properties":{"grade":"Possibly damaged","aoi":"AOI01","matched_gba":true},"geometry":{"type":"Point","coordinates":[85.33910965,28.1651894]}},{"type":"Feature","properties":{"grade":"Possibly damaged","aoi":"AOI01","matched_gba":true},"geometry":{"type":"Point","coordinates":[85.33925985,28.16521245]}},{"type":"Feature","properties":{"grade":"Possibly damaged","aoi":"AOI01","matched_gba":true},"geometry":{"type":"Point","coordinates":[85.33938875,28.1652389]}},{"type":"Feature","properties":{"grade":"Possibly damaged","aoi":"AOI01","matched_gba":false},"geometry":{"type":"Point","coordinates":[85.33863682,28.16524513]}},{"type":"Feature","properties":{"grade":"Possibly damaged","aoi":"AOI01","matched_gba":false},"geometry":{"type":"Point","coordinates":[85.3401091,28.16510248]}},{"type":"Feature","properties":{"grade":"Destroyed","aoi":"AOI01","matched_gba":true},"geometry":{"type":"Point","coordinates":[85.34086699,28.16511344]}},{"type":"Feature","properties":{"grade":"Destroyed","aoi":"AOI01","matched_gba":false},"geometry":{"type":"Point","coordinates":[85.34131946,28.16512624]}},{"type":"Feature","properties":{"grade":"Destroyed","aoi":"AOI01","matched_gba":true},"geometry":{"type":"Point","coordinates":[85.34140039,28.16514346]}},{"type":"Feature","properties":{"grade":"Destroyed","aoi":"AOI01","matched_gba":true},"geometry":{"type":"Point","coordinates":[85.34108042,28.16516679]}},{"type":"Feature","properties":{"grade":"Destroyed","aoi":"AOI01","matched_gba":false},"geometry":{"type":"Point","coordinates":[85.34119567,28.16522229]}},{"type":"Feature","properties":{"grade":"Destroyed","aoi":"AOI01","matched_gba":true},"geometry":{"type":"Point","coordinates":[85.34153076,28.16525643]}},{"type":"Feature","properties":{"grade":"Destroyed","aoi":"AOI01","matched_gba":true},"geometry":{"type":"Point","coordinates":[85.34132373,28.16529058]}},{"type":"Feature","properties":{"grade":"Damaged","aoi":"AOI01","matched_gba":false},"geometry":{"type":"Point","coordinates":[85.34052087,28.1653453]}},{"type":"Feature","properties":{"grade":"Possibly damaged","aoi":"AOI01","matched_gba":true},"geometry":{"type":"Point","coordinates":[85.34047389,28.16539447]}},{"type":"Feature","properties":{"grade":"Possibly damaged","aoi":"AOI01","matched_gba":false},"geometry":{"type":"Point","coordinates":[85.34053405,28.16540825]}},{"type":"Feature","properties":{"grade":"Possibly damaged","aoi":"AOI01","matched_gba":false},"geometry":{"type":"Point","coordinates":[85.34002108,28.16543129]}},{"type":"Feature","properties":{"grade":"Damaged","aoi":"AOI01","matched_gba":true},"geometry":{"type":"Point","coordinates":[85.340698,28.16552553]}},{"type":"Feature","properties":{"grade":"Damaged","aoi":"AOI01","matched_gba":true},"geometry":{"type":"Point","coordinates":[85.34080123,28.16560682]}},{"type":"Feature","properties":{"grade":"Possibly damaged","aoi":"AOI01","matched_gba":false},"geometry":{"type":"Point","coordinates":[85.34059448,28.16568489]}},{"type":"Feature","properties":{"grade":"Possibly damaged","aoi":"AOI01","matched_gba":false},"geometry":{"type":"Point","coordinates":[85.34056096,28.16573785]}},{"type":"Feature","properties":{"grade":"Possibly damaged","aoi":"AOI01","matched_gba":true},"geometry":{"type":"Point","coordinates":[85.34063885,28.1657455]}},{"type":"Feature","properties":{"grade":"Damaged","aoi":"AOI01","matched_gba":true},"geometry":{"type":"Point","coordinates":[85.34112954,28.16578922]}},{"type":"Feature","properties":{"grade":"Possibly damaged","aoi":"AOI01","matched_gba":true},"geometry":{"type":"Point","coordinates":[85.34065935,28.1658646]}},{"type":"Feature","properties":{"grade":"Destroyed","aoi":"AOI01","matched_gba":true},"geometry":{"type":"Point","coordinates":[85.34126586,28.16586628]}},{"type":"Feature","properties":{"grade":"Possibly damaged","aoi":"AOI01","matched_gba":true},"geometry":{"type":"Point","coordinates":[85.34051621,28.165874]}},{"type":"Feature","properties":{"grade":"Possibly damaged","aoi":"AOI01","matched_gba":true},"geometry":{"type":"Point","coordinates":[85.34071555,28.16592335]}},{"type":"Feature","properties":{"grade":"Destroyed","aoi":"AOI01","matched_gba":false},"geometry":{"type":"Point","coordinates":[85.34143776,28.16594385]}},{"type":"Feature","properties":{"grade":"Possibly damaged","aoi":"AOI01","matched_gba":true},"geometry":{"type":"Point","coordinates":[85.34073734,28.16600648]}},{"type":"Feature","properties":{"grade":"Possibly damaged","aoi":"AOI01","matched_gba":false},"geometry":{"type":"Point","coordinates":[85.3405921,28.1660269]}},{"type":"Feature","properties":{"grade":"Damaged","aoi":"AOI01","matched_gba":true},"geometry":{"type":"Point","coordinates":[85.34082971,28.16603189]}},{"type":"Feature","properties":{"grade":"Destroyed","aoi":"AOI01","matched_gba":true},"geometry":{"type":"Point","coordinates":[85.34133271,28.1660758]}},{"type":"Feature","properties":{"grade":"Possibly damaged","aoi":"AOI01","matched_gba":false},"geometry":{"type":"Point","coordinates":[85.34080245,28.16609074]}},{"type":"Feature","properties":{"grade":"Possibly damaged","aoi":"AOI01","matched_gba":true},"geometry":{"type":"Point","coordinates":[85.3404598,28.1660912]}},{"type":"Feature","properties":{"grade":"Possibly damaged","aoi":"AOI01","matched_gba":false},"geometry":{"type":"Point","coordinates":[85.34066834,28.16609927]}},{"type":"Feature","properties":{"grade":"Damaged","aoi":"AOI01","matched_gba":true},"geometry":{"type":"Point","coordinates":[85.34121188,28.16616538]}},{"type":"Feature","properties":{"grade":"Damaged","aoi":"AOI01","matched_gba":true},"geometry":{"type":"Point","coordinates":[85.34081263,28.1662278]}},{"type":"Feature","properties":{"grade":"Possibly damaged","aoi":"AOI01","matched_gba":true},"geometry":{"type":"Point","coordinates":[85.3405931,28.16625355]}},{"type":"Feature","properties":{"grade":"Destroyed","aoi":"AOI01","matched_gba":false},"geometry":{"type":"Point","coordinates":[85.34088696,28.16635572]}},{"type":"Feature","properties":{"grade":"Damaged","aoi":"AOI01","matched_gba":false},"geometry":{"type":"Point","coordinates":[85.34116231,28.16635906]}},{"type":"Feature","properties":{"grade":"Damaged","aoi":"AOI01","matched_gba":false},"geometry":{"type":"Point","coordinates":[85.34122717,28.16638181]}},{"type":"Feature","properties":{"grade":"Destroyed","aoi":"AOI01","matched_gba":true},"geometry":{"type":"Point","coordinates":[85.34127938,28.16649179]}},{"type":"Feature","properties":{"grade":"Destroyed","aoi":"AOI01","matched_gba":true},"geometry":{"type":"Point","coordinates":[85.34116365,28.16663355]}},{"type":"Feature","properties":{"grade":"Destroyed","aoi":"AOI01","matched_gba":true},"geometry":{"type":"Point","coordinates":[85.34147393,28.16666744]}},{"type":"Feature","properties":{"grade":"Destroyed","aoi":"AOI01","matched_gba":true},"geometry":{"type":"Point","coordinates":[85.34123074,28.16672322]}},{"type":"Feature","properties":{"grade":"Destroyed","aoi":"AOI01","matched_gba":false},"geometry":{"type":"Point","coordinates":[85.34111747,28.1667888]}},{"type":"Feature","properties":{"grade":"Destroyed","aoi":"AOI01","matched_gba":true},"geometry":{"type":"Point","coordinates":[85.34144368,28.16679665]}},{"type":"Feature","properties":{"grade":"Destroyed","aoi":"AOI01","matched_gba":false},"geometry":{"type":"Point","coordinates":[85.34144884,28.16685511]}},{"type":"Feature","properties":{"grade":"Destroyed","aoi":"AOI01","matched_gba":false},"geometry":{"type":"Point","coordinates":[85.34137093,28.16687838]}},{"type":"Feature","properties":{"grade":"Damaged","aoi":"AOI01","matched_gba":true},"geometry":{"type":"Point","coordinates":[85.34106446,28.16694293]}},{"type":"Feature","properties":{"grade":"Destroyed","aoi":"AOI01","matched_gba":true},"geometry":{"type":"Point","coordinates":[85.34134121,28.16697564]}},{"type":"Feature","properties":{"grade":"Destroyed","aoi":"AOI01","matched_gba":false},"geometry":{"type":"Point","coordinates":[85.34148733,28.16697723]}},{"type":"Feature","properties":{"grade":"Destroyed","aoi":"AOI01","matched_gba":true},"geometry":{"type":"Point","coordinates":[85.34128895,28.18095485]}},{"type":"Feature","properties":{"grade":"Destroyed","aoi":"AOI01","matched_gba":false},"geometry":{"type":"Point","coordinates":[85.34091607,28.1811314]}},{"type":"Feature","properties":{"grade":"Destroyed","aoi":"AOI01","matched_gba":false},"geometry":{"type":"Point","coordinates":[85.3414027,28.18114207]}},{"type":"Feature","properties":{"grade":"Possibly damaged","aoi":"AOI01","matched_gba":false},"geometry":{"type":"Point","coordinates":[85.3437328,28.1694689]}},{"type":"Feature","properties":{"grade":"Destroyed","aoi":"AOI01","matched_gba":true},"geometry":{"type":"Point","coordinates":[85.34342343,28.16953725]}},{"type":"Feature","properties":{"grade":"Destroyed","aoi":"AOI01","matched_gba":false},"geometry":{"type":"Point","coordinates":[85.34307949,28.18289443]}},{"type":"Feature","properties":{"grade":"Destroyed","aoi":"AOI01","matched_gba":false},"geometry":{"type":"Point","coordinates":[85.34293513,28.18314619]}},{"type":"Feature","properties":{"grade":"Destroyed","aoi":"AOI01","matched_gba":false},"geometry":{"type":"Point","coordinates":[85.34289031,28.18326998]}},{"type":"Feature","properties":{"grade":"Destroyed","aoi":"AOI01","matched_gba":false},"geometry":{"type":"Point","coordinates":[85.34306319,28.18339804]}},{"type":"Feature","properties":{"grade":"Destroyed","aoi":"AOI01","matched_gba":false},"geometry":{"type":"Point","coordinates":[85.34298422,28.18344926]}},{"type":"Feature","properties":{"grade":"Possibly damaged","aoi":"AOI01","matched_gba":false},"geometry":{"type":"Point","coordinates":[85.34362451,28.18526572]}},{"type":"Feature","properties":{"grade":"Possibly damaged","aoi":"AOI01","matched_gba":false},"geometry":{"type":"Point","coordinates":[85.34353845,28.18534358]}},{"type":"Feature","properties":{"grade":"Destroyed","aoi":"AOI01","matched_gba":false},"geometry":{"type":"Point","coordinates":[85.34647954,28.18741293]}},{"type":"Feature","properties":{"grade":"Destroyed","aoi":"AOI01","matched_gba":false},"geometry":{"type":"Point","coordinates":[85.34153289,28.18071948]}},{"type":"Feature","properties":{"grade":"Destroyed","aoi":"AOI01","matched_gba":false},"geometry":{"type":"Point","coordinates":[85.34165028,28.18078351]}},{"type":"Feature","properties":{"grade":"Destroyed","aoi":"AOI01","matched_gba":true},"geometry":{"type":"Point","coordinates":[85.34157143,28.18119399]}},{"type":"Feature","properties":{"grade":"Destroyed","aoi":"AOI01","matched_gba":false},"geometry":{"type":"Point","coordinates":[85.3419875,28.181411]}},{"type":"Feature","properties":{"grade":"Destroyed","aoi":"AOI01","matched_gba":false},"geometry":{"type":"Point","coordinates":[85.34185517,28.18152838]}},{"type":"Feature","properties":{"grade":"Destroyed","aoi":"AOI01","matched_gba":true},"geometry":{"type":"Point","coordinates":[85.34234957,28.18203218]}},{"type":"Feature","properties":{"grade":"Destroyed","aoi":"AOI01","matched_gba":false},"geometry":{"type":"Point","coordinates":[85.3422367,28.18203387]}},{"type":"Feature","properties":{"grade":"Destroyed","aoi":"AOI01","matched_gba":true},"geometry":{"type":"Point","coordinates":[85.34219044,28.18203765]}},{"type":"Feature","properties":{"grade":"Destroyed","aoi":"AOI01","matched_gba":false},"geometry":{"type":"Point","coordinates":[85.34228997,28.18203797]}},{"type":"Feature","properties":{"grade":"Destroyed","aoi":"AOI01","matched_gba":true},"geometry":{"type":"Point","coordinates":[85.34242025,28.18260405]}},{"type":"Feature","properties":{"grade":"Destroyed","aoi":"AOI01","matched_gba":false},"geometry":{"type":"Point","coordinates":[85.34135574,28.18165644]}},{"type":"Feature","properties":{"grade":"Destroyed","aoi":"AOI01","matched_gba":false},"geometry":{"type":"Point","coordinates":[85.34125543,28.18175249]}},{"type":"Feature","properties":{"grade":"Destroyed","aoi":"AOI01","matched_gba":false},"geometry":{"type":"Point","coordinates":[85.34276532,28.18282886]}},{"type":"Feature","properties":{"grade":"Destroyed","aoi":"AOI01","matched_gba":false},"geometry":{"type":"Point","coordinates":[85.34268719,28.18332352]}},{"type":"Feature","properties":{"grade":"Destroyed","aoi":"AOI01","matched_gba":false},"geometry":{"type":"Point","coordinates":[85.34625923,28.18748918]}},{"type":"Feature","properties":{"grade":"Destroyed","aoi":"AOI02","matched_gba":true},"geometry":{"type":"Point","coordinates":[85.35860191,28.2427795]}},{"type":"Feature","properties":{"grade":"Destroyed","aoi":"AOI02","matched_gba":true},"geometry":{"type":"Point","coordinates":[85.35878233,28.24285431]}},{"type":"Feature","properties":{"grade":"Destroyed","aoi":"AOI02","matched_gba":true},"geometry":{"type":"Point","coordinates":[85.35874712,28.24287485]}},{"type":"Feature","properties":{"grade":"Destroyed","aoi":"AOI02","matched_gba":true},"geometry":{"type":"Point","coordinates":[85.35886487,28.24303138]}},{"type":"Feature","properties":{"grade":"Destroyed","aoi":"AOI02","matched_gba":false},"geometry":{"type":"Point","coordinates":[85.35882193,28.2430582]}},{"type":"Feature","properties":{"grade":"Destroyed","aoi":"AOI02","matched_gba":true},"geometry":{"type":"Point","coordinates":[85.35908009,28.24323715]}},{"type":"Feature","properties":{"grade":"Destroyed","aoi":"AOI02","matched_gba":false},"geometry":{"type":"Point","coordinates":[85.36172376,28.24572406]}},{"type":"Feature","properties":{"grade":"Destroyed","aoi":"AOI02","matched_gba":false},"geometry":{"type":"Point","coordinates":[85.36198129,28.24586015]}},{"type":"Feature","properties":{"grade":"Destroyed","aoi":"AOI02","matched_gba":true},"geometry":{"type":"Point","coordinates":[85.36205835,28.24602665]}},{"type":"Feature","properties":{"grade":"Destroyed","aoi":"AOI02","matched_gba":true},"geometry":{"type":"Point","coordinates":[85.36220115,28.24614087]}},{"type":"Feature","properties":{"grade":"Destroyed","aoi":"AOI02","matched_gba":true},"geometry":{"type":"Point","coordinates":[85.36235616,28.24626749]}},{"type":"Feature","properties":{"grade":"Destroyed","aoi":"AOI02","matched_gba":false},"geometry":{"type":"Point","coordinates":[85.36430789,28.24804617]}},{"type":"Feature","properties":{"grade":"Destroyed","aoi":"AOI02","matched_gba":false},"geometry":{"type":"Point","coordinates":[85.36588903,28.24997421]}},{"type":"Feature","properties":{"grade":"Destroyed","aoi":"AOI02","matched_gba":false},"geometry":{"type":"Point","coordinates":[85.3660049,28.25024117]}},{"type":"Feature","properties":{"grade":"Destroyed","aoi":"AOI02","matched_gba":false},"geometry":{"type":"Point","coordinates":[85.36593596,28.25027051]}},{"type":"Feature","properties":{"grade":"Destroyed","aoi":"AOI02","matched_gba":false},"geometry":{"type":"Point","coordinates":[85.36592301,28.25082032]}},{"type":"Feature","properties":{"grade":"Destroyed","aoi":"AOI02","matched_gba":false},"geometry":{"type":"Point","coordinates":[85.36592496,28.25089073]}},{"type":"Feature","properties":{"grade":"Destroyed","aoi":"AOI02","matched_gba":false},"geometry":{"type":"Point","coordinates":[85.36584771,28.25115964]}},{"type":"Feature","properties":{"grade":"Destroyed","aoi":"AOI02","matched_gba":true},"geometry":{"type":"Point","coordinates":[85.36597578,28.25147211]}},{"type":"Feature","properties":{"grade":"Destroyed","aoi":"AOI02","matched_gba":true},"geometry":{"type":"Point","coordinates":[85.36602183,28.2518834]}},{"type":"Feature","properties":{"grade":"Destroyed","aoi":"AOI02","matched_gba":true},"geometry":{"type":"Point","coordinates":[85.3661117,28.2507045]}},{"type":"Feature","properties":{"grade":"Destroyed","aoi":"AOI02","matched_gba":true},"geometry":{"type":"Point","coordinates":[85.36616115,28.2508352]}},{"type":"Feature","properties":{"grade":"Destroyed","aoi":"AOI02","matched_gba":true},"geometry":{"type":"Point","coordinates":[85.36642915,28.25116045]}},{"type":"Feature","properties":{"grade":"Destroyed","aoi":"AOI02","matched_gba":true},"geometry":{"type":"Point","coordinates":[85.36635265,28.25125944]}},{"type":"Feature","properties":{"grade":"Destroyed","aoi":"AOI02","matched_gba":true},"geometry":{"type":"Point","coordinates":[85.36644257,28.25137217]}},{"type":"Feature","properties":{"grade":"Destroyed","aoi":"AOI02","matched_gba":true},"geometry":{"type":"Point","coordinates":[85.36625465,28.25138586]}},{"type":"Feature","properties":{"grade":"Destroyed","aoi":"AOI02","matched_gba":true},"geometry":{"type":"Point","coordinates":[85.36620758,28.25147683]}},{"type":"Feature","properties":{"grade":"Destroyed","aoi":"AOI02","matched_gba":true},"geometry":{"type":"Point","coordinates":[85.36633705,28.25152305]}},{"type":"Feature","properties":{"grade":"Destroyed","aoi":"AOI02","matched_gba":false},"geometry":{"type":"Point","coordinates":[85.36629949,28.25156448]}},{"type":"Feature","properties":{"grade":"Destroyed","aoi":"AOI02","matched_gba":false},"geometry":{"type":"Point","coordinates":[85.36644747,28.25159455]}},{"type":"Feature","properties":{"grade":"Destroyed","aoi":"AOI02","matched_gba":true},"geometry":{"type":"Point","coordinates":[85.36613113,28.25167604]}},{"type":"Feature","properties":{"grade":"Destroyed","aoi":"AOI02","matched_gba":true},"geometry":{"type":"Point","coordinates":[85.36632426,28.25169429]}},{"type":"Feature","properties":{"grade":"Destroyed","aoi":"AOI02","matched_gba":true},"geometry":{"type":"Point","coordinates":[85.36611339,28.25180547]}},{"type":"Feature","properties":{"grade":"Destroyed","aoi":"AOI02","matched_gba":false},"geometry":{"type":"Point","coordinates":[85.36629069,28.25181482]}},{"type":"Feature","properties":{"grade":"Destroyed","aoi":"AOI02","matched_gba":true},"geometry":{"type":"Point","coordinates":[85.36625855,28.2518705]}},{"type":"Feature","properties":{"grade":"Destroyed","aoi":"AOI02","matched_gba":true},"geometry":{"type":"Point","coordinates":[85.36632035,28.25201895]}},{"type":"Feature","properties":{"grade":"Destroyed","aoi":"AOI02","matched_gba":false},"geometry":{"type":"Point","coordinates":[85.36626168,28.2520209]}},{"type":"Feature","properties":{"grade":"Destroyed","aoi":"AOI02","matched_gba":true},"geometry":{"type":"Point","coordinates":[85.36616976,28.25207958]}},{"type":"Feature","properties":{"grade":"Destroyed","aoi":"AOI02","matched_gba":true},"geometry":{"type":"Point","coordinates":[85.36639985,28.25215105]}},{"type":"Feature","properties":{"grade":"Destroyed","aoi":"AOI02","matched_gba":true},"geometry":{"type":"Point","coordinates":[85.36611406,28.25220413]}},{"type":"Feature","properties":{"grade":"Destroyed","aoi":"AOI02","matched_gba":true},"geometry":{"type":"Point","coordinates":[85.365967,28.25194975]}},{"type":"Feature","properties":{"grade":"Destroyed","aoi":"AOI02","matched_gba":true},"geometry":{"type":"Point","coordinates":[85.36576259,28.25196517]}},{"type":"Feature","properties":{"grade":"Destroyed","aoi":"AOI02","matched_gba":true},"geometry":{"type":"Point","coordinates":[85.3660226,28.25208365]}},{"type":"Feature","properties":{"grade":"Destroyed","aoi":"AOI02","matched_gba":true},"geometry":{"type":"Point","coordinates":[85.36593618,28.25208752]}},{"type":"Feature","properties":{"grade":"Destroyed","aoi":"AOI02","matched_gba":true},"geometry":{"type":"Point","coordinates":[85.36598122,28.25219371]}},{"type":"Feature","properties":{"grade":"Destroyed","aoi":"AOI02","matched_gba":false},"geometry":{"type":"Point","coordinates":[85.3645504,28.25223017]}},{"type":"Feature","properties":{"grade":"Destroyed","aoi":"AOI02","matched_gba":true},"geometry":{"type":"Point","coordinates":[85.36609516,28.25227698]}},{"type":"Feature","properties":{"grade":"Destroyed","aoi":"AOI02","matched_gba":true},"geometry":{"type":"Point","coordinates":[85.36589577,28.25228721]}},{"type":"Feature","properties":{"grade":"Destroyed","aoi":"AOI02","matched_gba":true},"geometry":{"type":"Point","coordinates":[85.3659531,28.25231825]}},{"type":"Feature","properties":{"grade":"Destroyed","aoi":"AOI02","matched_gba":true},"geometry":{"type":"Point","coordinates":[85.3645134,28.25232345]}},{"type":"Feature","properties":{"grade":"Destroyed","aoi":"AOI02","matched_gba":true},"geometry":{"type":"Point","coordinates":[85.36599767,28.25243264]}},{"type":"Feature","properties":{"grade":"Destroyed","aoi":"AOI02","matched_gba":false},"geometry":{"type":"Point","coordinates":[85.36407222,28.25243357]}},{"type":"Feature","properties":{"grade":"Destroyed","aoi":"AOI02","matched_gba":true},"geometry":{"type":"Point","coordinates":[85.36587185,28.25244102]}},{"type":"Feature","properties":{"grade":"Destroyed","aoi":"AOI02","matched_gba":true},"geometry":{"type":"Point","coordinates":[85.36566975,28.2524548]}},{"type":"Feature","properties":{"grade":"Destroyed","aoi":"AOI02","matched_gba":true},"geometry":{"type":"Point","coordinates":[85.36443125,28.25249695]}},{"type":"Feature","properties":{"grade":"Destroyed","aoi":"AOI02","matched_gba":true},"geometry":{"type":"Point","coordinates":[85.36599215,28.25251545]}},{"type":"Feature","properties":{"grade":"Destroyed","aoi":"AOI02","matched_gba":true},"geometry":{"type":"Point","coordinates":[85.36456213,28.25267021]}},{"type":"Feature","properties":{"grade":"Destroyed","aoi":"AOI02","matched_gba":false},"geometry":{"type":"Point","coordinates":[85.36600352,28.25273671]}},{"type":"Feature","properties":{"grade":"Destroyed","aoi":"AOI02","matched_gba":true},"geometry":{"type":"Point","coordinates":[85.36457582,28.2527504]}},{"type":"Feature","properties":{"grade":"Destroyed","aoi":"AOI02","matched_gba":false},"geometry":{"type":"Point","coordinates":[85.36606415,28.25277778]}},{"type":"Feature","properties":{"grade":"Destroyed","aoi":"AOI02","matched_gba":true},"geometry":{"type":"Point","coordinates":[85.3662695,28.25221452]}},{"type":"Feature","properties":{"grade":"Destroyed","aoi":"AOI02","matched_gba":false},"geometry":{"type":"Point","coordinates":[85.36635164,28.2522243]}},{"type":"Feature","properties":{"grade":"Destroyed","aoi":"AOI02","matched_gba":true},"geometry":{"type":"Point","coordinates":[85.36633795,28.25227124]}},{"type":"Feature","properties":{"grade":"Destroyed","aoi":"AOI02","matched_gba":false},"geometry":{"type":"Point","coordinates":[85.36612152,28.25237612]}},{"type":"Feature","properties":{"grade":"Destroyed","aoi":"AOI02","matched_gba":true},"geometry":{"type":"Point","coordinates":[85.36614023,28.25248541]}},{"type":"Feature","properties":{"grade":"Destroyed","aoi":"AOI02","matched_gba":true},"geometry":{"type":"Point","coordinates":[85.3661678,28.25270737]}},{"type":"Feature","properties":{"grade":"Destroyed","aoi":"AOI02","matched_gba":true},"geometry":{"type":"Point","coordinates":[85.36624603,28.25281298]}},{"type":"Feature","properties":{"grade":"Destroyed","aoi":"AOI02","matched_gba":true},"geometry":{"type":"Point","coordinates":[85.36645476,28.25283447]}},{"type":"Feature","properties":{"grade":"Destroyed","aoi":"AOI02","matched_gba":false},"geometry":{"type":"Point","coordinates":[85.36626722,28.25296186]}},{"type":"Feature","properties":{"grade":"Destroyed","aoi":"AOI02","matched_gba":true},"geometry":{"type":"Point","coordinates":[85.36626233,28.25311441]}},{"type":"Feature","properties":{"grade":"Destroyed","aoi":"AOI02","matched_gba":false},"geometry":{"type":"Point","coordinates":[85.36462472,28.25281689]}},{"type":"Feature","properties":{"grade":"Destroyed","aoi":"AOI02","matched_gba":true},"geometry":{"type":"Point","coordinates":[85.36603162,28.25284387]}},{"type":"Feature","properties":{"grade":"Destroyed","aoi":"AOI02","matched_gba":true},"geometry":{"type":"Point","coordinates":[85.36463254,28.25288339]}},{"type":"Feature","properties":{"grade":"Destroyed","aoi":"AOI02","matched_gba":true},"geometry":{"type":"Point","coordinates":[85.36590608,28.25295268]}},{"type":"Feature","properties":{"grade":"Destroyed","aoi":"AOI02","matched_gba":true},"geometry":{"type":"Point","coordinates":[85.36461494,28.25295966]}},{"type":"Feature","properties":{"grade":"Destroyed","aoi":"AOI02","matched_gba":true},"geometry":{"type":"Point","coordinates":[85.3656759,28.25305058]}},{"type":"Feature","properties":{"grade":"Destroyed","aoi":"AOI02","matched_gba":true},"geometry":{"type":"Point","coordinates":[85.36467361,28.25305158]}},{"type":"Feature","properties":{"grade":"Destroyed","aoi":"AOI02","matched_gba":true},"geometry":{"type":"Point","coordinates":[85.36609991,28.25317721]}},{"type":"Feature","properties":{"grade":"Destroyed","aoi":"AOI02","matched_gba":true},"geometry":{"type":"Point","coordinates":[85.36596404,28.25318261]}},{"type":"Feature","properties":{"grade":"Destroyed","aoi":"AOI02","matched_gba":true},"geometry":{"type":"Point","coordinates":[85.36457241,28.25327629]}},{"type":"Feature","properties":{"grade":"Destroyed","aoi":"AOI02","matched_gba":false},"geometry":{"type":"Point","coordinates":[85.36641683,28.25326403]}},{"type":"Feature","properties":{"grade":"Destroyed","aoi":"AOI02","matched_gba":true},"geometry":{"type":"Point","coordinates":[85.36630633,28.25327283]}},{"type":"Feature","properties":{"grade":"Destroyed","aoi":"AOI02","matched_gba":true},"geometry":{"type":"Point","coordinates":[85.36638314,28.25334453]}},{"type":"Feature","properties":{"grade":"Destroyed","aoi":"AOI02","matched_gba":true},"geometry":{"type":"Point","coordinates":[85.36620171,28.25336507]}},{"type":"Feature","properties":{"grade":"Destroyed","aoi":"AOI02","matched_gba":false},"geometry":{"type":"Point","coordinates":[85.36610522,28.25339384]}},{"type":"Feature","properties":{"grade":"Destroyed","aoi":"AOI02","matched_gba":true},"geometry":{"type":"Point","coordinates":[85.36629621,28.25345842]}},{"type":"Feature","properties":{"grade":"Destroyed","aoi":"AOI02","matched_gba":true},"geometry":{"type":"Point","coordinates":[85.3664484,28.25349065]}},{"type":"Feature","properties":{"grade":"Destroyed","aoi":"AOI02","matched_gba":true},"geometry":{"type":"Point","coordinates":[85.36619778,28.25350823]}},{"type":"Feature","properties":{"grade":"Destroyed","aoi":"AOI02","matched_gba":true},"geometry":{"type":"Point","coordinates":[85.36629435,28.25351017]}},{"type":"Feature","properties":{"grade":"Destroyed","aoi":"AOI02","matched_gba":true},"geometry":{"type":"Point","coordinates":[85.36614947,28.2535645]}},{"type":"Feature","properties":{"grade":"Destroyed","aoi":"AOI02","matched_gba":true},"geometry":{"type":"Point","coordinates":[85.36633171,28.25360373]}},{"type":"Feature","properties":{"grade":"Destroyed","aoi":"AOI02","matched_gba":true},"geometry":{"type":"Point","coordinates":[85.36640966,28.25360867]}},{"type":"Feature","properties":{"grade":"Destroyed","aoi":"AOI02","matched_gba":true},"geometry":{"type":"Point","coordinates":[85.36641745,28.2536811]}},{"type":"Feature","properties":{"grade":"Destroyed","aoi":"AOI02","matched_gba":true},"geometry":{"type":"Point","coordinates":[85.36621827,28.25370757]}},{"type":"Feature","properties":{"grade":"Destroyed","aoi":"AOI02","matched_gba":false},"geometry":{"type":"Point","coordinates":[85.36613814,28.25372656]}},{"type":"Feature","properties":{"grade":"Destroyed","aoi":"AOI02","matched_gba":false},"geometry":{"type":"Point","coordinates":[85.36620757,28.25381946]}},{"type":"Feature","properties":{"grade":"Destroyed","aoi":"AOI02","matched_gba":false},"geometry":{"type":"Point","coordinates":[85.36643835,28.25386835]}},{"type":"Feature","properties":{"grade":"Destroyed","aoi":"AOI02","matched_gba":true},"geometry":{"type":"Point","coordinates":[85.36612107,28.25387359]}},{"type":"Feature","properties":{"grade":"Destroyed","aoi":"AOI02","matched_gba":true},"geometry":{"type":"Point","coordinates":[85.36623428,28.25391916]}},{"type":"Feature","properties":{"grade":"Destroyed","aoi":"AOI02","matched_gba":true},"geometry":{"type":"Point","coordinates":[85.36630685,28.25394405]}},{"type":"Feature","properties":{"grade":"Destroyed","aoi":"AOI02","matched_gba":false},"geometry":{"type":"Point","coordinates":[85.3665332,28.25116942]}},{"type":"Feature","properties":{"grade":"Destroyed","aoi":"AOI02","matched_gba":true},"geometry":{"type":"Point","coordinates":[85.3665434,28.25203405]}},{"type":"Feature","properties":{"grade":"Destroyed","aoi":"AOI02","matched_gba":false},"geometry":{"type":"Point","coordinates":[85.36667499,28.25205244]}},{"type":"Feature","properties":{"grade":"Destroyed","aoi":"AOI02","matched_gba":false},"geometry":{"type":"Point","coordinates":[85.36672975,28.25208276]}},{"type":"Feature","properties":{"grade":"Destroyed","aoi":"AOI02","matched_gba":true},"geometry":{"type":"Point","coordinates":[85.36669794,28.25210473]}},{"type":"Feature","properties":{"grade":"Destroyed","aoi":"AOI02","matched_gba":false},"geometry":{"type":"Point","coordinates":[85.36663588,28.25211209]}},{"type":"Feature","properties":{"grade":"Destroyed","aoi":"AOI02","matched_gba":false},"geometry":{"type":"Point","coordinates":[85.36667499,28.25215121]}},{"type":"Feature","properties":{"grade":"Destroyed","aoi":"AOI02","matched_gba":false},"geometry":{"type":"Point","coordinates":[85.36671802,28.25215512]}},{"type":"Feature","properties":{"grade":"Destroyed","aoi":"AOI02","matched_gba":true},"geometry":{"type":"Point","coordinates":[85.36665739,28.25237807]}},{"type":"Feature","properties":{"grade":"Destroyed","aoi":"AOI02","matched_gba":true},"geometry":{"type":"Point","coordinates":[85.3667173,28.2525711]}},{"type":"Feature","properties":{"grade":"Destroyed","aoi":"AOI02","matched_gba":true},"geometry":{"type":"Point","coordinates":[85.36678295,28.25198037]}},{"type":"Feature","properties":{"grade":"Damaged","aoi":"AOI02","matched_gba":true},"geometry":{"type":"Point","coordinates":[85.36697425,28.2522526]}},{"type":"Feature","properties":{"grade":"Destroyed","aoi":"AOI02","matched_gba":true},"geometry":{"type":"Point","coordinates":[85.36694395,28.25241687]}},{"type":"Feature","properties":{"grade":"Destroyed","aoi":"AOI02","matched_gba":true},"geometry":{"type":"Point","coordinates":[85.36677108,28.25267591]}},{"type":"Feature","properties":{"grade":"Possibly damaged","aoi":"AOI02","matched_gba":false},"geometry":{"type":"Point","coordinates":[85.36701751,28.25273261]}},{"type":"Feature","properties":{"grade":"Damaged","aoi":"AOI02","matched_gba":false},"geometry":{"type":"Point","coordinates":[85.36694716,28.25275991]}},{"type":"Feature","properties":{"grade":"Damaged","aoi":"AOI02","matched_gba":false},"geometry":{"type":"Point","coordinates":[85.36694381,28.25284056]}},{"type":"Feature","properties":{"grade":"Damaged","aoi":"AOI02","matched_gba":true},"geometry":{"type":"Point","coordinates":[85.36690965,28.25290845]}},{"type":"Feature","properties":{"grade":"Possibly damaged","aoi":"AOI02","matched_gba":false},"geometry":{"type":"Point","coordinates":[85.36700747,28.25300007]}},{"type":"Feature","properties":{"grade":"Damaged","aoi":"AOI02","matched_gba":false},"geometry":{"type":"Point","coordinates":[85.36694697,28.25332848]}},{"type":"Feature","properties":{"grade":"Destroyed","aoi":"AOI02","matched_gba":true},"geometry":{"type":"Point","coordinates":[85.3664864,28.25265837]}},{"type":"Feature","properties":{"grade":"Destroyed","aoi":"AOI02","matched_gba":true},"geometry":{"type":"Point","coordinates":[85.36663795,28.25268695]}},{"type":"Feature","properties":{"grade":"Destroyed","aoi":"AOI02","matched_gba":true},"geometry":{"type":"Point","coordinates":[85.36651975,28.25296019]}},{"type":"Feature","properties":{"grade":"Destroyed","aoi":"AOI02","matched_gba":true},"geometry":{"type":"Point","coordinates":[85.3665418,28.25303366]}},{"type":"Feature","properties":{"grade":"Destroyed","aoi":"AOI02","matched_gba":true},"geometry":{"type":"Point","coordinates":[85.36655665,28.2531136]}},{"type":"Feature","properties":{"grade":"Destroyed","aoi":"AOI02","matched_gba":true},"geometry":{"type":"Point","coordinates":[85.36669958,28.2531219]}},{"type":"Feature","properties":{"grade":"Destroyed","aoi":"AOI02","matched_gba":false},"geometry":{"type":"Point","coordinates":[85.36672486,28.25315255]}},{"type":"Feature","properties":{"grade":"Destroyed","aoi":"AOI02","matched_gba":true},"geometry":{"type":"Point","coordinates":[85.36655959,28.25321838]}},{"type":"Feature","properties":{"grade":"Destroyed","aoi":"AOI02","matched_gba":true},"geometry":{"type":"Point","coordinates":[85.366513,28.2533412]}},{"type":"Feature","properties":{"grade":"Destroyed","aoi":"AOI02","matched_gba":false},"geometry":{"type":"Point","coordinates":[85.36674638,28.25344493]}},{"type":"Feature","properties":{"grade":"Damaged","aoi":"AOI02","matched_gba":false},"geometry":{"type":"Point","coordinates":[85.36695845,28.25344114]}},{"type":"Feature","properties":{"grade":"Destroyed","aoi":"AOI02","matched_gba":true},"geometry":{"type":"Point","coordinates":[85.3668003,28.25347785]}},{"type":"Feature","properties":{"grade":"Destroyed","aoi":"AOI02","matched_gba":true},"geometry":{"type":"Point","coordinates":[85.3668149,28.25375977]}},{"type":"Feature","properties":{"grade":"Destroyed","aoi":"AOI02","matched_gba":false},"geometry":{"type":"Point","coordinates":[85.36683121,28.25378548]}},{"type":"Feature","properties":{"grade":"Damaged","aoi":"AOI02","matched_gba":false},"geometry":{"type":"Point","coordinates":[85.36697642,28.25384415]}},{"type":"Feature","properties":{"grade":"Destroyed","aoi":"AOI02","matched_gba":false},"geometry":{"type":"Point","coordinates":[85.36690308,28.25386615]}},{"type":"Feature","properties":{"grade":"Destroyed","aoi":"AOI02","matched_gba":false},"geometry":{"type":"Point","coordinates":[85.36675787,28.25388816]}},{"type":"Feature","properties":{"grade":"Damaged","aoi":"AOI02","matched_gba":true},"geometry":{"type":"Point","coordinates":[85.36696322,28.25389109]}},{"type":"Feature","properties":{"grade":"Destroyed","aoi":"AOI02","matched_gba":true},"geometry":{"type":"Point","coordinates":[85.36681654,28.25390576]}},{"type":"Feature","properties":{"grade":"Destroyed","aoi":"AOI02","matched_gba":true},"geometry":{"type":"Point","coordinates":[85.36682885,28.25402359]}},{"type":"Feature","properties":{"grade":"Destroyed","aoi":"AOI02","matched_gba":false},"geometry":{"type":"Point","coordinates":[85.36672095,28.25354663]}},{"type":"Feature","properties":{"grade":"Destroyed","aoi":"AOI02","matched_gba":true},"geometry":{"type":"Point","coordinates":[85.36663235,28.25360755]}},{"type":"Feature","properties":{"grade":"Destroyed","aoi":"AOI02","matched_gba":false},"geometry":{"type":"Point","coordinates":[85.36652342,28.25363855]}},{"type":"Feature","properties":{"grade":"Destroyed","aoi":"AOI02","matched_gba":true},"geometry":{"type":"Point","coordinates":[85.36672905,28.25366415]}},{"type":"Feature","properties":{"grade":"Destroyed","aoi":"AOI02","matched_gba":true},"geometry":{"type":"Point","coordinates":[85.36658992,28.25369625]}},{"type":"Feature","properties":{"grade":"Destroyed","aoi":"AOI02","matched_gba":false},"geometry":{"type":"Point","coordinates":[85.36660459,28.25378621]}},{"type":"Feature","properties":{"grade":"Destroyed","aoi":"AOI02","matched_gba":true},"geometry":{"type":"Point","coordinates":[85.36674281,28.2537984]}},{"type":"Feature","properties":{"grade":"Destroyed","aoi":"AOI02","matched_gba":true},"geometry":{"type":"Point","coordinates":[85.36652273,28.25382151]}},{"type":"Feature","properties":{"grade":"Destroyed","aoi":"AOI02","matched_gba":false},"geometry":{"type":"Point","coordinates":[85.36654787,28.25394756]}},{"type":"Feature","properties":{"grade":"Destroyed","aoi":"AOI02","matched_gba":true},"geometry":{"type":"Point","coordinates":[85.36652615,28.25401253]}},{"type":"Feature","properties":{"grade":"Possibly damaged","aoi":"AOI02","matched_gba":false},"geometry":{"type":"Point","coordinates":[85.3679105,28.2530405]}},{"type":"Feature","properties":{"grade":"Possibly damaged","aoi":"AOI02","matched_gba":false},"geometry":{"type":"Point","coordinates":[85.36785234,28.25325935]}},{"type":"Feature","properties":{"grade":"Possibly damaged","aoi":"AOI02","matched_gba":false},"geometry":{"type":"Point","coordinates":[85.36713558,28.25374543]}},{"type":"Feature","properties":{"grade":"Damaged","aoi":"AOI02","matched_gba":false},"geometry":{"type":"Point","coordinates":[85.36727056,28.25392718]}},{"type":"Feature","properties":{"grade":"Damaged","aoi":"AOI02","matched_gba":false},"geometry":{"type":"Point","coordinates":[85.36714849,28.25398765]}},{"type":"Feature","properties":{"grade":"Possibly damaged","aoi":"AOI02","matched_gba":false},"geometry":{"type":"Point","coordinates":[85.36728084,28.2540868]}},{"type":"Feature","properties":{"grade":"Possibly damaged","aoi":"AOI02","matched_gba":false},"geometry":{"type":"Point","coordinates":[85.36743747,28.25465537]}},{"type":"Feature","properties":{"grade":"Possibly damaged","aoi":"AOI02","matched_gba":false},"geometry":{"type":"Point","coordinates":[85.36719965,28.2546863]}},{"type":"Feature","properties":{"grade":"Destroyed","aoi":"AOI02","matched_gba":true},"geometry":{"type":"Point","coordinates":[85.36711438,28.25474722]}},{"type":"Feature","properties":{"grade":"Destroyed","aoi":"AOI02","matched_gba":false},"geometry":{"type":"Point","coordinates":[85.3671209,28.25493106]}},{"type":"Feature","properties":{"grade":"Destroyed","aoi":"AOI02","matched_gba":true},"geometry":{"type":"Point","coordinates":[85.3670439,28.25405684]}},{"type":"Feature","properties":{"grade":"Destroyed","aoi":"AOI02","matched_gba":true},"geometry":{"type":"Point","coordinates":[85.36684058,28.25410573]}},{"type":"Feature","properties":{"grade":"Destroyed","aoi":"AOI02","matched_gba":true},"geometry":{"type":"Point","coordinates":[85.36684645,28.25418983]}},{"type":"Feature","properties":{"grade":"Destroyed","aoi":"AOI02","matched_gba":false},"geometry":{"type":"Point","coordinates":[85.36677604,28.25419961]}},{"type":"Feature","properties":{"grade":"Destroyed","aoi":"AOI02","matched_gba":false},"geometry":{"type":"Point","coordinates":[85.3670835,28.25427833]}},{"type":"Feature","properties":{"grade":"Damaged","aoi":"AOI02","matched_gba":false},"geometry":{"type":"Point","coordinates":[85.36689852,28.25428302]}},{"type":"Feature","properties":{"grade":"Damaged","aoi":"AOI02","matched_gba":false},"geometry":{"type":"Point","coordinates":[85.36684881,28.25434873]}},{"type":"Feature","properties":{"grade":"Destroyed","aoi":"AOI02","matched_gba":true},"geometry":{"type":"Point","coordinates":[85.36702189,28.25440887]}},{"type":"Feature","properties":{"grade":"Destroyed","aoi":"AOI02","matched_gba":false},"geometry":{"type":"Point","coordinates":[85.36690903,28.25450666]}},{"type":"Feature","properties":{"grade":"Damaged","aoi":"AOI02","matched_gba":false},"geometry":{"type":"Point","coordinates":[85.36701374,28.25450957]}},{"type":"Feature","properties":{"grade":"Destroyed","aoi":"AOI02","matched_gba":true},"geometry":{"type":"Point","coordinates":[85.3666989,28.2545982]}},{"type":"Feature","properties":{"grade":"Destroyed","aoi":"AOI02","matched_gba":true},"geometry":{"type":"Point","coordinates":[85.36660255,28.25462615]}},{"type":"Feature","properties":{"grade":"Destroyed","aoi":"AOI02","matched_gba":false},"geometry":{"type":"Point","coordinates":[85.36652978,28.25467143]}},{"type":"Feature","properties":{"grade":"Destroyed","aoi":"AOI02","matched_gba":true},"geometry":{"type":"Point","coordinates":[85.3667256,28.25475504]}},{"type":"Feature","properties":{"grade":"Destroyed","aoi":"AOI02","matched_gba":true},"geometry":{"type":"Point","coordinates":[85.36655417,28.25476419]}},{"type":"Feature","properties":{"grade":"Destroyed","aoi":"AOI02","matched_gba":true},"geometry":{"type":"Point","coordinates":[85.36658244,28.25490478]}},{"type":"Feature","properties":{"grade":"Destroyed","aoi":"AOI02","matched_gba":false},"geometry":{"type":"Point","coordinates":[85.3667212,28.2549868]}},{"type":"Feature","properties":{"grade":"Destroyed","aoi":"AOI02","matched_gba":true},"geometry":{"type":"Point","coordinates":[85.36665959,28.25501613]}},{"type":"Feature","properties":{"grade":"Destroyed","aoi":"AOI02","matched_gba":false},"geometry":{"type":"Point","coordinates":[85.3666945,28.255045]}},{"type":"Feature","properties":{"grade":"Destroyed","aoi":"AOI02","matched_gba":true},"geometry":{"type":"Point","coordinates":[85.3666357,28.25506613]}},{"type":"Feature","properties":{"grade":"Destroyed","aoi":"AOI02","matched_gba":false},"geometry":{"type":"Point","coordinates":[85.36703224,28.25458489]}},{"type":"Feature","properties":{"grade":"Destroyed","aoi":"AOI02","matched_gba":true},"geometry":{"type":"Point","coordinates":[85.36690365,28.25459055]}},{"type":"Feature","properties":{"grade":"Destroyed","aoi":"AOI02","matched_gba":false},"geometry":{"type":"Point","coordinates":[85.36688181,28.25475357]}},{"type":"Feature","properties":{"grade":"Damaged","aoi":"AOI02","matched_gba":false},"geometry":{"type":"Point","coordinates":[85.36704833,28.25488152]}},{"type":"Feature","properties":{"grade":"Destroyed","aoi":"AOI02","matched_gba":true},"geometry":{"type":"Point","coordinates":[85.366989,28.254945]}},{"type":"Feature","properties":{"grade":"Destroyed","aoi":"AOI02","matched_gba":false},"geometry":{"type":"Point","coordinates":[85.36681947,28.25494573]}},{"type":"Feature","properties":{"grade":"Damaged","aoi":"AOI02","matched_gba":true},"geometry":{"type":"Point","coordinates":[85.36706188,28.25496612]}},{"type":"Feature","properties":{"grade":"Destroyed","aoi":"AOI02","matched_gba":false},"geometry":{"type":"Point","coordinates":[85.36689868,28.25499853]}},{"type":"Feature","properties":{"grade":"Destroyed","aoi":"AOI02","matched_gba":true},"geometry":{"type":"Point","coordinates":[85.36682637,28.25507649]}},{"type":"Feature","properties":{"grade":"Destroyed","aoi":"AOI02","matched_gba":true},"geometry":{"type":"Point","coordinates":[85.36709743,28.25512321]}},{"type":"Feature","properties":{"grade":"Damaged","aoi":"AOI02","matched_gba":false},"geometry":{"type":"Point","coordinates":[85.36728521,28.2549591]}},{"type":"Feature","properties":{"grade":"Damaged","aoi":"AOI02","matched_gba":true},"geometry":{"type":"Point","coordinates":[85.36720451,28.25496479]}},{"type":"Feature","properties":{"grade":"Damaged","aoi":"AOI02","matched_gba":false},"geometry":{"type":"Point","coordinates":[85.36727971,28.2550416]}},{"type":"Feature","properties":{"grade":"Damaged","aoi":"AOI02","matched_gba":false},"geometry":{"type":"Point","coordinates":[85.36724278,28.25505491]}},{"type":"Feature","properties":{"grade":"Destroyed","aoi":"AOI02","matched_gba":false},"geometry":{"type":"Point","coordinates":[85.36721625,28.25511148]}},{"type":"Feature","properties":{"grade":"Damaged","aoi":"AOI02","matched_gba":true},"geometry":{"type":"Point","coordinates":[85.36719131,28.25520975]}},{"type":"Feature","properties":{"grade":"Possibly damaged","aoi":"AOI02","matched_gba":true},"geometry":{"type":"Point","coordinates":[85.36733689,28.25526292]}},{"type":"Feature","properties":{"grade":"Possibly damaged","aoi":"AOI02","matched_gba":false},"geometry":{"type":"Point","coordinates":[85.36759652,28.25528713]}},{"type":"Feature","properties":{"grade":"Possibly damaged","aoi":"AOI02","matched_gba":true},"geometry":{"type":"Point","coordinates":[85.3675006,28.2552876]}},{"type":"Feature","properties":{"grade":"Possibly damaged","aoi":"AOI02","matched_gba":false},"geometry":{"type":"Point","coordinates":[85.36770567,28.25530342]}},{"type":"Feature","properties":{"grade":"Destroyed","aoi":"AOI02","matched_gba":true},"geometry":{"type":"Point","coordinates":[85.36615249,28.25394763]}},{"type":"Feature","properties":{"grade":"Destroyed","aoi":"AOI02","matched_gba":true},"geometry":{"type":"Point","coordinates":[85.36634969,28.25402555]}},{"type":"Feature","properties":{"grade":"Destroyed","aoi":"AOI02","matched_gba":true},"geometry":{"type":"Point","coordinates":[85.36644546,28.25404628]}},{"type":"Feature","properties":{"grade":"Destroyed","aoi":"AOI02","matched_gba":true},"geometry":{"type":"Point","coordinates":[85.3662695,28.25406271]}},{"type":"Feature","properties":{"grade":"Destroyed","aoi":"AOI02","matched_gba":true},"geometry":{"type":"Point","coordinates":[85.36630079,28.2541644]}},{"type":"Feature","properties":{"grade":"Destroyed","aoi":"AOI02","matched_gba":false},"geometry":{"type":"Point","coordinates":[85.36639858,28.25417418]}},{"type":"Feature","properties":{"grade":"Destroyed","aoi":"AOI02","matched_gba":true},"geometry":{"type":"Point","coordinates":[85.36637895,28.25424115]}},{"type":"Feature","properties":{"grade":"Destroyed","aoi":"AOI02","matched_gba":false},"geometry":{"type":"Point","coordinates":[85.36637723,28.25435167]}},{"type":"Feature","properties":{"grade":"Destroyed","aoi":"AOI02","matched_gba":false},"geometry":{"type":"Point","coordinates":[85.36640803,28.25439567]}},{"type":"Feature","properties":{"grade":"Destroyed","aoi":"AOI02","matched_gba":true},"geometry":{"type":"Point","coordinates":[85.36642417,28.25442941]}},{"type":"Feature","properties":{"grade":"Destroyed","aoi":"AOI02","matched_gba":true},"geometry":{"type":"Point","coordinates":[85.36663685,28.25404345]}},{"type":"Feature","properties":{"grade":"Destroyed","aoi":"AOI02","matched_gba":true},"geometry":{"type":"Point","coordinates":[85.36673497,28.25406466]}},{"type":"Feature","properties":{"grade":"Destroyed","aoi":"AOI02","matched_gba":true},"geometry":{"type":"Point","coordinates":[85.36648342,28.2541726]}},{"type":"Feature","properties":{"grade":"Destroyed","aoi":"AOI02","matched_gba":true},"geometry":{"type":"Point","coordinates":[85.3664903,28.25424945]}},{"type":"Feature","properties":{"grade":"Destroyed","aoi":"AOI02","matched_gba":true},"geometry":{"type":"Point","coordinates":[85.36656132,28.25440594]}},{"type":"Feature","properties":{"grade":"Damaged","aoi":"AOI02","matched_gba":false},"geometry":{"type":"Point","coordinates":[85.36669282,28.25443068]}},{"type":"Feature","properties":{"grade":"Damaged","aoi":"AOI02","matched_gba":false},"geometry":{"type":"Point","coordinates":[85.36662273,28.2544411]}},{"type":"Feature","properties":{"grade":"Destroyed","aoi":"AOI02","matched_gba":true},"geometry":{"type":"Point","coordinates":[85.36646084,28.25447781]}},{"type":"Feature","properties":{"grade":"Destroyed","aoi":"AOI02","matched_gba":true},"geometry":{"type":"Point","coordinates":[85.36647257,28.25451448]}},{"type":"Feature","properties":{"grade":"Destroyed","aoi":"AOI02","matched_gba":true},"geometry":{"type":"Point","coordinates":[85.36649751,28.25459369]}},{"type":"Feature","properties":{"grade":"Destroyed","aoi":"AOI02","matched_gba":true},"geometry":{"type":"Point","coordinates":[85.36603585,28.2532887]}},{"type":"Feature","properties":{"grade":"Destroyed","aoi":"AOI02","matched_gba":true},"geometry":{"type":"Point","coordinates":[85.3660447,28.2533571]}},{"type":"Feature","properties":{"grade":"Destroyed","aoi":"AOI02","matched_gba":true},"geometry":{"type":"Point","coordinates":[85.36607421,28.25347037]}},{"type":"Feature","properties":{"grade":"Destroyed","aoi":"AOI02","matched_gba":true},"geometry":{"type":"Point","coordinates":[85.3660667,28.2535954]}},{"type":"Feature","properties":{"grade":"Destroyed","aoi":"AOI02","matched_gba":false},"geometry":{"type":"Point","coordinates":[85.36609902,28.25364638]}},{"type":"Feature","properties":{"grade":"Destroyed","aoi":"AOI02","matched_gba":true},"geometry":{"type":"Point","coordinates":[85.3647159,28.2538022]}},{"type":"Feature","properties":{"grade":"Destroyed","aoi":"AOI02","matched_gba":false},"geometry":{"type":"Point","coordinates":[85.36574228,28.25505445]}},{"type":"Feature","properties":{"grade":"Destroyed","aoi":"AOI02","matched_gba":true},"geometry":{"type":"Point","coordinates":[85.36432571,28.25519802]}},{"type":"Feature","properties":{"grade":"Destroyed","aoi":"AOI02","matched_gba":true},"geometry":{"type":"Point","coordinates":[85.36419828,28.25533793]}},{"type":"Feature","properties":{"grade":"Destroyed","aoi":"AOI02","matched_gba":true},"geometry":{"type":"Point","coordinates":[85.36419645,28.2555566]}},{"type":"Feature","properties":{"grade":"Destroyed","aoi":"AOI02","matched_gba":true},"geometry":{"type":"Point","coordinates":[85.36645752,28.25601038]}},{"type":"Feature","properties":{"grade":"Destroyed","aoi":"AOI02","matched_gba":true},"geometry":{"type":"Point","coordinates":[85.36626621,28.25717079]}},{"type":"Feature","properties":{"grade":"Destroyed","aoi":"AOI02","matched_gba":true},"geometry":{"type":"Point","coordinates":[85.36425995,28.256013]}},{"type":"Feature","properties":{"grade":"Destroyed","aoi":"AOI02","matched_gba":false},"geometry":{"type":"Point","coordinates":[85.36610284,28.25754702]}},{"type":"Feature","properties":{"grade":"Destroyed","aoi":"AOI02","matched_gba":true},"geometry":{"type":"Point","coordinates":[85.36650878,28.25711138]}},{"type":"Feature","properties":{"grade":"Destroyed","aoi":"AOI02","matched_gba":false},"geometry":{"type":"Point","coordinates":[85.36654979,28.25717245]}},{"type":"Feature","properties":{"grade":"Destroyed","aoi":"AOI02","matched_gba":true},"geometry":{"type":"Point","coordinates":[85.36685991,28.25518702]}},{"type":"Feature","properties":{"grade":"Destroyed","aoi":"AOI02","matched_gba":true},"geometry":{"type":"Point","coordinates":[85.3670549,28.25521415]}},{"type":"Feature","properties":{"grade":"Destroyed","aoi":"AOI02","matched_gba":false},"geometry":{"type":"Point","coordinates":[85.36677963,28.25523127]}},{"type":"Feature","properties":{"grade":"Destroyed","aoi":"AOI02","matched_gba":false},"geometry":{"type":"Point","coordinates":[85.36699182,28.25527136]}},{"type":"Feature","properties":{"grade":"Damaged","aoi":"AOI02","matched_gba":true},"geometry":{"type":"Point","coordinates":[85.36708482,28.25529196]}},{"type":"Feature","properties":{"grade":"Destroyed","aoi":"AOI02","matched_gba":false},"geometry":{"type":"Point","coordinates":[85.36688915,28.25531341]}},{"type":"Feature","properties":{"grade":"Damaged","aoi":"AOI02","matched_gba":false},"geometry":{"type":"Point","coordinates":[85.36703893,28.25533645]}},{"type":"Feature","properties":{"grade":"Damaged","aoi":"AOI02","matched_gba":false},"geometry":{"type":"Point","coordinates":[85.36700131,28.2553948]}},{"type":"Feature","properties":{"grade":"Damaged","aoi":"AOI02","matched_gba":false},"geometry":{"type":"Point","coordinates":[85.36704651,28.25539534]}},{"type":"Feature","properties":{"grade":"Damaged","aoi":"AOI02","matched_gba":false},"geometry":{"type":"Point","coordinates":[85.36696093,28.2554481]}},{"type":"Feature","properties":{"grade":"Destroyed","aoi":"AOI02","matched_gba":false},"geometry":{"type":"Point","coordinates":[85.36669227,28.25513217]}},{"type":"Feature","properties":{"grade":"Destroyed","aoi":"AOI02","matched_gba":true},"geometry":{"type":"Point","coordinates":[85.36652465,28.25517625]}},{"type":"Feature","properties":{"grade":"Destroyed","aoi":"AOI02","matched_gba":true},"geometry":{"type":"Point","coordinates":[85.36672356,28.25523909]}},{"type":"Feature","properties":{"grade":"Destroyed","aoi":"AOI02","matched_gba":true},"geometry":{"type":"Point","coordinates":[85.36656352,28.2553139]}},{"type":"Feature","properties":{"grade":"Destroyed","aoi":"AOI02","matched_gba":false},"geometry":{"type":"Point","coordinates":[85.36659285,28.25545618]}},{"type":"Feature","properties":{"grade":"Destroyed","aoi":"AOI02","matched_gba":false},"geometry":{"type":"Point","coordinates":[85.36653271,28.25557646]}},{"type":"Feature","properties":{"grade":"Destroyed","aoi":"AOI02","matched_gba":true},"geometry":{"type":"Point","coordinates":[85.36662512,28.2556498]}},{"type":"Feature","properties":{"grade":"Destroyed","aoi":"AOI02","matched_gba":false},"geometry":{"type":"Point","coordinates":[85.36656938,28.2557378]}},{"type":"Feature","properties":{"grade":"Destroyed","aoi":"AOI02","matched_gba":true},"geometry":{"type":"Point","coordinates":[85.36656058,28.25603143]}},{"type":"Feature","properties":{"grade":"Destroyed","aoi":"AOI02","matched_gba":true},"geometry":{"type":"Point","coordinates":[85.36670791,28.25610744]}},{"type":"Feature","properties":{"grade":"Damaged","aoi":"AOI02","matched_gba":true},"geometry":{"type":"Point","coordinates":[85.36721582,28.2553173]}},{"type":"Feature","properties":{"grade":"Possibly damaged","aoi":"AOI02","matched_gba":false},"geometry":{"type":"Point","coordinates":[85.36732369,28.25534873]}},{"type":"Feature","properties":{"grade":"Destroyed","aoi":"AOI02","matched_gba":false},"geometry":{"type":"Point","coordinates":[85.3670989,28.25539457]}},{"type":"Feature","properties":{"grade":"Possibly damaged","aoi":"AOI02","matched_gba":false},"geometry":{"type":"Point","coordinates":[85.36752831,28.25539714]}},{"type":"Feature","properties":{"grade":"Possibly damaged","aoi":"AOI02","matched_gba":true},"geometry":{"type":"Point","coordinates":[85.36730834,28.25549397]}},{"type":"Feature","properties":{"grade":"Possibly damaged","aoi":"AOI02","matched_gba":true},"geometry":{"type":"Point","coordinates":[85.36753846,28.25556034]}},{"type":"Feature","properties":{"grade":"Possibly damaged","aoi":"AOI02","matched_gba":true},"geometry":{"type":"Point","coordinates":[85.3676962,28.25561705]}},{"type":"Feature","properties":{"grade":"Possibly damaged","aoi":"AOI02","matched_gba":true},"geometry":{"type":"Point","coordinates":[85.36723128,28.25569857]}},{"type":"Feature","properties":{"grade":"Possibly damaged","aoi":"AOI02","matched_gba":true},"geometry":{"type":"Point","coordinates":[85.3675528,28.25591447]}},{"type":"Feature","properties":{"grade":"Possibly damaged","aoi":"AOI02","matched_gba":true},"geometry":{"type":"Point","coordinates":[85.36726426,28.25598315]}},{"type":"Feature","properties":{"grade":"Destroyed","aoi":"AOI02","matched_gba":true},"geometry":{"type":"Point","coordinates":[85.36684848,28.25547303]}},{"type":"Feature","properties":{"grade":"Destroyed","aoi":"AOI02","matched_gba":true},"geometry":{"type":"Point","coordinates":[85.3668448,28.25559095]}},{"type":"Feature","properties":{"grade":"Destroyed","aoi":"AOI02","matched_gba":true},"geometry":{"type":"Point","coordinates":[85.36699427,28.2556732]}},{"type":"Feature","properties":{"grade":"Destroyed","aoi":"AOI02","matched_gba":true},"geometry":{"type":"Point","coordinates":[85.36686307,28.255685]}},{"type":"Feature","properties":{"grade":"Damaged","aoi":"AOI02","matched_gba":true},"geometry":{"type":"Point","coordinates":[85.36699917,28.25582705]}},{"type":"Feature","properties":{"grade":"Destroyed","aoi":"AOI02","matched_gba":true},"geometry":{"type":"Point","coordinates":[85.36676482,28.25590447]}},{"type":"Feature","properties":{"grade":"Destroyed","aoi":"AOI02","matched_gba":true},"geometry":{"type":"Point","coordinates":[85.3667621,28.25599445]}},{"type":"Feature","properties":{"grade":"Damaged","aoi":"AOI02","matched_gba":true},"geometry":{"type":"Point","coordinates":[85.36701688,28.25599644]}},{"type":"Feature","properties":{"grade":"Damaged","aoi":"AOI02","matched_gba":false},"geometry":{"type":"Point","coordinates":[85.36698275,28.25617174]}},{"type":"Feature","properties":{"grade":"Destroyed","aoi":"AOI02","matched_gba":true},"geometry":{"type":"Point","coordinates":[85.36678885,28.25622225]}},{"type":"Feature","properties":{"grade":"Damaged","aoi":"AOI02","matched_gba":false},"geometry":{"type":"Point","coordinates":[85.36702761,28.25636852]}},{"type":"Feature","properties":{"grade":"Damaged","aoi":"AOI02","matched_gba":false},"geometry":{"type":"Point","coordinates":[85.36706361,28.25650969]}},{"type":"Feature","properties":{"grade":"Possibly damaged","aoi":"AOI02","matched_gba":true},"geometry":{"type":"Point","coordinates":[85.3674467,28.25599665]}},{"type":"Feature","properties":{"grade":"Possibly damaged","aoi":"AOI02","matched_gba":true},"geometry":{"type":"Point","coordinates":[85.3675274,28.25605025]}},{"type":"Feature","properties":{"grade":"Possibly damaged","aoi":"AOI02","matched_gba":false},"geometry":{"type":"Point","coordinates":[85.36767793,28.25612541]}},{"type":"Feature","properties":{"grade":"Possibly damaged","aoi":"AOI02","matched_gba":true},"geometry":{"type":"Point","coordinates":[85.36752611,28.25618261]}},{"type":"Feature","properties":{"grade":"Possibly damaged","aoi":"AOI02","matched_gba":true},"geometry":{"type":"Point","coordinates":[85.36753051,28.25630803]}},{"type":"Feature","properties":{"grade":"Possibly damaged","aoi":"AOI02","matched_gba":false},"geometry":{"type":"Point","coordinates":[85.36755101,28.25637196]}},{"type":"Feature","properties":{"grade":"Destroyed","aoi":"AOI02","matched_gba":false},"geometry":{"type":"Point","coordinates":[85.36750113,28.25767351]}},{"type":"Feature","properties":{"grade":"Destroyed","aoi":"AOI02","matched_gba":false},"geometry":{"type":"Point","coordinates":[85.36740127,28.25770933]}},{"type":"Feature","properties":{"grade":"Destroyed","aoi":"AOI02","matched_gba":false},"geometry":{"type":"Point","coordinates":[85.36763998,28.25811202]}},{"type":"Feature","properties":{"grade":"Destroyed","aoi":"AOI02","matched_gba":true},"geometry":{"type":"Point","coordinates":[85.37015962,28.25977002]}},{"type":"Feature","properties":{"grade":"Destroyed","aoi":"AOI02","matched_gba":false},"geometry":{"type":"Point","coordinates":[85.37054401,28.26011263]}},{"type":"Feature","properties":{"grade":"Destroyed","aoi":"AOI02","matched_gba":false},"geometry":{"type":"Point","coordinates":[85.37044965,28.26030519]}},{"type":"Feature","properties":{"grade":"Destroyed","aoi":"AOI02","matched_gba":true},"geometry":{"type":"Point","coordinates":[85.37375327,28.2631661]}},{"type":"Feature","properties":{"grade":"Destroyed","aoi":"AOI02","matched_gba":true},"geometry":{"type":"Point","coordinates":[85.37350144,28.26317758]}},{"type":"Feature","properties":{"grade":"Destroyed","aoi":"AOI02","matched_gba":true},"geometry":{"type":"Point","coordinates":[85.3735379,28.2632827]}},{"type":"Feature","properties":{"grade":"Destroyed","aoi":"AOI02","matched_gba":true},"geometry":{"type":"Point","coordinates":[85.37355695,28.2633956]}},{"type":"Feature","properties":{"grade":"Destroyed","aoi":"AOI02","matched_gba":false},"geometry":{"type":"Point","coordinates":[85.37391609,28.26340813]}},{"type":"Feature","properties":{"grade":"Destroyed","aoi":"AOI02","matched_gba":false},"geometry":{"type":"Point","coordinates":[85.37358538,28.26343717]}},{"type":"Feature","properties":{"grade":"Destroyed","aoi":"AOI02","matched_gba":true},"geometry":{"type":"Point","coordinates":[85.37382038,28.26346643]}},{"type":"Feature","properties":{"grade":"Destroyed","aoi":"AOI02","matched_gba":false},"geometry":{"type":"Point","coordinates":[85.37378073,28.26348149]}},{"type":"Feature","properties":{"grade":"Destroyed","aoi":"AOI02","matched_gba":false},"geometry":{"type":"Point","coordinates":[85.37357704,28.2634844]}},{"type":"Feature","properties":{"grade":"Destroyed","aoi":"AOI02","matched_gba":false},"geometry":{"type":"Point","coordinates":[85.37391279,28.26349724]}},{"type":"Feature","properties":{"grade":"Destroyed","aoi":"AOI02","matched_gba":true},"geometry":{"type":"Point","coordinates":[85.37396395,28.2635787]}},{"type":"Feature","properties":{"grade":"Destroyed","aoi":"AOI02","matched_gba":false},"geometry":{"type":"Point","coordinates":[85.37355296,28.26359276]}},{"type":"Feature","properties":{"grade":"Destroyed","aoi":"AOI02","matched_gba":true},"geometry":{"type":"Point","coordinates":[85.37387649,28.26362155]}},{"type":"Feature","properties":{"grade":"Destroyed","aoi":"AOI02","matched_gba":false},"geometry":{"type":"Point","coordinates":[85.37356639,28.26367586]}},{"type":"Feature","properties":{"grade":"Destroyed","aoi":"AOI02","matched_gba":false},"geometry":{"type":"Point","coordinates":[85.37381048,28.26376346]}},{"type":"Feature","properties":{"grade":"Destroyed","aoi":"AOI02","matched_gba":true},"geometry":{"type":"Point","coordinates":[85.37373392,28.26385696]}},{"type":"Feature","properties":{"grade":"Destroyed","aoi":"AOI02","matched_gba":false},"geometry":{"type":"Point","coordinates":[85.37358059,28.26394208]}},{"type":"Feature","properties":{"grade":"Destroyed","aoi":"AOI02","matched_gba":false},"geometry":{"type":"Point","coordinates":[85.37391141,28.26399806]}},{"type":"Feature","properties":{"grade":"Destroyed","aoi":"AOI02","matched_gba":false},"geometry":{"type":"Point","coordinates":[85.37409541,28.26355884]}},{"type":"Feature","properties":{"grade":"Destroyed","aoi":"AOI02","matched_gba":false},"geometry":{"type":"Point","coordinates":[85.37400985,28.26366977]}},{"type":"Feature","properties":{"grade":"Destroyed","aoi":"AOI02","matched_gba":true},"geometry":{"type":"Point","coordinates":[85.3741427,28.26400405]}},{"type":"Feature","properties":{"grade":"Destroyed","aoi":"AOI02","matched_gba":true},"geometry":{"type":"Point","coordinates":[85.37398485,28.2640797]}},{"type":"Feature","properties":{"grade":"Destroyed","aoi":"AOI02","matched_gba":true},"geometry":{"type":"Point","coordinates":[85.3740851,28.2641648]}},{"type":"Feature","properties":{"grade":"Destroyed","aoi":"AOI02","matched_gba":false},"geometry":{"type":"Point","coordinates":[85.37409733,28.26421368]}},{"type":"Feature","properties":{"grade":"Destroyed","aoi":"AOI02","matched_gba":true},"geometry":{"type":"Point","coordinates":[85.3743274,28.2642772]}},{"type":"Feature","properties":{"grade":"Destroyed","aoi":"AOI02","matched_gba":true},"geometry":{"type":"Point","coordinates":[85.37441844,28.26429312]}},{"type":"Feature","properties":{"grade":"Destroyed","aoi":"AOI02","matched_gba":false},"geometry":{"type":"Point","coordinates":[85.37407643,28.26433084]}},{"type":"Feature","properties":{"grade":"Destroyed","aoi":"AOI02","matched_gba":true},"geometry":{"type":"Point","coordinates":[85.37406063,28.26439844]}},{"type":"Feature","properties":{"grade":"Destroyed","aoi":"AOI02","matched_gba":true},"geometry":{"type":"Point","coordinates":[85.3738097,28.2642086]}},{"type":"Feature","properties":{"grade":"Destroyed","aoi":"AOI02","matched_gba":true},"geometry":{"type":"Point","coordinates":[85.37397331,28.26439031]}},{"type":"Feature","properties":{"grade":"Destroyed","aoi":"AOI02","matched_gba":true},"geometry":{"type":"Point","coordinates":[85.3748136,28.26440225]}},{"type":"Feature","properties":{"grade":"Destroyed","aoi":"AOI02","matched_gba":false},"geometry":{"type":"Point","coordinates":[85.37407022,28.26445123]}},{"type":"Feature","properties":{"grade":"Destroyed","aoi":"AOI02","matched_gba":false},"geometry":{"type":"Point","coordinates":[85.37427555,28.26448761]}},{"type":"Feature","properties":{"grade":"Destroyed","aoi":"AOI02","matched_gba":false},"geometry":{"type":"Point","coordinates":[85.37441746,28.26452226]}},{"type":"Feature","properties":{"grade":"Destroyed","aoi":"AOI02","matched_gba":true},"geometry":{"type":"Point","coordinates":[85.37464947,28.26457004]}},{"type":"Feature","properties":{"grade":"Destroyed","aoi":"AOI02","matched_gba":true},"geometry":{"type":"Point","coordinates":[85.37422035,28.264574]}},{"type":"Feature","properties":{"grade":"Destroyed","aoi":"AOI02","matched_gba":false},"geometry":{"type":"Point","coordinates":[85.37451977,28.26459982]}},{"type":"Feature","properties":{"grade":"Destroyed","aoi":"AOI02","matched_gba":false},"geometry":{"type":"Point","coordinates":[85.3748036,28.26464602]}},{"type":"Feature","properties":{"grade":"Destroyed","aoi":"AOI02","matched_gba":true},"geometry":{"type":"Point","coordinates":[85.37553957,28.26469718]}},{"type":"Feature","properties":{"grade":"Destroyed","aoi":"AOI02","matched_gba":true},"geometry":{"type":"Point","coordinates":[85.3757607,28.26471203]}},{"type":"Feature","properties":{"grade":"Destroyed","aoi":"AOI02","matched_gba":true},"geometry":{"type":"Point","coordinates":[85.37459568,28.26471368]}},{"type":"Feature","properties":{"grade":"Destroyed","aoi":"AOI02","matched_gba":false},"geometry":{"type":"Point","coordinates":[85.37460228,28.26474503]}},{"type":"Feature","properties":{"grade":"Destroyed","aoi":"AOI02","matched_gba":false},"geometry":{"type":"Point","coordinates":[85.37480071,28.26474787]}},{"type":"Feature","properties":{"grade":"Destroyed","aoi":"AOI02","matched_gba":true},"geometry":{"type":"Point","coordinates":[85.37596862,28.26480444]}},{"type":"Feature","properties":{"grade":"Destroyed","aoi":"AOI02","matched_gba":true},"geometry":{"type":"Point","coordinates":[85.37567984,28.26481434]}},{"type":"Feature","properties":{"grade":"Destroyed","aoi":"AOI02","matched_gba":true},"geometry":{"type":"Point","coordinates":[85.37604287,28.26488365]}},{"type":"Feature","properties":{"grade":"Destroyed","aoi":"AOI02","matched_gba":true},"geometry":{"type":"Point","coordinates":[85.37498205,28.26498294]}},{"type":"Feature","properties":{"grade":"Destroyed","aoi":"AOI02","matched_gba":false},"geometry":{"type":"Point","coordinates":[85.37504883,28.26502626]}},{"type":"Feature","properties":{"grade":"Destroyed","aoi":"AOI02","matched_gba":false},"geometry":{"type":"Point","coordinates":[85.37556141,28.26508221]}},{"type":"Feature","properties":{"grade":"Destroyed","aoi":"AOI02","matched_gba":false},"geometry":{"type":"Point","coordinates":[85.37535385,28.26513996]}},{"type":"Feature","properties":{"grade":"Destroyed","aoi":"AOI02","matched_gba":true},"geometry":{"type":"Point","coordinates":[85.37651152,28.26514602]}},{"type":"Feature","properties":{"grade":"Destroyed","aoi":"AOI02","matched_gba":false},"geometry":{"type":"Point","coordinates":[85.3752932,28.26519082]}},{"type":"Feature","properties":{"grade":"Destroyed","aoi":"AOI02","matched_gba":true},"geometry":{"type":"Point","coordinates":[85.37514848,28.26520596]}},{"type":"Feature","properties":{"grade":"Destroyed","aoi":"AOI02","matched_gba":true},"geometry":{"type":"Point","coordinates":[85.37627555,28.26523678]}},{"type":"Feature","properties":{"grade":"Destroyed","aoi":"AOI02","matched_gba":false},"geometry":{"type":"Point","coordinates":[85.37547478,28.26525909]}},{"type":"Feature","properties":{"grade":"Destroyed","aoi":"AOI02","matched_gba":false},"geometry":{"type":"Point","coordinates":[85.37544951,28.26529338]}},{"type":"Feature","properties":{"grade":"Destroyed","aoi":"AOI02","matched_gba":true},"geometry":{"type":"Point","coordinates":[85.37506961,28.2653015]}},{"type":"Feature","properties":{"grade":"Destroyed","aoi":"AOI02","matched_gba":true},"geometry":{"type":"Point","coordinates":[85.37627555,28.26531599]}},{"type":"Feature","properties":{"grade":"Destroyed","aoi":"AOI02","matched_gba":true},"geometry":{"type":"Point","coordinates":[85.37511193,28.26534591]}},{"type":"Feature","properties":{"grade":"Destroyed","aoi":"AOI02","matched_gba":true},"geometry":{"type":"Point","coordinates":[85.37647687,28.26534734]}},{"type":"Feature","properties":{"grade":"Destroyed","aoi":"AOI02","matched_gba":false},"geometry":{"type":"Point","coordinates":[85.37513893,28.26536656]}},{"type":"Feature","properties":{"grade":"Destroyed","aoi":"AOI02","matched_gba":true},"geometry":{"type":"Point","coordinates":[85.37616994,28.2653754]}},{"type":"Feature","properties":{"grade":"Destroyed","aoi":"AOI02","matched_gba":true},"geometry":{"type":"Point","coordinates":[85.37611713,28.26538365]}},{"type":"Feature","properties":{"grade":"Destroyed","aoi":"AOI02","matched_gba":false},"geometry":{"type":"Point","coordinates":[85.37620324,28.26544272]}},{"type":"Feature","properties":{"grade":"Destroyed","aoi":"AOI02","matched_gba":true},"geometry":{"type":"Point","coordinates":[85.37615976,28.26548625]}},{"type":"Feature","properties":{"grade":"Destroyed","aoi":"AOI02","matched_gba":true},"geometry":{"type":"Point","coordinates":[85.376335,28.2656444]}},{"type":"Feature","properties":{"grade":"Destroyed","aoi":"AOI02","matched_gba":true},"geometry":{"type":"Point","coordinates":[85.37604555,28.26566612]}},{"type":"Feature","properties":{"grade":"Destroyed","aoi":"AOI02","matched_gba":true},"geometry":{"type":"Point","coordinates":[85.37623589,28.26571318]}},{"type":"Feature","properties":{"grade":"Destroyed","aoi":"AOI02","matched_gba":true},"geometry":{"type":"Point","coordinates":[85.3761376,28.26580224]}},{"type":"Feature","properties":{"grade":"Destroyed","aoi":"AOI02","matched_gba":true},"geometry":{"type":"Point","coordinates":[85.37604635,28.265813]}},{"type":"Feature","properties":{"grade":"Destroyed","aoi":"AOI02","matched_gba":true},"geometry":{"type":"Point","coordinates":[85.37657423,28.26502886]}},{"type":"Feature","properties":{"grade":"Destroyed","aoi":"AOI02","matched_gba":true},"geometry":{"type":"Point","coordinates":[85.376797,28.26522358]}},{"type":"Feature","properties":{"grade":"Destroyed","aoi":"AOI02","matched_gba":true},"geometry":{"type":"Point","coordinates":[85.37672604,28.26525328]}},{"type":"Feature","properties":{"grade":"Destroyed","aoi":"AOI02","matched_gba":true},"geometry":{"type":"Point","coordinates":[85.37660294,28.26531813]}},{"type":"Feature","properties":{"grade":"Destroyed","aoi":"AOI02","matched_gba":true},"geometry":{"type":"Point","coordinates":[85.37659605,28.26545897]}},{"type":"Feature","properties":{"grade":"Destroyed","aoi":"AOI02","matched_gba":true},"geometry":{"type":"Point","coordinates":[85.37667998,28.2654671]}},{"type":"Feature","properties":{"grade":"Destroyed","aoi":"AOI02","matched_gba":true},"geometry":{"type":"Point","coordinates":[85.37663937,28.26554561]}},{"type":"Feature","properties":{"grade":"Destroyed","aoi":"AOI02","matched_gba":false},"geometry":{"type":"Point","coordinates":[85.37656627,28.26673682]}},{"type":"Feature","properties":{"grade":"Destroyed","aoi":"AOI02","matched_gba":true},"geometry":{"type":"Point","coordinates":[85.37695598,28.26796449]}},{"type":"Feature","properties":{"grade":"Destroyed","aoi":"AOI02","matched_gba":false},"geometry":{"type":"Point","coordinates":[85.377031,28.26813676]}},{"type":"Feature","properties":{"grade":"Destroyed","aoi":"AOI02","matched_gba":false},"geometry":{"type":"Point","coordinates":[85.37651754,28.26641736]}},{"type":"Feature","properties":{"grade":"Destroyed","aoi":"AOI02","matched_gba":true},"geometry":{"type":"Point","coordinates":[85.37653156,28.26665064]}},{"type":"Feature","properties":{"grade":"Destroyed","aoi":"AOI02","matched_gba":true},"geometry":{"type":"Point","coordinates":[85.37644264,28.26949195]}},{"type":"Feature","properties":{"grade":"Destroyed","aoi":"AOI02","matched_gba":true},"geometry":{"type":"Point","coordinates":[85.37651032,28.26953256]}},{"type":"Feature","properties":{"grade":"Destroyed","aoi":"AOI02","matched_gba":false},"geometry":{"type":"Point","coordinates":[85.3764264,28.26956234]}},{"type":"Feature","properties":{"grade":"Destroyed","aoi":"AOI02","matched_gba":true},"geometry":{"type":"Point","coordinates":[85.37653739,28.26960295]}},{"type":"Feature","properties":{"grade":"Destroyed","aoi":"AOI02","matched_gba":false},"geometry":{"type":"Point","coordinates":[85.37648596,28.26960836]}},{"type":"Feature","properties":{"grade":"Destroyed","aoi":"AOI02","matched_gba":true},"geometry":{"type":"Point","coordinates":[85.37644805,28.26961377]}},{"type":"Feature","properties":{"grade":"Destroyed","aoi":"AOI02","matched_gba":true},"geometry":{"type":"Point","coordinates":[85.37651303,28.26966251]}},{"type":"Feature","properties":{"grade":"Destroyed","aoi":"AOI02","matched_gba":false},"geometry":{"type":"Point","coordinates":[85.37646701,28.26968146]}},{"type":"Feature","properties":{"grade":"Destroyed","aoi":"AOI02","matched_gba":false},"geometry":{"type":"Point","coordinates":[85.37758151,28.26837203]}},{"type":"Feature","properties":{"grade":"Destroyed","aoi":"AOI02","matched_gba":false},"geometry":{"type":"Point","coordinates":[85.37760847,28.26853205]}},{"type":"Feature","properties":{"grade":"Destroyed","aoi":"AOI02","matched_gba":false},"geometry":{"type":"Point","coordinates":[85.37660237,28.26957858]}},{"type":"Feature","properties":{"grade":"Destroyed","aoi":"AOI02","matched_gba":true},"geometry":{"type":"Point","coordinates":[85.37656988,28.26965709]}},{"type":"Feature","properties":{"grade":"Destroyed","aoi":"AOI02","matched_gba":false},"geometry":{"type":"Point","coordinates":[85.37660237,28.2696598]}},{"type":"Feature","properties":{"grade":"Destroyed","aoi":"AOI02","matched_gba":false},"geometry":{"type":"Point","coordinates":[85.37664027,28.26970853]}},{"type":"Feature","properties":{"grade":"Destroyed","aoi":"AOI02","matched_gba":true},"geometry":{"type":"Point","coordinates":[85.37654822,28.26971124]}},{"type":"Feature","properties":{"grade":"Destroyed","aoi":"AOI02","matched_gba":false},"geometry":{"type":"Point","coordinates":[85.37659966,28.26971394]}},{"type":"Feature","properties":{"grade":"Destroyed","aoi":"AOI02","matched_gba":true},"geometry":{"type":"Point","coordinates":[85.37675398,28.26981411]}},{"type":"Feature","properties":{"grade":"Destroyed","aoi":"AOI02","matched_gba":true},"geometry":{"type":"Point","coordinates":[85.3766511,28.26983577]}},{"type":"Feature","properties":{"grade":"Destroyed","aoi":"AOI02","matched_gba":false},"geometry":{"type":"Point","coordinates":[85.37648596,28.2697356]}},{"type":"Feature","properties":{"grade":"Destroyed","aoi":"AOI02","matched_gba":false},"geometry":{"type":"Point","coordinates":[85.37651844,28.26973831]}},{"type":"Feature","properties":{"grade":"Destroyed","aoi":"AOI02","matched_gba":false},"geometry":{"type":"Point","coordinates":[85.37680542,28.26996031]}},{"type":"Feature","properties":{"grade":"Destroyed","aoi":"AOI02","matched_gba":true},"geometry":{"type":"Point","coordinates":[85.37677022,28.27011462]}},{"type":"Feature","properties":{"grade":"Destroyed","aoi":"AOI02","matched_gba":false},"geometry":{"type":"Point","coordinates":[85.37836752,28.27041007]}},{"type":"Feature","properties":{"grade":"Destroyed","aoi":"AOI02","matched_gba":true},"geometry":{"type":"Point","coordinates":[85.37849766,28.27042266]}},{"type":"Feature","properties":{"grade":"Destroyed","aoi":"AOI02","matched_gba":false},"geometry":{"type":"Point","coordinates":[85.37674044,28.27063984]}},{"type":"Feature","properties":{"grade":"Destroyed","aoi":"AOI02","matched_gba":true},"geometry":{"type":"Point","coordinates":[85.37826004,28.2706886]}},{"type":"Feature","properties":{"grade":"Destroyed","aoi":"AOI02","matched_gba":false},"geometry":{"type":"Point","coordinates":[85.37734733,28.27072963]}},{"type":"Feature","properties":{"grade":"Destroyed","aoi":"AOI02","matched_gba":false},"geometry":{"type":"Point","coordinates":[85.37684873,28.27074001]}},{"type":"Feature","properties":{"grade":"Destroyed","aoi":"AOI02","matched_gba":true},"geometry":{"type":"Point","coordinates":[85.37827529,28.27078068]}},{"type":"Feature","properties":{"grade":"Destroyed","aoi":"AOI02","matched_gba":false},"geometry":{"type":"Point","coordinates":[85.37828748,28.27087703]}},{"type":"Feature","properties":{"grade":"Destroyed","aoi":"AOI02","matched_gba":false},"geometry":{"type":"Point","coordinates":[85.37698951,28.27098096]}},{"type":"Feature","properties":{"grade":"Destroyed","aoi":"AOI02","matched_gba":true},"geometry":{"type":"Point","coordinates":[85.3785435,28.27102157]}},{"type":"Feature","properties":{"grade":"Destroyed","aoi":"AOI02","matched_gba":false},"geometry":{"type":"Point","coordinates":[85.37807514,28.27111091]}},{"type":"Feature","properties":{"grade":"Destroyed","aoi":"AOI02","matched_gba":true},"geometry":{"type":"Point","coordinates":[85.37676487,28.27115494]}},{"type":"Feature","properties":{"grade":"Destroyed","aoi":"AOI02","matched_gba":false},"geometry":{"type":"Point","coordinates":[85.37692168,28.27118582]}},{"type":"Feature","properties":{"grade":"Destroyed","aoi":"AOI02","matched_gba":true},"geometry":{"type":"Point","coordinates":[85.37900374,28.27121379]}},{"type":"Feature","properties":{"grade":"Destroyed","aoi":"AOI02","matched_gba":true},"geometry":{"type":"Point","coordinates":[85.3789875,28.27133832]}},{"type":"Feature","properties":{"grade":"Destroyed","aoi":"AOI02","matched_gba":true},"geometry":{"type":"Point","coordinates":[85.37884131,28.27148722]}},{"type":"Feature","properties":{"grade":"Destroyed","aoi":"AOI02","matched_gba":false},"geometry":{"type":"Point","coordinates":[85.37856249,28.27173507]}},{"type":"Feature","properties":{"grade":"Destroyed","aoi":"AOI02","matched_gba":true},"geometry":{"type":"Point","coordinates":[85.37861931,28.27193393]}},{"type":"Feature","properties":{"grade":"Destroyed","aoi":"AOI02","matched_gba":true},"geometry":{"type":"Point","coordinates":[85.37846228,28.27194476]}},{"type":"Feature","properties":{"grade":"Destroyed","aoi":"AOI02","matched_gba":true},"geometry":{"type":"Point","coordinates":[85.37889274,28.27216405]}},{"type":"Feature","properties":{"grade":"Destroyed","aoi":"AOI02","matched_gba":false},"geometry":{"type":"Point","coordinates":[85.37881423,28.2722209]}},{"type":"Feature","properties":{"grade":"Destroyed","aoi":"AOI02","matched_gba":false},"geometry":{"type":"Point","coordinates":[85.37711405,28.27291397]}},{"type":"Feature","properties":{"grade":"Destroyed","aoi":"AOI02","matched_gba":true},"geometry":{"type":"Point","coordinates":[85.37685144,28.27297082]}},{"type":"Feature","properties":{"grade":"Destroyed","aoi":"AOI02","matched_gba":true},"geometry":{"type":"Point","coordinates":[85.3767973,28.27325509]}},{"type":"Feature","properties":{"grade":"Destroyed","aoi":"AOI02","matched_gba":false},"geometry":{"type":"Point","coordinates":[85.376689,28.27405104]}},{"type":"Feature","properties":{"grade":"Destroyed","aoi":"AOI02","matched_gba":true},"geometry":{"type":"Point","coordinates":[85.37740913,28.27705576]}},{"type":"Feature","properties":{"grade":"Destroyed","aoi":"AOI02","matched_gba":true},"geometry":{"type":"Point","coordinates":[85.37732629,28.27725002]}},{"type":"Feature","properties":{"grade":"Destroyed","aoi":"AOI02","matched_gba":true},"geometry":{"type":"Point","coordinates":[85.37740651,28.27746819]}},{"type":"Feature","properties":{"grade":"Destroyed","aoi":"AOI02","matched_gba":true},"geometry":{"type":"Point","coordinates":[85.37742588,28.27773672]}},{"type":"Feature","properties":{"grade":"Destroyed","aoi":"AOI02","matched_gba":false},"geometry":{"type":"Point","coordinates":[85.37783621,28.2778272]}},{"type":"Feature","properties":{"grade":"Destroyed","aoi":"AOI02","matched_gba":true},"geometry":{"type":"Point","coordinates":[85.37762037,28.2779652]}},{"type":"Feature","properties":{"grade":"Destroyed","aoi":"AOI02","matched_gba":true},"geometry":{"type":"Point","coordinates":[85.37797948,28.27809401]}},{"type":"Feature","properties":{"grade":"Destroyed","aoi":"AOI02","matched_gba":true},"geometry":{"type":"Point","coordinates":[85.37799894,28.27815787]}},{"type":"Feature","properties":{"grade":"Destroyed","aoi":"AOI02","matched_gba":false},"geometry":{"type":"Point","coordinates":[85.37813344,28.27817269]}},{"type":"Feature","properties":{"grade":"Destroyed","aoi":"AOI02","matched_gba":false},"geometry":{"type":"Point","coordinates":[85.37801026,28.27820554]}},{"type":"Feature","properties":{"grade":"Destroyed","aoi":"AOI02","matched_gba":true},"geometry":{"type":"Point","coordinates":[85.37810059,28.27821141]}},{"type":"Feature","properties":{"grade":"Destroyed","aoi":"AOI02","matched_gba":false},"geometry":{"type":"Point","coordinates":[85.37832004,28.27834365]}},{"type":"Feature","properties":{"grade":"Possibly damaged","aoi":"AOI03","matched_gba":true},"geometry":{"type":"Point","coordinates":[85.10173068,27.8571979]}},{"type":"Feature","properties":{"grade":"Possibly damaged","aoi":"AOI03","matched_gba":true},"geometry":{"type":"Point","coordinates":[85.10167606,27.85729341]}},{"type":"Feature","properties":{"grade":"Destroyed","aoi":"AOI03","matched_gba":true},"geometry":{"type":"Point","coordinates":[85.10192785,27.8572937]}},{"type":"Feature","properties":{"grade":"Destroyed","aoi":"AOI03","matched_gba":true},"geometry":{"type":"Point","coordinates":[85.10167849,27.85736843]}},{"type":"Feature","properties":{"grade":"Destroyed","aoi":"AOI03","matched_gba":true},"geometry":{"type":"Point","coordinates":[85.1018931,27.85750415]}},{"type":"Feature","properties":{"grade":"Destroyed","aoi":"AOI03","matched_gba":false},"geometry":{"type":"Point","coordinates":[85.10887228,27.8589052]}},{"type":"Feature","properties":{"grade":"Destroyed","aoi":"AOI03","matched_gba":false},"geometry":{"type":"Point","coordinates":[85.10870177,27.85899461]}},{"type":"Feature","properties":{"grade":"Destroyed","aoi":"AOI03","matched_gba":false},"geometry":{"type":"Point","coordinates":[85.10598183,27.85907311]}},{"type":"Feature","properties":{"grade":"Destroyed","aoi":"AOI03","matched_gba":true},"geometry":{"type":"Point","coordinates":[85.10859093,27.8591015]}},{"type":"Feature","properties":{"grade":"Destroyed","aoi":"AOI03","matched_gba":true},"geometry":{"type":"Point","coordinates":[85.10893157,27.85918194]}},{"type":"Feature","properties":{"grade":"Destroyed","aoi":"AOI03","matched_gba":true},"geometry":{"type":"Point","coordinates":[85.10995877,27.85854171]}},{"type":"Feature","properties":{"grade":"Destroyed","aoi":"AOI03","matched_gba":true},"geometry":{"type":"Point","coordinates":[85.11003455,27.85857315]}},{"type":"Feature","properties":{"grade":"Destroyed","aoi":"AOI03","matched_gba":true},"geometry":{"type":"Point","coordinates":[85.110141,27.85860303]}},{"type":"Feature","properties":{"grade":"Destroyed","aoi":"AOI03","matched_gba":true},"geometry":{"type":"Point","coordinates":[85.10974851,27.85860524]}},{"type":"Feature","properties":{"grade":"Destroyed","aoi":"AOI03","matched_gba":true},"geometry":{"type":"Point","coordinates":[85.10962235,27.85861745]}},{"type":"Feature","properties":{"grade":"Destroyed","aoi":"AOI03","matched_gba":true},"geometry":{"type":"Point","coordinates":[85.10943011,27.85869917]}},{"type":"Feature","properties":{"grade":"Destroyed","aoi":"AOI03","matched_gba":true},"geometry":{"type":"Point","coordinates":[85.10975675,27.85870325]}},{"type":"Feature","properties":{"grade":"Destroyed","aoi":"AOI03","matched_gba":true},"geometry":{"type":"Point","coordinates":[85.10961196,27.85872692]}},{"type":"Feature","properties":{"grade":"Damaged","aoi":"AOI03","matched_gba":true},"geometry":{"type":"Point","coordinates":[85.11024288,27.85873635]}},{"type":"Feature","properties":{"grade":"Destroyed","aoi":"AOI03","matched_gba":true},"geometry":{"type":"Point","coordinates":[85.10947745,27.858776]}},{"type":"Feature","properties":{"grade":"Destroyed","aoi":"AOI03","matched_gba":true},"geometry":{"type":"Point","coordinates":[85.1093969,27.8587997]}},{"type":"Feature","properties":{"grade":"Damaged","aoi":"AOI03","matched_gba":false},"geometry":{"type":"Point","coordinates":[85.11031454,27.85881978]}},{"type":"Feature","properties":{"grade":"Destroyed","aoi":"AOI03","matched_gba":true},"geometry":{"type":"Point","coordinates":[85.10906358,27.85882826]}},{"type":"Feature","properties":{"grade":"Destroyed","aoi":"AOI03","matched_gba":true},"geometry":{"type":"Point","coordinates":[85.109737,27.8588355]}},{"type":"Feature","properties":{"grade":"Destroyed","aoi":"AOI03","matched_gba":true},"geometry":{"type":"Point","coordinates":[85.10991,27.85886705]}},{"type":"Feature","properties":{"grade":"Destroyed","aoi":"AOI03","matched_gba":true},"geometry":{"type":"Point","coordinates":[85.1095597,27.85888245]}},{"type":"Feature","properties":{"grade":"Destroyed","aoi":"AOI03","matched_gba":true},"geometry":{"type":"Point","coordinates":[85.11012019,27.85888873]}},{"type":"Feature","properties":{"grade":"Possibly damaged","aoi":"AOI03","matched_gba":true},"geometry":{"type":"Point","coordinates":[85.11050012,27.85888957]}},{"type":"Feature","properties":{"grade":"Destroyed","aoi":"AOI03","matched_gba":true},"geometry":{"type":"Point","coordinates":[85.11022666,27.85891239]}},{"type":"Feature","properties":{"grade":"Possibly damaged","aoi":"AOI03","matched_gba":false},"geometry":{"type":"Point","coordinates":[85.11040146,27.8589363]}},{"type":"Feature","properties":{"grade":"Destroyed","aoi":"AOI03","matched_gba":true},"geometry":{"type":"Point","coordinates":[85.11104022,27.85802819]}},{"type":"Feature","properties":{"grade":"Damaged","aoi":"AOI03","matched_gba":true},"geometry":{"type":"Point","coordinates":[85.11078597,27.85930149]}},{"type":"Feature","properties":{"grade":"Damaged","aoi":"AOI03","matched_gba":true},"geometry":{"type":"Point","coordinates":[85.11082838,27.85941137]}},{"type":"Feature","properties":{"grade":"Damaged","aoi":"AOI03","matched_gba":true},"geometry":{"type":"Point","coordinates":[85.1109863,27.85954251]}},{"type":"Feature","properties":{"grade":"Destroyed","aoi":"AOI03","matched_gba":true},"geometry":{"type":"Point","coordinates":[85.11074264,27.85954473]}},{"type":"Feature","properties":{"grade":"Damaged","aoi":"AOI03","matched_gba":true},"geometry":{"type":"Point","coordinates":[85.1107886,27.859595]}},{"type":"Feature","properties":{"grade":"Possibly damaged","aoi":"AOI03","matched_gba":false},"geometry":{"type":"Point","coordinates":[85.11097789,27.85967308]}},{"type":"Feature","properties":{"grade":"Destroyed","aoi":"AOI03","matched_gba":true},"geometry":{"type":"Point","coordinates":[85.11086886,27.85970022]}},{"type":"Feature","properties":{"grade":"Destroyed","aoi":"AOI03","matched_gba":true},"geometry":{"type":"Point","coordinates":[85.11075521,27.85970593]}},{"type":"Feature","properties":{"grade":"Destroyed","aoi":"AOI03","matched_gba":true},"geometry":{"type":"Point","coordinates":[85.11087585,27.85974285]}},{"type":"Feature","properties":{"grade":"Destroyed","aoi":"AOI03","matched_gba":true},"geometry":{"type":"Point","coordinates":[85.10926324,27.85895617]}},{"type":"Feature","properties":{"grade":"Destroyed","aoi":"AOI03","matched_gba":true},"geometry":{"type":"Point","coordinates":[85.10956566,27.85896167]}},{"type":"Feature","properties":{"grade":"Damaged","aoi":"AOI03","matched_gba":true},"geometry":{"type":"Point","coordinates":[85.11016032,27.8590016]}},{"type":"Feature","properties":{"grade":"Destroyed","aoi":"AOI03","matched_gba":true},"geometry":{"type":"Point","coordinates":[85.1098265,27.85900555]}},{"type":"Feature","properties":{"grade":"Destroyed","aoi":"AOI03","matched_gba":true},"geometry":{"type":"Point","coordinates":[85.11028792,27.8590067]}},{"type":"Feature","properties":{"grade":"Destroyed","aoi":"AOI03","matched_gba":true},"geometry":{"type":"Point","coordinates":[85.10931311,27.85901898]}},{"type":"Feature","properties":{"grade":"Possibly damaged","aoi":"AOI03","matched_gba":false},"geometry":{"type":"Point","coordinates":[85.11049316,27.8590311]}},{"type":"Feature","properties":{"grade":"Destroyed","aoi":"AOI03","matched_gba":true},"geometry":{"type":"Point","coordinates":[85.10913557,27.85905505]}},{"type":"Feature","properties":{"grade":"Destroyed","aoi":"AOI03","matched_gba":true},"geometry":{"type":"Point","coordinates":[85.109248,27.85905668]}},{"type":"Feature","properties":{"grade":"Destroyed","aoi":"AOI03","matched_gba":true},"geometry":{"type":"Point","coordinates":[85.10992547,27.85910105]}},{"type":"Feature","properties":{"grade":"Destroyed","aoi":"AOI03","matched_gba":false},"geometry":{"type":"Point","coordinates":[85.11003725,27.85910225]}},{"type":"Feature","properties":{"grade":"Possibly damaged","aoi":"AOI03","matched_gba":true},"geometry":{"type":"Point","coordinates":[85.11060407,27.85912093]}},{"type":"Feature","properties":{"grade":"Destroyed","aoi":"AOI03","matched_gba":true},"geometry":{"type":"Point","coordinates":[85.1090136,27.85913035]}},{"type":"Feature","properties":{"grade":"Destroyed","aoi":"AOI03","matched_gba":true},"geometry":{"type":"Point","coordinates":[85.1091813,27.8591555]}},{"type":"Feature","properties":{"grade":"Damaged","aoi":"AOI03","matched_gba":true},"geometry":{"type":"Point","coordinates":[85.11044713,27.85917319]}},{"type":"Feature","properties":{"grade":"Destroyed","aoi":"AOI03","matched_gba":true},"geometry":{"type":"Point","coordinates":[85.11027815,27.85918568]}},{"type":"Feature","properties":{"grade":"Destroyed","aoi":"AOI03","matched_gba":true},"geometry":{"type":"Point","coordinates":[85.10936155,27.8591948]}},{"type":"Feature","properties":{"grade":"Destroyed","aoi":"AOI03","matched_gba":true},"geometry":{"type":"Point","coordinates":[85.11008817,27.85921865]}},{"type":"Feature","properties":{"grade":"Damaged","aoi":"AOI03","matched_gba":false},"geometry":{"type":"Point","coordinates":[85.11062505,27.85922991]}},{"type":"Feature","properties":{"grade":"Damaged","aoi":"AOI03","matched_gba":false},"geometry":{"type":"Point","coordinates":[85.11053082,27.85923562]}},{"type":"Feature","properties":{"grade":"Destroyed","aoi":"AOI03","matched_gba":true},"geometry":{"type":"Point","coordinates":[85.10885975,27.85921225]}},{"type":"Feature","properties":{"grade":"Destroyed","aoi":"AOI03","matched_gba":true},"geometry":{"type":"Point","coordinates":[85.10825975,27.85921344]}},{"type":"Feature","properties":{"grade":"Destroyed","aoi":"AOI03","matched_gba":true},"geometry":{"type":"Point","coordinates":[85.10877567,27.85923385]}},{"type":"Feature","properties":{"grade":"Destroyed","aoi":"AOI03","matched_gba":true},"geometry":{"type":"Point","coordinates":[85.10785306,27.85923964]}},{"type":"Feature","properties":{"grade":"Destroyed","aoi":"AOI03","matched_gba":true},"geometry":{"type":"Point","coordinates":[85.1084638,27.85924005]}},{"type":"Feature","properties":{"grade":"Destroyed","aoi":"AOI03","matched_gba":true},"geometry":{"type":"Point","coordinates":[85.10560213,27.85924443]}},{"type":"Feature","properties":{"grade":"Destroyed","aoi":"AOI03","matched_gba":true},"geometry":{"type":"Point","coordinates":[85.10628125,27.8592532]}},{"type":"Feature","properties":{"grade":"Destroyed","aoi":"AOI03","matched_gba":false},"geometry":{"type":"Point","coordinates":[85.10891143,27.85930972]}},{"type":"Feature","properties":{"grade":"Destroyed","aoi":"AOI03","matched_gba":false},"geometry":{"type":"Point","coordinates":[85.10787365,27.8593171]}},{"type":"Feature","properties":{"grade":"Destroyed","aoi":"AOI03","matched_gba":true},"geometry":{"type":"Point","coordinates":[85.10867967,27.85931847]}},{"type":"Feature","properties":{"grade":"Destroyed","aoi":"AOI03","matched_gba":true},"geometry":{"type":"Point","coordinates":[85.1090168,27.85925785]}},{"type":"Feature","properties":{"grade":"Destroyed","aoi":"AOI03","matched_gba":true},"geometry":{"type":"Point","coordinates":[85.1093515,27.85928985]}},{"type":"Feature","properties":{"grade":"Destroyed","aoi":"AOI03","matched_gba":true},"geometry":{"type":"Point","coordinates":[85.1091048,27.85929025]}},{"type":"Feature","properties":{"grade":"Damaged","aoi":"AOI03","matched_gba":true},"geometry":{"type":"Point","coordinates":[85.11042008,27.8592927]}},{"type":"Feature","properties":{"grade":"Destroyed","aoi":"AOI03","matched_gba":true},"geometry":{"type":"Point","coordinates":[85.11060473,27.8593111]}},{"type":"Feature","properties":{"grade":"Destroyed","aoi":"AOI03","matched_gba":false},"geometry":{"type":"Point","coordinates":[85.10924805,27.85931275]}},{"type":"Feature","properties":{"grade":"Destroyed","aoi":"AOI03","matched_gba":true},"geometry":{"type":"Point","coordinates":[85.10951686,27.85933367]}},{"type":"Feature","properties":{"grade":"Destroyed","aoi":"AOI03","matched_gba":true},"geometry":{"type":"Point","coordinates":[85.10963608,27.85935367]}},{"type":"Feature","properties":{"grade":"Destroyed","aoi":"AOI03","matched_gba":true},"geometry":{"type":"Point","coordinates":[85.11040731,27.85937858]}},{"type":"Feature","properties":{"grade":"Damaged","aoi":"AOI03","matched_gba":true},"geometry":{"type":"Point","coordinates":[85.11018853,27.85939426]}},{"type":"Feature","properties":{"grade":"Destroyed","aoi":"AOI03","matched_gba":true},"geometry":{"type":"Point","coordinates":[85.10831355,27.85936953]}},{"type":"Feature","properties":{"grade":"Destroyed","aoi":"AOI03","matched_gba":true},"geometry":{"type":"Point","coordinates":[85.10631895,27.85937835]}},{"type":"Feature","properties":{"grade":"Destroyed","aoi":"AOI03","matched_gba":false},"geometry":{"type":"Point","coordinates":[85.10779184,27.85940866]}},{"type":"Feature","properties":{"grade":"Destroyed","aoi":"AOI03","matched_gba":true},"geometry":{"type":"Point","coordinates":[85.10891528,27.85941724]}},{"type":"Feature","properties":{"grade":"Possibly damaged","aoi":"AOI03","matched_gba":false},"geometry":{"type":"Point","coordinates":[85.10205641,27.85941933]}},{"type":"Feature","properties":{"grade":"Destroyed","aoi":"AOI03","matched_gba":true},"geometry":{"type":"Point","coordinates":[85.10835325,27.8594458]}},{"type":"Feature","properties":{"grade":"Destroyed","aoi":"AOI03","matched_gba":true},"geometry":{"type":"Point","coordinates":[85.10864926,27.85944817]}},{"type":"Feature","properties":{"grade":"Destroyed","aoi":"AOI03","matched_gba":true},"geometry":{"type":"Point","coordinates":[85.10845106,27.85945983]}},{"type":"Feature","properties":{"grade":"Possibly damaged","aoi":"AOI03","matched_gba":true},"geometry":{"type":"Point","coordinates":[85.10136626,27.85947325]}},{"type":"Feature","properties":{"grade":"Destroyed","aoi":"AOI03","matched_gba":true},"geometry":{"type":"Point","coordinates":[85.10882107,27.85948939]}},{"type":"Feature","properties":{"grade":"Damaged","aoi":"AOI03","matched_gba":true},"geometry":{"type":"Point","coordinates":[85.11065195,27.85939915]}},{"type":"Feature","properties":{"grade":"Destroyed","aoi":"AOI03","matched_gba":true},"geometry":{"type":"Point","coordinates":[85.10976418,27.85942511]}},{"type":"Feature","properties":{"grade":"Destroyed","aoi":"AOI03","matched_gba":false},"geometry":{"type":"Point","coordinates":[85.11025609,27.85943545]}},{"type":"Feature","properties":{"grade":"Destroyed","aoi":"AOI03","matched_gba":true},"geometry":{"type":"Point","coordinates":[85.10967465,27.85943905]}},{"type":"Feature","properties":{"grade":"Destroyed","aoi":"AOI03","matched_gba":true},"geometry":{"type":"Point","coordinates":[85.1090512,27.85946322]}},{"type":"Feature","properties":{"grade":"Destroyed","aoi":"AOI03","matched_gba":true},"geometry":{"type":"Point","coordinates":[85.10978762,27.85946524]}},{"type":"Feature","properties":{"grade":"Destroyed","aoi":"AOI03","matched_gba":true},"geometry":{"type":"Point","coordinates":[85.11044895,27.85947415]}},{"type":"Feature","properties":{"grade":"Damaged","aoi":"AOI03","matched_gba":true},"geometry":{"type":"Point","coordinates":[85.11051616,27.85951882]}},{"type":"Feature","properties":{"grade":"Destroyed","aoi":"AOI03","matched_gba":false},"geometry":{"type":"Point","coordinates":[85.10987085,27.85952235]}},{"type":"Feature","properties":{"grade":"Damaged","aoi":"AOI03","matched_gba":false},"geometry":{"type":"Point","coordinates":[85.11027325,27.85953339]}},{"type":"Feature","properties":{"grade":"Destroyed","aoi":"AOI03","matched_gba":true},"geometry":{"type":"Point","coordinates":[85.10649019,27.85949642]}},{"type":"Feature","properties":{"grade":"Destroyed","aoi":"AOI03","matched_gba":true},"geometry":{"type":"Point","coordinates":[85.10857963,27.85952906]}},{"type":"Feature","properties":{"grade":"Destroyed","aoi":"AOI03","matched_gba":true},"geometry":{"type":"Point","coordinates":[85.10894479,27.85953372]}},{"type":"Feature","properties":{"grade":"Destroyed","aoi":"AOI03","matched_gba":true},"geometry":{"type":"Point","coordinates":[85.10618765,27.85953735]}},{"type":"Feature","properties":{"grade":"Destroyed","aoi":"AOI03","matched_gba":true},"geometry":{"type":"Point","coordinates":[85.10892268,27.85955976]}},{"type":"Feature","properties":{"grade":"Destroyed","aoi":"AOI03","matched_gba":true},"geometry":{"type":"Point","coordinates":[85.10837707,27.8595608]}},{"type":"Feature","properties":{"grade":"Destroyed","aoi":"AOI03","matched_gba":true},"geometry":{"type":"Point","coordinates":[85.10825837,27.85957111]}},{"type":"Feature","properties":{"grade":"Destroyed","aoi":"AOI03","matched_gba":true},"geometry":{"type":"Point","coordinates":[85.10886863,27.8595938]}},{"type":"Feature","properties":{"grade":"Destroyed","aoi":"AOI03","matched_gba":true},"geometry":{"type":"Point","coordinates":[85.10829685,27.85961085]}},{"type":"Feature","properties":{"grade":"Possibly damaged","aoi":"AOI03","matched_gba":false},"geometry":{"type":"Point","coordinates":[85.1026859,27.85963255]}},{"type":"Feature","properties":{"grade":"Damaged","aoi":"AOI03","matched_gba":false},"geometry":{"type":"Point","coordinates":[85.10963813,27.8595773]}},{"type":"Feature","properties":{"grade":"Destroyed","aoi":"AOI03","matched_gba":true},"geometry":{"type":"Point","coordinates":[85.10998615,27.8595839]}},{"type":"Feature","properties":{"grade":"Destroyed","aoi":"AOI03","matched_gba":false},"geometry":{"type":"Point","coordinates":[85.11043028,27.85959662]}},{"type":"Feature","properties":{"grade":"Damaged","aoi":"AOI03","matched_gba":false},"geometry":{"type":"Point","coordinates":[85.10929612,27.85959774]}},{"type":"Feature","properties":{"grade":"Destroyed","aoi":"AOI03","matched_gba":true},"geometry":{"type":"Point","coordinates":[85.1104524,27.85965273]}},{"type":"Feature","properties":{"grade":"Damaged","aoi":"AOI03","matched_gba":true},"geometry":{"type":"Point","coordinates":[85.10975488,27.85966576]}},{"type":"Feature","properties":{"grade":"Destroyed","aoi":"AOI03","matched_gba":true},"geometry":{"type":"Point","coordinates":[85.10991414,27.85967723]}},{"type":"Feature","properties":{"grade":"Destroyed","aoi":"AOI03","matched_gba":true},"geometry":{"type":"Point","coordinates":[85.11061044,27.85968222]}},{"type":"Feature","properties":{"grade":"Destroyed","aoi":"AOI03","matched_gba":false},"geometry":{"type":"Point","coordinates":[85.10970842,27.85970555]}},{"type":"Feature","properties":{"grade":"Destroyed","aoi":"AOI03","matched_gba":true},"geometry":{"type":"Point","coordinates":[85.1099734,27.8597675]}},{"type":"Feature","properties":{"grade":"Destroyed","aoi":"AOI03","matched_gba":true},"geometry":{"type":"Point","coordinates":[85.1082206,27.85965567]}},{"type":"Feature","properties":{"grade":"Destroyed","aoi":"AOI03","matched_gba":true},"geometry":{"type":"Point","coordinates":[85.10872785,27.85965852]}},{"type":"Feature","properties":{"grade":"Destroyed","aoi":"AOI03","matched_gba":true},"geometry":{"type":"Point","coordinates":[85.10889973,27.85966079]}},{"type":"Feature","properties":{"grade":"Destroyed","aoi":"AOI03","matched_gba":true},"geometry":{"type":"Point","coordinates":[85.1086593,27.8596904]}},{"type":"Feature","properties":{"grade":"Destroyed","aoi":"AOI03","matched_gba":true},"geometry":{"type":"Point","coordinates":[85.10858031,27.85969509]}},{"type":"Feature","properties":{"grade":"Destroyed","aoi":"AOI03","matched_gba":true},"geometry":{"type":"Point","coordinates":[85.10836122,27.8597046]}},{"type":"Feature","properties":{"grade":"Destroyed","aoi":"AOI03","matched_gba":true},"geometry":{"type":"Point","coordinates":[85.10585505,27.85971075]}},{"type":"Feature","properties":{"grade":"Destroyed","aoi":"AOI03","matched_gba":true},"geometry":{"type":"Point","coordinates":[85.10854906,27.85974098]}},{"type":"Feature","properties":{"grade":"Possibly damaged","aoi":"AOI03","matched_gba":true},"geometry":{"type":"Point","coordinates":[85.10511759,27.85974241]}},{"type":"Feature","properties":{"grade":"Possibly damaged","aoi":"AOI03","matched_gba":false},"geometry":{"type":"Point","coordinates":[85.10519556,27.85974565]}},{"type":"Feature","properties":{"grade":"Possibly damaged","aoi":"AOI03","matched_gba":false},"geometry":{"type":"Point","coordinates":[85.10497138,27.8597489]}},{"type":"Feature","properties":{"grade":"Possibly damaged","aoi":"AOI03","matched_gba":false},"geometry":{"type":"Point","coordinates":[85.1024404,27.8597554]}},{"type":"Feature","properties":{"grade":"Destroyed","aoi":"AOI03","matched_gba":true},"geometry":{"type":"Point","coordinates":[85.10671855,27.85975645]}},{"type":"Feature","properties":{"grade":"Destroyed","aoi":"AOI03","matched_gba":true},"geometry":{"type":"Point","coordinates":[85.10849475,27.85976525]}},{"type":"Feature","properties":{"grade":"Destroyed","aoi":"AOI03","matched_gba":true},"geometry":{"type":"Point","coordinates":[85.10873227,27.85977239]}},{"type":"Feature","properties":{"grade":"Destroyed","aoi":"AOI03","matched_gba":true},"geometry":{"type":"Point","coordinates":[85.106622,27.85977885]}},{"type":"Feature","properties":{"grade":"Destroyed","aoi":"AOI03","matched_gba":true},"geometry":{"type":"Point","coordinates":[85.1089036,27.8597892]}},{"type":"Feature","properties":{"grade":"Destroyed","aoi":"AOI03","matched_gba":true},"geometry":{"type":"Point","coordinates":[85.10844402,27.85980937]}},{"type":"Feature","properties":{"grade":"Possibly damaged","aoi":"AOI03","matched_gba":true},"geometry":{"type":"Point","coordinates":[85.10538834,27.85983197]}},{"type":"Feature","properties":{"grade":"Destroyed","aoi":"AOI03","matched_gba":true},"geometry":{"type":"Point","coordinates":[85.10862544,27.85983817]}},{"type":"Feature","properties":{"grade":"Destroyed","aoi":"AOI03","matched_gba":true},"geometry":{"type":"Point","coordinates":[85.10974785,27.8597857]}},{"type":"Feature","properties":{"grade":"Destroyed","aoi":"AOI03","matched_gba":true},"geometry":{"type":"Point","coordinates":[85.1096332,27.85982305]}},{"type":"Feature","properties":{"grade":"Destroyed","aoi":"AOI03","matched_gba":true},"geometry":{"type":"Point","coordinates":[85.11057277,27.85984169]}},{"type":"Feature","properties":{"grade":"Destroyed","aoi":"AOI03","matched_gba":true},"geometry":{"type":"Point","coordinates":[85.10995705,27.8598875]}},{"type":"Feature","properties":{"grade":"Destroyed","aoi":"AOI03","matched_gba":true},"geometry":{"type":"Point","coordinates":[85.109786,27.85990732]}},{"type":"Feature","properties":{"grade":"Destroyed","aoi":"AOI03","matched_gba":true},"geometry":{"type":"Point","coordinates":[85.10933565,27.85990856]}},{"type":"Feature","properties":{"grade":"Destroyed","aoi":"AOI03","matched_gba":true},"geometry":{"type":"Point","coordinates":[85.109724,27.85999805]}},{"type":"Feature","properties":{"grade":"Damaged","aoi":"AOI03","matched_gba":false},"geometry":{"type":"Point","coordinates":[85.10998015,27.86003115]}},{"type":"Feature","properties":{"grade":"Destroyed","aoi":"AOI03","matched_gba":true},"geometry":{"type":"Point","coordinates":[85.1101836,27.86005262]}},{"type":"Feature","properties":{"grade":"Damaged","aoi":"AOI03","matched_gba":false},"geometry":{"type":"Point","coordinates":[85.1105695,27.86007112]}},{"type":"Feature","properties":{"grade":"Destroyed","aoi":"AOI03","matched_gba":true},"geometry":{"type":"Point","coordinates":[85.10850449,27.8598387]}},{"type":"Feature","properties":{"grade":"Destroyed","aoi":"AOI03","matched_gba":true},"geometry":{"type":"Point","coordinates":[85.1087847,27.85983948]}},{"type":"Feature","properties":{"grade":"Possibly damaged","aoi":"AOI03","matched_gba":true},"geometry":{"type":"Point","coordinates":[85.105717,27.8598587]}},{"type":"Feature","properties":{"grade":"Destroyed","aoi":"AOI03","matched_gba":true},"geometry":{"type":"Point","coordinates":[85.10684373,27.85986222]}},{"type":"Feature","properties":{"grade":"Destroyed","aoi":"AOI03","matched_gba":true},"geometry":{"type":"Point","coordinates":[85.1085158,27.85991623]}},{"type":"Feature","properties":{"grade":"Possibly damaged","aoi":"AOI03","matched_gba":true},"geometry":{"type":"Point","coordinates":[85.10553484,27.85992775]}},{"type":"Feature","properties":{"grade":"Destroyed","aoi":"AOI03","matched_gba":true},"geometry":{"type":"Point","coordinates":[85.10880022,27.8599303]}},{"type":"Feature","properties":{"grade":"Destroyed","aoi":"AOI03","matched_gba":true},"geometry":{"type":"Point","coordinates":[85.10864602,27.85994175]}},{"type":"Feature","properties":{"grade":"Destroyed","aoi":"AOI03","matched_gba":true},"geometry":{"type":"Point","coordinates":[85.10856565,27.85998185]}},{"type":"Feature","properties":{"grade":"Destroyed","aoi":"AOI03","matched_gba":true},"geometry":{"type":"Point","coordinates":[85.10842485,27.86003367]}},{"type":"Feature","properties":{"grade":"Possibly damaged","aoi":"AOI03","matched_gba":true},"geometry":{"type":"Point","coordinates":[85.1111929,27.85980575]}},{"type":"Feature","properties":{"grade":"Destroyed","aoi":"AOI03","matched_gba":true},"geometry":{"type":"Point","coordinates":[85.11067737,27.85981854]}},{"type":"Feature","properties":{"grade":"Possibly damaged","aoi":"AOI03","matched_gba":true},"geometry":{"type":"Point","coordinates":[85.11124219,27.85990182]}},{"type":"Feature","properties":{"grade":"Destroyed","aoi":"AOI03","matched_gba":true},"geometry":{"type":"Point","coordinates":[85.11068701,27.86000472]}},{"type":"Feature","properties":{"grade":"Destroyed","aoi":"AOI03","matched_gba":true},"geometry":{"type":"Point","coordinates":[85.11098385,27.86001188]}},{"type":"Feature","properties":{"grade":"Possibly damaged","aoi":"AOI03","matched_gba":true},"geometry":{"type":"Point","coordinates":[85.1113335,27.86002089]}},{"type":"Feature","properties":{"grade":"Possibly damaged","aoi":"AOI03","matched_gba":true},"geometry":{"type":"Point","coordinates":[85.1113788,27.86011824]}},{"type":"Feature","properties":{"grade":"Destroyed","aoi":"AOI03","matched_gba":true},"geometry":{"type":"Point","coordinates":[85.11081405,27.86019575]}},{"type":"Feature","properties":{"grade":"Possibly damaged","aoi":"AOI03","matched_gba":true},"geometry":{"type":"Point","coordinates":[85.11145291,27.86022868]}},{"type":"Feature","properties":{"grade":"Destroyed","aoi":"AOI03","matched_gba":true},"geometry":{"type":"Point","coordinates":[85.1109364,27.86033047]}},{"type":"Feature","properties":{"grade":"Destroyed","aoi":"AOI03","matched_gba":true},"geometry":{"type":"Point","coordinates":[85.10872122,27.86003542]}},{"type":"Feature","properties":{"grade":"Destroyed","aoi":"AOI03","matched_gba":true},"geometry":{"type":"Point","coordinates":[85.10895108,27.86004578]}},{"type":"Feature","properties":{"grade":"Destroyed","aoi":"AOI03","matched_gba":true},"geometry":{"type":"Point","coordinates":[85.10690458,27.86006008]}},{"type":"Feature","properties":{"grade":"Destroyed","aoi":"AOI03","matched_gba":true},"geometry":{"type":"Point","coordinates":[85.10837964,27.86006751]}},{"type":"Feature","properties":{"grade":"Destroyed","aoi":"AOI03","matched_gba":true},"geometry":{"type":"Point","coordinates":[85.10831829,27.86010522]}},{"type":"Feature","properties":{"grade":"Destroyed","aoi":"AOI03","matched_gba":true},"geometry":{"type":"Point","coordinates":[85.1069857,27.8601064]}},{"type":"Feature","properties":{"grade":"Destroyed","aoi":"AOI03","matched_gba":false},"geometry":{"type":"Point","coordinates":[85.10859467,27.8601325]}},{"type":"Feature","properties":{"grade":"Destroyed","aoi":"AOI03","matched_gba":false},"geometry":{"type":"Point","coordinates":[85.1069351,27.86014885]}},{"type":"Feature","properties":{"grade":"Destroyed","aoi":"AOI03","matched_gba":true},"geometry":{"type":"Point","coordinates":[85.10846968,27.86015055]}},{"type":"Feature","properties":{"grade":"Destroyed","aoi":"AOI03","matched_gba":true},"geometry":{"type":"Point","coordinates":[85.1089084,27.86016365]}},{"type":"Feature","properties":{"grade":"Destroyed","aoi":"AOI03","matched_gba":true},"geometry":{"type":"Point","coordinates":[85.10900303,27.86011997]}},{"type":"Feature","properties":{"grade":"Destroyed","aoi":"AOI03","matched_gba":true},"geometry":{"type":"Point","coordinates":[85.10980484,27.86014066]}},{"type":"Feature","properties":{"grade":"Destroyed","aoi":"AOI03","matched_gba":true},"geometry":{"type":"Point","coordinates":[85.10944766,27.86014508]}},{"type":"Feature","properties":{"grade":"Destroyed","aoi":"AOI03","matched_gba":false},"geometry":{"type":"Point","coordinates":[85.11023669,27.86016083]}},{"type":"Feature","properties":{"grade":"Damaged","aoi":"AOI03","matched_gba":true},"geometry":{"type":"Point","coordinates":[85.11005238,27.86016089]}},{"type":"Feature","properties":{"grade":"Destroyed","aoi":"AOI03","matched_gba":true},"geometry":{"type":"Point","coordinates":[85.11035385,27.86021523]}},{"type":"Feature","properties":{"grade":"Destroyed","aoi":"AOI03","matched_gba":true},"geometry":{"type":"Point","coordinates":[85.10968116,27.86021534]}},{"type":"Feature","properties":{"grade":"Destroyed","aoi":"AOI03","matched_gba":true},"geometry":{"type":"Point","coordinates":[85.10898105,27.86022095]}},{"type":"Feature","properties":{"grade":"Destroyed","aoi":"AOI03","matched_gba":true},"geometry":{"type":"Point","coordinates":[85.10931985,27.8602299]}},{"type":"Feature","properties":{"grade":"Destroyed","aoi":"AOI03","matched_gba":true},"geometry":{"type":"Point","coordinates":[85.10992862,27.8602348]}},{"type":"Feature","properties":{"grade":"Destroyed","aoi":"AOI03","matched_gba":true},"geometry":{"type":"Point","coordinates":[85.10830574,27.86019287]}},{"type":"Feature","properties":{"grade":"Destroyed","aoi":"AOI03","matched_gba":true},"geometry":{"type":"Point","coordinates":[85.10885914,27.86021136]}},{"type":"Feature","properties":{"grade":"Destroyed","aoi":"AOI03","matched_gba":true},"geometry":{"type":"Point","coordinates":[85.1086838,27.86024703]}},{"type":"Feature","properties":{"grade":"Destroyed","aoi":"AOI03","matched_gba":true},"geometry":{"type":"Point","coordinates":[85.10891938,27.86025375]}},{"type":"Feature","properties":{"grade":"Possibly damaged","aoi":"AOI03","matched_gba":true},"geometry":{"type":"Point","coordinates":[85.1070815,27.86029065]}},{"type":"Feature","properties":{"grade":"Destroyed","aoi":"AOI03","matched_gba":true},"geometry":{"type":"Point","coordinates":[85.10860932,27.8603129]}},{"type":"Feature","properties":{"grade":"Destroyed","aoi":"AOI03","matched_gba":true},"geometry":{"type":"Point","coordinates":[85.1085126,27.8603426]}},{"type":"Feature","properties":{"grade":"Possibly damaged","aoi":"AOI03","matched_gba":true},"geometry":{"type":"Point","coordinates":[85.10693935,27.8603561]}},{"type":"Feature","properties":{"grade":"Possibly damaged","aoi":"AOI03","matched_gba":false},"geometry":{"type":"Point","coordinates":[85.10668361,27.86037596]}},{"type":"Feature","properties":{"grade":"Possibly damaged","aoi":"AOI03","matched_gba":true},"geometry":{"type":"Point","coordinates":[85.10687257,27.86037602]}},{"type":"Feature","properties":{"grade":"Destroyed","aoi":"AOI03","matched_gba":true},"geometry":{"type":"Point","coordinates":[85.1090703,27.86026923]}},{"type":"Feature","properties":{"grade":"Destroyed","aoi":"AOI03","matched_gba":true},"geometry":{"type":"Point","coordinates":[85.10925379,27.86029514]}},{"type":"Feature","properties":{"grade":"Destroyed","aoi":"AOI03","matched_gba":true},"geometry":{"type":"Point","coordinates":[85.10937882,27.8603048]}},{"type":"Feature","properties":{"grade":"Destroyed","aoi":"AOI03","matched_gba":true},"geometry":{"type":"Point","coordinates":[85.11034565,27.86034288]}},{"type":"Feature","properties":{"grade":"Destroyed","aoi":"AOI03","matched_gba":true},"geometry":{"type":"Point","coordinates":[85.1091578,27.86035217]}},{"type":"Feature","properties":{"grade":"Destroyed","aoi":"AOI03","matched_gba":true},"geometry":{"type":"Point","coordinates":[85.11061997,27.8604071]}},{"type":"Feature","properties":{"grade":"Destroyed","aoi":"AOI03","matched_gba":true},"geometry":{"type":"Point","coordinates":[85.10947138,27.86041127]}},{"type":"Feature","properties":{"grade":"Destroyed","aoi":"AOI03","matched_gba":true},"geometry":{"type":"Point","coordinates":[85.109701,27.86042665]}},{"type":"Feature","properties":{"grade":"Destroyed","aoi":"AOI03","matched_gba":true},"geometry":{"type":"Point","coordinates":[85.11044794,27.86043483]}},{"type":"Feature","properties":{"grade":"Destroyed","aoi":"AOI03","matched_gba":true},"geometry":{"type":"Point","coordinates":[85.10926435,27.86045815]}},{"type":"Feature","properties":{"grade":"Damaged","aoi":"AOI03","matched_gba":false},"geometry":{"type":"Point","coordinates":[85.11108232,27.86033749]}},{"type":"Feature","properties":{"grade":"Destroyed","aoi":"AOI03","matched_gba":false},"geometry":{"type":"Point","coordinates":[85.1112769,27.8603578]}},{"type":"Feature","properties":{"grade":"Damaged","aoi":"AOI03","matched_gba":false},"geometry":{"type":"Point","coordinates":[85.11144527,27.86036039]}},{"type":"Feature","properties":{"grade":"Destroyed","aoi":"AOI03","matched_gba":true},"geometry":{"type":"Point","coordinates":[85.1111755,27.86038035]}},{"type":"Feature","properties":{"grade":"Destroyed","aoi":"AOI03","matched_gba":true},"geometry":{"type":"Point","coordinates":[85.11133982,27.86048081]}},{"type":"Feature","properties":{"grade":"Destroyed","aoi":"AOI03","matched_gba":true},"geometry":{"type":"Point","coordinates":[85.1110142,27.86049465]}},{"type":"Feature","properties":{"grade":"Destroyed","aoi":"AOI03","matched_gba":true},"geometry":{"type":"Point","coordinates":[85.11124414,27.86051898]}},{"type":"Feature","properties":{"grade":"Destroyed","aoi":"AOI03","matched_gba":true},"geometry":{"type":"Point","coordinates":[85.11104209,27.86054473]}},{"type":"Feature","properties":{"grade":"Destroyed","aoi":"AOI03","matched_gba":true},"geometry":{"type":"Point","coordinates":[85.11109867,27.860587]}},{"type":"Feature","properties":{"grade":"Destroyed","aoi":"AOI03","matched_gba":true},"geometry":{"type":"Point","coordinates":[85.11141321,27.86068003]}},{"type":"Feature","properties":{"grade":"Destroyed","aoi":"AOI03","matched_gba":true},"geometry":{"type":"Point","coordinates":[85.10885,27.8603924]}},{"type":"Feature","properties":{"grade":"Destroyed","aoi":"AOI03","matched_gba":true},"geometry":{"type":"Point","coordinates":[85.10894165,27.86044125]}},{"type":"Feature","properties":{"grade":"Destroyed","aoi":"AOI03","matched_gba":true},"geometry":{"type":"Point","coordinates":[85.10875173,27.86046115]}},{"type":"Feature","properties":{"grade":"Destroyed","aoi":"AOI03","matched_gba":true},"geometry":{"type":"Point","coordinates":[85.1072795,27.86050217]}},{"type":"Feature","properties":{"grade":"Destroyed","aoi":"AOI03","matched_gba":true},"geometry":{"type":"Point","coordinates":[85.10705907,27.86051895]}},{"type":"Feature","properties":{"grade":"Destroyed","aoi":"AOI03","matched_gba":true},"geometry":{"type":"Point","coordinates":[85.1087223,27.8605408]}},{"type":"Feature","properties":{"grade":"Destroyed","aoi":"AOI03","matched_gba":false},"geometry":{"type":"Point","coordinates":[85.10741271,27.86054921]}},{"type":"Feature","properties":{"grade":"Destroyed","aoi":"AOI03","matched_gba":true},"geometry":{"type":"Point","coordinates":[85.10889905,27.8605767]}},{"type":"Feature","properties":{"grade":"Possibly damaged","aoi":"AOI03","matched_gba":true},"geometry":{"type":"Point","coordinates":[85.10719845,27.86064105]}},{"type":"Feature","properties":{"grade":"Possibly damaged","aoi":"AOI03","matched_gba":true},"geometry":{"type":"Point","coordinates":[85.10708421,27.86067242]}},{"type":"Feature","properties":{"grade":"Destroyed","aoi":"AOI03","matched_gba":true},"geometry":{"type":"Point","coordinates":[85.10900364,27.86048138]}},{"type":"Feature","properties":{"grade":"Damaged","aoi":"AOI03","matched_gba":true},"geometry":{"type":"Point","coordinates":[85.110156,27.86050304]}},{"type":"Feature","properties":{"grade":"Destroyed","aoi":"AOI03","matched_gba":true},"geometry":{"type":"Point","coordinates":[85.11035083,27.86054265]}},{"type":"Feature","properties":{"grade":"Destroyed","aoi":"AOI03","matched_gba":true},"geometry":{"type":"Point","coordinates":[85.11054648,27.86054859]}},{"type":"Feature","properties":{"grade":"Destroyed","aoi":"AOI03","matched_gba":true},"geometry":{"type":"Point","coordinates":[85.10977475,27.86057085]}},{"type":"Feature","properties":{"grade":"Destroyed","aoi":"AOI03","matched_gba":true},"geometry":{"type":"Point","coordinates":[85.10945924,27.86057651]}},{"type":"Feature","properties":{"grade":"Destroyed","aoi":"AOI03","matched_gba":true},"geometry":{"type":"Point","coordinates":[85.11024726,27.86058282]}},{"type":"Feature","properties":{"grade":"Destroyed","aoi":"AOI03","matched_gba":true},"geometry":{"type":"Point","coordinates":[85.10922617,27.8606121]}},{"type":"Feature","properties":{"grade":"Destroyed","aoi":"AOI03","matched_gba":true},"geometry":{"type":"Point","coordinates":[85.10911053,27.86061565]}},{"type":"Feature","properties":{"grade":"Destroyed","aoi":"AOI03","matched_gba":true},"geometry":{"type":"Point","coordinates":[85.10983735,27.86063075]}},{"type":"Feature","properties":{"grade":"Destroyed","aoi":"AOI03","matched_gba":true},"geometry":{"type":"Point","coordinates":[85.10957037,27.86066332]}},{"type":"Feature","properties":{"grade":"Destroyed","aoi":"AOI03","matched_gba":true},"geometry":{"type":"Point","coordinates":[85.11056058,27.860666]}},{"type":"Feature","properties":{"grade":"Destroyed","aoi":"AOI03","matched_gba":true},"geometry":{"type":"Point","coordinates":[85.10920111,27.86066732]}},{"type":"Feature","properties":{"grade":"Destroyed","aoi":"AOI03","matched_gba":true},"geometry":{"type":"Point","coordinates":[85.10900988,27.86069894]}},{"type":"Feature","properties":{"grade":"Destroyed","aoi":"AOI03","matched_gba":true},"geometry":{"type":"Point","coordinates":[85.11007333,27.86069913]}},{"type":"Feature","properties":{"grade":"Destroyed","aoi":"AOI03","matched_gba":true},"geometry":{"type":"Point","coordinates":[85.11044144,27.86073903]}},{"type":"Feature","properties":{"grade":"Destroyed","aoi":"AOI03","matched_gba":true},"geometry":{"type":"Point","coordinates":[85.10968582,27.8607537]}},{"type":"Feature","properties":{"grade":"Destroyed","aoi":"AOI03","matched_gba":true},"geometry":{"type":"Point","coordinates":[85.1099374,27.8607573]}},{"type":"Feature","properties":{"grade":"Destroyed","aoi":"AOI03","matched_gba":true},"geometry":{"type":"Point","coordinates":[85.11067541,27.86075982]}},{"type":"Feature","properties":{"grade":"Destroyed","aoi":"AOI03","matched_gba":true},"geometry":{"type":"Point","coordinates":[85.11030915,27.8608079]}},{"type":"Feature","properties":{"grade":"Destroyed","aoi":"AOI03","matched_gba":true},"geometry":{"type":"Point","coordinates":[85.1075343,27.86069827]}},{"type":"Feature","properties":{"grade":"Possibly damaged","aoi":"AOI03","matched_gba":true},"geometry":{"type":"Point","coordinates":[85.10733555,27.8607572]}},{"type":"Feature","properties":{"grade":"Possibly damaged","aoi":"AOI03","matched_gba":false},"geometry":{"type":"Point","coordinates":[85.10710875,27.86077425]}},{"type":"Feature","properties":{"grade":"Possibly damaged","aoi":"AOI03","matched_gba":true},"geometry":{"type":"Point","coordinates":[85.10718755,27.86079535]}},{"type":"Feature","properties":{"grade":"Destroyed","aoi":"AOI03","matched_gba":true},"geometry":{"type":"Point","coordinates":[85.10761081,27.86084124]}},{"type":"Feature","properties":{"grade":"Destroyed","aoi":"AOI03","matched_gba":true},"geometry":{"type":"Point","coordinates":[85.10774322,27.86091925]}},{"type":"Feature","properties":{"grade":"Possibly damaged","aoi":"AOI03","matched_gba":true},"geometry":{"type":"Point","coordinates":[85.10749552,27.8609554]}},{"type":"Feature","properties":{"grade":"Destroyed","aoi":"AOI03","matched_gba":true},"geometry":{"type":"Point","coordinates":[85.10776592,27.86100035]}},{"type":"Feature","properties":{"grade":"Destroyed","aoi":"AOI03","matched_gba":true},"geometry":{"type":"Point","coordinates":[85.1079016,27.86101972]}},{"type":"Feature","properties":{"grade":"Possibly damaged","aoi":"AOI03","matched_gba":true},"geometry":{"type":"Point","coordinates":[85.10758313,27.86104461]}},{"type":"Feature","properties":{"grade":"Destroyed","aoi":"AOI03","matched_gba":true},"geometry":{"type":"Point","coordinates":[85.1100552,27.86081103]}},{"type":"Feature","properties":{"grade":"Destroyed","aoi":"AOI03","matched_gba":true},"geometry":{"type":"Point","coordinates":[85.10949865,27.86082655]}},{"type":"Feature","properties":{"grade":"Destroyed","aoi":"AOI03","matched_gba":true},"geometry":{"type":"Point","coordinates":[85.1097376,27.86082965]}},{"type":"Feature","properties":{"grade":"Destroyed","aoi":"AOI03","matched_gba":true},"geometry":{"type":"Point","coordinates":[85.11017784,27.86083643]}},{"type":"Feature","properties":{"grade":"Destroyed","aoi":"AOI03","matched_gba":true},"geometry":{"type":"Point","coordinates":[85.10934336,27.8608723]}},{"type":"Feature","properties":{"grade":"Destroyed","aoi":"AOI03","matched_gba":true},"geometry":{"type":"Point","coordinates":[85.10956672,27.8608852]}},{"type":"Feature","properties":{"grade":"Destroyed","aoi":"AOI03","matched_gba":true},"geometry":{"type":"Point","coordinates":[85.10977465,27.86088945]}},{"type":"Feature","properties":{"grade":"Destroyed","aoi":"AOI03","matched_gba":true},"geometry":{"type":"Point","coordinates":[85.1096124,27.86093545]}},{"type":"Feature","properties":{"grade":"Damaged","aoi":"AOI03","matched_gba":false},"geometry":{"type":"Point","coordinates":[85.11060272,27.86095972]}},{"type":"Feature","properties":{"grade":"Destroyed","aoi":"AOI03","matched_gba":true},"geometry":{"type":"Point","coordinates":[85.10989945,27.86096153]}},{"type":"Feature","properties":{"grade":"Destroyed","aoi":"AOI03","matched_gba":true},"geometry":{"type":"Point","coordinates":[85.1111621,27.8607162]}},{"type":"Feature","properties":{"grade":"Destroyed","aoi":"AOI03","matched_gba":false},"geometry":{"type":"Point","coordinates":[85.1114283,27.86075833]}},{"type":"Feature","properties":{"grade":"Possibly damaged","aoi":"AOI03","matched_gba":false},"geometry":{"type":"Point","coordinates":[85.11167305,27.86078049]}},{"type":"Feature","properties":{"grade":"Possibly damaged","aoi":"AOI03","matched_gba":true},"geometry":{"type":"Point","coordinates":[85.1118355,27.86079195]}},{"type":"Feature","properties":{"grade":"Possibly damaged","aoi":"AOI03","matched_gba":true},"geometry":{"type":"Point","coordinates":[85.11170865,27.86091996]}},{"type":"Feature","properties":{"grade":"Destroyed","aoi":"AOI03","matched_gba":false},"geometry":{"type":"Point","coordinates":[85.11141083,27.86095925]}},{"type":"Feature","properties":{"grade":"Destroyed","aoi":"AOI03","matched_gba":true},"geometry":{"type":"Point","coordinates":[85.1115591,27.86102025]}},{"type":"Feature","properties":{"grade":"Damaged","aoi":"AOI03","matched_gba":false},"geometry":{"type":"Point","coordinates":[85.11072229,27.86102694]}},{"type":"Feature","properties":{"grade":"Destroyed","aoi":"AOI03","matched_gba":true},"geometry":{"type":"Point","coordinates":[85.11089617,27.86108486]}},{"type":"Feature","properties":{"grade":"Possibly damaged","aoi":"AOI03","matched_gba":false},"geometry":{"type":"Point","coordinates":[85.11190755,27.8611179]}},{"type":"Feature","properties":{"grade":"Destroyed","aoi":"AOI03","matched_gba":true},"geometry":{"type":"Point","coordinates":[85.10948512,27.8609731]}},{"type":"Feature","properties":{"grade":"Destroyed","aoi":"AOI03","matched_gba":true},"geometry":{"type":"Point","coordinates":[85.11009942,27.86099]}},{"type":"Feature","properties":{"grade":"Destroyed","aoi":"AOI03","matched_gba":true},"geometry":{"type":"Point","coordinates":[85.10966108,27.86100359]}},{"type":"Feature","properties":{"grade":"Damaged","aoi":"AOI03","matched_gba":false},"geometry":{"type":"Point","coordinates":[85.11054458,27.86107848]}},{"type":"Feature","properties":{"grade":"Destroyed","aoi":"AOI03","matched_gba":true},"geometry":{"type":"Point","coordinates":[85.11018206,27.86108862]}},{"type":"Feature","properties":{"grade":"Destroyed","aoi":"AOI03","matched_gba":true},"geometry":{"type":"Point","coordinates":[85.11026404,27.86120538]}},{"type":"Feature","properties":{"grade":"Destroyed","aoi":"AOI03","matched_gba":true},"geometry":{"type":"Point","coordinates":[85.11038363,27.86131034]}},{"type":"Feature","properties":{"grade":"Destroyed","aoi":"AOI03","matched_gba":true},"geometry":{"type":"Point","coordinates":[85.11062665,27.86131915]}},{"type":"Feature","properties":{"grade":"Destroyed","aoi":"AOI03","matched_gba":true},"geometry":{"type":"Point","coordinates":[85.11066455,27.8613753]}},{"type":"Feature","properties":{"grade":"Destroyed","aoi":"AOI03","matched_gba":true},"geometry":{"type":"Point","coordinates":[85.11054665,27.8614052]}},{"type":"Feature","properties":{"grade":"Destroyed","aoi":"AOI03","matched_gba":true},"geometry":{"type":"Point","coordinates":[85.10788356,27.86112092]}},{"type":"Feature","properties":{"grade":"Possibly damaged","aoi":"AOI03","matched_gba":true},"geometry":{"type":"Point","coordinates":[85.10766153,27.8611324]}},{"type":"Feature","properties":{"grade":"Possibly damaged","aoi":"AOI03","matched_gba":true},"geometry":{"type":"Point","coordinates":[85.10755498,27.86118061]}},{"type":"Feature","properties":{"grade":"Destroyed","aoi":"AOI03","matched_gba":true},"geometry":{"type":"Point","coordinates":[85.10788512,27.8611852]}},{"type":"Feature","properties":{"grade":"Possibly damaged","aoi":"AOI03","matched_gba":true},"geometry":{"type":"Point","coordinates":[85.10772907,27.86123391]}},{"type":"Feature","properties":{"grade":"Possibly damaged","aoi":"AOI03","matched_gba":true},"geometry":{"type":"Point","coordinates":[85.10762755,27.86127498]}},{"type":"Feature","properties":{"grade":"Destroyed","aoi":"AOI03","matched_gba":true},"geometry":{"type":"Point","coordinates":[85.10797378,27.8612934]}},{"type":"Feature","properties":{"grade":"Possibly damaged","aoi":"AOI03","matched_gba":true},"geometry":{"type":"Point","coordinates":[85.10781352,27.86134295]}},{"type":"Feature","properties":{"grade":"Destroyed","aoi":"AOI03","matched_gba":true},"geometry":{"type":"Point","coordinates":[85.1078343,27.8613965]}},{"type":"Feature","properties":{"grade":"Possibly damaged","aoi":"AOI03","matched_gba":true},"geometry":{"type":"Point","coordinates":[85.10765704,27.86143588]}},{"type":"Feature","properties":{"grade":"Destroyed","aoi":"AOI03","matched_gba":true},"geometry":{"type":"Point","coordinates":[85.11105656,27.86113664]}},{"type":"Feature","properties":{"grade":"Destroyed","aoi":"AOI03","matched_gba":true},"geometry":{"type":"Point","coordinates":[85.11075717,27.86121695]}},{"type":"Feature","properties":{"grade":"Destroyed","aoi":"AOI03","matched_gba":true},"geometry":{"type":"Point","coordinates":[85.11068705,27.86125335]}},{"type":"Feature","properties":{"grade":"Destroyed","aoi":"AOI03","matched_gba":true},"geometry":{"type":"Point","coordinates":[85.11108024,27.861274]}},{"type":"Feature","properties":{"grade":"Destroyed","aoi":"AOI03","matched_gba":true},"geometry":{"type":"Point","coordinates":[85.11085958,27.86128455]}},{"type":"Feature","properties":{"grade":"Destroyed","aoi":"AOI03","matched_gba":true},"geometry":{"type":"Point","coordinates":[85.1107112,27.8615354]}},{"type":"Feature","properties":{"grade":"Damaged","aoi":"AOI03","matched_gba":true},"geometry":{"type":"Point","coordinates":[85.1108059,27.86162747]}},{"type":"Feature","properties":{"grade":"Damaged","aoi":"AOI03","matched_gba":false},"geometry":{"type":"Point","coordinates":[85.11120862,27.86172432]}},{"type":"Feature","properties":{"grade":"Destroyed","aoi":"AOI03","matched_gba":false},"geometry":{"type":"Point","coordinates":[85.11108592,27.86174603]}},{"type":"Feature","properties":{"grade":"Possibly damaged","aoi":"AOI03","matched_gba":true},"geometry":{"type":"Point","coordinates":[85.11238905,27.8620761]}},{"type":"Feature","properties":{"grade":"Destroyed","aoi":"AOI03","matched_gba":true},"geometry":{"type":"Point","coordinates":[85.10780175,27.86152465]}},{"type":"Feature","properties":{"grade":"Destroyed","aoi":"AOI03","matched_gba":true},"geometry":{"type":"Point","coordinates":[85.10879741,27.86160671]}},{"type":"Feature","properties":{"grade":"Destroyed","aoi":"AOI03","matched_gba":false},"geometry":{"type":"Point","coordinates":[85.10788575,27.86162359]}},{"type":"Feature","properties":{"grade":"Destroyed","aoi":"AOI03","matched_gba":false},"geometry":{"type":"Point","coordinates":[85.10790175,27.86176545]}},{"type":"Feature","properties":{"grade":"Destroyed","aoi":"AOI03","matched_gba":false},"geometry":{"type":"Point","coordinates":[85.10785481,27.86181393]}},{"type":"Feature","properties":{"grade":"Possibly damaged","aoi":"AOI03","matched_gba":false},"geometry":{"type":"Point","coordinates":[85.10773114,27.86186184]}},{"type":"Feature","properties":{"grade":"Destroyed","aoi":"AOI03","matched_gba":true},"geometry":{"type":"Point","coordinates":[85.10793435,27.86193015]}},{"type":"Feature","properties":{"grade":"Destroyed","aoi":"AOI03","matched_gba":false},"geometry":{"type":"Point","coordinates":[85.1084795,27.8619372]}},{"type":"Feature","properties":{"grade":"Possibly damaged","aoi":"AOI03","matched_gba":true},"geometry":{"type":"Point","coordinates":[85.10778453,27.86196662]}},{"type":"Feature","properties":{"grade":"Destroyed","aoi":"AOI03","matched_gba":true},"geometry":{"type":"Point","coordinates":[85.10812662,27.86212698]}},{"type":"Feature","properties":{"grade":"Possibly damaged","aoi":"AOI03","matched_gba":true},"geometry":{"type":"Point","coordinates":[85.10793632,27.8622052]}},{"type":"Feature","properties":{"grade":"Possibly damaged","aoi":"AOI03","matched_gba":true},"geometry":{"type":"Point","coordinates":[85.1078511,27.86229832]}},{"type":"Feature","properties":{"grade":"Destroyed","aoi":"AOI03","matched_gba":true},"geometry":{"type":"Point","coordinates":[85.10820885,27.86230965]}},{"type":"Feature","properties":{"grade":"Possibly damaged","aoi":"AOI03","matched_gba":true},"geometry":{"type":"Point","coordinates":[85.1080274,27.8624321]}},{"type":"Feature","properties":{"grade":"Destroyed","aoi":"AOI03","matched_gba":true},"geometry":{"type":"Point","coordinates":[85.10827008,27.86248102]}},{"type":"Feature","properties":{"grade":"Destroyed","aoi":"AOI03","matched_gba":true},"geometry":{"type":"Point","coordinates":[85.1083035,27.8625359]}},{"type":"Feature","properties":{"grade":"Possibly damaged","aoi":"AOI03","matched_gba":false},"geometry":{"type":"Point","coordinates":[85.10805741,27.86254944]}},{"type":"Feature","properties":{"grade":"Destroyed","aoi":"AOI03","matched_gba":true},"geometry":{"type":"Point","coordinates":[85.10839642,27.86262778]}},{"type":"Feature","properties":{"grade":"Destroyed","aoi":"AOI03","matched_gba":true},"geometry":{"type":"Point","coordinates":[85.10849645,27.8627119]}},{"type":"Feature","properties":{"grade":"Possibly damaged","aoi":"AOI03","matched_gba":true},"geometry":{"type":"Point","coordinates":[85.10822899,27.86272426]}},{"type":"Feature","properties":{"grade":"Possibly damaged","aoi":"AOI03","matched_gba":true},"geometry":{"type":"Point","coordinates":[85.11247922,27.86214934]}},{"type":"Feature","properties":{"grade":"Damaged","aoi":"AOI03","matched_gba":false},"geometry":{"type":"Point","coordinates":[85.11160647,27.86231907]}},{"type":"Feature","properties":{"grade":"Damaged","aoi":"AOI03","matched_gba":false},"geometry":{"type":"Point","coordinates":[85.11206912,27.86231915]}},{"type":"Feature","properties":{"grade":"Destroyed","aoi":"AOI03","matched_gba":true},"geometry":{"type":"Point","coordinates":[85.11232278,27.86248324]}},{"type":"Feature","properties":{"grade":"Destroyed","aoi":"AOI03","matched_gba":true},"geometry":{"type":"Point","coordinates":[85.11199443,27.86260274]}},{"type":"Feature","properties":{"grade":"Possibly damaged","aoi":"AOI03","matched_gba":false},"geometry":{"type":"Point","coordinates":[85.11264207,27.8626444]}},{"type":"Feature","properties":{"grade":"Destroyed","aoi":"AOI03","matched_gba":true},"geometry":{"type":"Point","coordinates":[85.11225266,27.86296039]}},{"type":"Feature","properties":{"grade":"Possibly damaged","aoi":"AOI03","matched_gba":false},"geometry":{"type":"Point","coordinates":[85.11252579,27.86329285]}},{"type":"Feature","properties":{"grade":"Possibly damaged","aoi":"AOI03","matched_gba":false},"geometry":{"type":"Point","coordinates":[85.1125772,27.86336694]}},{"type":"Feature","properties":{"grade":"Possibly damaged","aoi":"AOI03","matched_gba":false},"geometry":{"type":"Point","coordinates":[85.1126881,27.8634563]}},{"type":"Feature","properties":{"grade":"Destroyed","aoi":"AOI03","matched_gba":true},"geometry":{"type":"Point","coordinates":[85.10841688,27.8627882]}},{"type":"Feature","properties":{"grade":"Destroyed","aoi":"AOI03","matched_gba":true},"geometry":{"type":"Point","coordinates":[85.1087064,27.86279817]}},{"type":"Feature","properties":{"grade":"Destroyed","aoi":"AOI03","matched_gba":true},"geometry":{"type":"Point","coordinates":[85.1084718,27.8628722]}},{"type":"Feature","properties":{"grade":"Possibly damaged","aoi":"AOI03","matched_gba":false},"geometry":{"type":"Point","coordinates":[85.10828089,27.86287543]}},{"type":"Feature","properties":{"grade":"Destroyed","aoi":"AOI03","matched_gba":true},"geometry":{"type":"Point","coordinates":[85.10865798,27.86295762]}},{"type":"Feature","properties":{"grade":"Destroyed","aoi":"AOI03","matched_gba":true},"geometry":{"type":"Point","coordinates":[85.10873595,27.86301485]}},{"type":"Feature","properties":{"grade":"Possibly damaged","aoi":"AOI03","matched_gba":false},"geometry":{"type":"Point","coordinates":[85.10860632,27.86307712]}},{"type":"Feature","properties":{"grade":"Destroyed","aoi":"AOI03","matched_gba":true},"geometry":{"type":"Point","coordinates":[85.11066734,27.86148423]}},{"type":"Feature","properties":{"grade":"Destroyed","aoi":"AOI03","matched_gba":true},"geometry":{"type":"Point","coordinates":[85.10897085,27.86183656]}},{"type":"Feature","properties":{"grade":"Destroyed","aoi":"AOI03","matched_gba":true},"geometry":{"type":"Point","coordinates":[85.10915725,27.86233848]}},{"type":"Feature","properties":{"grade":"Destroyed","aoi":"AOI03","matched_gba":true},"geometry":{"type":"Point","coordinates":[85.10906347,27.8632582]}},{"type":"Feature","properties":{"grade":"Destroyed","aoi":"AOI03","matched_gba":true},"geometry":{"type":"Point","coordinates":[85.10905351,27.86340179]}},{"type":"Feature","properties":{"grade":"Destroyed","aoi":"AOI03","matched_gba":false},"geometry":{"type":"Point","coordinates":[85.1103375,27.863403]}},{"type":"Feature","properties":{"grade":"Destroyed","aoi":"AOI03","matched_gba":true},"geometry":{"type":"Point","coordinates":[85.1106097,27.8648953]}},{"type":"Feature","properties":{"grade":"Possibly damaged","aoi":"AOI03","matched_gba":true},"geometry":{"type":"Point","coordinates":[85.11279044,27.86353306]}},{"type":"Feature","properties":{"grade":"Possibly damaged","aoi":"AOI03","matched_gba":false},"geometry":{"type":"Point","coordinates":[85.1128873,27.86363358]}},{"type":"Feature","properties":{"grade":"Possibly damaged","aoi":"AOI03","matched_gba":true},"geometry":{"type":"Point","coordinates":[85.11296772,27.86371399]}},{"type":"Feature","properties":{"grade":"Possibly damaged","aoi":"AOI03","matched_gba":true},"geometry":{"type":"Point","coordinates":[85.1130993,27.8638273]}},{"type":"Feature","properties":{"grade":"Destroyed","aoi":"AOI03","matched_gba":true},"geometry":{"type":"Point","coordinates":[85.11266512,27.86426305]}},{"type":"Feature","properties":{"grade":"Possibly damaged","aoi":"AOI03","matched_gba":false},"geometry":{"type":"Point","coordinates":[85.11332377,27.86444595]}},{"type":"Feature","properties":{"grade":"Possibly damaged","aoi":"AOI03","matched_gba":true},"geometry":{"type":"Point","coordinates":[85.11376466,27.86468487]}},{"type":"Feature","properties":{"grade":"Destroyed","aoi":"AOI03","matched_gba":false},"geometry":{"type":"Point","coordinates":[85.11302645,27.86468908]}},{"type":"Feature","properties":{"grade":"Possibly damaged","aoi":"AOI03","matched_gba":false},"geometry":{"type":"Point","coordinates":[85.11386772,27.86480061]}},{"type":"Feature","properties":{"grade":"Possibly damaged","aoi":"AOI03","matched_gba":false},"geometry":{"type":"Point","coordinates":[85.11382558,27.86497553]}},{"type":"Feature","properties":{"grade":"Destroyed","aoi":"AOI03","matched_gba":true},"geometry":{"type":"Point","coordinates":[85.11339757,27.86521871]}},{"type":"Feature","properties":{"grade":"Possibly damaged","aoi":"AOI03","matched_gba":false},"geometry":{"type":"Point","coordinates":[85.11406837,27.86541251]}},{"type":"Feature","properties":{"grade":"Destroyed","aoi":"AOI03","matched_gba":false},"geometry":{"type":"Point","coordinates":[85.11338543,27.86543262]}},{"type":"Feature","properties":{"grade":"Possibly damaged","aoi":"AOI03","matched_gba":true},"geometry":{"type":"Point","coordinates":[85.11411714,27.86568309]}},{"type":"Feature","properties":{"grade":"Destroyed","aoi":"AOI03","matched_gba":true},"geometry":{"type":"Point","coordinates":[85.11175802,27.8659886]}},{"type":"Feature","properties":{"grade":"Possibly damaged","aoi":"AOI03","matched_gba":false},"geometry":{"type":"Point","coordinates":[85.1141042,27.86610142]}},{"type":"Feature","properties":{"grade":"Destroyed","aoi":"AOI03","matched_gba":false},"geometry":{"type":"Point","coordinates":[85.11391734,27.86616878]}},{"type":"Feature","properties":{"grade":"Possibly damaged","aoi":"AOI03","matched_gba":false},"geometry":{"type":"Point","coordinates":[85.11462563,27.86632074]}},{"type":"Feature","properties":{"grade":"Possibly damaged","aoi":"AOI03","matched_gba":false},"geometry":{"type":"Point","coordinates":[85.11475139,27.86649933]}},{"type":"Feature","properties":{"grade":"Destroyed","aoi":"AOI03","matched_gba":true},"geometry":{"type":"Point","coordinates":[85.11404397,27.86655487]}},{"type":"Feature","properties":{"grade":"Destroyed","aoi":"AOI03","matched_gba":true},"geometry":{"type":"Point","coordinates":[85.11412649,27.86670353]}},{"type":"Feature","properties":{"grade":"Possibly damaged","aoi":"AOI03","matched_gba":true},"geometry":{"type":"Point","coordinates":[85.1111568,27.86683085]}},{"type":"Feature","properties":{"grade":"Destroyed","aoi":"AOI03","matched_gba":true},"geometry":{"type":"Point","coordinates":[85.11386082,27.86706429]}},{"type":"Feature","properties":{"grade":"Destroyed","aoi":"AOI03","matched_gba":true},"geometry":{"type":"Point","coordinates":[85.11378047,27.8670799]}},{"type":"Feature","properties":{"grade":"Possibly damaged","aoi":"AOI03","matched_gba":true},"geometry":{"type":"Point","coordinates":[85.11136684,27.86709602]}},{"type":"Feature","properties":{"grade":"Possibly damaged","aoi":"AOI03","matched_gba":false},"geometry":{"type":"Point","coordinates":[85.11503492,27.8671601]}},{"type":"Feature","properties":{"grade":"Destroyed","aoi":"AOI03","matched_gba":false},"geometry":{"type":"Point","coordinates":[85.11232698,27.86718556]}},{"type":"Feature","properties":{"grade":"Destroyed","aoi":"AOI03","matched_gba":true},"geometry":{"type":"Point","coordinates":[85.11418531,27.86718697]}},{"type":"Feature","properties":{"grade":"Possibly damaged","aoi":"AOI03","matched_gba":false},"geometry":{"type":"Point","coordinates":[85.11511097,27.86725858]}},{"type":"Feature","properties":{"grade":"Destroyed","aoi":"AOI03","matched_gba":false},"geometry":{"type":"Point","coordinates":[85.11382616,27.86727979]}},{"type":"Feature","properties":{"grade":"Destroyed","aoi":"AOI03","matched_gba":true},"geometry":{"type":"Point","coordinates":[85.11404889,27.86730835]}},{"type":"Feature","properties":{"grade":"Possibly damaged","aoi":"AOI03","matched_gba":false},"geometry":{"type":"Point","coordinates":[85.11158871,27.86760247]}},{"type":"Feature","properties":{"grade":"Damaged","aoi":"AOI03","matched_gba":false},"geometry":{"type":"Point","coordinates":[85.11488178,27.86765585]}},{"type":"Feature","properties":{"grade":"Possibly damaged","aoi":"AOI03","matched_gba":false},"geometry":{"type":"Point","coordinates":[85.11173671,27.86769977]}},{"type":"Feature","properties":{"grade":"Possibly damaged","aoi":"AOI03","matched_gba":true},"geometry":{"type":"Point","coordinates":[85.11180788,27.86781933]}},{"type":"Feature","properties":{"grade":"Possibly damaged","aoi":"AOI03","matched_gba":true},"geometry":{"type":"Point","coordinates":[85.11171205,27.86783379]}},{"type":"Feature","properties":{"grade":"Possibly damaged","aoi":"AOI03","matched_gba":false},"geometry":{"type":"Point","coordinates":[85.11167496,27.86788063]}},{"type":"Feature","properties":{"grade":"Possibly damaged","aoi":"AOI03","matched_gba":false},"geometry":{"type":"Point","coordinates":[85.11641267,27.86824978]}},{"type":"Feature","properties":{"grade":"Damaged","aoi":"AOI03","matched_gba":false},"geometry":{"type":"Point","coordinates":[85.11572556,27.86827135]}},{"type":"Feature","properties":{"grade":"Destroyed","aoi":"AOI03","matched_gba":true},"geometry":{"type":"Point","coordinates":[85.1157798,27.86837975]}},{"type":"Feature","properties":{"grade":"Destroyed","aoi":"AOI03","matched_gba":true},"geometry":{"type":"Point","coordinates":[85.11571942,27.86841825]}},{"type":"Feature","properties":{"grade":"Destroyed","aoi":"AOI03","matched_gba":true},"geometry":{"type":"Point","coordinates":[85.11553632,27.86845311]}},{"type":"Feature","properties":{"grade":"Possibly damaged","aoi":"AOI03","matched_gba":false},"geometry":{"type":"Point","coordinates":[85.11717078,27.86853016]}},{"type":"Feature","properties":{"grade":"Possibly damaged","aoi":"AOI03","matched_gba":false},"geometry":{"type":"Point","coordinates":[85.1174025,27.86878923]}},{"type":"Feature","properties":{"grade":"Possibly damaged","aoi":"AOI03","matched_gba":false},"geometry":{"type":"Point","coordinates":[85.11754623,27.86884399]}},{"type":"Feature","properties":{"grade":"Possibly damaged","aoi":"AOI03","matched_gba":true},"geometry":{"type":"Point","coordinates":[85.11776845,27.86894865]}},{"type":"Feature","properties":{"grade":"Destroyed","aoi":"AOI03","matched_gba":true},"geometry":{"type":"Point","coordinates":[85.11653015,27.86900175]}},{"type":"Feature","properties":{"grade":"Destroyed","aoi":"AOI03","matched_gba":true},"geometry":{"type":"Point","coordinates":[85.11550535,27.8691562]}},{"type":"Feature","properties":{"grade":"Destroyed","aoi":"AOI03","matched_gba":true},"geometry":{"type":"Point","coordinates":[85.11775028,27.87026992]}},{"type":"Feature","properties":{"grade":"Destroyed","aoi":"AOI03","matched_gba":true},"geometry":{"type":"Point","coordinates":[85.11541805,27.87048085]}},{"type":"Feature","properties":{"grade":"Possibly damaged","aoi":"AOI03","matched_gba":true},"geometry":{"type":"Point","coordinates":[85.11803555,27.86914195]}},{"type":"Feature","properties":{"grade":"Possibly damaged","aoi":"AOI03","matched_gba":true},"geometry":{"type":"Point","coordinates":[85.118152,27.86918015]}},{"type":"Feature","properties":{"grade":"Possibly damaged","aoi":"AOI03","matched_gba":false},"geometry":{"type":"Point","coordinates":[85.11798263,27.86928394]}},{"type":"Feature","properties":{"grade":"Possibly damaged","aoi":"AOI03","matched_gba":false},"geometry":{"type":"Point","coordinates":[85.11807867,27.86934765]}},{"type":"Feature","properties":{"grade":"Possibly damaged","aoi":"AOI03","matched_gba":false},"geometry":{"type":"Point","coordinates":[85.11924369,27.86975191]}},{"type":"Feature","properties":{"grade":"Possibly damaged","aoi":"AOI03","matched_gba":false},"geometry":{"type":"Point","coordinates":[85.11944915,27.8698217]}},{"type":"Feature","properties":{"grade":"Possibly damaged","aoi":"AOI03","matched_gba":false},"geometry":{"type":"Point","coordinates":[85.1191863,27.86982372]}},{"type":"Feature","properties":{"grade":"Possibly damaged","aoi":"AOI03","matched_gba":false},"geometry":{"type":"Point","coordinates":[85.11935004,27.86983764]}},{"type":"Feature","properties":{"grade":"Possibly damaged","aoi":"AOI03","matched_gba":false},"geometry":{"type":"Point","coordinates":[85.11899115,27.87003582]}},{"type":"Feature","properties":{"grade":"Possibly damaged","aoi":"AOI03","matched_gba":false},"geometry":{"type":"Point","coordinates":[85.11895725,27.87009507]}},{"type":"Feature","properties":{"grade":"Destroyed","aoi":"AOI03","matched_gba":true},"geometry":{"type":"Point","coordinates":[85.11824819,27.87014884]}},{"type":"Feature","properties":{"grade":"Destroyed","aoi":"AOI03","matched_gba":true},"geometry":{"type":"Point","coordinates":[85.11834896,27.87022588]}},{"type":"Feature","properties":{"grade":"Destroyed","aoi":"AOI03","matched_gba":true},"geometry":{"type":"Point","coordinates":[85.11859634,27.87037441]}},{"type":"Feature","properties":{"grade":"Destroyed","aoi":"AOI03","matched_gba":true},"geometry":{"type":"Point","coordinates":[85.118502,27.87061145]}},{"type":"Feature","properties":{"grade":"Destroyed","aoi":"AOI03","matched_gba":true},"geometry":{"type":"Point","coordinates":[85.11794512,27.87062168]}},{"type":"Feature","properties":{"grade":"Destroyed","aoi":"AOI03","matched_gba":true},"geometry":{"type":"Point","coordinates":[85.11810665,27.8706455]}},{"type":"Feature","properties":{"grade":"Destroyed","aoi":"AOI03","matched_gba":false},"geometry":{"type":"Point","coordinates":[85.11819805,27.87082071]}},{"type":"Feature","properties":{"grade":"Destroyed","aoi":"AOI03","matched_gba":false},"geometry":{"type":"Point","coordinates":[85.11844363,27.87086926]}},{"type":"Feature","properties":{"grade":"Destroyed","aoi":"AOI03","matched_gba":true},"geometry":{"type":"Point","coordinates":[85.11868013,27.87087475]}},{"type":"Feature","properties":{"grade":"Possibly damaged","aoi":"AOI03","matched_gba":false},"geometry":{"type":"Point","coordinates":[85.11995465,27.87119509]}},{"type":"Feature","properties":{"grade":"Destroyed","aoi":"AOI03","matched_gba":false},"geometry":{"type":"Point","coordinates":[85.11501626,27.87050774]}},{"type":"Feature","properties":{"grade":"Destroyed","aoi":"AOI03","matched_gba":false},"geometry":{"type":"Point","coordinates":[85.11477421,27.87085801]}},{"type":"Feature","properties":{"grade":"Destroyed","aoi":"AOI03","matched_gba":true},"geometry":{"type":"Point","coordinates":[85.11571056,27.87108686]}},{"type":"Feature","properties":{"grade":"Destroyed","aoi":"AOI03","matched_gba":true},"geometry":{"type":"Point","coordinates":[85.11518282,27.87110465]}},{"type":"Feature","properties":{"grade":"Destroyed","aoi":"AOI03","matched_gba":true},"geometry":{"type":"Point","coordinates":[85.11555215,27.87117438]}},{"type":"Feature","properties":{"grade":"Destroyed","aoi":"AOI03","matched_gba":true},"geometry":{"type":"Point","coordinates":[85.1153742,27.8711813]}},{"type":"Feature","properties":{"grade":"Destroyed","aoi":"AOI03","matched_gba":true},"geometry":{"type":"Point","coordinates":[85.11548393,27.87118747]}},{"type":"Feature","properties":{"grade":"Destroyed","aoi":"AOI03","matched_gba":true},"geometry":{"type":"Point","coordinates":[85.11523783,27.87132396]}},{"type":"Feature","properties":{"grade":"Destroyed","aoi":"AOI03","matched_gba":true},"geometry":{"type":"Point","coordinates":[85.1156072,27.87135845]}},{"type":"Feature","properties":{"grade":"Destroyed","aoi":"AOI03","matched_gba":true},"geometry":{"type":"Point","coordinates":[85.11449435,27.87137655]}},{"type":"Feature","properties":{"grade":"Destroyed","aoi":"AOI03","matched_gba":true},"geometry":{"type":"Point","coordinates":[85.1154419,27.8713996]}},{"type":"Feature","properties":{"grade":"Destroyed","aoi":"AOI03","matched_gba":true},"geometry":{"type":"Point","coordinates":[85.11497395,27.87141027]}},{"type":"Feature","properties":{"grade":"Destroyed","aoi":"AOI03","matched_gba":false},"geometry":{"type":"Point","coordinates":[85.11503746,27.87148713]}},{"type":"Feature","properties":{"grade":"Destroyed","aoi":"AOI03","matched_gba":false},"geometry":{"type":"Point","coordinates":[85.11492145,27.87148713]}},{"type":"Feature","properties":{"grade":"Destroyed","aoi":"AOI03","matched_gba":true},"geometry":{"type":"Point","coordinates":[85.11698608,27.87238612]}},{"type":"Feature","properties":{"grade":"Destroyed","aoi":"AOI03","matched_gba":true},"geometry":{"type":"Point","coordinates":[85.11639745,27.87274025]}},{"type":"Feature","properties":{"grade":"Destroyed","aoi":"AOI03","matched_gba":true},"geometry":{"type":"Point","coordinates":[85.1164989,27.87277615]}},{"type":"Feature","properties":{"grade":"Destroyed","aoi":"AOI03","matched_gba":false},"geometry":{"type":"Point","coordinates":[85.116632,27.872884]}},{"type":"Feature","properties":{"grade":"Destroyed","aoi":"AOI03","matched_gba":true},"geometry":{"type":"Point","coordinates":[85.11648603,27.87289329]}},{"type":"Feature","properties":{"grade":"Destroyed","aoi":"AOI03","matched_gba":true},"geometry":{"type":"Point","coordinates":[85.11733355,27.87315795]}},{"type":"Feature","properties":{"grade":"Possibly damaged","aoi":"AOI03","matched_gba":false},"geometry":{"type":"Point","coordinates":[85.12033973,27.87131187]}},{"type":"Feature","properties":{"grade":"Destroyed","aoi":"AOI03","matched_gba":true},"geometry":{"type":"Point","coordinates":[85.1194562,27.87139925]}},{"type":"Feature","properties":{"grade":"Possibly damaged","aoi":"AOI03","matched_gba":false},"geometry":{"type":"Point","coordinates":[85.12096953,27.87155239]}},{"type":"Feature","properties":{"grade":"Possibly damaged","aoi":"AOI03","matched_gba":false},"geometry":{"type":"Point","coordinates":[85.12123353,27.87168595]}},{"type":"Feature","properties":{"grade":"Destroyed","aoi":"AOI03","matched_gba":false},"geometry":{"type":"Point","coordinates":[85.11859497,27.8735535]}},{"type":"Feature","properties":{"grade":"Destroyed","aoi":"AOI03","matched_gba":false},"geometry":{"type":"Point","coordinates":[85.11815145,27.87387729]}},{"type":"Feature","properties":{"grade":"Destroyed","aoi":"AOI03","matched_gba":true},"geometry":{"type":"Point","coordinates":[85.12165775,27.87395125]}},{"type":"Feature","properties":{"grade":"Possibly damaged","aoi":"AOI03","matched_gba":true},"geometry":{"type":"Point","coordinates":[85.11800983,27.87438974]}},{"type":"Feature","properties":{"grade":"Possibly damaged","aoi":"AOI03","matched_gba":true},"geometry":{"type":"Point","coordinates":[85.11821116,27.87449206]}},{"type":"Feature","properties":{"grade":"Possibly damaged","aoi":"AOI03","matched_gba":false},"geometry":{"type":"Point","coordinates":[85.11827423,27.87450758]}},{"type":"Feature","properties":{"grade":"Possibly damaged","aoi":"AOI03","matched_gba":true},"geometry":{"type":"Point","coordinates":[85.1167132,27.87340975]}},{"type":"Feature","properties":{"grade":"Possibly damaged","aoi":"AOI03","matched_gba":false},"geometry":{"type":"Point","coordinates":[85.11696873,27.87342092]}},{"type":"Feature","properties":{"grade":"Possibly damaged","aoi":"AOI03","matched_gba":true},"geometry":{"type":"Point","coordinates":[85.11684751,27.87351887]}},{"type":"Feature","properties":{"grade":"Possibly damaged","aoi":"AOI03","matched_gba":true},"geometry":{"type":"Point","coordinates":[85.11691682,27.87356307]}},{"type":"Feature","properties":{"grade":"Possibly damaged","aoi":"AOI03","matched_gba":true},"geometry":{"type":"Point","coordinates":[85.11701478,27.87358307]}},{"type":"Feature","properties":{"grade":"Possibly damaged","aoi":"AOI03","matched_gba":false},"geometry":{"type":"Point","coordinates":[85.11710246,27.87362132]}},{"type":"Feature","properties":{"grade":"Possibly damaged","aoi":"AOI03","matched_gba":true},"geometry":{"type":"Point","coordinates":[85.11710868,27.8736836]}},{"type":"Feature","properties":{"grade":"Possibly damaged","aoi":"AOI03","matched_gba":true},"geometry":{"type":"Point","coordinates":[85.11716968,27.8736919]}},{"type":"Feature","properties":{"grade":"Possibly damaged","aoi":"AOI03","matched_gba":true},"geometry":{"type":"Point","coordinates":[85.11724425,27.87373675]}},{"type":"Feature","properties":{"grade":"Possibly damaged","aoi":"AOI03","matched_gba":true},"geometry":{"type":"Point","coordinates":[85.11731705,27.87376979]}},{"type":"Feature","properties":{"grade":"Possibly damaged","aoi":"AOI03","matched_gba":false},"geometry":{"type":"Point","coordinates":[85.11763061,27.87397004]}},{"type":"Feature","properties":{"grade":"Possibly damaged","aoi":"AOI03","matched_gba":false},"geometry":{"type":"Point","coordinates":[85.11756556,27.8740155]}},{"type":"Feature","properties":{"grade":"Possibly damaged","aoi":"AOI03","matched_gba":false},"geometry":{"type":"Point","coordinates":[85.11768421,27.87405715]}},{"type":"Feature","properties":{"grade":"Possibly damaged","aoi":"AOI03","matched_gba":false},"geometry":{"type":"Point","coordinates":[85.11763611,27.8741004]}},{"type":"Feature","properties":{"grade":"Possibly damaged","aoi":"AOI03","matched_gba":false},"geometry":{"type":"Point","coordinates":[85.11774677,27.87410138]}},{"type":"Feature","properties":{"grade":"Possibly damaged","aoi":"AOI03","matched_gba":true},"geometry":{"type":"Point","coordinates":[85.11779126,27.8741399]}},{"type":"Feature","properties":{"grade":"Possibly damaged","aoi":"AOI03","matched_gba":false},"geometry":{"type":"Point","coordinates":[85.11787324,27.87439511]}},{"type":"Feature","properties":{"grade":"Possibly damaged","aoi":"AOI03","matched_gba":false},"geometry":{"type":"Point","coordinates":[85.11822207,27.87458117]}},{"type":"Feature","properties":{"grade":"Destroyed","aoi":"AOI03","matched_gba":true},"geometry":{"type":"Point","coordinates":[85.1189008,27.87467405]}},{"type":"Feature","properties":{"grade":"Damaged","aoi":"AOI03","matched_gba":false},"geometry":{"type":"Point","coordinates":[85.11869648,27.87467754]}},{"type":"Feature","properties":{"grade":"Possibly damaged","aoi":"AOI03","matched_gba":true},"geometry":{"type":"Point","coordinates":[85.11834165,27.87468436]}},{"type":"Feature","properties":{"grade":"Destroyed","aoi":"AOI03","matched_gba":true},"geometry":{"type":"Point","coordinates":[85.11904014,27.87469273]}},{"type":"Feature","properties":{"grade":"Destroyed","aoi":"AOI03","matched_gba":true},"geometry":{"type":"Point","coordinates":[85.11911325,27.8747437]}},{"type":"Feature","properties":{"grade":"Destroyed","aoi":"AOI03","matched_gba":true},"geometry":{"type":"Point","coordinates":[85.1227462,27.87479865]}},{"type":"Feature","properties":{"grade":"Possibly damaged","aoi":"AOI03","matched_gba":true},"geometry":{"type":"Point","coordinates":[85.11901645,27.8748475]}},{"type":"Feature","properties":{"grade":"Possibly damaged","aoi":"AOI03","matched_gba":false},"geometry":{"type":"Point","coordinates":[85.11917648,27.87489437]}},{"type":"Feature","properties":{"grade":"Possibly damaged","aoi":"AOI03","matched_gba":true},"geometry":{"type":"Point","coordinates":[85.11929259,27.87498754]}},{"type":"Feature","properties":{"grade":"Destroyed","aoi":"AOI03","matched_gba":true},"geometry":{"type":"Point","coordinates":[85.12100895,27.8751211]}},{"type":"Feature","properties":{"grade":"Destroyed","aoi":"AOI03","matched_gba":true},"geometry":{"type":"Point","coordinates":[85.12072608,27.8751985]}},{"type":"Feature","properties":{"grade":"Destroyed","aoi":"AOI03","matched_gba":true},"geometry":{"type":"Point","coordinates":[85.12011963,27.87529638]}},{"type":"Feature","properties":{"grade":"Destroyed","aoi":"AOI03","matched_gba":true},"geometry":{"type":"Point","coordinates":[85.12026187,27.87533998]}},{"type":"Feature","properties":{"grade":"Damaged","aoi":"AOI03","matched_gba":true},"geometry":{"type":"Point","coordinates":[85.12070658,27.8753495]}},{"type":"Feature","properties":{"grade":"Possibly damaged","aoi":"AOI03","matched_gba":false},"geometry":{"type":"Point","coordinates":[85.11995098,27.87541492]}},{"type":"Feature","properties":{"grade":"Possibly damaged","aoi":"AOI03","matched_gba":false},"geometry":{"type":"Point","coordinates":[85.11983306,27.87544168]}},{"type":"Feature","properties":{"grade":"Destroyed","aoi":"AOI03","matched_gba":true},"geometry":{"type":"Point","coordinates":[85.1251979,27.87548463]}},{"type":"Feature","properties":{"grade":"Destroyed","aoi":"AOI03","matched_gba":true},"geometry":{"type":"Point","coordinates":[85.12352024,27.87587765]}},{"type":"Feature","properties":{"grade":"Destroyed","aoi":"AOI03","matched_gba":false},"geometry":{"type":"Point","coordinates":[85.1219045,27.87597889]}},{"type":"Feature","properties":{"grade":"Destroyed","aoi":"AOI03","matched_gba":true},"geometry":{"type":"Point","coordinates":[85.1233803,27.8760346]}},{"type":"Feature","properties":{"grade":"Possibly damaged","aoi":"AOI03","matched_gba":false},"geometry":{"type":"Point","coordinates":[85.12303666,27.87608671]}},{"type":"Feature","properties":{"grade":"Possibly damaged","aoi":"AOI03","matched_gba":true},"geometry":{"type":"Point","coordinates":[85.12210062,27.87615866]}},{"type":"Feature","properties":{"grade":"Destroyed","aoi":"AOI03","matched_gba":false},"geometry":{"type":"Point","coordinates":[85.12737959,27.87622453]}},{"type":"Feature","properties":{"grade":"Possibly damaged","aoi":"AOI03","matched_gba":false},"geometry":{"type":"Point","coordinates":[85.12320211,27.87622556]}},{"type":"Feature","properties":{"grade":"Destroyed","aoi":"AOI03","matched_gba":false},"geometry":{"type":"Point","coordinates":[85.12743974,27.87626363]}},{"type":"Feature","properties":{"grade":"Possibly damaged","aoi":"AOI03","matched_gba":true},"geometry":{"type":"Point","coordinates":[85.12329802,27.87627742]}},{"type":"Feature","properties":{"grade":"Possibly damaged","aoi":"AOI03","matched_gba":false},"geometry":{"type":"Point","coordinates":[85.12308616,27.87638234]}},{"type":"Feature","properties":{"grade":"Possibly damaged","aoi":"AOI03","matched_gba":false},"geometry":{"type":"Point","coordinates":[85.12311479,27.87663271]}},{"type":"Feature","properties":{"grade":"Destroyed","aoi":"AOI03","matched_gba":false},"geometry":{"type":"Point","coordinates":[85.12455944,27.87687083]}},{"type":"Feature","properties":{"grade":"Destroyed","aoi":"AOI03","matched_gba":false},"geometry":{"type":"Point","coordinates":[85.1249213,27.87705359]}},{"type":"Feature","properties":{"grade":"Destroyed","aoi":"AOI03","matched_gba":false},"geometry":{"type":"Point","coordinates":[85.12490668,27.87717055]}},{"type":"Feature","properties":{"grade":"Destroyed","aoi":"AOI03","matched_gba":false},"geometry":{"type":"Point","coordinates":[85.12426886,27.87727472]}},{"type":"Feature","properties":{"grade":"Destroyed","aoi":"AOI03","matched_gba":false},"geometry":{"type":"Point","coordinates":[85.12411534,27.87735331]}},{"type":"Feature","properties":{"grade":"Possibly damaged","aoi":"AOI03","matched_gba":false},"geometry":{"type":"Point","coordinates":[85.12977813,27.88042132]}},{"type":"Feature","properties":{"grade":"Possibly damaged","aoi":"AOI03","matched_gba":false},"geometry":{"type":"Point","coordinates":[85.12953636,27.88052339]}},{"type":"Feature","properties":{"grade":"Possibly damaged","aoi":"AOI03","matched_gba":true},"geometry":{"type":"Point","coordinates":[85.12988249,27.88057433]}},{"type":"Feature","properties":{"grade":"Possibly damaged","aoi":"AOI03","matched_gba":false},"geometry":{"type":"Point","coordinates":[85.12896381,27.88069034]}},{"type":"Feature","properties":{"grade":"Possibly damaged","aoi":"AOI03","matched_gba":false},"geometry":{"type":"Point","coordinates":[85.12933374,27.88070307]}},{"type":"Feature","properties":{"grade":"Possibly damaged","aoi":"AOI03","matched_gba":true},"geometry":{"type":"Point","coordinates":[85.12975785,27.88076022]}},{"type":"Feature","properties":{"grade":"Possibly damaged","aoi":"AOI03","matched_gba":false},"geometry":{"type":"Point","coordinates":[85.12954049,27.88078811]}},{"type":"Feature","properties":{"grade":"Destroyed","aoi":"AOI03","matched_gba":false},"geometry":{"type":"Point","coordinates":[85.12870885,27.88088731]}},{"type":"Feature","properties":{"grade":"Possibly damaged","aoi":"AOI03","matched_gba":false},"geometry":{"type":"Point","coordinates":[85.12901245,27.88088886]}},{"type":"Feature","properties":{"grade":"Possibly damaged","aoi":"AOI03","matched_gba":false},"geometry":{"type":"Point","coordinates":[85.12922035,27.8809071]}},{"type":"Feature","properties":{"grade":"Possibly damaged","aoi":"AOI03","matched_gba":false},"geometry":{"type":"Point","coordinates":[85.12989406,27.8809111]}},{"type":"Feature","properties":{"grade":"Possibly damaged","aoi":"AOI03","matched_gba":false},"geometry":{"type":"Point","coordinates":[85.13013371,27.88093234]}},{"type":"Feature","properties":{"grade":"Destroyed","aoi":"AOI03","matched_gba":false},"geometry":{"type":"Point","coordinates":[85.12850808,27.8809591]}},{"type":"Feature","properties":{"grade":"Possibly damaged","aoi":"AOI03","matched_gba":false},"geometry":{"type":"Point","coordinates":[85.12941859,27.88098174]}},{"type":"Feature","properties":{"grade":"Possibly damaged","aoi":"AOI03","matched_gba":false},"geometry":{"type":"Point","coordinates":[85.12891484,27.88101601]}},{"type":"Feature","properties":{"grade":"Possibly damaged","aoi":"AOI03","matched_gba":false},"geometry":{"type":"Point","coordinates":[85.12922112,27.88103045]}},{"type":"Feature","properties":{"grade":"Possibly damaged","aoi":"AOI03","matched_gba":false},"geometry":{"type":"Point","coordinates":[85.13017363,27.88113331]}},{"type":"Feature","properties":{"grade":"Possibly damaged","aoi":"AOI03","matched_gba":true},"geometry":{"type":"Point","coordinates":[85.12975679,27.88115849]}},{"type":"Feature","properties":{"grade":"Possibly damaged","aoi":"AOI03","matched_gba":true},"geometry":{"type":"Point","coordinates":[85.12879913,27.8811866]}},{"type":"Feature","properties":{"grade":"Destroyed","aoi":"AOI03","matched_gba":false},"geometry":{"type":"Point","coordinates":[85.12856442,27.88121425]}},{"type":"Feature","properties":{"grade":"Possibly damaged","aoi":"AOI03","matched_gba":false},"geometry":{"type":"Point","coordinates":[85.12927536,27.88123932]}},{"type":"Feature","properties":{"grade":"Possibly damaged","aoi":"AOI03","matched_gba":true},"geometry":{"type":"Point","coordinates":[85.12989637,27.88128115]}},{"type":"Feature","properties":{"grade":"Possibly damaged","aoi":"AOI03","matched_gba":true},"geometry":{"type":"Point","coordinates":[85.12961576,27.88128762]}},{"type":"Feature","properties":{"grade":"Possibly damaged","aoi":"AOI03","matched_gba":false},"geometry":{"type":"Point","coordinates":[85.12890029,27.88135756]}},{"type":"Feature","properties":{"grade":"Possibly damaged","aoi":"AOI03","matched_gba":true},"geometry":{"type":"Point","coordinates":[85.12913665,27.88140189]}},{"type":"Feature","properties":{"grade":"Possibly damaged","aoi":"AOI03","matched_gba":true},"geometry":{"type":"Point","coordinates":[85.12949751,27.88143762]}},{"type":"Feature","properties":{"grade":"Destroyed","aoi":"AOI03","matched_gba":false},"geometry":{"type":"Point","coordinates":[85.12877608,27.88151776]}},{"type":"Feature","properties":{"grade":"Possibly damaged","aoi":"AOI03","matched_gba":true},"geometry":{"type":"Point","coordinates":[85.12912721,27.88161503]}},{"type":"Feature","properties":{"grade":"Destroyed","aoi":"AOI03","matched_gba":false},"geometry":{"type":"Point","coordinates":[85.12889704,27.88171469]}},{"type":"Feature","properties":{"grade":"Destroyed","aoi":"AOI03","matched_gba":false},"geometry":{"type":"Point","coordinates":[85.1297394,27.88178088]}},{"type":"Feature","properties":{"grade":"Destroyed","aoi":"AOI03","matched_gba":false},"geometry":{"type":"Point","coordinates":[85.12961055,27.88179989]}},{"type":"Feature","properties":{"grade":"Destroyed","aoi":"AOI03","matched_gba":true},"geometry":{"type":"Point","coordinates":[85.12996319,27.88187213]}},{"type":"Feature","properties":{"grade":"Possibly damaged","aoi":"AOI03","matched_gba":false},"geometry":{"type":"Point","coordinates":[85.13048761,27.88212962]}},{"type":"Feature","properties":{"grade":"Destroyed","aoi":"AOI03","matched_gba":true},"geometry":{"type":"Point","coordinates":[85.12816059,27.88221606]}},{"type":"Feature","properties":{"grade":"Destroyed","aoi":"AOI03","matched_gba":false},"geometry":{"type":"Point","coordinates":[85.1298736,27.88245455]}},{"type":"Feature","properties":{"grade":"Destroyed","aoi":"AOI03","matched_gba":true},"geometry":{"type":"Point","coordinates":[85.13003392,27.8824566]}},{"type":"Feature","properties":{"grade":"Destroyed","aoi":"AOI03","matched_gba":true},"geometry":{"type":"Point","coordinates":[85.12936263,27.88250544]}},{"type":"Feature","properties":{"grade":"Destroyed","aoi":"AOI03","matched_gba":false},"geometry":{"type":"Point","coordinates":[85.12923843,27.88254309]}},{"type":"Feature","properties":{"grade":"Destroyed","aoi":"AOI03","matched_gba":false},"geometry":{"type":"Point","coordinates":[85.12919779,27.88262432]}},{"type":"Feature","properties":{"grade":"Destroyed","aoi":"AOI03","matched_gba":false},"geometry":{"type":"Point","coordinates":[85.12924336,27.88294621]}},{"type":"Feature","properties":{"grade":"Destroyed","aoi":"AOI03","matched_gba":false},"geometry":{"type":"Point","coordinates":[85.12914938,27.88301727]}},{"type":"Feature","properties":{"grade":"Destroyed","aoi":"AOI03","matched_gba":true},"geometry":{"type":"Point","coordinates":[85.13098557,27.8834853]}},{"type":"Feature","properties":{"grade":"Destroyed","aoi":"AOI03","matched_gba":true},"geometry":{"type":"Point","coordinates":[85.13083314,27.8837808]}},{"type":"Feature","properties":{"grade":"Destroyed","aoi":"AOI03","matched_gba":false},"geometry":{"type":"Point","coordinates":[85.13137458,27.88383401]}},{"type":"Feature","properties":{"grade":"Destroyed","aoi":"AOI03","matched_gba":true},"geometry":{"type":"Point","coordinates":[85.13089272,27.88388075]}},{"type":"Feature","properties":{"grade":"Destroyed","aoi":"AOI03","matched_gba":true},"geometry":{"type":"Point","coordinates":[85.1309743,27.883989]}},{"type":"Feature","properties":{"grade":"Destroyed","aoi":"AOI03","matched_gba":false},"geometry":{"type":"Point","coordinates":[85.13089621,27.88402097]}},{"type":"Feature","properties":{"grade":"Destroyed","aoi":"AOI03","matched_gba":false},"geometry":{"type":"Point","coordinates":[85.13117233,27.88403648]}},{"type":"Feature","properties":{"grade":"Destroyed","aoi":"AOI03","matched_gba":true},"geometry":{"type":"Point","coordinates":[85.1307517,27.88412755]}},{"type":"Feature","properties":{"grade":"Destroyed","aoi":"AOI03","matched_gba":true},"geometry":{"type":"Point","coordinates":[85.1308763,27.88415185]}},{"type":"Feature","properties":{"grade":"Destroyed","aoi":"AOI03","matched_gba":false},"geometry":{"type":"Point","coordinates":[85.13111063,27.88421227]}},{"type":"Feature","properties":{"grade":"Destroyed","aoi":"AOI03","matched_gba":true},"geometry":{"type":"Point","coordinates":[85.1316946,27.88431095]}},{"type":"Feature","properties":{"grade":"Destroyed","aoi":"AOI03","matched_gba":false},"geometry":{"type":"Point","coordinates":[85.13190554,27.88433238]}},{"type":"Feature","properties":{"grade":"Destroyed","aoi":"AOI03","matched_gba":false},"geometry":{"type":"Point","coordinates":[85.13097408,27.88433657]}},{"type":"Feature","properties":{"grade":"Destroyed","aoi":"AOI03","matched_gba":false},"geometry":{"type":"Point","coordinates":[85.13178171,27.8843778]}},{"type":"Feature","properties":{"grade":"Destroyed","aoi":"AOI03","matched_gba":false},"geometry":{"type":"Point","coordinates":[85.13190507,27.8844703]}},{"type":"Feature","properties":{"grade":"Destroyed","aoi":"AOI03","matched_gba":false},"geometry":{"type":"Point","coordinates":[85.131146,27.88588652]}},{"type":"Feature","properties":{"grade":"Destroyed","aoi":"AOI03","matched_gba":true},"geometry":{"type":"Point","coordinates":[85.13368534,27.88599741]}},{"type":"Feature","properties":{"grade":"Destroyed","aoi":"AOI03","matched_gba":true},"geometry":{"type":"Point","coordinates":[85.13388307,27.88601915]}},{"type":"Feature","properties":{"grade":"Possibly damaged","aoi":"AOI03","matched_gba":false},"geometry":{"type":"Point","coordinates":[85.12999031,27.88604087]}},{"type":"Feature","properties":{"grade":"Destroyed","aoi":"AOI03","matched_gba":true},"geometry":{"type":"Point","coordinates":[85.13231165,27.88648645]}},{"type":"Feature","properties":{"grade":"Destroyed","aoi":"AOI03","matched_gba":true},"geometry":{"type":"Point","coordinates":[85.1323852,27.88653878]}},{"type":"Feature","properties":{"grade":"Possibly damaged","aoi":"AOI03","matched_gba":false},"geometry":{"type":"Point","coordinates":[85.13090885,27.88664558]}},{"type":"Feature","properties":{"grade":"Destroyed","aoi":"AOI03","matched_gba":false},"geometry":{"type":"Point","coordinates":[85.13346984,27.88735686]}},{"type":"Feature","properties":{"grade":"Destroyed","aoi":"AOI03","matched_gba":false},"geometry":{"type":"Point","coordinates":[85.13341325,27.88748046]}},{"type":"Feature","properties":{"grade":"Destroyed","aoi":"AOI03","matched_gba":true},"geometry":{"type":"Point","coordinates":[85.13358946,27.88748486]}},{"type":"Feature","properties":{"grade":"Destroyed","aoi":"AOI03","matched_gba":true},"geometry":{"type":"Point","coordinates":[85.13355467,27.88757108]}},{"type":"Feature","properties":{"grade":"Destroyed","aoi":"AOI03","matched_gba":false},"geometry":{"type":"Point","coordinates":[85.13329177,27.88757922]}},{"type":"Feature","properties":{"grade":"Destroyed","aoi":"AOI03","matched_gba":false},"geometry":{"type":"Point","coordinates":[85.13321315,27.88768258]}},{"type":"Feature","properties":{"grade":"Possibly damaged","aoi":"AOI03","matched_gba":false},"geometry":{"type":"Point","coordinates":[85.13229286,27.88768321]}},{"type":"Feature","properties":{"grade":"Destroyed","aoi":"AOI03","matched_gba":false},"geometry":{"type":"Point","coordinates":[85.13435064,27.88809684]}},{"type":"Feature","properties":{"grade":"Destroyed","aoi":"AOI03","matched_gba":false},"geometry":{"type":"Point","coordinates":[85.13442011,27.88817217]}},{"type":"Feature","properties":{"grade":"Destroyed","aoi":"AOI03","matched_gba":false},"geometry":{"type":"Point","coordinates":[85.13345514,27.88820803]}},{"type":"Feature","properties":{"grade":"Possibly damaged","aoi":"AOI03","matched_gba":false},"geometry":{"type":"Point","coordinates":[85.13303284,27.8884721]}},{"type":"Feature","properties":{"grade":"Possibly damaged","aoi":"AOI03","matched_gba":false},"geometry":{"type":"Point","coordinates":[85.13314551,27.8884917]}},{"type":"Feature","properties":{"grade":"Destroyed","aoi":"AOI03","matched_gba":true},"geometry":{"type":"Point","coordinates":[85.13477023,27.88961036]}},{"type":"Feature","properties":{"grade":"Destroyed","aoi":"AOI03","matched_gba":true},"geometry":{"type":"Point","coordinates":[85.13526603,27.8886249]}},{"type":"Feature","properties":{"grade":"Destroyed","aoi":"AOI03","matched_gba":true},"geometry":{"type":"Point","coordinates":[85.13725584,27.88865728]}},{"type":"Feature","properties":{"grade":"Destroyed","aoi":"AOI03","matched_gba":true},"geometry":{"type":"Point","coordinates":[85.13540188,27.88873485]}},{"type":"Feature","properties":{"grade":"Destroyed","aoi":"AOI03","matched_gba":true},"geometry":{"type":"Point","coordinates":[85.13797431,27.88891842]}},{"type":"Feature","properties":{"grade":"Destroyed","aoi":"AOI03","matched_gba":false},"geometry":{"type":"Point","coordinates":[85.13567559,27.8889319]}},{"type":"Feature","properties":{"grade":"Destroyed","aoi":"AOI03","matched_gba":true},"geometry":{"type":"Point","coordinates":[85.1358151,27.88901015]}},{"type":"Feature","properties":{"grade":"Destroyed","aoi":"AOI03","matched_gba":false},"geometry":{"type":"Point","coordinates":[85.13576225,27.8890631]}},{"type":"Feature","properties":{"grade":"Destroyed","aoi":"AOI03","matched_gba":true},"geometry":{"type":"Point","coordinates":[85.13828211,27.88932363]}},{"type":"Feature","properties":{"grade":"Destroyed","aoi":"AOI03","matched_gba":false},"geometry":{"type":"Point","coordinates":[85.13822817,27.88936627]}},{"type":"Feature","properties":{"grade":"Destroyed","aoi":"AOI03","matched_gba":false},"geometry":{"type":"Point","coordinates":[85.13489696,27.88941223]}},{"type":"Feature","properties":{"grade":"Destroyed","aoi":"AOI03","matched_gba":false},"geometry":{"type":"Point","coordinates":[85.1381837,27.8894152]}},{"type":"Feature","properties":{"grade":"Destroyed","aoi":"AOI03","matched_gba":false},"geometry":{"type":"Point","coordinates":[85.13563406,27.8894225]}},{"type":"Feature","properties":{"grade":"Destroyed","aoi":"AOI03","matched_gba":true},"geometry":{"type":"Point","coordinates":[85.13581837,27.88942804]}},{"type":"Feature","properties":{"grade":"Destroyed","aoi":"AOI03","matched_gba":false},"geometry":{"type":"Point","coordinates":[85.13822416,27.88945882]}},{"type":"Feature","properties":{"grade":"Destroyed","aoi":"AOI03","matched_gba":false},"geometry":{"type":"Point","coordinates":[85.13486957,27.88952866]}},{"type":"Feature","properties":{"grade":"Possibly damaged","aoi":"AOI03","matched_gba":false},"geometry":{"type":"Point","coordinates":[85.13825122,27.88957765]}},{"type":"Feature","properties":{"grade":"Destroyed","aoi":"AOI03","matched_gba":true},"geometry":{"type":"Point","coordinates":[85.13509282,27.88962156]}},{"type":"Feature","properties":{"grade":"Destroyed","aoi":"AOI03","matched_gba":false},"geometry":{"type":"Point","coordinates":[85.13608136,27.88966874]}},{"type":"Feature","properties":{"grade":"Possibly damaged","aoi":"AOI03","matched_gba":true},"geometry":{"type":"Point","coordinates":[85.13834884,27.88971037]}},{"type":"Feature","properties":{"grade":"Destroyed","aoi":"AOI03","matched_gba":false},"geometry":{"type":"Point","coordinates":[85.13534312,27.88971121]}},{"type":"Feature","properties":{"grade":"Destroyed","aoi":"AOI03","matched_gba":false},"geometry":{"type":"Point","coordinates":[85.13828532,27.88971129]}},{"type":"Feature","properties":{"grade":"Destroyed","aoi":"AOI03","matched_gba":false},"geometry":{"type":"Point","coordinates":[85.13831149,27.88979475]}},{"type":"Feature","properties":{"grade":"Destroyed","aoi":"AOI03","matched_gba":false},"geometry":{"type":"Point","coordinates":[85.13524242,27.88980156]}},{"type":"Feature","properties":{"grade":"Destroyed","aoi":"AOI03","matched_gba":true},"geometry":{"type":"Point","coordinates":[85.13832515,27.8898549]}},{"type":"Feature","properties":{"grade":"Destroyed","aoi":"AOI03","matched_gba":false},"geometry":{"type":"Point","coordinates":[85.13597352,27.88986148]}},{"type":"Feature","properties":{"grade":"Destroyed","aoi":"AOI03","matched_gba":true},"geometry":{"type":"Point","coordinates":[85.13561711,27.88987626]}},{"type":"Feature","properties":{"grade":"Destroyed","aoi":"AOI03","matched_gba":false},"geometry":{"type":"Point","coordinates":[85.13516567,27.88989766]}},{"type":"Feature","properties":{"grade":"Destroyed","aoi":"AOI03","matched_gba":false},"geometry":{"type":"Point","coordinates":[85.13832796,27.88990806]}},{"type":"Feature","properties":{"grade":"Destroyed","aoi":"AOI03","matched_gba":false},"geometry":{"type":"Point","coordinates":[85.13606971,27.88996009]}},{"type":"Feature","properties":{"grade":"Destroyed","aoi":"AOI03","matched_gba":true},"geometry":{"type":"Point","coordinates":[85.13567745,27.88997775]}},{"type":"Feature","properties":{"grade":"Destroyed","aoi":"AOI03","matched_gba":true},"geometry":{"type":"Point","coordinates":[85.13832218,27.88999004]}},{"type":"Feature","properties":{"grade":"Destroyed","aoi":"AOI03","matched_gba":true},"geometry":{"type":"Point","coordinates":[85.13496085,27.89006316]}},{"type":"Feature","properties":{"grade":"Destroyed","aoi":"AOI03","matched_gba":false},"geometry":{"type":"Point","coordinates":[85.13596054,27.89011239]}},{"type":"Feature","properties":{"grade":"Destroyed","aoi":"AOI03","matched_gba":false},"geometry":{"type":"Point","coordinates":[85.13522756,27.89019136]}},{"type":"Feature","properties":{"grade":"Destroyed","aoi":"AOI03","matched_gba":false},"geometry":{"type":"Point","coordinates":[85.13667191,27.89020761]}},{"type":"Feature","properties":{"grade":"Destroyed","aoi":"AOI03","matched_gba":false},"geometry":{"type":"Point","coordinates":[85.13817613,27.89022711]}},{"type":"Feature","properties":{"grade":"Destroyed","aoi":"AOI03","matched_gba":false},"geometry":{"type":"Point","coordinates":[85.13825206,27.89023671]}},{"type":"Feature","properties":{"grade":"Destroyed","aoi":"AOI03","matched_gba":false},"geometry":{"type":"Point","coordinates":[85.13609056,27.89024639]}},{"type":"Feature","properties":{"grade":"Destroyed","aoi":"AOI03","matched_gba":false},"geometry":{"type":"Point","coordinates":[85.13498991,27.89025081]}},{"type":"Feature","properties":{"grade":"Destroyed","aoi":"AOI03","matched_gba":true},"geometry":{"type":"Point","coordinates":[85.13528435,27.89028385]}},{"type":"Feature","properties":{"grade":"Destroyed","aoi":"AOI03","matched_gba":true},"geometry":{"type":"Point","coordinates":[85.13554019,27.89029187]}},{"type":"Feature","properties":{"grade":"Destroyed","aoi":"AOI03","matched_gba":false},"geometry":{"type":"Point","coordinates":[85.13819429,27.89035439]}},{"type":"Feature","properties":{"grade":"Possibly damaged","aoi":"AOI03","matched_gba":true},"geometry":{"type":"Point","coordinates":[85.134957,27.89038565]}},{"type":"Feature","properties":{"grade":"Destroyed","aoi":"AOI03","matched_gba":true},"geometry":{"type":"Point","coordinates":[85.13552773,27.89041889]}},{"type":"Feature","properties":{"grade":"Destroyed","aoi":"AOI03","matched_gba":false},"geometry":{"type":"Point","coordinates":[85.1381955,27.89042548]}},{"type":"Feature","properties":{"grade":"Destroyed","aoi":"AOI03","matched_gba":false},"geometry":{"type":"Point","coordinates":[85.13527628,27.89045053]}},{"type":"Feature","properties":{"grade":"Destroyed","aoi":"AOI03","matched_gba":true},"geometry":{"type":"Point","coordinates":[85.13563531,27.89047322]}},{"type":"Feature","properties":{"grade":"Possibly damaged","aoi":"AOI03","matched_gba":true},"geometry":{"type":"Point","coordinates":[85.13506995,27.89060998]}},{"type":"Feature","properties":{"grade":"Destroyed","aoi":"AOI03","matched_gba":false},"geometry":{"type":"Point","coordinates":[85.13578589,27.89061136]}},{"type":"Feature","properties":{"grade":"Destroyed","aoi":"AOI03","matched_gba":false},"geometry":{"type":"Point","coordinates":[85.13583626,27.89069361]}},{"type":"Feature","properties":{"grade":"Destroyed","aoi":"AOI03","matched_gba":false},"geometry":{"type":"Point","coordinates":[85.13529796,27.89072424]}},{"type":"Feature","properties":{"grade":"Destroyed","aoi":"AOI03","matched_gba":false},"geometry":{"type":"Point","coordinates":[85.1353716,27.89085398]}},{"type":"Feature","properties":{"grade":"Destroyed","aoi":"AOI03","matched_gba":false},"geometry":{"type":"Point","coordinates":[85.13526592,27.89097419]}},{"type":"Feature","properties":{"grade":"Destroyed","aoi":"AOI03","matched_gba":true},"geometry":{"type":"Point","coordinates":[85.13778446,27.89100395]}},{"type":"Feature","properties":{"grade":"Destroyed","aoi":"AOI03","matched_gba":true},"geometry":{"type":"Point","coordinates":[85.13749043,27.89107513]}},{"type":"Feature","properties":{"grade":"Destroyed","aoi":"AOI03","matched_gba":true},"geometry":{"type":"Point","coordinates":[85.1372784,27.89110696]}},{"type":"Feature","properties":{"grade":"Destroyed","aoi":"AOI03","matched_gba":true},"geometry":{"type":"Point","coordinates":[85.13745341,27.8911469]}},{"type":"Feature","properties":{"grade":"Destroyed","aoi":"AOI03","matched_gba":true},"geometry":{"type":"Point","coordinates":[85.13788776,27.89114699]}},{"type":"Feature","properties":{"grade":"Destroyed","aoi":"AOI03","matched_gba":true},"geometry":{"type":"Point","coordinates":[85.13743088,27.89122754]}},{"type":"Feature","properties":{"grade":"Destroyed","aoi":"AOI03","matched_gba":true},"geometry":{"type":"Point","coordinates":[85.13778142,27.89127708]}},{"type":"Feature","properties":{"grade":"Destroyed","aoi":"AOI03","matched_gba":false},"geometry":{"type":"Point","coordinates":[85.13839995,27.89133713]}},{"type":"Feature","properties":{"grade":"Destroyed","aoi":"AOI03","matched_gba":false},"geometry":{"type":"Point","coordinates":[85.13755423,27.89133905]}},{"type":"Feature","properties":{"grade":"Destroyed","aoi":"AOI03","matched_gba":true},"geometry":{"type":"Point","coordinates":[85.13827649,27.89135643]}},{"type":"Feature","properties":{"grade":"Destroyed","aoi":"AOI03","matched_gba":false},"geometry":{"type":"Point","coordinates":[85.13716846,27.89158446]}},{"type":"Feature","properties":{"grade":"Destroyed","aoi":"AOI03","matched_gba":false},"geometry":{"type":"Point","coordinates":[85.13706925,27.89162687]}},{"type":"Feature","properties":{"grade":"Destroyed","aoi":"AOI03","matched_gba":true},"geometry":{"type":"Point","coordinates":[85.13766625,27.8916831]}},{"type":"Feature","properties":{"grade":"Destroyed","aoi":"AOI03","matched_gba":true},"geometry":{"type":"Point","coordinates":[85.13717366,27.89168812]}},{"type":"Feature","properties":{"grade":"Destroyed","aoi":"AOI03","matched_gba":false},"geometry":{"type":"Point","coordinates":[85.13704428,27.89175778]}},{"type":"Feature","properties":{"grade":"Destroyed","aoi":"AOI03","matched_gba":true},"geometry":{"type":"Point","coordinates":[85.13709455,27.89177368]}},{"type":"Feature","properties":{"grade":"Destroyed","aoi":"AOI03","matched_gba":true},"geometry":{"type":"Point","coordinates":[85.13790401,27.89200287]}},{"type":"Feature","properties":{"grade":"Destroyed","aoi":"AOI03","matched_gba":false},"geometry":{"type":"Point","coordinates":[85.13792294,27.89203781]}},{"type":"Feature","properties":{"grade":"Destroyed","aoi":"AOI03","matched_gba":true},"geometry":{"type":"Point","coordinates":[85.13800673,27.8920899]}},{"type":"Feature","properties":{"grade":"Destroyed","aoi":"AOI03","matched_gba":true},"geometry":{"type":"Point","coordinates":[85.13777049,27.89210513]}},{"type":"Feature","properties":{"grade":"Destroyed","aoi":"AOI03","matched_gba":true},"geometry":{"type":"Point","coordinates":[85.13805635,27.89226195]}},{"type":"Feature","properties":{"grade":"Destroyed","aoi":"AOI03","matched_gba":true},"geometry":{"type":"Point","coordinates":[85.13814753,27.89258653]}},{"type":"Feature","properties":{"grade":"Destroyed","aoi":"AOI03","matched_gba":true},"geometry":{"type":"Point","coordinates":[85.13808843,27.89317383]}},{"type":"Feature","properties":{"grade":"Destroyed","aoi":"AOI03","matched_gba":true},"geometry":{"type":"Point","coordinates":[85.13800658,27.89367675]}},{"type":"Feature","properties":{"grade":"Destroyed","aoi":"AOI03","matched_gba":true},"geometry":{"type":"Point","coordinates":[85.13785123,27.89417075]}},{"type":"Feature","properties":{"grade":"Destroyed","aoi":"AOI03","matched_gba":true},"geometry":{"type":"Point","coordinates":[85.13778872,27.89462563]}},{"type":"Feature","properties":{"grade":"Destroyed","aoi":"AOI03","matched_gba":true},"geometry":{"type":"Point","coordinates":[85.13619975,27.89496285]}},{"type":"Feature","properties":{"grade":"Damaged","aoi":"AOI03","matched_gba":true},"geometry":{"type":"Point","coordinates":[85.13786505,27.89530876]}},{"type":"Feature","properties":{"grade":"Damaged","aoi":"AOI03","matched_gba":true},"geometry":{"type":"Point","coordinates":[85.13802474,27.89610766]}},{"type":"Feature","properties":{"grade":"Destroyed","aoi":"AOI03","matched_gba":true},"geometry":{"type":"Point","coordinates":[85.1371352,27.896517]}},{"type":"Feature","properties":{"grade":"Destroyed","aoi":"AOI03","matched_gba":true},"geometry":{"type":"Point","coordinates":[85.1373119,27.89656762]}},{"type":"Feature","properties":{"grade":"Destroyed","aoi":"AOI03","matched_gba":true},"geometry":{"type":"Point","coordinates":[85.1372872,27.89668905]}},{"type":"Feature","properties":{"grade":"Destroyed","aoi":"AOI03","matched_gba":true},"geometry":{"type":"Point","coordinates":[85.13707958,27.89669643]}},{"type":"Feature","properties":{"grade":"Destroyed","aoi":"AOI03","matched_gba":true},"geometry":{"type":"Point","coordinates":[85.13694734,27.89674382]}},{"type":"Feature","properties":{"grade":"Destroyed","aoi":"AOI03","matched_gba":true},"geometry":{"type":"Point","coordinates":[85.13705665,27.8968082]}},{"type":"Feature","properties":{"grade":"Possibly damaged","aoi":"AOI03","matched_gba":true},"geometry":{"type":"Point","coordinates":[85.13786543,27.89684089]}},{"type":"Feature","properties":{"grade":"Possibly damaged","aoi":"AOI03","matched_gba":false},"geometry":{"type":"Point","coordinates":[85.13789985,27.89690174]}},{"type":"Feature","properties":{"grade":"Possibly damaged","aoi":"AOI03","matched_gba":false},"geometry":{"type":"Point","coordinates":[85.13841548,27.88963266]}},{"type":"Feature","properties":{"grade":"Possibly damaged","aoi":"AOI03","matched_gba":false},"geometry":{"type":"Point","coordinates":[85.13841408,27.88971439]}},{"type":"Feature","properties":{"grade":"Possibly damaged","aoi":"AOI03","matched_gba":false},"geometry":{"type":"Point","coordinates":[85.13850765,27.89209196]}},{"type":"Feature","properties":{"grade":"Possibly damaged","aoi":"AOI03","matched_gba":false},"geometry":{"type":"Point","coordinates":[85.13852312,27.89223382]}},{"type":"Feature","properties":{"grade":"Damaged","aoi":"AOI03","matched_gba":true},"geometry":{"type":"Point","coordinates":[85.138482,27.8992071]}},{"type":"Feature","properties":{"grade":"Damaged","aoi":"AOI03","matched_gba":true},"geometry":{"type":"Point","coordinates":[85.1385587,27.8994511]}},{"type":"Feature","properties":{"grade":"Damaged","aoi":"AOI03","matched_gba":true},"geometry":{"type":"Point","coordinates":[85.1386194,27.89963003]}},{"type":"Feature","properties":{"grade":"Destroyed","aoi":"AOI03","matched_gba":false},"geometry":{"type":"Point","coordinates":[85.13843406,27.89996697]}},{"type":"Feature","properties":{"grade":"Destroyed","aoi":"AOI03","matched_gba":false},"geometry":{"type":"Point","coordinates":[85.13920049,27.90037452]}},{"type":"Feature","properties":{"grade":"Destroyed","aoi":"AOI03","matched_gba":false},"geometry":{"type":"Point","coordinates":[85.14024853,27.90346896]}},{"type":"Feature","properties":{"grade":"Destroyed","aoi":"AOI03","matched_gba":true},"geometry":{"type":"Point","coordinates":[85.1370547,27.89691975]}},{"type":"Feature","properties":{"grade":"Destroyed","aoi":"AOI03","matched_gba":true},"geometry":{"type":"Point","coordinates":[85.13710823,27.89713691]}},{"type":"Feature","properties":{"grade":"Destroyed","aoi":"AOI03","matched_gba":true},"geometry":{"type":"Point","coordinates":[85.13739099,27.89727927]}},{"type":"Feature","properties":{"grade":"Destroyed","aoi":"AOI03","matched_gba":true},"geometry":{"type":"Point","coordinates":[85.13724833,27.89732907]}},{"type":"Feature","properties":{"grade":"Destroyed","aoi":"AOI03","matched_gba":false},"geometry":{"type":"Point","coordinates":[85.1371659,27.89736043]}},{"type":"Feature","properties":{"grade":"Destroyed","aoi":"AOI03","matched_gba":true},"geometry":{"type":"Point","coordinates":[85.13768958,27.8974176]}},{"type":"Feature","properties":{"grade":"Destroyed","aoi":"AOI03","matched_gba":true},"geometry":{"type":"Point","coordinates":[85.13714285,27.8974871]}},{"type":"Feature","properties":{"grade":"Destroyed","aoi":"AOI03","matched_gba":false},"geometry":{"type":"Point","coordinates":[85.1381771,27.89816542]}},{"type":"Feature","properties":{"grade":"Destroyed","aoi":"AOI03","matched_gba":true},"geometry":{"type":"Point","coordinates":[85.13838498,27.89944886]}},{"type":"Feature","properties":{"grade":"Destroyed","aoi":"AOI03","matched_gba":false},"geometry":{"type":"Point","coordinates":[85.13818237,27.89948915]}},{"type":"Feature","properties":{"grade":"Destroyed","aoi":"AOI03","matched_gba":false},"geometry":{"type":"Point","coordinates":[85.13462494,27.88975967]}},{"type":"Feature","properties":{"grade":"Destroyed","aoi":"AOI03","matched_gba":true},"geometry":{"type":"Point","coordinates":[85.13475019,27.88980956]}},{"type":"Feature","properties":{"grade":"Possibly damaged","aoi":"AOI03","matched_gba":true},"geometry":{"type":"Point","coordinates":[85.13478105,27.8901469]}},{"type":"Feature","properties":{"grade":"Destroyed","aoi":"AOI03","matched_gba":true},"geometry":{"type":"Point","coordinates":[85.13476433,27.91429559]}},{"type":"Feature","properties":{"grade":"Destroyed","aoi":"AOI03","matched_gba":false},"geometry":{"type":"Point","coordinates":[85.13474508,27.91449429]}},{"type":"Feature","properties":{"grade":"Destroyed","aoi":"AOI03","matched_gba":false},"geometry":{"type":"Point","coordinates":[85.13470778,27.91466763]}},{"type":"Feature","properties":{"grade":"Destroyed","aoi":"AOI03","matched_gba":false},"geometry":{"type":"Point","coordinates":[85.13478019,27.91494409]}},{"type":"Feature","properties":{"grade":"Destroyed","aoi":"AOI03","matched_gba":true},"geometry":{"type":"Point","coordinates":[85.13833333,27.89966098]}},{"type":"Feature","properties":{"grade":"Destroyed","aoi":"AOI03","matched_gba":true},"geometry":{"type":"Point","coordinates":[85.13837977,27.89981907]}},{"type":"Feature","properties":{"grade":"Destroyed","aoi":"AOI03","matched_gba":true},"geometry":{"type":"Point","coordinates":[85.13833348,27.90889336]}},{"type":"Feature","properties":{"grade":"Destroyed","aoi":"AOI03","matched_gba":false},"geometry":{"type":"Point","coordinates":[85.13623097,27.91084495]}},{"type":"Feature","properties":{"grade":"Possibly damaged","aoi":"AOI03","matched_gba":true},"geometry":{"type":"Point","coordinates":[85.13741255,27.91250755]}},{"type":"Feature","properties":{"grade":"Possibly damaged","aoi":"AOI03","matched_gba":true},"geometry":{"type":"Point","coordinates":[85.13705985,27.91292825]}},{"type":"Feature","properties":{"grade":"Possibly damaged","aoi":"AOI03","matched_gba":true},"geometry":{"type":"Point","coordinates":[85.13702159,27.91301297]}},{"type":"Feature","properties":{"grade":"Possibly damaged","aoi":"AOI03","matched_gba":true},"geometry":{"type":"Point","coordinates":[85.1369451,27.9130846]}},{"type":"Feature","properties":{"grade":"Possibly damaged","aoi":"AOI03","matched_gba":true},"geometry":{"type":"Point","coordinates":[85.13695852,27.91315641]}},{"type":"Feature","properties":{"grade":"Possibly damaged","aoi":"AOI03","matched_gba":true},"geometry":{"type":"Point","coordinates":[85.1369356,27.9132263]}},{"type":"Feature","properties":{"grade":"Destroyed","aoi":"AOI03","matched_gba":true},"geometry":{"type":"Point","coordinates":[85.14116639,27.90563872]}},{"type":"Feature","properties":{"grade":"Destroyed","aoi":"AOI03","matched_gba":false},"geometry":{"type":"Point","coordinates":[85.14051828,27.90565474]}},{"type":"Feature","properties":{"grade":"Destroyed","aoi":"AOI03","matched_gba":true},"geometry":{"type":"Point","coordinates":[85.1413827,27.90613385]}},{"type":"Feature","properties":{"grade":"Destroyed","aoi":"AOI03","matched_gba":false},"geometry":{"type":"Point","coordinates":[85.14138487,27.90617186]}},{"type":"Feature","properties":{"grade":"Destroyed","aoi":"AOI03","matched_gba":true},"geometry":{"type":"Point","coordinates":[85.1413903,27.90620766]}},{"type":"Feature","properties":{"grade":"Destroyed","aoi":"AOI03","matched_gba":true},"geometry":{"type":"Point","coordinates":[85.14153109,27.90706489]}},{"type":"Feature","properties":{"grade":"Destroyed","aoi":"AOI03","matched_gba":false},"geometry":{"type":"Point","coordinates":[85.14143318,27.90707109]}},{"type":"Feature","properties":{"grade":"Destroyed","aoi":"AOI03","matched_gba":true},"geometry":{"type":"Point","coordinates":[85.1412158,27.90717509]}},{"type":"Feature","properties":{"grade":"Destroyed","aoi":"AOI03","matched_gba":true},"geometry":{"type":"Point","coordinates":[85.1411289,27.9073587]}},{"type":"Feature","properties":{"grade":"Destroyed","aoi":"AOI03","matched_gba":true},"geometry":{"type":"Point","coordinates":[85.13986034,27.9074354]}},{"type":"Feature","properties":{"grade":"Destroyed","aoi":"AOI03","matched_gba":true},"geometry":{"type":"Point","coordinates":[85.13991855,27.90776305]}},{"type":"Feature","properties":{"grade":"Destroyed","aoi":"AOI03","matched_gba":true},"geometry":{"type":"Point","coordinates":[85.13967348,27.90786147]}},{"type":"Feature","properties":{"grade":"Destroyed","aoi":"AOI03","matched_gba":true},"geometry":{"type":"Point","coordinates":[85.13993855,27.90789948]}},{"type":"Feature","properties":{"grade":"Destroyed","aoi":"AOI03","matched_gba":false},"geometry":{"type":"Point","coordinates":[85.13963217,27.90795266]}},{"type":"Feature","properties":{"grade":"Destroyed","aoi":"AOI03","matched_gba":true},"geometry":{"type":"Point","coordinates":[85.13953108,27.90816974]}},{"type":"Feature","properties":{"grade":"Destroyed","aoi":"AOI03","matched_gba":true},"geometry":{"type":"Point","coordinates":[85.1396079,27.9081862]}},{"type":"Feature","properties":{"grade":"Destroyed","aoi":"AOI03","matched_gba":true},"geometry":{"type":"Point","coordinates":[85.13987995,27.90823325]}},{"type":"Feature","properties":{"grade":"Destroyed","aoi":"AOI03","matched_gba":true},"geometry":{"type":"Point","coordinates":[85.13974074,27.90826883]}},{"type":"Feature","properties":{"grade":"Destroyed","aoi":"AOI03","matched_gba":false},"geometry":{"type":"Point","coordinates":[85.13943963,27.90844265]}},{"type":"Feature","properties":{"grade":"Destroyed","aoi":"AOI03","matched_gba":true},"geometry":{"type":"Point","coordinates":[85.13956125,27.90847975]}},{"type":"Feature","properties":{"grade":"Destroyed","aoi":"AOI03","matched_gba":false},"geometry":{"type":"Point","coordinates":[85.13981202,27.90854933]}},{"type":"Feature","properties":{"grade":"Destroyed","aoi":"AOI03","matched_gba":true},"geometry":{"type":"Point","coordinates":[85.139481,27.90863035]}},{"type":"Feature","properties":{"grade":"Destroyed","aoi":"AOI03","matched_gba":true},"geometry":{"type":"Point","coordinates":[85.13984263,27.90864416]}},{"type":"Feature","properties":{"grade":"Destroyed","aoi":"AOI03","matched_gba":false},"geometry":{"type":"Point","coordinates":[85.13951986,27.90872034]}},{"type":"Feature","properties":{"grade":"Destroyed","aoi":"AOI03","matched_gba":true},"geometry":{"type":"Point","coordinates":[85.13962415,27.9087836]}},{"type":"Feature","properties":{"grade":"Destroyed","aoi":"AOI03","matched_gba":true},"geometry":{"type":"Point","coordinates":[85.13970285,27.90882532]}},{"type":"Feature","properties":{"grade":"Destroyed","aoi":"AOI03","matched_gba":true},"geometry":{"type":"Point","coordinates":[85.13980785,27.90887115]}},{"type":"Feature","properties":{"grade":"Destroyed","aoi":"AOI03","matched_gba":true},"geometry":{"type":"Point","coordinates":[85.13956879,27.90895642]}},{"type":"Feature","properties":{"grade":"Destroyed","aoi":"AOI03","matched_gba":true},"geometry":{"type":"Point","coordinates":[85.13971195,27.90907925]}},{"type":"Feature","properties":{"grade":"Destroyed","aoi":"AOI03","matched_gba":true},"geometry":{"type":"Point","coordinates":[85.13956558,27.90915634]}},{"type":"Feature","properties":{"grade":"Destroyed","aoi":"AOI03","matched_gba":false},"geometry":{"type":"Point","coordinates":[85.13994867,27.9092397]}},{"type":"Feature","properties":{"grade":"Possibly damaged","aoi":"AOI03","matched_gba":true},"geometry":{"type":"Point","coordinates":[85.14001363,27.90934619]}},{"type":"Feature","properties":{"grade":"Destroyed","aoi":"AOI03","matched_gba":true},"geometry":{"type":"Point","coordinates":[85.1395265,27.9093679]}},{"type":"Feature","properties":{"grade":"Destroyed","aoi":"AOI03","matched_gba":true},"geometry":{"type":"Point","coordinates":[85.1394354,27.90942582]}},{"type":"Feature","properties":{"grade":"Destroyed","aoi":"AOI03","matched_gba":true},"geometry":{"type":"Point","coordinates":[85.13957159,27.90952179]}},{"type":"Feature","properties":{"grade":"Damaged","aoi":"AOI03","matched_gba":true},"geometry":{"type":"Point","coordinates":[85.13934553,27.90957876]}},{"type":"Feature","properties":{"grade":"Damaged","aoi":"AOI03","matched_gba":true},"geometry":{"type":"Point","coordinates":[85.13954435,27.9096209]}},{"type":"Feature","properties":{"grade":"Destroyed","aoi":"AOI03","matched_gba":true},"geometry":{"type":"Point","coordinates":[85.13925255,27.90966945]}},{"type":"Feature","properties":{"grade":"Damaged","aoi":"AOI03","matched_gba":true},"geometry":{"type":"Point","coordinates":[85.1394879,27.9096704]}},{"type":"Feature","properties":{"grade":"Destroyed","aoi":"AOI03","matched_gba":true},"geometry":{"type":"Point","coordinates":[85.13909845,27.90968365]}},{"type":"Feature","properties":{"grade":"Damaged","aoi":"AOI03","matched_gba":true},"geometry":{"type":"Point","coordinates":[85.1394356,27.90970285]}},{"type":"Feature","properties":{"grade":"Destroyed","aoi":"AOI03","matched_gba":true},"geometry":{"type":"Point","coordinates":[85.13920437,27.90973253]}},{"type":"Feature","properties":{"grade":"Destroyed","aoi":"AOI03","matched_gba":true},"geometry":{"type":"Point","coordinates":[85.13942263,27.9097833]}},{"type":"Feature","properties":{"grade":"Possibly damaged","aoi":"AOI03","matched_gba":true},"geometry":{"type":"Point","coordinates":[85.1395642,27.9098209]}},{"type":"Feature","properties":{"grade":"Possibly damaged","aoi":"AOI03","matched_gba":true},"geometry":{"type":"Point","coordinates":[85.13936687,27.9098464]}},{"type":"Feature","properties":{"grade":"Possibly damaged","aoi":"AOI03","matched_gba":true},"geometry":{"type":"Point","coordinates":[85.13928865,27.91001503]}},{"type":"Feature","properties":{"grade":"Destroyed","aoi":"AOI03","matched_gba":false},"geometry":{"type":"Point","coordinates":[85.13887138,27.91001576]}},{"type":"Feature","properties":{"grade":"Destroyed","aoi":"AOI03","matched_gba":true},"geometry":{"type":"Point","coordinates":[85.13918015,27.9100692]}},{"type":"Feature","properties":{"grade":"Destroyed","aoi":"AOI03","matched_gba":true},"geometry":{"type":"Point","coordinates":[85.13921978,27.91011609]}},{"type":"Feature","properties":{"grade":"Destroyed","aoi":"AOI03","matched_gba":true},"geometry":{"type":"Point","coordinates":[85.13917343,27.91017703]}},{"type":"Feature","properties":{"grade":"Possibly damaged","aoi":"AOI03","matched_gba":true},"geometry":{"type":"Point","coordinates":[85.1392688,27.91020145]}},{"type":"Feature","properties":{"grade":"Destroyed","aoi":"AOI03","matched_gba":false},"geometry":{"type":"Point","coordinates":[85.13870766,27.91022082]}},{"type":"Feature","properties":{"grade":"Destroyed","aoi":"AOI03","matched_gba":true},"geometry":{"type":"Point","coordinates":[85.139038,27.91024577]}},{"type":"Feature","properties":{"grade":"Destroyed","aoi":"AOI03","matched_gba":true},"geometry":{"type":"Point","coordinates":[85.13916773,27.91027454]}},{"type":"Feature","properties":{"grade":"Possibly damaged","aoi":"AOI03","matched_gba":true},"geometry":{"type":"Point","coordinates":[85.13921545,27.91031107]}},{"type":"Feature","properties":{"grade":"Damaged","aoi":"AOI03","matched_gba":true},"geometry":{"type":"Point","coordinates":[85.1391297,27.9103292]}},{"type":"Feature","properties":{"grade":"Possibly damaged","aoi":"AOI03","matched_gba":true},"geometry":{"type":"Point","coordinates":[85.1392312,27.9103665]}},{"type":"Feature","properties":{"grade":"Possibly damaged","aoi":"AOI03","matched_gba":false},"geometry":{"type":"Point","coordinates":[85.13926952,27.91041839]}},{"type":"Feature","properties":{"grade":"Damaged","aoi":"AOI03","matched_gba":false},"geometry":{"type":"Point","coordinates":[85.13900645,27.91046838]}},{"type":"Feature","properties":{"grade":"Destroyed","aoi":"AOI03","matched_gba":true},"geometry":{"type":"Point","coordinates":[85.13881465,27.9154809]}},{"type":"Feature","properties":{"grade":"Possibly damaged","aoi":"AOI03","matched_gba":true},"geometry":{"type":"Point","coordinates":[85.13694115,27.9133012]}},{"type":"Feature","properties":{"grade":"Possibly damaged","aoi":"AOI03","matched_gba":true},"geometry":{"type":"Point","coordinates":[85.1367464,27.91349913]}},{"type":"Feature","properties":{"grade":"Possibly damaged","aoi":"AOI03","matched_gba":false},"geometry":{"type":"Point","coordinates":[85.13681953,27.91354487]}},{"type":"Feature","properties":{"grade":"Possibly damaged","aoi":"AOI03","matched_gba":true},"geometry":{"type":"Point","coordinates":[85.13678222,27.91366359]}},{"type":"Feature","properties":{"grade":"Possibly damaged","aoi":"AOI03","matched_gba":true},"geometry":{"type":"Point","coordinates":[85.13683835,27.9137441]}},{"type":"Feature","properties":{"grade":"Possibly damaged","aoi":"AOI03","matched_gba":true},"geometry":{"type":"Point","coordinates":[85.13670364,27.91394051]}},{"type":"Feature","properties":{"grade":"Destroyed","aoi":"AOI03","matched_gba":true},"geometry":{"type":"Point","coordinates":[85.1352429,27.9140028]}},{"type":"Feature","properties":{"grade":"Possibly damaged","aoi":"AOI03","matched_gba":false},"geometry":{"type":"Point","coordinates":[85.13684744,27.91400522]}},{"type":"Feature","properties":{"grade":"Destroyed","aoi":"AOI03","matched_gba":false},"geometry":{"type":"Point","coordinates":[85.13503167,27.91430685]}},{"type":"Feature","properties":{"grade":"Destroyed","aoi":"AOI03","matched_gba":true},"geometry":{"type":"Point","coordinates":[85.13491485,27.9144186]}},{"type":"Feature","properties":{"grade":"Destroyed","aoi":"AOI03","matched_gba":true},"geometry":{"type":"Point","coordinates":[85.13740419,27.914581]}},{"type":"Feature","properties":{"grade":"Destroyed","aoi":"AOI03","matched_gba":false},"geometry":{"type":"Point","coordinates":[85.13481529,27.91507793]}},{"type":"Feature","properties":{"grade":"Destroyed","aoi":"AOI03","matched_gba":false},"geometry":{"type":"Point","coordinates":[85.13788131,27.91527942]}},{"type":"Feature","properties":{"grade":"Destroyed","aoi":"AOI03","matched_gba":true},"geometry":{"type":"Point","coordinates":[85.13817775,27.9152951]}},{"type":"Feature","properties":{"grade":"Destroyed","aoi":"AOI03","matched_gba":true},"geometry":{"type":"Point","coordinates":[85.13782168,27.91537002]}},{"type":"Feature","properties":{"grade":"Destroyed","aoi":"AOI03","matched_gba":true},"geometry":{"type":"Point","coordinates":[85.13816689,27.91539037]}},{"type":"Feature","properties":{"grade":"Destroyed","aoi":"AOI03","matched_gba":true},"geometry":{"type":"Point","coordinates":[85.1380675,27.91539335]}},{"type":"Feature","properties":{"grade":"Destroyed","aoi":"AOI03","matched_gba":true},"geometry":{"type":"Point","coordinates":[85.13824685,27.9154009]}},{"type":"Feature","properties":{"grade":"Destroyed","aoi":"AOI03","matched_gba":true},"geometry":{"type":"Point","coordinates":[85.1381458,27.91544947]}},{"type":"Feature","properties":{"grade":"Destroyed","aoi":"AOI03","matched_gba":true},"geometry":{"type":"Point","coordinates":[85.13545085,27.91545005]}},{"type":"Feature","properties":{"grade":"Destroyed","aoi":"AOI03","matched_gba":true},"geometry":{"type":"Point","coordinates":[85.13775,27.91545088]}},{"type":"Feature","properties":{"grade":"Destroyed","aoi":"AOI03","matched_gba":true},"geometry":{"type":"Point","coordinates":[85.13802604,27.91545727]}},{"type":"Feature","properties":{"grade":"Destroyed","aoi":"AOI03","matched_gba":true},"geometry":{"type":"Point","coordinates":[85.1381188,27.91550945]}},{"type":"Feature","properties":{"grade":"Destroyed","aoi":"AOI03","matched_gba":true},"geometry":{"type":"Point","coordinates":[85.13768475,27.91552415]}},{"type":"Feature","properties":{"grade":"Destroyed","aoi":"AOI03","matched_gba":false},"geometry":{"type":"Point","coordinates":[85.13793396,27.91556201]}},{"type":"Feature","properties":{"grade":"Destroyed","aoi":"AOI03","matched_gba":true},"geometry":{"type":"Point","coordinates":[85.13818555,27.91556312]}},{"type":"Feature","properties":{"grade":"Destroyed","aoi":"AOI03","matched_gba":true},"geometry":{"type":"Point","coordinates":[85.1376178,27.91558977]}},{"type":"Feature","properties":{"grade":"Destroyed","aoi":"AOI03","matched_gba":true},"geometry":{"type":"Point","coordinates":[85.13805651,27.91562729]}},{"type":"Feature","properties":{"grade":"Destroyed","aoi":"AOI03","matched_gba":false},"geometry":{"type":"Point","coordinates":[85.137866,27.91566408]}},{"type":"Feature","properties":{"grade":"Destroyed","aoi":"AOI03","matched_gba":false},"geometry":{"type":"Point","coordinates":[85.13794589,27.915719]}},{"type":"Feature","properties":{"grade":"Destroyed","aoi":"AOI03","matched_gba":true},"geometry":{"type":"Point","coordinates":[85.13892295,27.9155217]}},{"type":"Feature","properties":{"grade":"Destroyed","aoi":"AOI03","matched_gba":true},"geometry":{"type":"Point","coordinates":[85.13869949,27.9156226]}},{"type":"Feature","properties":{"grade":"Destroyed","aoi":"AOI03","matched_gba":true},"geometry":{"type":"Point","coordinates":[85.13882392,27.91570786]}},{"type":"Feature","properties":{"grade":"Destroyed","aoi":"AOI03","matched_gba":true},"geometry":{"type":"Point","coordinates":[85.13899015,27.91575475]}},{"type":"Feature","properties":{"grade":"Destroyed","aoi":"AOI03","matched_gba":true},"geometry":{"type":"Point","coordinates":[85.13875165,27.9157763]}},{"type":"Feature","properties":{"grade":"Destroyed","aoi":"AOI03","matched_gba":true},"geometry":{"type":"Point","coordinates":[85.1389041,27.91582845]}},{"type":"Feature","properties":{"grade":"Destroyed","aoi":"AOI03","matched_gba":false},"geometry":{"type":"Point","coordinates":[85.13863651,27.91585421]}},{"type":"Feature","properties":{"grade":"Destroyed","aoi":"AOI03","matched_gba":true},"geometry":{"type":"Point","coordinates":[85.13858512,27.91589653]}},{"type":"Feature","properties":{"grade":"Destroyed","aoi":"AOI03","matched_gba":true},"geometry":{"type":"Point","coordinates":[85.13933935,27.91589675]}},{"type":"Feature","properties":{"grade":"Destroyed","aoi":"AOI03","matched_gba":true},"geometry":{"type":"Point","coordinates":[85.13851505,27.9159488]}},{"type":"Feature","properties":{"grade":"Damaged","aoi":"AOI03","matched_gba":true},"geometry":{"type":"Point","coordinates":[85.13918324,27.91598062]}},{"type":"Feature","properties":{"grade":"Destroyed","aoi":"AOI03","matched_gba":true},"geometry":{"type":"Point","coordinates":[85.1389117,27.9159955]}},{"type":"Feature","properties":{"grade":"Destroyed","aoi":"AOI03","matched_gba":false},"geometry":{"type":"Point","coordinates":[85.13950119,27.91603106]}},{"type":"Feature","properties":{"grade":"Destroyed","aoi":"AOI03","matched_gba":true},"geometry":{"type":"Point","coordinates":[85.1384348,27.9160338]}},{"type":"Feature","properties":{"grade":"Destroyed","aoi":"AOI03","matched_gba":false},"geometry":{"type":"Point","coordinates":[85.13845766,27.91631815]}},{"type":"Feature","properties":{"grade":"Possibly damaged","aoi":"AOI03","matched_gba":true},"geometry":{"type":"Point","coordinates":[85.14038589,27.91653972]}},{"type":"Feature","properties":{"grade":"Possibly damaged","aoi":"AOI03","matched_gba":true},"geometry":{"type":"Point","coordinates":[85.1405467,27.91663385]}},{"type":"Feature","properties":{"grade":"Possibly damaged","aoi":"AOI03","matched_gba":true},"geometry":{"type":"Point","coordinates":[85.14076513,27.91671121]}},{"type":"Feature","properties":{"grade":"Possibly damaged","aoi":"AOI03","matched_gba":true},"geometry":{"type":"Point","coordinates":[85.1425019,27.91743155]}},{"type":"Feature","properties":{"grade":"Destroyed","aoi":"AOI03","matched_gba":true},"geometry":{"type":"Point","coordinates":[85.13879118,27.91749963]}},{"type":"Feature","properties":{"grade":"Possibly damaged","aoi":"AOI03","matched_gba":true},"geometry":{"type":"Point","coordinates":[85.1426539,27.91755166]}},{"type":"Feature","properties":{"grade":"Possibly damaged","aoi":"AOI03","matched_gba":true},"geometry":{"type":"Point","coordinates":[85.14272142,27.91760671]}},{"type":"Feature","properties":{"grade":"Destroyed","aoi":"AOI03","matched_gba":false},"geometry":{"type":"Point","coordinates":[85.1397435,27.9179861]}},{"type":"Feature","properties":{"grade":"Destroyed","aoi":"AOI03","matched_gba":false},"geometry":{"type":"Point","coordinates":[85.1395482,27.91799734]}},{"type":"Feature","properties":{"grade":"Destroyed","aoi":"AOI03","matched_gba":false},"geometry":{"type":"Point","coordinates":[85.13937947,27.91800552]}},{"type":"Feature","properties":{"grade":"Destroyed","aoi":"AOI03","matched_gba":false},"geometry":{"type":"Point","coordinates":[85.13920871,27.91801064]}},{"type":"Feature","properties":{"grade":"Destroyed","aoi":"AOI03","matched_gba":false},"geometry":{"type":"Point","coordinates":[85.1395032,27.91813846]}},{"type":"Feature","properties":{"grade":"Destroyed","aoi":"AOI03","matched_gba":false},"geometry":{"type":"Point","coordinates":[85.1393897,27.91814152]}},{"type":"Feature","properties":{"grade":"Destroyed","aoi":"AOI03","matched_gba":false},"geometry":{"type":"Point","coordinates":[85.13926699,27.91814459]}},{"type":"Feature","properties":{"grade":"Possibly damaged","aoi":"AOI03","matched_gba":true},"geometry":{"type":"Point","coordinates":[85.14351452,27.9181626]}},{"type":"Feature","properties":{"grade":"Possibly damaged","aoi":"AOI03","matched_gba":true},"geometry":{"type":"Point","coordinates":[85.14343474,27.91820572]}},{"type":"Feature","properties":{"grade":"Destroyed","aoi":"AOI03","matched_gba":false},"geometry":{"type":"Point","coordinates":[85.13950729,27.9182356]}},{"type":"Feature","properties":{"grade":"Destroyed","aoi":"AOI03","matched_gba":false},"geometry":{"type":"Point","coordinates":[85.13939992,27.91823764]}},{"type":"Feature","properties":{"grade":"Possibly damaged","aoi":"AOI03","matched_gba":true},"geometry":{"type":"Point","coordinates":[85.14348165,27.91824345]}},{"type":"Feature","properties":{"grade":"Destroyed","aoi":"AOI03","matched_gba":false},"geometry":{"type":"Point","coordinates":[85.13927211,27.91824787]}},{"type":"Feature","properties":{"grade":"Destroyed","aoi":"AOI03","matched_gba":false},"geometry":{"type":"Point","coordinates":[85.14011674,27.9183399]}},{"type":"Feature","properties":{"grade":"Possibly damaged","aoi":"AOI03","matched_gba":true},"geometry":{"type":"Point","coordinates":[85.14381985,27.91835725]}},{"type":"Feature","properties":{"grade":"Possibly damaged","aoi":"AOI03","matched_gba":true},"geometry":{"type":"Point","coordinates":[85.14404594,27.91840196]}},{"type":"Feature","properties":{"grade":"Possibly damaged","aoi":"AOI03","matched_gba":true},"geometry":{"type":"Point","coordinates":[85.14368547,27.91840992]}},{"type":"Feature","properties":{"grade":"Possibly damaged","aoi":"AOI03","matched_gba":true},"geometry":{"type":"Point","coordinates":[85.1445087,27.91843763]}},{"type":"Feature","properties":{"grade":"Destroyed","aoi":"AOI03","matched_gba":true},"geometry":{"type":"Point","coordinates":[85.13811994,27.91598237]}},{"type":"Feature","properties":{"grade":"Destroyed","aoi":"AOI03","matched_gba":false},"geometry":{"type":"Point","coordinates":[85.13803326,27.91613841]}},{"type":"Feature","properties":{"grade":"Destroyed","aoi":"AOI03","matched_gba":false},"geometry":{"type":"Point","coordinates":[85.13812064,27.91620581]}},{"type":"Feature","properties":{"grade":"Destroyed","aoi":"AOI03","matched_gba":false},"geometry":{"type":"Point","coordinates":[85.1383653,27.91625075]}},{"type":"Feature","properties":{"grade":"Possibly damaged","aoi":"AOI03","matched_gba":true},"geometry":{"type":"Point","coordinates":[85.13699569,27.91844089]}},{"type":"Feature","properties":{"grade":"Destroyed","aoi":"AOI03","matched_gba":true},"geometry":{"type":"Point","coordinates":[85.1374766,27.91930825]}},{"type":"Feature","properties":{"grade":"Destroyed","aoi":"AOI03","matched_gba":true},"geometry":{"type":"Point","coordinates":[85.135717,27.9211008]}},{"type":"Feature","properties":{"grade":"Destroyed","aoi":"AOI03","matched_gba":false},"geometry":{"type":"Point","coordinates":[85.14339886,27.91848108]}},{"type":"Feature","properties":{"grade":"Possibly damaged","aoi":"AOI03","matched_gba":true},"geometry":{"type":"Point","coordinates":[85.14457364,27.91849337]}},{"type":"Feature","properties":{"grade":"Possibly damaged","aoi":"AOI03","matched_gba":true},"geometry":{"type":"Point","coordinates":[85.1446407,27.9185547]}},{"type":"Feature","properties":{"grade":"Destroyed","aoi":"AOI03","matched_gba":true},"geometry":{"type":"Point","coordinates":[85.14358357,27.91857635]}},{"type":"Feature","properties":{"grade":"Destroyed","aoi":"AOI03","matched_gba":false},"geometry":{"type":"Point","coordinates":[85.14441045,27.9186281]}},{"type":"Feature","properties":{"grade":"Destroyed","aoi":"AOI03","matched_gba":true},"geometry":{"type":"Point","coordinates":[85.14332585,27.9187775]}},{"type":"Feature","properties":{"grade":"Destroyed","aoi":"AOI03","matched_gba":true},"geometry":{"type":"Point","coordinates":[85.14373622,27.91877856]}},{"type":"Feature","properties":{"grade":"Destroyed","aoi":"AOI03","matched_gba":true},"geometry":{"type":"Point","coordinates":[85.14399635,27.9188876]}},{"type":"Feature","properties":{"grade":"Destroyed","aoi":"AOI03","matched_gba":true},"geometry":{"type":"Point","coordinates":[85.14506385,27.91898565]}},{"type":"Feature","properties":{"grade":"Possibly damaged","aoi":"AOI03","matched_gba":true},"geometry":{"type":"Point","coordinates":[85.1451575,27.91899415]}},{"type":"Feature","properties":{"grade":"Damaged","aoi":"AOI03","matched_gba":false},"geometry":{"type":"Point","coordinates":[85.14426607,27.91902092]}},{"type":"Feature","properties":{"grade":"Destroyed","aoi":"AOI03","matched_gba":true},"geometry":{"type":"Point","coordinates":[85.1446107,27.91905985]}},{"type":"Feature","properties":{"grade":"Destroyed","aoi":"AOI03","matched_gba":true},"geometry":{"type":"Point","coordinates":[85.14519655,27.91907052]}},{"type":"Feature","properties":{"grade":"Destroyed","aoi":"AOI03","matched_gba":true},"geometry":{"type":"Point","coordinates":[85.1448554,27.91914855]}},{"type":"Feature","properties":{"grade":"Destroyed","aoi":"AOI03","matched_gba":false},"geometry":{"type":"Point","coordinates":[85.14495286,27.91916382]}},{"type":"Feature","properties":{"grade":"Destroyed","aoi":"AOI03","matched_gba":false},"geometry":{"type":"Point","coordinates":[85.14454416,27.91916573]}},{"type":"Feature","properties":{"grade":"Destroyed","aoi":"AOI03","matched_gba":false},"geometry":{"type":"Point","coordinates":[85.14382389,27.91919293]}},{"type":"Feature","properties":{"grade":"Destroyed","aoi":"AOI03","matched_gba":true},"geometry":{"type":"Point","coordinates":[85.14499615,27.91923825]}},{"type":"Feature","properties":{"grade":"Damaged","aoi":"AOI03","matched_gba":true},"geometry":{"type":"Point","coordinates":[85.14447057,27.91926185]}},{"type":"Feature","properties":{"grade":"Destroyed","aoi":"AOI03","matched_gba":true},"geometry":{"type":"Point","coordinates":[85.14493516,27.9192896]}},{"type":"Feature","properties":{"grade":"Possibly damaged","aoi":"AOI03","matched_gba":true},"geometry":{"type":"Point","coordinates":[85.1453128,27.91910862]}},{"type":"Feature","properties":{"grade":"Possibly damaged","aoi":"AOI03","matched_gba":true},"geometry":{"type":"Point","coordinates":[85.14550815,27.9192651]}},{"type":"Feature","properties":{"grade":"Possibly damaged","aoi":"AOI03","matched_gba":true},"geometry":{"type":"Point","coordinates":[85.14555505,27.91929955]}},{"type":"Feature","properties":{"grade":"Possibly damaged","aoi":"AOI03","matched_gba":true},"geometry":{"type":"Point","coordinates":[85.14558863,27.9193253]}},{"type":"Feature","properties":{"grade":"Possibly damaged","aoi":"AOI03","matched_gba":true},"geometry":{"type":"Point","coordinates":[85.14564662,27.9193678]}},{"type":"Feature","properties":{"grade":"Destroyed","aoi":"AOI03","matched_gba":true},"geometry":{"type":"Point","coordinates":[85.14526185,27.91937385]}},{"type":"Feature","properties":{"grade":"Destroyed","aoi":"AOI03","matched_gba":true},"geometry":{"type":"Point","coordinates":[85.145334,27.9193991]}},{"type":"Feature","properties":{"grade":"Destroyed","aoi":"AOI03","matched_gba":true},"geometry":{"type":"Point","coordinates":[85.1457363,27.91942613]}},{"type":"Feature","properties":{"grade":"Destroyed","aoi":"AOI03","matched_gba":true},"geometry":{"type":"Point","coordinates":[85.14539805,27.91946145]}},{"type":"Feature","properties":{"grade":"Possibly damaged","aoi":"AOI03","matched_gba":true},"geometry":{"type":"Point","coordinates":[85.1458193,27.9194623]}},{"type":"Feature","properties":{"grade":"Possibly damaged","aoi":"AOI03","matched_gba":true},"geometry":{"type":"Point","coordinates":[85.13958545,27.91929085]}},{"type":"Feature","properties":{"grade":"Destroyed","aoi":"AOI03","matched_gba":true},"geometry":{"type":"Point","coordinates":[85.14518142,27.91935261]}},{"type":"Feature","properties":{"grade":"Damaged","aoi":"AOI03","matched_gba":true},"geometry":{"type":"Point","coordinates":[85.1449288,27.91937742]}},{"type":"Feature","properties":{"grade":"Destroyed","aoi":"AOI03","matched_gba":true},"geometry":{"type":"Point","coordinates":[85.14438015,27.9193906]}},{"type":"Feature","properties":{"grade":"Damaged","aoi":"AOI03","matched_gba":true},"geometry":{"type":"Point","coordinates":[85.14502785,27.91944613]}},{"type":"Feature","properties":{"grade":"Destroyed","aoi":"AOI03","matched_gba":true},"geometry":{"type":"Point","coordinates":[85.14429695,27.91949675]}},{"type":"Feature","properties":{"grade":"Destroyed","aoi":"AOI03","matched_gba":true},"geometry":{"type":"Point","coordinates":[85.1440384,27.9195222]}},{"type":"Feature","properties":{"grade":"Damaged","aoi":"AOI03","matched_gba":true},"geometry":{"type":"Point","coordinates":[85.14515445,27.91959555]}},{"type":"Feature","properties":{"grade":"Destroyed","aoi":"AOI03","matched_gba":true},"geometry":{"type":"Point","coordinates":[85.14489195,27.9196616]}},{"type":"Feature","properties":{"grade":"Destroyed","aoi":"AOI03","matched_gba":true},"geometry":{"type":"Point","coordinates":[85.14421154,27.91966992]}},{"type":"Feature","properties":{"grade":"Destroyed","aoi":"AOI03","matched_gba":true},"geometry":{"type":"Point","coordinates":[85.1452732,27.91949755]}},{"type":"Feature","properties":{"grade":"Possibly damaged","aoi":"AOI03","matched_gba":true},"geometry":{"type":"Point","coordinates":[85.14587202,27.9195008]}},{"type":"Feature","properties":{"grade":"Destroyed","aoi":"AOI03","matched_gba":true},"geometry":{"type":"Point","coordinates":[85.14546213,27.91950568]}},{"type":"Feature","properties":{"grade":"Possibly damaged","aoi":"AOI03","matched_gba":true},"geometry":{"type":"Point","coordinates":[85.14604248,27.9195196]}},{"type":"Feature","properties":{"grade":"Possibly damaged","aoi":"AOI03","matched_gba":true},"geometry":{"type":"Point","coordinates":[85.1459348,27.9195466]}},{"type":"Feature","properties":{"grade":"Destroyed","aoi":"AOI03","matched_gba":true},"geometry":{"type":"Point","coordinates":[85.1455617,27.9195953]}},{"type":"Feature","properties":{"grade":"Destroyed","aoi":"AOI03","matched_gba":true},"geometry":{"type":"Point","coordinates":[85.14530261,27.91960751]}},{"type":"Feature","properties":{"grade":"Damaged","aoi":"AOI03","matched_gba":true},"geometry":{"type":"Point","coordinates":[85.14610053,27.91960775]}},{"type":"Feature","properties":{"grade":"Destroyed","aoi":"AOI03","matched_gba":true},"geometry":{"type":"Point","coordinates":[85.1453411,27.9196239]}},{"type":"Feature","properties":{"grade":"Destroyed","aoi":"AOI03","matched_gba":true},"geometry":{"type":"Point","coordinates":[85.14538885,27.91963848]}},{"type":"Feature","properties":{"grade":"Destroyed","aoi":"AOI03","matched_gba":true},"geometry":{"type":"Point","coordinates":[85.1463302,27.91963852]}},{"type":"Feature","properties":{"grade":"Destroyed","aoi":"AOI03","matched_gba":true},"geometry":{"type":"Point","coordinates":[85.14569655,27.91968465]}},{"type":"Feature","properties":{"grade":"Destroyed","aoi":"AOI03","matched_gba":true},"geometry":{"type":"Point","coordinates":[85.14552095,27.91969735]}},{"type":"Feature","properties":{"grade":"Destroyed","aoi":"AOI03","matched_gba":true},"geometry":{"type":"Point","coordinates":[85.14576788,27.9197449]}},{"type":"Feature","properties":{"grade":"Destroyed","aoi":"AOI03","matched_gba":true},"geometry":{"type":"Point","coordinates":[85.14588047,27.91980635]}},{"type":"Feature","properties":{"grade":"Destroyed","aoi":"AOI03","matched_gba":true},"geometry":{"type":"Point","coordinates":[85.14557755,27.9198413]}},{"type":"Feature","properties":{"grade":"Destroyed","aoi":"AOI03","matched_gba":true},"geometry":{"type":"Point","coordinates":[85.14592186,27.91985601]}},{"type":"Feature","properties":{"grade":"Destroyed","aoi":"AOI03","matched_gba":true},"geometry":{"type":"Point","coordinates":[85.14650473,27.91985944]}},{"type":"Feature","properties":{"grade":"Destroyed","aoi":"AOI03","matched_gba":true},"geometry":{"type":"Point","coordinates":[85.14634745,27.91987638]}},{"type":"Feature","properties":{"grade":"Damaged","aoi":"AOI03","matched_gba":true},"geometry":{"type":"Point","coordinates":[85.14573555,27.9198986]}},{"type":"Feature","properties":{"grade":"Destroyed","aoi":"AOI03","matched_gba":true},"geometry":{"type":"Point","coordinates":[85.14495412,27.91968435]}},{"type":"Feature","properties":{"grade":"Destroyed","aoi":"AOI03","matched_gba":true},"geometry":{"type":"Point","coordinates":[85.14383063,27.91968568]}},{"type":"Feature","properties":{"grade":"Destroyed","aoi":"AOI03","matched_gba":true},"geometry":{"type":"Point","coordinates":[85.1439911,27.919748]}},{"type":"Feature","properties":{"grade":"Destroyed","aoi":"AOI03","matched_gba":false},"geometry":{"type":"Point","coordinates":[85.14422638,27.91981954]}},{"type":"Feature","properties":{"grade":"Possibly damaged","aoi":"AOI03","matched_gba":true},"geometry":{"type":"Point","coordinates":[85.13842872,27.91982264]}},{"type":"Feature","properties":{"grade":"Destroyed","aoi":"AOI03","matched_gba":true},"geometry":{"type":"Point","coordinates":[85.14501345,27.91988029]}},{"type":"Feature","properties":{"grade":"Possibly damaged","aoi":"AOI03","matched_gba":true},"geometry":{"type":"Point","coordinates":[85.13893748,27.91990148]}},{"type":"Feature","properties":{"grade":"Destroyed","aoi":"AOI03","matched_gba":true},"geometry":{"type":"Point","coordinates":[85.1467898,27.9199091]}},{"type":"Feature","properties":{"grade":"Destroyed","aoi":"AOI03","matched_gba":true},"geometry":{"type":"Point","coordinates":[85.1459634,27.9199145]}},{"type":"Feature","properties":{"grade":"Damaged","aoi":"AOI03","matched_gba":true},"geometry":{"type":"Point","coordinates":[85.1464581,27.9199242]}},{"type":"Feature","properties":{"grade":"Destroyed","aoi":"AOI03","matched_gba":true},"geometry":{"type":"Point","coordinates":[85.1462006,27.91996145]}},{"type":"Feature","properties":{"grade":"Destroyed","aoi":"AOI03","matched_gba":true},"geometry":{"type":"Point","coordinates":[85.14656793,27.9199747]}},{"type":"Feature","properties":{"grade":"Destroyed","aoi":"AOI03","matched_gba":true},"geometry":{"type":"Point","coordinates":[85.14611115,27.91997575]}},{"type":"Feature","properties":{"grade":"Destroyed","aoi":"AOI03","matched_gba":true},"geometry":{"type":"Point","coordinates":[85.14584,27.91998015]}},{"type":"Feature","properties":{"grade":"Destroyed","aoi":"AOI03","matched_gba":true},"geometry":{"type":"Point","coordinates":[85.14700865,27.91998522]}},{"type":"Feature","properties":{"grade":"Damaged","aoi":"AOI03","matched_gba":true},"geometry":{"type":"Point","coordinates":[85.14597365,27.9199876]}},{"type":"Feature","properties":{"grade":"Damaged","aoi":"AOI03","matched_gba":true},"geometry":{"type":"Point","coordinates":[85.1459216,27.92002525]}},{"type":"Feature","properties":{"grade":"Destroyed","aoi":"AOI03","matched_gba":true},"geometry":{"type":"Point","coordinates":[85.14666445,27.9200329]}},{"type":"Feature","properties":{"grade":"Destroyed","aoi":"AOI03","matched_gba":true},"geometry":{"type":"Point","coordinates":[85.1453309,27.92003686]}},{"type":"Feature","properties":{"grade":"Destroyed","aoi":"AOI03","matched_gba":true},"geometry":{"type":"Point","coordinates":[85.14638095,27.92005535]}},{"type":"Feature","properties":{"grade":"Destroyed","aoi":"AOI03","matched_gba":true},"geometry":{"type":"Point","coordinates":[85.14560295,27.92005565]}},{"type":"Feature","properties":{"grade":"Destroyed","aoi":"AOI03","matched_gba":true},"geometry":{"type":"Point","coordinates":[85.14608135,27.9200621]}},{"type":"Feature","properties":{"grade":"Destroyed","aoi":"AOI03","matched_gba":true},"geometry":{"type":"Point","coordinates":[85.14639892,27.92006345]}},{"type":"Feature","properties":{"grade":"Destroyed","aoi":"AOI03","matched_gba":false},"geometry":{"type":"Point","coordinates":[85.14717162,27.92006691]}},{"type":"Feature","properties":{"grade":"Destroyed","aoi":"AOI03","matched_gba":true},"geometry":{"type":"Point","coordinates":[85.14682758,27.92007656]}},{"type":"Feature","properties":{"grade":"Destroyed","aoi":"AOI03","matched_gba":true},"geometry":{"type":"Point","coordinates":[85.14707366,27.92007743]}},{"type":"Feature","properties":{"grade":"Damaged","aoi":"AOI03","matched_gba":true},"geometry":{"type":"Point","coordinates":[85.14590117,27.92007805]}},{"type":"Feature","properties":{"grade":"Destroyed","aoi":"AOI03","matched_gba":true},"geometry":{"type":"Point","coordinates":[85.1462715,27.92008015]}},{"type":"Feature","properties":{"grade":"Destroyed","aoi":"AOI03","matched_gba":true},"geometry":{"type":"Point","coordinates":[85.14604206,27.92008699]}},{"type":"Feature","properties":{"grade":"Destroyed","aoi":"AOI03","matched_gba":true},"geometry":{"type":"Point","coordinates":[85.1464958,27.9200961]}},{"type":"Feature","properties":{"grade":"Destroyed","aoi":"AOI03","matched_gba":true},"geometry":{"type":"Point","coordinates":[85.146517,27.9201041]}},{"type":"Feature","properties":{"grade":"Destroyed","aoi":"AOI03","matched_gba":true},"geometry":{"type":"Point","coordinates":[85.14553402,27.92011695]}},{"type":"Feature","properties":{"grade":"Destroyed","aoi":"AOI03","matched_gba":true},"geometry":{"type":"Point","coordinates":[85.14570955,27.92017505]}},{"type":"Feature","properties":{"grade":"Destroyed","aoi":"AOI03","matched_gba":true},"geometry":{"type":"Point","coordinates":[85.1458424,27.9201916]}},{"type":"Feature","properties":{"grade":"Damaged","aoi":"AOI03","matched_gba":true},"geometry":{"type":"Point","coordinates":[85.14724165,27.92019605]}},{"type":"Feature","properties":{"grade":"Damaged","aoi":"AOI03","matched_gba":true},"geometry":{"type":"Point","coordinates":[85.147047,27.9202313]}},{"type":"Feature","properties":{"grade":"Damaged","aoi":"AOI03","matched_gba":true},"geometry":{"type":"Point","coordinates":[85.14656486,27.92023658]}},{"type":"Feature","properties":{"grade":"Damaged","aoi":"AOI03","matched_gba":true},"geometry":{"type":"Point","coordinates":[85.14729895,27.9202705]}},{"type":"Feature","properties":{"grade":"Damaged","aoi":"AOI03","matched_gba":true},"geometry":{"type":"Point","coordinates":[85.14671723,27.92031614]}},{"type":"Feature","properties":{"grade":"Damaged","aoi":"AOI03","matched_gba":true},"geometry":{"type":"Point","coordinates":[85.1472628,27.92035132]}},{"type":"Feature","properties":{"grade":"Damaged","aoi":"AOI03","matched_gba":true},"geometry":{"type":"Point","coordinates":[85.14739411,27.92036798]}},{"type":"Feature","properties":{"grade":"Destroyed","aoi":"AOI03","matched_gba":true},"geometry":{"type":"Point","coordinates":[85.14683832,27.92037255]}},{"type":"Feature","properties":{"grade":"Destroyed","aoi":"AOI03","matched_gba":true},"geometry":{"type":"Point","coordinates":[85.14710103,27.9204055]}},{"type":"Feature","properties":{"grade":"Possibly damaged","aoi":"AOI03","matched_gba":true},"geometry":{"type":"Point","coordinates":[85.14770461,27.92041278]}},{"type":"Feature","properties":{"grade":"Damaged","aoi":"AOI03","matched_gba":true},"geometry":{"type":"Point","coordinates":[85.14749555,27.92044535]}},{"type":"Feature","properties":{"grade":"Destroyed","aoi":"AOI03","matched_gba":true},"geometry":{"type":"Point","coordinates":[85.1470006,27.92047128]}},{"type":"Feature","properties":{"grade":"Damaged","aoi":"AOI03","matched_gba":true},"geometry":{"type":"Point","coordinates":[85.1476088,27.92047205]}},{"type":"Feature","properties":{"grade":"Destroyed","aoi":"AOI03","matched_gba":true},"geometry":{"type":"Point","coordinates":[85.14713836,27.92049958]}},{"type":"Feature","properties":{"grade":"Destroyed","aoi":"AOI03","matched_gba":true},"geometry":{"type":"Point","coordinates":[85.14728725,27.92055615]}},{"type":"Feature","properties":{"grade":"Destroyed","aoi":"AOI03","matched_gba":true},"geometry":{"type":"Point","coordinates":[85.14746013,27.9206222]}},{"type":"Feature","properties":{"grade":"Destroyed","aoi":"AOI03","matched_gba":true},"geometry":{"type":"Point","coordinates":[85.1477581,27.92073115]}},{"type":"Feature","properties":{"grade":"Destroyed","aoi":"AOI03","matched_gba":true},"geometry":{"type":"Point","coordinates":[85.1453816,27.9212225]}},{"type":"Feature","properties":{"grade":"Destroyed","aoi":"AOI03","matched_gba":true},"geometry":{"type":"Point","coordinates":[85.14549589,27.92123702]}},{"type":"Feature","properties":{"grade":"Destroyed","aoi":"AOI03","matched_gba":true},"geometry":{"type":"Point","coordinates":[85.1470398,27.92134055]}},{"type":"Feature","properties":{"grade":"Destroyed","aoi":"AOI03","matched_gba":true},"geometry":{"type":"Point","coordinates":[85.14702183,27.9214483]}},{"type":"Feature","properties":{"grade":"Destroyed","aoi":"AOI03","matched_gba":true},"geometry":{"type":"Point","coordinates":[85.14739347,27.92146483]}},{"type":"Feature","properties":{"grade":"Destroyed","aoi":"AOI03","matched_gba":true},"geometry":{"type":"Point","coordinates":[85.14599431,27.92147875]}},{"type":"Feature","properties":{"grade":"Destroyed","aoi":"AOI03","matched_gba":true},"geometry":{"type":"Point","coordinates":[85.14904887,27.92094605]}},{"type":"Feature","properties":{"grade":"Destroyed","aoi":"AOI03","matched_gba":true},"geometry":{"type":"Point","coordinates":[85.14921291,27.92104157]}},{"type":"Feature","properties":{"grade":"Destroyed","aoi":"AOI03","matched_gba":true},"geometry":{"type":"Point","coordinates":[85.14937105,27.9211206]}},{"type":"Feature","properties":{"grade":"Destroyed","aoi":"AOI03","matched_gba":true},"geometry":{"type":"Point","coordinates":[85.1494721,27.9211611]}},{"type":"Feature","properties":{"grade":"Destroyed","aoi":"AOI03","matched_gba":true},"geometry":{"type":"Point","coordinates":[85.14904921,27.92121469]}},{"type":"Feature","properties":{"grade":"Destroyed","aoi":"AOI03","matched_gba":true},"geometry":{"type":"Point","coordinates":[85.14951655,27.92122472]}},{"type":"Feature","properties":{"grade":"Destroyed","aoi":"AOI03","matched_gba":true},"geometry":{"type":"Point","coordinates":[85.1489402,27.92125365]}},{"type":"Feature","properties":{"grade":"Destroyed","aoi":"AOI03","matched_gba":true},"geometry":{"type":"Point","coordinates":[85.14927045,27.9212572]}},{"type":"Feature","properties":{"grade":"Destroyed","aoi":"AOI03","matched_gba":false},"geometry":{"type":"Point","coordinates":[85.14968081,27.92129568]}},{"type":"Feature","properties":{"grade":"Destroyed","aoi":"AOI03","matched_gba":true},"geometry":{"type":"Point","coordinates":[85.14961702,27.92130363]}},{"type":"Feature","properties":{"grade":"Destroyed","aoi":"AOI03","matched_gba":true},"geometry":{"type":"Point","coordinates":[85.14878726,27.92078638]}},{"type":"Feature","properties":{"grade":"Destroyed","aoi":"AOI03","matched_gba":true},"geometry":{"type":"Point","coordinates":[85.14880584,27.92087087]}},{"type":"Feature","properties":{"grade":"Destroyed","aoi":"AOI03","matched_gba":true},"geometry":{"type":"Point","coordinates":[85.14871953,27.92106669]}},{"type":"Feature","properties":{"grade":"Destroyed","aoi":"AOI03","matched_gba":true},"geometry":{"type":"Point","coordinates":[85.1488605,27.92111715]}},{"type":"Feature","properties":{"grade":"Destroyed","aoi":"AOI03","matched_gba":true},"geometry":{"type":"Point","coordinates":[85.14815542,27.92173101]}},{"type":"Feature","properties":{"grade":"Destroyed","aoi":"AOI03","matched_gba":true},"geometry":{"type":"Point","coordinates":[85.14827675,27.9217537]}},{"type":"Feature","properties":{"grade":"Destroyed","aoi":"AOI03","matched_gba":true},"geometry":{"type":"Point","coordinates":[85.14836872,27.92177718]}},{"type":"Feature","properties":{"grade":"Destroyed","aoi":"AOI03","matched_gba":true},"geometry":{"type":"Point","coordinates":[85.14844383,27.92181732]}},{"type":"Feature","properties":{"grade":"Destroyed","aoi":"AOI03","matched_gba":true},"geometry":{"type":"Point","coordinates":[85.1485526,27.92183315]}},{"type":"Feature","properties":{"grade":"Destroyed","aoi":"AOI03","matched_gba":true},"geometry":{"type":"Point","coordinates":[85.1486713,27.9218785]}},{"type":"Feature","properties":{"grade":"Destroyed","aoi":"AOI03","matched_gba":true},"geometry":{"type":"Point","coordinates":[85.14938615,27.9213303]}},{"type":"Feature","properties":{"grade":"Destroyed","aoi":"AOI03","matched_gba":true},"geometry":{"type":"Point","coordinates":[85.14972675,27.92133035]}},{"type":"Feature","properties":{"grade":"Destroyed","aoi":"AOI03","matched_gba":true},"geometry":{"type":"Point","coordinates":[85.14935428,27.92138375]}},{"type":"Feature","properties":{"grade":"Destroyed","aoi":"AOI03","matched_gba":true},"geometry":{"type":"Point","coordinates":[85.14896485,27.92199335]}},{"type":"Feature","properties":{"grade":"Destroyed","aoi":"AOI03","matched_gba":true},"geometry":{"type":"Point","coordinates":[85.14905915,27.9220155]}},{"type":"Feature","properties":{"grade":"Destroyed","aoi":"AOI03","matched_gba":true},"geometry":{"type":"Point","coordinates":[85.14917835,27.9220606]}},{"type":"Feature","properties":{"grade":"Destroyed","aoi":"AOI03","matched_gba":true},"geometry":{"type":"Point","coordinates":[85.14930195,27.92208275]}},{"type":"Feature","properties":{"grade":"Destroyed","aoi":"AOI03","matched_gba":true},"geometry":{"type":"Point","coordinates":[85.14898556,27.92215903]}},{"type":"Feature","properties":{"grade":"Destroyed","aoi":"AOI03","matched_gba":true},"geometry":{"type":"Point","coordinates":[85.14904835,27.9221947]}},{"type":"Feature","properties":{"grade":"Destroyed","aoi":"AOI03","matched_gba":true},"geometry":{"type":"Point","coordinates":[85.14912247,27.92220069]}},{"type":"Feature","properties":{"grade":"Destroyed","aoi":"AOI03","matched_gba":true},"geometry":{"type":"Point","coordinates":[85.14742557,27.92159311]}},{"type":"Feature","properties":{"grade":"Destroyed","aoi":"AOI03","matched_gba":true},"geometry":{"type":"Point","coordinates":[85.14759635,27.921617]}},{"type":"Feature","properties":{"grade":"Destroyed","aoi":"AOI03","matched_gba":true},"geometry":{"type":"Point","coordinates":[85.1480051,27.9216858]}},{"type":"Feature","properties":{"grade":"Destroyed","aoi":"AOI03","matched_gba":true},"geometry":{"type":"Point","coordinates":[85.14795413,27.92187308]}},{"type":"Feature","properties":{"grade":"Damaged","aoi":"AOI03","matched_gba":true},"geometry":{"type":"Point","coordinates":[85.14744565,27.9218829]}},{"type":"Feature","properties":{"grade":"Destroyed","aoi":"AOI03","matched_gba":true},"geometry":{"type":"Point","coordinates":[85.14773709,27.92196677]}},{"type":"Feature","properties":{"grade":"Possibly damaged","aoi":"AOI03","matched_gba":true},"geometry":{"type":"Point","coordinates":[85.14672525,27.92200797]}},{"type":"Feature","properties":{"grade":"Damaged","aoi":"AOI03","matched_gba":true},"geometry":{"type":"Point","coordinates":[85.1479174,27.9220321]}},{"type":"Feature","properties":{"grade":"Damaged","aoi":"AOI03","matched_gba":true},"geometry":{"type":"Point","coordinates":[85.14733947,27.92205075]}},{"type":"Feature","properties":{"grade":"Possibly damaged","aoi":"AOI03","matched_gba":true},"geometry":{"type":"Point","coordinates":[85.14709075,27.9220678]}},{"type":"Feature","properties":{"grade":"Destroyed","aoi":"AOI03","matched_gba":true},"geometry":{"type":"Point","coordinates":[85.1487748,27.92191845]}},{"type":"Feature","properties":{"grade":"Destroyed","aoi":"AOI03","matched_gba":true},"geometry":{"type":"Point","coordinates":[85.14819278,27.92193959]}},{"type":"Feature","properties":{"grade":"Destroyed","aoi":"AOI03","matched_gba":true},"geometry":{"type":"Point","coordinates":[85.14887235,27.92196225]}},{"type":"Feature","properties":{"grade":"Destroyed","aoi":"AOI03","matched_gba":true},"geometry":{"type":"Point","coordinates":[85.1483441,27.92197075]}},{"type":"Feature","properties":{"grade":"Damaged","aoi":"AOI03","matched_gba":true},"geometry":{"type":"Point","coordinates":[85.14808066,27.92197123]}},{"type":"Feature","properties":{"grade":"Destroyed","aoi":"AOI03","matched_gba":true},"geometry":{"type":"Point","coordinates":[85.14846035,27.9220004]}},{"type":"Feature","properties":{"grade":"Destroyed","aoi":"AOI03","matched_gba":true},"geometry":{"type":"Point","coordinates":[85.14851305,27.92201315]}},{"type":"Feature","properties":{"grade":"Damaged","aoi":"AOI03","matched_gba":true},"geometry":{"type":"Point","coordinates":[85.14818137,27.9220419]}},{"type":"Feature","properties":{"grade":"Destroyed","aoi":"AOI03","matched_gba":true},"geometry":{"type":"Point","coordinates":[85.14855755,27.92205625]}},{"type":"Feature","properties":{"grade":"Destroyed","aoi":"AOI03","matched_gba":true},"geometry":{"type":"Point","coordinates":[85.14861997,27.92205688]}},{"type":"Feature","properties":{"grade":"Destroyed","aoi":"AOI03","matched_gba":true},"geometry":{"type":"Point","coordinates":[85.14867342,27.92207765]}},{"type":"Feature","properties":{"grade":"Destroyed","aoi":"AOI03","matched_gba":true},"geometry":{"type":"Point","coordinates":[85.14874513,27.92207889]}},{"type":"Feature","properties":{"grade":"Destroyed","aoi":"AOI03","matched_gba":true},"geometry":{"type":"Point","coordinates":[85.14881262,27.92209601]}},{"type":"Feature","properties":{"grade":"Destroyed","aoi":"AOI03","matched_gba":true},"geometry":{"type":"Point","coordinates":[85.14886575,27.9221121]}},{"type":"Feature","properties":{"grade":"Destroyed","aoi":"AOI03","matched_gba":true},"geometry":{"type":"Point","coordinates":[85.1482949,27.9221439]}},{"type":"Feature","properties":{"grade":"Destroyed","aoi":"AOI03","matched_gba":true},"geometry":{"type":"Point","coordinates":[85.1489058,27.92214985]}},{"type":"Feature","properties":{"grade":"Destroyed","aoi":"AOI03","matched_gba":true},"geometry":{"type":"Point","coordinates":[85.14862551,27.92222697]}},{"type":"Feature","properties":{"grade":"Destroyed","aoi":"AOI03","matched_gba":true},"geometry":{"type":"Point","coordinates":[85.14847716,27.92227557]}},{"type":"Feature","properties":{"grade":"Destroyed","aoi":"AOI03","matched_gba":true},"geometry":{"type":"Point","coordinates":[85.14878116,27.92229545]}},{"type":"Feature","properties":{"grade":"Damaged","aoi":"AOI03","matched_gba":true},"geometry":{"type":"Point","coordinates":[85.1483912,27.9223259]}},{"type":"Feature","properties":{"grade":"Damaged","aoi":"AOI03","matched_gba":true},"geometry":{"type":"Point","coordinates":[85.1476092,27.9220801]}},{"type":"Feature","properties":{"grade":"Destroyed","aoi":"AOI03","matched_gba":true},"geometry":{"type":"Point","coordinates":[85.1478332,27.9222719]}},{"type":"Feature","properties":{"grade":"Destroyed","aoi":"AOI03","matched_gba":true},"geometry":{"type":"Point","coordinates":[85.14749125,27.92227623]}},{"type":"Feature","properties":{"grade":"Destroyed","aoi":"AOI03","matched_gba":true},"geometry":{"type":"Point","coordinates":[85.14798795,27.9223178]}},{"type":"Feature","properties":{"grade":"Destroyed","aoi":"AOI03","matched_gba":true},"geometry":{"type":"Point","coordinates":[85.14767202,27.9223211]}},{"type":"Feature","properties":{"grade":"Possibly damaged","aoi":"AOI03","matched_gba":true},"geometry":{"type":"Point","coordinates":[85.14767416,27.92241652]}},{"type":"Feature","properties":{"grade":"Destroyed","aoi":"AOI03","matched_gba":true},"geometry":{"type":"Point","coordinates":[85.14779741,27.92243433]}},{"type":"Feature","properties":{"grade":"Damaged","aoi":"AOI03","matched_gba":true},"geometry":{"type":"Point","coordinates":[85.14774383,27.92245175]}},{"type":"Feature","properties":{"grade":"Possibly damaged","aoi":"AOI03","matched_gba":true},"geometry":{"type":"Point","coordinates":[85.14762169,27.92249034]}},{"type":"Feature","properties":{"grade":"Destroyed","aoi":"AOI03","matched_gba":true},"geometry":{"type":"Point","coordinates":[85.14785851,27.92258147]}},{"type":"Feature","properties":{"grade":"Destroyed","aoi":"AOI03","matched_gba":true},"geometry":{"type":"Point","coordinates":[85.14945811,27.92221642]}},{"type":"Feature","properties":{"grade":"Destroyed","aoi":"AOI03","matched_gba":true},"geometry":{"type":"Point","coordinates":[85.14933871,27.92227341]}},{"type":"Feature","properties":{"grade":"Destroyed","aoi":"AOI03","matched_gba":true},"geometry":{"type":"Point","coordinates":[85.14923305,27.92229575]}},{"type":"Feature","properties":{"grade":"Destroyed","aoi":"AOI03","matched_gba":true},"geometry":{"type":"Point","coordinates":[85.14956398,27.92229984]}},{"type":"Feature","properties":{"grade":"Destroyed","aoi":"AOI03","matched_gba":true},"geometry":{"type":"Point","coordinates":[85.1497088,27.92231435]}},{"type":"Feature","properties":{"grade":"Destroyed","aoi":"AOI03","matched_gba":true},"geometry":{"type":"Point","coordinates":[85.14896357,27.92231529]}},{"type":"Feature","properties":{"grade":"Destroyed","aoi":"AOI03","matched_gba":true},"geometry":{"type":"Point","coordinates":[85.14904642,27.92233917]}},{"type":"Feature","properties":{"grade":"Destroyed","aoi":"AOI03","matched_gba":true},"geometry":{"type":"Point","coordinates":[85.1491533,27.9223481]}},{"type":"Feature","properties":{"grade":"Destroyed","aoi":"AOI03","matched_gba":true},"geometry":{"type":"Point","coordinates":[85.1498647,27.92239565]}},{"type":"Feature","properties":{"grade":"Destroyed","aoi":"AOI03","matched_gba":true},"geometry":{"type":"Point","coordinates":[85.14899585,27.92244865]}},{"type":"Feature","properties":{"grade":"Destroyed","aoi":"AOI03","matched_gba":true},"geometry":{"type":"Point","coordinates":[85.14809047,27.9223491]}},{"type":"Feature","properties":{"grade":"Destroyed","aoi":"AOI03","matched_gba":true},"geometry":{"type":"Point","coordinates":[85.14866645,27.92235358]}},{"type":"Feature","properties":{"grade":"Destroyed","aoi":"AOI03","matched_gba":true},"geometry":{"type":"Point","coordinates":[85.14855875,27.92235525]}},{"type":"Feature","properties":{"grade":"Destroyed","aoi":"AOI03","matched_gba":true},"geometry":{"type":"Point","coordinates":[85.14821933,27.9223581]}},{"type":"Feature","properties":{"grade":"Destroyed","aoi":"AOI03","matched_gba":true},"geometry":{"type":"Point","coordinates":[85.148594,27.92242385]}},{"type":"Feature","properties":{"grade":"Destroyed","aoi":"AOI03","matched_gba":true},"geometry":{"type":"Point","coordinates":[85.14814275,27.9224304]}},{"type":"Feature","properties":{"grade":"Destroyed","aoi":"AOI03","matched_gba":true},"geometry":{"type":"Point","coordinates":[85.14848605,27.92243085]}},{"type":"Feature","properties":{"grade":"Destroyed","aoi":"AOI03","matched_gba":true},"geometry":{"type":"Point","coordinates":[85.14841622,27.92245439]}},{"type":"Feature","properties":{"grade":"Destroyed","aoi":"AOI03","matched_gba":true},"geometry":{"type":"Point","coordinates":[85.14836672,27.92246802]}},{"type":"Feature","properties":{"grade":"Destroyed","aoi":"AOI03","matched_gba":true},"geometry":{"type":"Point","coordinates":[85.1483082,27.92248175]}},{"type":"Feature","properties":{"grade":"Destroyed","aoi":"AOI03","matched_gba":true},"geometry":{"type":"Point","coordinates":[85.14933465,27.9224575]}},{"type":"Feature","properties":{"grade":"Destroyed","aoi":"AOI03","matched_gba":true},"geometry":{"type":"Point","coordinates":[85.1489333,27.92246128]}},{"type":"Feature","properties":{"grade":"Destroyed","aoi":"AOI03","matched_gba":true},"geometry":{"type":"Point","coordinates":[85.1496079,27.92246378]}},{"type":"Feature","properties":{"grade":"Destroyed","aoi":"AOI03","matched_gba":true},"geometry":{"type":"Point","coordinates":[85.14928165,27.92247325]}},{"type":"Feature","properties":{"grade":"Destroyed","aoi":"AOI03","matched_gba":true},"geometry":{"type":"Point","coordinates":[85.14907785,27.9224868]}},{"type":"Feature","properties":{"grade":"Destroyed","aoi":"AOI03","matched_gba":true},"geometry":{"type":"Point","coordinates":[85.14920115,27.92250605]}},{"type":"Feature","properties":{"grade":"Destroyed","aoi":"AOI03","matched_gba":true},"geometry":{"type":"Point","coordinates":[85.14899485,27.92253932]}},{"type":"Feature","properties":{"grade":"Destroyed","aoi":"AOI03","matched_gba":true},"geometry":{"type":"Point","coordinates":[85.14942847,27.9225461]}},{"type":"Feature","properties":{"grade":"Destroyed","aoi":"AOI03","matched_gba":true},"geometry":{"type":"Point","coordinates":[85.1491381,27.92254995]}},{"type":"Feature","properties":{"grade":"Destroyed","aoi":"AOI03","matched_gba":true},"geometry":{"type":"Point","coordinates":[85.14925715,27.92255898]}},{"type":"Feature","properties":{"grade":"Damaged","aoi":"AOI03","matched_gba":true},"geometry":{"type":"Point","coordinates":[85.14888272,27.92249445]}},{"type":"Feature","properties":{"grade":"Destroyed","aoi":"AOI03","matched_gba":true},"geometry":{"type":"Point","coordinates":[85.14823915,27.9225015]}},{"type":"Feature","properties":{"grade":"Damaged","aoi":"AOI03","matched_gba":true},"geometry":{"type":"Point","coordinates":[85.14876775,27.9225036]}},{"type":"Feature","properties":{"grade":"Damaged","aoi":"AOI03","matched_gba":true},"geometry":{"type":"Point","coordinates":[85.1481721,27.92252045]}},{"type":"Feature","properties":{"grade":"Destroyed","aoi":"AOI03","matched_gba":true},"geometry":{"type":"Point","coordinates":[85.148097,27.9225254]}},{"type":"Feature","properties":{"grade":"Destroyed","aoi":"AOI03","matched_gba":true},"geometry":{"type":"Point","coordinates":[85.14864748,27.9225336]}},{"type":"Feature","properties":{"grade":"Damaged","aoi":"AOI03","matched_gba":true},"geometry":{"type":"Point","coordinates":[85.1480204,27.92253832]}},{"type":"Feature","properties":{"grade":"Destroyed","aoi":"AOI03","matched_gba":true},"geometry":{"type":"Point","coordinates":[85.14855105,27.9225521]}},{"type":"Feature","properties":{"grade":"Damaged","aoi":"AOI03","matched_gba":true},"geometry":{"type":"Point","coordinates":[85.14847525,27.9225887]}},{"type":"Feature","properties":{"grade":"Damaged","aoi":"AOI03","matched_gba":true},"geometry":{"type":"Point","coordinates":[85.14838845,27.92261555]}},{"type":"Feature","properties":{"grade":"Destroyed","aoi":"AOI03","matched_gba":true},"geometry":{"type":"Point","coordinates":[85.1503353,27.92235751]}},{"type":"Feature","properties":{"grade":"Destroyed","aoi":"AOI03","matched_gba":true},"geometry":{"type":"Point","coordinates":[85.15011825,27.9224597]}},{"type":"Feature","properties":{"grade":"Destroyed","aoi":"AOI03","matched_gba":true},"geometry":{"type":"Point","coordinates":[85.15032332,27.922462]}},{"type":"Feature","properties":{"grade":"Destroyed","aoi":"AOI03","matched_gba":true},"geometry":{"type":"Point","coordinates":[85.15052297,27.92248561]}},{"type":"Feature","properties":{"grade":"Destroyed","aoi":"AOI03","matched_gba":true},"geometry":{"type":"Point","coordinates":[85.15026867,27.92258354]}},{"type":"Feature","properties":{"grade":"Destroyed","aoi":"AOI03","matched_gba":true},"geometry":{"type":"Point","coordinates":[85.15016191,27.92259898]}},{"type":"Feature","properties":{"grade":"Destroyed","aoi":"AOI03","matched_gba":true},"geometry":{"type":"Point","coordinates":[85.15010945,27.9226719]}},{"type":"Feature","properties":{"grade":"Destroyed","aoi":"AOI03","matched_gba":true},"geometry":{"type":"Point","coordinates":[85.1502742,27.9228302]}},{"type":"Feature","properties":{"grade":"Destroyed","aoi":"AOI03","matched_gba":true},"geometry":{"type":"Point","coordinates":[85.15006485,27.9228546]}},{"type":"Feature","properties":{"grade":"Destroyed","aoi":"AOI03","matched_gba":true},"geometry":{"type":"Point","coordinates":[85.15027003,27.92299985]}},{"type":"Feature","properties":{"grade":"Destroyed","aoi":"AOI03","matched_gba":true},"geometry":{"type":"Point","coordinates":[85.14951466,27.92259143]}},{"type":"Feature","properties":{"grade":"Destroyed","aoi":"AOI03","matched_gba":true},"geometry":{"type":"Point","coordinates":[85.14918817,27.92259282]}},{"type":"Feature","properties":{"grade":"Destroyed","aoi":"AOI03","matched_gba":true},"geometry":{"type":"Point","coordinates":[85.1490597,27.92261177]}},{"type":"Feature","properties":{"grade":"Destroyed","aoi":"AOI03","matched_gba":true},"geometry":{"type":"Point","coordinates":[85.14940655,27.92262188]}},{"type":"Feature","properties":{"grade":"Destroyed","aoi":"AOI03","matched_gba":true},"geometry":{"type":"Point","coordinates":[85.14896531,27.92264172]}},{"type":"Feature","properties":{"grade":"Destroyed","aoi":"AOI03","matched_gba":true},"geometry":{"type":"Point","coordinates":[85.1491404,27.92264315]}},{"type":"Feature","properties":{"grade":"Destroyed","aoi":"AOI03","matched_gba":true},"geometry":{"type":"Point","coordinates":[85.1496383,27.92268084]}},{"type":"Feature","properties":{"grade":"Destroyed","aoi":"AOI03","matched_gba":true},"geometry":{"type":"Point","coordinates":[85.14934452,27.9226987]}},{"type":"Feature","properties":{"grade":"Destroyed","aoi":"AOI03","matched_gba":true},"geometry":{"type":"Point","coordinates":[85.14968345,27.92276403]}},{"type":"Feature","properties":{"grade":"Destroyed","aoi":"AOI03","matched_gba":true},"geometry":{"type":"Point","coordinates":[85.149968,27.92280075]}},{"type":"Feature","properties":{"grade":"Damaged","aoi":"AOI03","matched_gba":true},"geometry":{"type":"Point","coordinates":[85.14830774,27.92263043]}},{"type":"Feature","properties":{"grade":"Destroyed","aoi":"AOI03","matched_gba":true},"geometry":{"type":"Point","coordinates":[85.14878875,27.92263135]}},{"type":"Feature","properties":{"grade":"Damaged","aoi":"AOI03","matched_gba":true},"geometry":{"type":"Point","coordinates":[85.1485904,27.92263285]}},{"type":"Feature","properties":{"grade":"Damaged","aoi":"AOI03","matched_gba":true},"geometry":{"type":"Point","coordinates":[85.14821941,27.92266022]}},{"type":"Feature","properties":{"grade":"Damaged","aoi":"AOI03","matched_gba":true},"geometry":{"type":"Point","coordinates":[85.14811315,27.9226818]}},{"type":"Feature","properties":{"grade":"Destroyed","aoi":"AOI03","matched_gba":true},"geometry":{"type":"Point","coordinates":[85.14886362,27.9226921]}},{"type":"Feature","properties":{"grade":"Destroyed","aoi":"AOI03","matched_gba":true},"geometry":{"type":"Point","coordinates":[85.14872919,27.92269606]}},{"type":"Feature","properties":{"grade":"Damaged","aoi":"AOI03","matched_gba":true},"geometry":{"type":"Point","coordinates":[85.14847488,27.92277775]}},{"type":"Feature","properties":{"grade":"Damaged","aoi":"AOI03","matched_gba":true},"geometry":{"type":"Point","coordinates":[85.1483489,27.92277797]}},{"type":"Feature","properties":{"grade":"Damaged","aoi":"AOI03","matched_gba":true},"geometry":{"type":"Point","coordinates":[85.1485861,27.92281158]}},{"type":"Feature","properties":{"grade":"Damaged","aoi":"AOI03","matched_gba":true},"geometry":{"type":"Point","coordinates":[85.14814052,27.92281214]}},{"type":"Feature","properties":{"grade":"Destroyed","aoi":"AOI03","matched_gba":true},"geometry":{"type":"Point","coordinates":[85.1486961,27.92281505]}},{"type":"Feature","properties":{"grade":"Damaged","aoi":"AOI03","matched_gba":true},"geometry":{"type":"Point","coordinates":[85.14827475,27.92282297]}},{"type":"Feature","properties":{"grade":"Damaged","aoi":"AOI03","matched_gba":true},"geometry":{"type":"Point","coordinates":[85.1485193,27.92284277]}},{"type":"Feature","properties":{"grade":"Damaged","aoi":"AOI03","matched_gba":true},"geometry":{"type":"Point","coordinates":[85.14861977,27.9228971]}},{"type":"Feature","properties":{"grade":"Destroyed","aoi":"AOI03","matched_gba":true},"geometry":{"type":"Point","coordinates":[85.14883369,27.92290957]}},{"type":"Feature","properties":{"grade":"Damaged","aoi":"AOI03","matched_gba":true},"geometry":{"type":"Point","coordinates":[85.14833478,27.92292326]}},{"type":"Feature","properties":{"grade":"Damaged","aoi":"AOI03","matched_gba":true},"geometry":{"type":"Point","coordinates":[85.14819855,27.922931]}},{"type":"Feature","properties":{"grade":"Damaged","aoi":"AOI03","matched_gba":true},"geometry":{"type":"Point","coordinates":[85.14808256,27.922938]}},{"type":"Feature","properties":{"grade":"Damaged","aoi":"AOI03","matched_gba":true},"geometry":{"type":"Point","coordinates":[85.14854445,27.92293848]}},{"type":"Feature","properties":{"grade":"Destroyed","aoi":"AOI03","matched_gba":true},"geometry":{"type":"Point","coordinates":[85.14925503,27.92281051]}},{"type":"Feature","properties":{"grade":"Destroyed","aoi":"AOI03","matched_gba":true},"geometry":{"type":"Point","coordinates":[85.1497551,27.92290835]}},{"type":"Feature","properties":{"grade":"Destroyed","aoi":"AOI03","matched_gba":true},"geometry":{"type":"Point","coordinates":[85.1496417,27.9229332]}},{"type":"Feature","properties":{"grade":"Destroyed","aoi":"AOI03","matched_gba":true},"geometry":{"type":"Point","coordinates":[85.14955995,27.9229955]}},{"type":"Feature","properties":{"grade":"Destroyed","aoi":"AOI03","matched_gba":true},"geometry":{"type":"Point","coordinates":[85.15005698,27.92299919]}},{"type":"Feature","properties":{"grade":"Destroyed","aoi":"AOI03","matched_gba":false},"geometry":{"type":"Point","coordinates":[85.1494961,27.9230315]}},{"type":"Feature","properties":{"grade":"Destroyed","aoi":"AOI03","matched_gba":true},"geometry":{"type":"Point","coordinates":[85.14977547,27.9230395]}},{"type":"Feature","properties":{"grade":"Destroyed","aoi":"AOI03","matched_gba":false},"geometry":{"type":"Point","coordinates":[85.14920351,27.92304497]}},{"type":"Feature","properties":{"grade":"Destroyed","aoi":"AOI03","matched_gba":true},"geometry":{"type":"Point","coordinates":[85.14940915,27.9230469]}},{"type":"Feature","properties":{"grade":"Destroyed","aoi":"AOI03","matched_gba":true},"geometry":{"type":"Point","coordinates":[85.14931297,27.92308889]}},{"type":"Feature","properties":{"grade":"Damaged","aoi":"AOI03","matched_gba":true},"geometry":{"type":"Point","coordinates":[85.14803006,27.92296715]}},{"type":"Feature","properties":{"grade":"Damaged","aoi":"AOI03","matched_gba":true},"geometry":{"type":"Point","coordinates":[85.14861885,27.92299945]}},{"type":"Feature","properties":{"grade":"Damaged","aoi":"AOI03","matched_gba":true},"geometry":{"type":"Point","coordinates":[85.14844475,27.92302305]}},{"type":"Feature","properties":{"grade":"Damaged","aoi":"AOI03","matched_gba":true},"geometry":{"type":"Point","coordinates":[85.1482774,27.92305073]}},{"type":"Feature","properties":{"grade":"Destroyed","aoi":"AOI03","matched_gba":true},"geometry":{"type":"Point","coordinates":[85.14868604,27.92305499]}},{"type":"Feature","properties":{"grade":"Damaged","aoi":"AOI03","matched_gba":true},"geometry":{"type":"Point","coordinates":[85.14836629,27.92306971]}},{"type":"Feature","properties":{"grade":"Damaged","aoi":"AOI03","matched_gba":true},"geometry":{"type":"Point","coordinates":[85.1484993,27.92310185]}},{"type":"Feature","properties":{"grade":"Damaged","aoi":"AOI03","matched_gba":true},"geometry":{"type":"Point","coordinates":[85.14814995,27.92314015]}},{"type":"Feature","properties":{"grade":"Damaged","aoi":"AOI03","matched_gba":true},"geometry":{"type":"Point","coordinates":[85.14854181,27.9231577]}},{"type":"Feature","properties":{"grade":"Damaged","aoi":"AOI03","matched_gba":true},"geometry":{"type":"Point","coordinates":[85.14808603,27.92317316]}},{"type":"Feature","properties":{"grade":"Possibly damaged","aoi":"AOI03","matched_gba":true},"geometry":{"type":"Point","coordinates":[85.14772755,27.92259465]}},{"type":"Feature","properties":{"grade":"Damaged","aoi":"AOI03","matched_gba":true},"geometry":{"type":"Point","coordinates":[85.14794198,27.92270684]}},{"type":"Feature","properties":{"grade":"Damaged","aoi":"AOI03","matched_gba":true},"geometry":{"type":"Point","coordinates":[85.14787125,27.92272615]}},{"type":"Feature","properties":{"grade":"Possibly damaged","aoi":"AOI03","matched_gba":true},"geometry":{"type":"Point","coordinates":[85.1477842,27.9227293]}},{"type":"Feature","properties":{"grade":"Damaged","aoi":"AOI03","matched_gba":true},"geometry":{"type":"Point","coordinates":[85.14800651,27.92282112]}},{"type":"Feature","properties":{"grade":"Damaged","aoi":"AOI03","matched_gba":true},"geometry":{"type":"Point","coordinates":[85.14796974,27.92298998]}},{"type":"Feature","properties":{"grade":"Possibly damaged","aoi":"AOI03","matched_gba":true},"geometry":{"type":"Point","coordinates":[85.14776682,27.9233825]}},{"type":"Feature","properties":{"grade":"Possibly damaged","aoi":"AOI03","matched_gba":true},"geometry":{"type":"Point","coordinates":[85.14795735,27.92355684]}},{"type":"Feature","properties":{"grade":"Possibly damaged","aoi":"AOI03","matched_gba":true},"geometry":{"type":"Point","coordinates":[85.14796838,27.92368596]}},{"type":"Feature","properties":{"grade":"Possibly damaged","aoi":"AOI03","matched_gba":true},"geometry":{"type":"Point","coordinates":[85.14760942,27.92372096]}},{"type":"Feature","properties":{"grade":"Destroyed","aoi":"AOI03","matched_gba":true},"geometry":{"type":"Point","coordinates":[85.1494217,27.9231128]}},{"type":"Feature","properties":{"grade":"Destroyed","aoi":"AOI03","matched_gba":true},"geometry":{"type":"Point","coordinates":[85.14914765,27.9231144]}},{"type":"Feature","properties":{"grade":"Destroyed","aoi":"AOI03","matched_gba":true},"geometry":{"type":"Point","coordinates":[85.14976937,27.92312763]}},{"type":"Feature","properties":{"grade":"Destroyed","aoi":"AOI03","matched_gba":true},"geometry":{"type":"Point","coordinates":[85.1494725,27.9233009]}},{"type":"Feature","properties":{"grade":"Destroyed","aoi":"AOI03","matched_gba":true},"geometry":{"type":"Point","coordinates":[85.1500481,27.92332085]}},{"type":"Feature","properties":{"grade":"Destroyed","aoi":"AOI03","matched_gba":true},"geometry":{"type":"Point","coordinates":[85.1497127,27.92334795]}},{"type":"Feature","properties":{"grade":"Destroyed","aoi":"AOI03","matched_gba":true},"geometry":{"type":"Point","coordinates":[85.14964565,27.92335167]}},{"type":"Feature","properties":{"grade":"Destroyed","aoi":"AOI03","matched_gba":true},"geometry":{"type":"Point","coordinates":[85.14942818,27.92342561]}},{"type":"Feature","properties":{"grade":"Destroyed","aoi":"AOI03","matched_gba":true},"geometry":{"type":"Point","coordinates":[85.14898177,27.9234383]}},{"type":"Feature","properties":{"grade":"Destroyed","aoi":"AOI03","matched_gba":true},"geometry":{"type":"Point","coordinates":[85.14968705,27.92345235]}},{"type":"Feature","properties":{"grade":"Damaged","aoi":"AOI03","matched_gba":true},"geometry":{"type":"Point","coordinates":[85.1483539,27.9231749]}},{"type":"Feature","properties":{"grade":"Destroyed","aoi":"AOI03","matched_gba":true},"geometry":{"type":"Point","coordinates":[85.1489072,27.92317715]}},{"type":"Feature","properties":{"grade":"Damaged","aoi":"AOI03","matched_gba":true},"geometry":{"type":"Point","coordinates":[85.14844935,27.9232862]}},{"type":"Feature","properties":{"grade":"Destroyed","aoi":"AOI03","matched_gba":true},"geometry":{"type":"Point","coordinates":[85.14874393,27.92331937]}},{"type":"Feature","properties":{"grade":"Damaged","aoi":"AOI03","matched_gba":true},"geometry":{"type":"Point","coordinates":[85.14819846,27.92337647]}},{"type":"Feature","properties":{"grade":"Damaged","aoi":"AOI03","matched_gba":true},"geometry":{"type":"Point","coordinates":[85.14857231,27.9234457]}},{"type":"Feature","properties":{"grade":"Damaged","aoi":"AOI03","matched_gba":true},"geometry":{"type":"Point","coordinates":[85.1480775,27.92346043]}},{"type":"Feature","properties":{"grade":"Destroyed","aoi":"AOI03","matched_gba":true},"geometry":{"type":"Point","coordinates":[85.14882842,27.92353975]}},{"type":"Feature","properties":{"grade":"Damaged","aoi":"AOI03","matched_gba":true},"geometry":{"type":"Point","coordinates":[85.14865212,27.92361921]}},{"type":"Feature","properties":{"grade":"Destroyed","aoi":"AOI03","matched_gba":true},"geometry":{"type":"Point","coordinates":[85.14886367,27.9236292]}},{"type":"Feature","properties":{"grade":"Destroyed","aoi":"AOI03","matched_gba":true},"geometry":{"type":"Point","coordinates":[85.15019398,27.92313359]}},{"type":"Feature","properties":{"grade":"Destroyed","aoi":"AOI03","matched_gba":true},"geometry":{"type":"Point","coordinates":[85.1502426,27.923236]}},{"type":"Feature","properties":{"grade":"Destroyed","aoi":"AOI03","matched_gba":true},"geometry":{"type":"Point","coordinates":[85.1502409,27.92335225]}},{"type":"Feature","properties":{"grade":"Destroyed","aoi":"AOI03","matched_gba":true},"geometry":{"type":"Point","coordinates":[85.150322,27.9234781]}},{"type":"Feature","properties":{"grade":"Destroyed","aoi":"AOI03","matched_gba":true},"geometry":{"type":"Point","coordinates":[85.15033817,27.92357165]}},{"type":"Feature","properties":{"grade":"Destroyed","aoi":"AOI03","matched_gba":true},"geometry":{"type":"Point","coordinates":[85.15080656,27.92365162]}},{"type":"Feature","properties":{"grade":"Destroyed","aoi":"AOI03","matched_gba":true},"geometry":{"type":"Point","coordinates":[85.15053773,27.92370775]}},{"type":"Feature","properties":{"grade":"Destroyed","aoi":"AOI03","matched_gba":true},"geometry":{"type":"Point","coordinates":[85.1503951,27.9237746]}},{"type":"Feature","properties":{"grade":"Destroyed","aoi":"AOI03","matched_gba":true},"geometry":{"type":"Point","coordinates":[85.15075222,27.92381707]}},{"type":"Feature","properties":{"grade":"Destroyed","aoi":"AOI03","matched_gba":true},"geometry":{"type":"Point","coordinates":[85.15034176,27.92395109]}},{"type":"Feature","properties":{"grade":"Destroyed","aoi":"AOI03","matched_gba":true},"geometry":{"type":"Point","coordinates":[85.14914068,27.92345411]}},{"type":"Feature","properties":{"grade":"Destroyed","aoi":"AOI03","matched_gba":true},"geometry":{"type":"Point","coordinates":[85.14959667,27.9234542]}},{"type":"Feature","properties":{"grade":"Destroyed","aoi":"AOI03","matched_gba":true},"geometry":{"type":"Point","coordinates":[85.14901611,27.92350732]}},{"type":"Feature","properties":{"grade":"Destroyed","aoi":"AOI03","matched_gba":true},"geometry":{"type":"Point","coordinates":[85.14935496,27.9235367]}},{"type":"Feature","properties":{"grade":"Destroyed","aoi":"AOI03","matched_gba":true},"geometry":{"type":"Point","coordinates":[85.14906581,27.92362427]}},{"type":"Feature","properties":{"grade":"Destroyed","aoi":"AOI03","matched_gba":true},"geometry":{"type":"Point","coordinates":[85.14953206,27.92362846]}},{"type":"Feature","properties":{"grade":"Destroyed","aoi":"AOI03","matched_gba":true},"geometry":{"type":"Point","coordinates":[85.1498946,27.92366215]}},{"type":"Feature","properties":{"grade":"Destroyed","aoi":"AOI03","matched_gba":true},"geometry":{"type":"Point","coordinates":[85.14961387,27.92369591]}},{"type":"Feature","properties":{"grade":"Destroyed","aoi":"AOI03","matched_gba":true},"geometry":{"type":"Point","coordinates":[85.14892655,27.9237281]}},{"type":"Feature","properties":{"grade":"Destroyed","aoi":"AOI03","matched_gba":true},"geometry":{"type":"Point","coordinates":[85.1493755,27.9238051]}},{"type":"Feature","properties":{"grade":"Damaged","aoi":"AOI03","matched_gba":true},"geometry":{"type":"Point","coordinates":[85.14826275,27.92370202]}},{"type":"Feature","properties":{"grade":"Damaged","aoi":"AOI03","matched_gba":true},"geometry":{"type":"Point","coordinates":[85.1484314,27.9237312]}},{"type":"Feature","properties":{"grade":"Damaged","aoi":"AOI03","matched_gba":true},"geometry":{"type":"Point","coordinates":[85.14816818,27.92374782]}},{"type":"Feature","properties":{"grade":"Damaged","aoi":"AOI03","matched_gba":true},"geometry":{"type":"Point","coordinates":[85.14870946,27.92377188]}},{"type":"Feature","properties":{"grade":"Damaged","aoi":"AOI03","matched_gba":true},"geometry":{"type":"Point","coordinates":[85.14804,27.92384195]}},{"type":"Feature","properties":{"grade":"Damaged","aoi":"AOI03","matched_gba":true},"geometry":{"type":"Point","coordinates":[85.14848853,27.92386168]}},{"type":"Feature","properties":{"grade":"Damaged","aoi":"AOI03","matched_gba":true},"geometry":{"type":"Point","coordinates":[85.14832922,27.92389207]}},{"type":"Feature","properties":{"grade":"Damaged","aoi":"AOI03","matched_gba":true},"geometry":{"type":"Point","coordinates":[85.1480948,27.92393988]}},{"type":"Feature","properties":{"grade":"Damaged","aoi":"AOI03","matched_gba":true},"geometry":{"type":"Point","coordinates":[85.14813288,27.92398836]}},{"type":"Feature","properties":{"grade":"Destroyed","aoi":"AOI03","matched_gba":true},"geometry":{"type":"Point","coordinates":[85.14873815,27.92400107]}},{"type":"Feature","properties":{"grade":"Destroyed","aoi":"AOI03","matched_gba":true},"geometry":{"type":"Point","coordinates":[85.1498305,27.92384495]}},{"type":"Feature","properties":{"grade":"Destroyed","aoi":"AOI03","matched_gba":true},"geometry":{"type":"Point","coordinates":[85.14916325,27.92389385]}},{"type":"Feature","properties":{"grade":"Destroyed","aoi":"AOI03","matched_gba":true},"geometry":{"type":"Point","coordinates":[85.14896073,27.92397883]}},{"type":"Feature","properties":{"grade":"Destroyed","aoi":"AOI03","matched_gba":true},"geometry":{"type":"Point","coordinates":[85.14985505,27.9239796]}},{"type":"Feature","properties":{"grade":"Destroyed","aoi":"AOI03","matched_gba":true},"geometry":{"type":"Point","coordinates":[85.14919665,27.92402072]}},{"type":"Feature","properties":{"grade":"Destroyed","aoi":"AOI03","matched_gba":true},"geometry":{"type":"Point","coordinates":[85.14954987,27.92404641]}},{"type":"Feature","properties":{"grade":"Destroyed","aoi":"AOI03","matched_gba":true},"geometry":{"type":"Point","coordinates":[85.1492401,27.92406005]}},{"type":"Feature","properties":{"grade":"Destroyed","aoi":"AOI03","matched_gba":true},"geometry":{"type":"Point","coordinates":[85.1496565,27.92406555]}},{"type":"Feature","properties":{"grade":"Damaged","aoi":"AOI03","matched_gba":true},"geometry":{"type":"Point","coordinates":[85.14897297,27.92406629]}},{"type":"Feature","properties":{"grade":"Destroyed","aoi":"AOI03","matched_gba":true},"geometry":{"type":"Point","coordinates":[85.14963767,27.92413285]}},{"type":"Feature","properties":{"grade":"Possibly damaged","aoi":"AOI03","matched_gba":true},"geometry":{"type":"Point","coordinates":[85.1477919,27.9238128]}},{"type":"Feature","properties":{"grade":"Possibly damaged","aoi":"AOI03","matched_gba":true},"geometry":{"type":"Point","coordinates":[85.14770173,27.92387333]}},{"type":"Feature","properties":{"grade":"Possibly damaged","aoi":"AOI03","matched_gba":true},"geometry":{"type":"Point","coordinates":[85.14773128,27.92393802]}},{"type":"Feature","properties":{"grade":"Possibly damaged","aoi":"AOI03","matched_gba":true},"geometry":{"type":"Point","coordinates":[85.14775996,27.92400222]}},{"type":"Feature","properties":{"grade":"Possibly damaged","aoi":"AOI03","matched_gba":true},"geometry":{"type":"Point","coordinates":[85.1479328,27.92402027]}},{"type":"Feature","properties":{"grade":"Possibly damaged","aoi":"AOI03","matched_gba":true},"geometry":{"type":"Point","coordinates":[85.14759113,27.92406291]}},{"type":"Feature","properties":{"grade":"Possibly damaged","aoi":"AOI03","matched_gba":true},"geometry":{"type":"Point","coordinates":[85.1477863,27.92409255]}},{"type":"Feature","properties":{"grade":"Possibly damaged","aoi":"AOI03","matched_gba":false},"geometry":{"type":"Point","coordinates":[85.14760432,27.92414738]}},{"type":"Feature","properties":{"grade":"Possibly damaged","aoi":"AOI03","matched_gba":true},"geometry":{"type":"Point","coordinates":[85.14783342,27.9242153]}},{"type":"Feature","properties":{"grade":"Damaged","aoi":"AOI03","matched_gba":true},"geometry":{"type":"Point","coordinates":[85.1479596,27.92428492]}},{"type":"Feature","properties":{"grade":"Destroyed","aoi":"AOI03","matched_gba":true},"geometry":{"type":"Point","coordinates":[85.14885113,27.92412686]}},{"type":"Feature","properties":{"grade":"Damaged","aoi":"AOI03","matched_gba":true},"geometry":{"type":"Point","coordinates":[85.14837742,27.92414925]}},{"type":"Feature","properties":{"grade":"Damaged","aoi":"AOI03","matched_gba":true},"geometry":{"type":"Point","coordinates":[85.14818538,27.92418131]}},{"type":"Feature","properties":{"grade":"Destroyed","aoi":"AOI03","matched_gba":false},"geometry":{"type":"Point","coordinates":[85.14860679,27.92419398]}},{"type":"Feature","properties":{"grade":"Damaged","aoi":"AOI03","matched_gba":true},"geometry":{"type":"Point","coordinates":[85.14807735,27.9242342]}},{"type":"Feature","properties":{"grade":"Damaged","aoi":"AOI03","matched_gba":false},"geometry":{"type":"Point","coordinates":[85.14846446,27.92430317]}},{"type":"Feature","properties":{"grade":"Destroyed","aoi":"AOI03","matched_gba":true},"geometry":{"type":"Point","coordinates":[85.14833857,27.92431574]}},{"type":"Feature","properties":{"grade":"Damaged","aoi":"AOI03","matched_gba":true},"geometry":{"type":"Point","coordinates":[85.14821023,27.92431638]}},{"type":"Feature","properties":{"grade":"Destroyed","aoi":"AOI03","matched_gba":true},"geometry":{"type":"Point","coordinates":[85.1486481,27.9243353]}},{"type":"Feature","properties":{"grade":"Damaged","aoi":"AOI03","matched_gba":true},"geometry":{"type":"Point","coordinates":[85.1482267,27.92438]}},{"type":"Feature","properties":{"grade":"Destroyed","aoi":"AOI03","matched_gba":true},"geometry":{"type":"Point","coordinates":[85.1493254,27.9242147]}},{"type":"Feature","properties":{"grade":"Destroyed","aoi":"AOI03","matched_gba":true},"geometry":{"type":"Point","coordinates":[85.14964003,27.92426377]}},{"type":"Feature","properties":{"grade":"Damaged","aoi":"AOI03","matched_gba":true},"geometry":{"type":"Point","coordinates":[85.1489323,27.92435905]}},{"type":"Feature","properties":{"grade":"Destroyed","aoi":"AOI03","matched_gba":true},"geometry":{"type":"Point","coordinates":[85.14909416,27.92438082]}},{"type":"Feature","properties":{"grade":"Destroyed","aoi":"AOI03","matched_gba":true},"geometry":{"type":"Point","coordinates":[85.14963045,27.924535]}},{"type":"Feature","properties":{"grade":"Destroyed","aoi":"AOI03","matched_gba":true},"geometry":{"type":"Point","coordinates":[85.14935965,27.92457945]}},{"type":"Feature","properties":{"grade":"Destroyed","aoi":"AOI03","matched_gba":true},"geometry":{"type":"Point","coordinates":[85.1495961,27.92461895]}},{"type":"Feature","properties":{"grade":"Destroyed","aoi":"AOI03","matched_gba":true},"geometry":{"type":"Point","coordinates":[85.14907845,27.9246467]}},{"type":"Feature","properties":{"grade":"Destroyed","aoi":"AOI03","matched_gba":true},"geometry":{"type":"Point","coordinates":[85.14929913,27.92470623]}},{"type":"Feature","properties":{"grade":"Destroyed","aoi":"AOI03","matched_gba":true},"geometry":{"type":"Point","coordinates":[85.14908133,27.92477432]}},{"type":"Feature","properties":{"grade":"Destroyed","aoi":"AOI03","matched_gba":true},"geometry":{"type":"Point","coordinates":[85.14831615,27.92439943]}},{"type":"Feature","properties":{"grade":"Damaged","aoi":"AOI03","matched_gba":true},"geometry":{"type":"Point","coordinates":[85.14815777,27.9244542]}},{"type":"Feature","properties":{"grade":"Destroyed","aoi":"AOI03","matched_gba":true},"geometry":{"type":"Point","coordinates":[85.14868737,27.92446145]}},{"type":"Feature","properties":{"grade":"Damaged","aoi":"AOI03","matched_gba":true},"geometry":{"type":"Point","coordinates":[85.1480611,27.92454535]}},{"type":"Feature","properties":{"grade":"Destroyed","aoi":"AOI03","matched_gba":true},"geometry":{"type":"Point","coordinates":[85.1487348,27.92455435]}},{"type":"Feature","properties":{"grade":"Damaged","aoi":"AOI03","matched_gba":true},"geometry":{"type":"Point","coordinates":[85.1483172,27.92464375]}},{"type":"Feature","properties":{"grade":"Destroyed","aoi":"AOI03","matched_gba":false},"geometry":{"type":"Point","coordinates":[85.14815275,27.92468565]}},{"type":"Feature","properties":{"grade":"Damaged","aoi":"AOI03","matched_gba":true},"geometry":{"type":"Point","coordinates":[85.14881174,27.92474738]}},{"type":"Feature","properties":{"grade":"Damaged","aoi":"AOI03","matched_gba":true},"geometry":{"type":"Point","coordinates":[85.14872695,27.9247588]}},{"type":"Feature","properties":{"grade":"Destroyed","aoi":"AOI03","matched_gba":true},"geometry":{"type":"Point","coordinates":[85.1486304,27.92489865]}},{"type":"Feature","properties":{"grade":"Destroyed","aoi":"AOI03","matched_gba":true},"geometry":{"type":"Point","coordinates":[85.1495074,27.92484712]}},{"type":"Feature","properties":{"grade":"Destroyed","aoi":"AOI03","matched_gba":true},"geometry":{"type":"Point","coordinates":[85.14917135,27.92493495]}},{"type":"Feature","properties":{"grade":"Destroyed","aoi":"AOI03","matched_gba":true},"geometry":{"type":"Point","coordinates":[85.14941911,27.92508957]}},{"type":"Feature","properties":{"grade":"Destroyed","aoi":"AOI03","matched_gba":true},"geometry":{"type":"Point","coordinates":[85.14924642,27.9251094]}},{"type":"Feature","properties":{"grade":"Destroyed","aoi":"AOI03","matched_gba":true},"geometry":{"type":"Point","coordinates":[85.1489487,27.9251752]}},{"type":"Feature","properties":{"grade":"Destroyed","aoi":"AOI03","matched_gba":true},"geometry":{"type":"Point","coordinates":[85.14960465,27.92521475]}},{"type":"Feature","properties":{"grade":"Destroyed","aoi":"AOI03","matched_gba":true},"geometry":{"type":"Point","coordinates":[85.1492469,27.92539973]}},{"type":"Feature","properties":{"grade":"Destroyed","aoi":"AOI03","matched_gba":true},"geometry":{"type":"Point","coordinates":[85.14979245,27.92542168]}},{"type":"Feature","properties":{"grade":"Destroyed","aoi":"AOI03","matched_gba":true},"geometry":{"type":"Point","coordinates":[85.14952038,27.9254244]}},{"type":"Feature","properties":{"grade":"Destroyed","aoi":"AOI03","matched_gba":false},"geometry":{"type":"Point","coordinates":[85.1489372,27.92547768]}},{"type":"Feature","properties":{"grade":"Damaged","aoi":"AOI03","matched_gba":true},"geometry":{"type":"Point","coordinates":[85.14888681,27.9249025]}},{"type":"Feature","properties":{"grade":"Damaged","aoi":"AOI03","matched_gba":true},"geometry":{"type":"Point","coordinates":[85.1488049,27.9249393]}},{"type":"Feature","properties":{"grade":"Damaged","aoi":"AOI03","matched_gba":true},"geometry":{"type":"Point","coordinates":[85.14887665,27.92500165]}},{"type":"Feature","properties":{"grade":"Destroyed","aoi":"AOI03","matched_gba":true},"geometry":{"type":"Point","coordinates":[85.14861348,27.92501401]}},{"type":"Feature","properties":{"grade":"Damaged","aoi":"AOI03","matched_gba":true},"geometry":{"type":"Point","coordinates":[85.14849095,27.9250541]}},{"type":"Feature","properties":{"grade":"Damaged","aoi":"AOI03","matched_gba":true},"geometry":{"type":"Point","coordinates":[85.1484422,27.9250925]}},{"type":"Feature","properties":{"grade":"Destroyed","aoi":"AOI03","matched_gba":true},"geometry":{"type":"Point","coordinates":[85.14878525,27.9252379]}},{"type":"Feature","properties":{"grade":"Destroyed","aoi":"AOI03","matched_gba":false},"geometry":{"type":"Point","coordinates":[85.1486978,27.92533275]}},{"type":"Feature","properties":{"grade":"Destroyed","aoi":"AOI03","matched_gba":true},"geometry":{"type":"Point","coordinates":[85.14859485,27.92534753]}},{"type":"Feature","properties":{"grade":"Destroyed","aoi":"AOI03","matched_gba":true},"geometry":{"type":"Point","coordinates":[85.14882925,27.92575505]}},{"type":"Feature","properties":{"grade":"Destroyed","aoi":"AOI03","matched_gba":true},"geometry":{"type":"Point","coordinates":[85.15051312,27.92397213]}},{"type":"Feature","properties":{"grade":"Destroyed","aoi":"AOI03","matched_gba":true},"geometry":{"type":"Point","coordinates":[85.15078975,27.9239782]}},{"type":"Feature","properties":{"grade":"Destroyed","aoi":"AOI03","matched_gba":true},"geometry":{"type":"Point","coordinates":[85.1508349,27.9240881]}},{"type":"Feature","properties":{"grade":"Destroyed","aoi":"AOI03","matched_gba":true},"geometry":{"type":"Point","coordinates":[85.15061815,27.9242033]}},{"type":"Feature","properties":{"grade":"Destroyed","aoi":"AOI03","matched_gba":true},"geometry":{"type":"Point","coordinates":[85.15041047,27.9253799]}},{"type":"Feature","properties":{"grade":"Destroyed","aoi":"AOI03","matched_gba":false},"geometry":{"type":"Point","coordinates":[85.15023593,27.92545866]}},{"type":"Feature","properties":{"grade":"Destroyed","aoi":"AOI03","matched_gba":false},"geometry":{"type":"Point","coordinates":[85.15023942,27.92564138]}},{"type":"Feature","properties":{"grade":"Destroyed","aoi":"AOI03","matched_gba":true},"geometry":{"type":"Point","coordinates":[85.15005845,27.9259326]}},{"type":"Feature","properties":{"grade":"Possibly damaged","aoi":"AOI03","matched_gba":false},"geometry":{"type":"Point","coordinates":[85.15172075,27.92694009]}},{"type":"Feature","properties":{"grade":"Possibly damaged","aoi":"AOI03","matched_gba":true},"geometry":{"type":"Point","coordinates":[85.15169714,27.92709418]}},{"type":"Feature","properties":{"grade":"Destroyed","aoi":"AOI03","matched_gba":true},"geometry":{"type":"Point","coordinates":[85.14898232,27.92554827]}},{"type":"Feature","properties":{"grade":"Destroyed","aoi":"AOI03","matched_gba":true},"geometry":{"type":"Point","coordinates":[85.1497745,27.92560007]}},{"type":"Feature","properties":{"grade":"Damaged","aoi":"AOI03","matched_gba":false},"geometry":{"type":"Point","coordinates":[85.14925284,27.92564911]}},{"type":"Feature","properties":{"grade":"Destroyed","aoi":"AOI03","matched_gba":true},"geometry":{"type":"Point","coordinates":[85.14903369,27.92570048]}},{"type":"Feature","properties":{"grade":"Destroyed","aoi":"AOI03","matched_gba":true},"geometry":{"type":"Point","coordinates":[85.14996488,27.9257023]}},{"type":"Feature","properties":{"grade":"Destroyed","aoi":"AOI03","matched_gba":true},"geometry":{"type":"Point","coordinates":[85.1494628,27.9257608]}},{"type":"Feature","properties":{"grade":"Destroyed","aoi":"AOI03","matched_gba":true},"geometry":{"type":"Point","coordinates":[85.1500581,27.92578905]}},{"type":"Feature","properties":{"grade":"Destroyed","aoi":"AOI03","matched_gba":true},"geometry":{"type":"Point","coordinates":[85.1490748,27.9258141]}},{"type":"Feature","properties":{"grade":"Destroyed","aoi":"AOI03","matched_gba":true},"geometry":{"type":"Point","coordinates":[85.14893095,27.92585255]}},{"type":"Feature","properties":{"grade":"Destroyed","aoi":"AOI03","matched_gba":true},"geometry":{"type":"Point","coordinates":[85.14931109,27.92594258]}},{"type":"Feature","properties":{"grade":"Destroyed","aoi":"AOI03","matched_gba":true},"geometry":{"type":"Point","coordinates":[85.1493942,27.9259979]}},{"type":"Feature","properties":{"grade":"Destroyed","aoi":"AOI03","matched_gba":true},"geometry":{"type":"Point","coordinates":[85.14923665,27.92602105]}},{"type":"Feature","properties":{"grade":"Destroyed","aoi":"AOI03","matched_gba":false},"geometry":{"type":"Point","coordinates":[85.15004219,27.92604553]}},{"type":"Feature","properties":{"grade":"Destroyed","aoi":"AOI03","matched_gba":true},"geometry":{"type":"Point","coordinates":[85.14937897,27.92609832]}},{"type":"Feature","properties":{"grade":"Destroyed","aoi":"AOI03","matched_gba":true},"geometry":{"type":"Point","coordinates":[85.14903895,27.9261144]}},{"type":"Feature","properties":{"grade":"Destroyed","aoi":"AOI03","matched_gba":true},"geometry":{"type":"Point","coordinates":[85.14910638,27.92621565]}},{"type":"Feature","properties":{"grade":"Destroyed","aoi":"AOI03","matched_gba":true},"geometry":{"type":"Point","coordinates":[85.14947764,27.92640333]}},{"type":"Feature","properties":{"grade":"Destroyed","aoi":"AOI03","matched_gba":true},"geometry":{"type":"Point","coordinates":[85.1496135,27.92642515]}},{"type":"Feature","properties":{"grade":"Destroyed","aoi":"AOI03","matched_gba":true},"geometry":{"type":"Point","coordinates":[85.14899611,27.9267009]}},{"type":"Feature","properties":{"grade":"Destroyed","aoi":"AOI03","matched_gba":true},"geometry":{"type":"Point","coordinates":[85.14944217,27.9267296]}},{"type":"Feature","properties":{"grade":"Damaged","aoi":"AOI03","matched_gba":true},"geometry":{"type":"Point","coordinates":[85.14787977,27.9243082]}},{"type":"Feature","properties":{"grade":"Damaged","aoi":"AOI03","matched_gba":true},"geometry":{"type":"Point","coordinates":[85.147913,27.9243545]}},{"type":"Feature","properties":{"grade":"Damaged","aoi":"AOI03","matched_gba":true},"geometry":{"type":"Point","coordinates":[85.1480163,27.9244576]}},{"type":"Feature","properties":{"grade":"Destroyed","aoi":"AOI03","matched_gba":true},"geometry":{"type":"Point","coordinates":[85.1478279,27.92895885]}},{"type":"Feature","properties":{"grade":"Destroyed","aoi":"AOI03","matched_gba":false},"geometry":{"type":"Point","coordinates":[85.14749124,27.92898029]}},{"type":"Feature","properties":{"grade":"Destroyed","aoi":"AOI03","matched_gba":false},"geometry":{"type":"Point","coordinates":[85.14765364,27.92901689]}},{"type":"Feature","properties":{"grade":"Destroyed","aoi":"AOI03","matched_gba":true},"geometry":{"type":"Point","coordinates":[85.14757543,27.92903821]}},{"type":"Feature","properties":{"grade":"Destroyed","aoi":"AOI03","matched_gba":true},"geometry":{"type":"Point","coordinates":[85.14742724,27.92908443]}},{"type":"Feature","properties":{"grade":"Destroyed","aoi":"AOI03","matched_gba":true},"geometry":{"type":"Point","coordinates":[85.14754928,27.92912884]}},{"type":"Feature","properties":{"grade":"Destroyed","aoi":"AOI03","matched_gba":false},"geometry":{"type":"Point","coordinates":[85.14740754,27.92914954]}},{"type":"Feature","properties":{"grade":"Destroyed","aoi":"AOI03","matched_gba":true},"geometry":{"type":"Point","coordinates":[85.1515608,27.92717344]}},{"type":"Feature","properties":{"grade":"Destroyed","aoi":"AOI03","matched_gba":true},"geometry":{"type":"Point","coordinates":[85.15103535,27.92779479]}},{"type":"Feature","properties":{"grade":"Destroyed","aoi":"AOI03","matched_gba":true},"geometry":{"type":"Point","coordinates":[85.15113821,27.92783918]}},{"type":"Feature","properties":{"grade":"Destroyed","aoi":"AOI03","matched_gba":false},"geometry":{"type":"Point","coordinates":[85.15018113,27.92812221]}},{"type":"Feature","properties":{"grade":"Destroyed","aoi":"AOI03","matched_gba":false},"geometry":{"type":"Point","coordinates":[85.15029682,27.92962322]}},{"type":"Feature","properties":{"grade":"Destroyed","aoi":"AOI03","matched_gba":false},"geometry":{"type":"Point","coordinates":[85.15030962,27.92966054]}},{"type":"Feature","properties":{"grade":"Destroyed","aoi":"AOI03","matched_gba":true},"geometry":{"type":"Point","coordinates":[85.15250609,27.93035978]}},{"type":"Feature","properties":{"grade":"Destroyed","aoi":"AOI03","matched_gba":true},"geometry":{"type":"Point","coordinates":[85.1524164,27.9303741]}},{"type":"Feature","properties":{"grade":"Destroyed","aoi":"AOI03","matched_gba":true},"geometry":{"type":"Point","coordinates":[85.1525678,27.93038175]}},{"type":"Feature","properties":{"grade":"Destroyed","aoi":"AOI03","matched_gba":true},"geometry":{"type":"Point","coordinates":[85.1523729,27.93040815]}},{"type":"Feature","properties":{"grade":"Destroyed","aoi":"AOI03","matched_gba":true},"geometry":{"type":"Point","coordinates":[85.14753633,27.92919801]}},{"type":"Feature","properties":{"grade":"Destroyed","aoi":"AOI03","matched_gba":true},"geometry":{"type":"Point","coordinates":[85.14727155,27.92922327]}},{"type":"Feature","properties":{"grade":"Destroyed","aoi":"AOI03","matched_gba":true},"geometry":{"type":"Point","coordinates":[85.1473964,27.9292509]}},{"type":"Feature","properties":{"grade":"Destroyed","aoi":"AOI03","matched_gba":true},"geometry":{"type":"Point","coordinates":[85.1475124,27.92928465]}},{"type":"Feature","properties":{"grade":"Destroyed","aoi":"AOI03","matched_gba":true},"geometry":{"type":"Point","coordinates":[85.14736893,27.92935516]}},{"type":"Feature","properties":{"grade":"Destroyed","aoi":"AOI03","matched_gba":true},"geometry":{"type":"Point","coordinates":[85.1474849,27.9293925]}},{"type":"Feature","properties":{"grade":"Destroyed","aoi":"AOI03","matched_gba":true},"geometry":{"type":"Point","coordinates":[85.14735681,27.92943692]}},{"type":"Feature","properties":{"grade":"Destroyed","aoi":"AOI03","matched_gba":true},"geometry":{"type":"Point","coordinates":[85.14749695,27.92947545]}},{"type":"Feature","properties":{"grade":"Destroyed","aoi":"AOI03","matched_gba":true},"geometry":{"type":"Point","coordinates":[85.14736153,27.92952875]}},{"type":"Feature","properties":{"grade":"Destroyed","aoi":"AOI03","matched_gba":true},"geometry":{"type":"Point","coordinates":[85.14745541,27.92954948]}},{"type":"Feature","properties":{"grade":"Destroyed","aoi":"AOI03","matched_gba":true},"geometry":{"type":"Point","coordinates":[85.14888109,27.92579877]}},{"type":"Feature","properties":{"grade":"Destroyed","aoi":"AOI03","matched_gba":false},"geometry":{"type":"Point","coordinates":[85.14889786,27.92601349]}},{"type":"Feature","properties":{"grade":"Destroyed","aoi":"AOI03","matched_gba":true},"geometry":{"type":"Point","coordinates":[85.14881458,27.92648639]}},{"type":"Feature","properties":{"grade":"Destroyed","aoi":"AOI03","matched_gba":true},"geometry":{"type":"Point","coordinates":[85.1489263,27.92656495]}},{"type":"Feature","properties":{"grade":"Destroyed","aoi":"AOI03","matched_gba":false},"geometry":{"type":"Point","coordinates":[85.14891593,27.92663702]}},{"type":"Feature","properties":{"grade":"Destroyed","aoi":"AOI03","matched_gba":true},"geometry":{"type":"Point","coordinates":[85.1487693,27.92773583]}},{"type":"Feature","properties":{"grade":"Destroyed","aoi":"AOI03","matched_gba":false},"geometry":{"type":"Point","coordinates":[85.14851314,27.93013783]}},{"type":"Feature","properties":{"grade":"Destroyed","aoi":"AOI03","matched_gba":true},"geometry":{"type":"Point","coordinates":[85.14821885,27.93176465]}},{"type":"Feature","properties":{"grade":"Destroyed","aoi":"AOI03","matched_gba":true},"geometry":{"type":"Point","coordinates":[85.14856305,27.9328317]}},{"type":"Feature","properties":{"grade":"Destroyed","aoi":"AOI03","matched_gba":true},"geometry":{"type":"Point","coordinates":[85.14881442,27.9336974]}},{"type":"Feature","properties":{"grade":"Destroyed","aoi":"AOI03","matched_gba":true},"geometry":{"type":"Point","coordinates":[85.14952145,27.92674255]}},{"type":"Feature","properties":{"grade":"Destroyed","aoi":"AOI03","matched_gba":true},"geometry":{"type":"Point","coordinates":[85.14906298,27.92743946]}},{"type":"Feature","properties":{"grade":"Destroyed","aoi":"AOI03","matched_gba":true},"geometry":{"type":"Point","coordinates":[85.14999881,27.92827901]}},{"type":"Feature","properties":{"grade":"Destroyed","aoi":"AOI03","matched_gba":true},"geometry":{"type":"Point","coordinates":[85.1498382,27.928362]}},{"type":"Feature","properties":{"grade":"Destroyed","aoi":"AOI03","matched_gba":true},"geometry":{"type":"Point","coordinates":[85.14932655,27.93108395]}},{"type":"Feature","properties":{"grade":"Destroyed","aoi":"AOI03","matched_gba":true},"geometry":{"type":"Point","coordinates":[85.14934167,27.93137304]}},{"type":"Feature","properties":{"grade":"Destroyed","aoi":"AOI03","matched_gba":true},"geometry":{"type":"Point","coordinates":[85.14901785,27.9320538]}},{"type":"Feature","properties":{"grade":"Destroyed","aoi":"AOI03","matched_gba":true},"geometry":{"type":"Point","coordinates":[85.14904387,27.93213546]}},{"type":"Feature","properties":{"grade":"Destroyed","aoi":"AOI03","matched_gba":true},"geometry":{"type":"Point","coordinates":[85.1493233,27.93274945]}},{"type":"Feature","properties":{"grade":"Destroyed","aoi":"AOI03","matched_gba":true},"geometry":{"type":"Point","coordinates":[85.148949,27.93284355]}},{"type":"Feature","properties":{"grade":"Destroyed","aoi":"AOI03","matched_gba":true},"geometry":{"type":"Point","coordinates":[85.14763108,27.92959096]}},{"type":"Feature","properties":{"grade":"Destroyed","aoi":"AOI03","matched_gba":true},"geometry":{"type":"Point","coordinates":[85.14750369,27.92963422]}},{"type":"Feature","properties":{"grade":"Destroyed","aoi":"AOI03","matched_gba":true},"geometry":{"type":"Point","coordinates":[85.14765725,27.9296508]}},{"type":"Feature","properties":{"grade":"Destroyed","aoi":"AOI03","matched_gba":false},"geometry":{"type":"Point","coordinates":[85.14752139,27.92979552]}},{"type":"Feature","properties":{"grade":"Destroyed","aoi":"AOI03","matched_gba":false},"geometry":{"type":"Point","coordinates":[85.14709791,27.93012732]}},{"type":"Feature","properties":{"grade":"Destroyed","aoi":"AOI03","matched_gba":true},"geometry":{"type":"Point","coordinates":[85.14771767,27.93156041]}},{"type":"Feature","properties":{"grade":"Destroyed","aoi":"AOI03","matched_gba":true},"geometry":{"type":"Point","coordinates":[85.14784187,27.93160714]}},{"type":"Feature","properties":{"grade":"Destroyed","aoi":"AOI03","matched_gba":true},"geometry":{"type":"Point","coordinates":[85.151591,27.9308558]}},{"type":"Feature","properties":{"grade":"Destroyed","aoi":"AOI03","matched_gba":false},"geometry":{"type":"Point","coordinates":[85.15034123,27.9312557]}},{"type":"Feature","properties":{"grade":"Destroyed","aoi":"AOI03","matched_gba":false},"geometry":{"type":"Point","coordinates":[85.15084929,27.93157153]}},{"type":"Feature","properties":{"grade":"Destroyed","aoi":"AOI03","matched_gba":false},"geometry":{"type":"Point","coordinates":[85.15359965,27.93260587]}},{"type":"Feature","properties":{"grade":"Destroyed","aoi":"AOI03","matched_gba":false},"geometry":{"type":"Point","coordinates":[85.15406015,27.93335591]}},{"type":"Feature","properties":{"grade":"Destroyed","aoi":"AOI03","matched_gba":false},"geometry":{"type":"Point","coordinates":[85.15426537,27.93341728]}},{"type":"Feature","properties":{"grade":"Destroyed","aoi":"AOI03","matched_gba":false},"geometry":{"type":"Point","coordinates":[85.1540286,27.93346845]}},{"type":"Feature","properties":{"grade":"Destroyed","aoi":"AOI03","matched_gba":false},"geometry":{"type":"Point","coordinates":[85.15316051,27.93358682]}},{"type":"Feature","properties":{"grade":"Destroyed","aoi":"AOI03","matched_gba":false},"geometry":{"type":"Point","coordinates":[85.15333915,27.93363485]}},{"type":"Feature","properties":{"grade":"Destroyed","aoi":"AOI03","matched_gba":true},"geometry":{"type":"Point","coordinates":[85.15274306,27.93364722]}},{"type":"Feature","properties":{"grade":"Destroyed","aoi":"AOI03","matched_gba":true},"geometry":{"type":"Point","coordinates":[85.14918085,27.9329381]}},{"type":"Feature","properties":{"grade":"Destroyed","aoi":"AOI03","matched_gba":true},"geometry":{"type":"Point","coordinates":[85.149382,27.93306815]}},{"type":"Feature","properties":{"grade":"Destroyed","aoi":"AOI03","matched_gba":true},"geometry":{"type":"Point","coordinates":[85.1491146,27.9342661]}},{"type":"Feature","properties":{"grade":"Destroyed","aoi":"AOI03","matched_gba":false},"geometry":{"type":"Point","coordinates":[85.14916771,27.93430404]}},{"type":"Feature","properties":{"grade":"Destroyed","aoi":"AOI03","matched_gba":true},"geometry":{"type":"Point","coordinates":[85.1497605,27.9347075]}},{"type":"Feature","properties":{"grade":"Destroyed","aoi":"AOI03","matched_gba":true},"geometry":{"type":"Point","coordinates":[85.1489919,27.93480795]}},{"type":"Feature","properties":{"grade":"Possibly damaged","aoi":"AOI03","matched_gba":true},"geometry":{"type":"Point","coordinates":[85.14920554,27.93518442]}},{"type":"Feature","properties":{"grade":"Destroyed","aoi":"AOI03","matched_gba":true},"geometry":{"type":"Point","coordinates":[85.1486939,27.93376705]}},{"type":"Feature","properties":{"grade":"Destroyed","aoi":"AOI03","matched_gba":true},"geometry":{"type":"Point","coordinates":[85.14878514,27.93383247]}},{"type":"Feature","properties":{"grade":"Possibly damaged","aoi":"AOI03","matched_gba":true},"geometry":{"type":"Point","coordinates":[85.1484653,27.9349288]}},{"type":"Feature","properties":{"grade":"Possibly damaged","aoi":"AOI03","matched_gba":true},"geometry":{"type":"Point","coordinates":[85.14851015,27.93503365]}},{"type":"Feature","properties":{"grade":"Destroyed","aoi":"AOI03","matched_gba":true},"geometry":{"type":"Point","coordinates":[85.14890146,27.93508254]}},{"type":"Feature","properties":{"grade":"Destroyed","aoi":"AOI03","matched_gba":true},"geometry":{"type":"Point","coordinates":[85.14883605,27.93514345]}},{"type":"Feature","properties":{"grade":"Destroyed","aoi":"AOI03","matched_gba":false},"geometry":{"type":"Point","coordinates":[85.14874332,27.93519509]}},{"type":"Feature","properties":{"grade":"Destroyed","aoi":"AOI03","matched_gba":false},"geometry":{"type":"Point","coordinates":[85.1531752,27.93373568]}},{"type":"Feature","properties":{"grade":"Destroyed","aoi":"AOI03","matched_gba":true},"geometry":{"type":"Point","coordinates":[85.1515195,27.93482115]}},{"type":"Feature","properties":{"grade":"Destroyed","aoi":"AOI03","matched_gba":true},"geometry":{"type":"Point","coordinates":[85.15132119,27.93491724]}},{"type":"Feature","properties":{"grade":"Destroyed","aoi":"AOI03","matched_gba":false},"geometry":{"type":"Point","coordinates":[85.15178607,27.93494717]}},{"type":"Feature","properties":{"grade":"Destroyed","aoi":"AOI03","matched_gba":true},"geometry":{"type":"Point","coordinates":[85.15450428,27.9351089]}},{"type":"Feature","properties":{"grade":"Possibly damaged","aoi":"AOI03","matched_gba":true},"geometry":{"type":"Point","coordinates":[85.15013572,27.93516492]}},{"type":"Feature","properties":{"grade":"Destroyed","aoi":"AOI03","matched_gba":true},"geometry":{"type":"Point","coordinates":[85.15345025,27.9351678]}},{"type":"Feature","properties":{"grade":"Destroyed","aoi":"AOI03","matched_gba":true},"geometry":{"type":"Point","coordinates":[85.15226208,27.93519669]}},{"type":"Feature","properties":{"grade":"Destroyed","aoi":"AOI03","matched_gba":true},"geometry":{"type":"Point","coordinates":[85.1530451,27.93529965]}},{"type":"Feature","properties":{"grade":"Possibly damaged","aoi":"AOI03","matched_gba":true},"geometry":{"type":"Point","coordinates":[85.15017735,27.9353083]}},{"type":"Feature","properties":{"grade":"Destroyed","aoi":"AOI03","matched_gba":true},"geometry":{"type":"Point","coordinates":[85.1527548,27.93537852]}},{"type":"Feature","properties":{"grade":"Destroyed","aoi":"AOI03","matched_gba":true},"geometry":{"type":"Point","coordinates":[85.15218122,27.93538205]}},{"type":"Feature","properties":{"grade":"Destroyed","aoi":"AOI03","matched_gba":true},"geometry":{"type":"Point","coordinates":[85.1524096,27.9354232]}},{"type":"Feature","properties":{"grade":"Destroyed","aoi":"AOI03","matched_gba":true},"geometry":{"type":"Point","coordinates":[85.1521059,27.93546414]}},{"type":"Feature","properties":{"grade":"Destroyed","aoi":"AOI03","matched_gba":true},"geometry":{"type":"Point","coordinates":[85.15253845,27.93546454]}},{"type":"Feature","properties":{"grade":"Destroyed","aoi":"AOI03","matched_gba":true},"geometry":{"type":"Point","coordinates":[85.15166314,27.93550755]}},{"type":"Feature","properties":{"grade":"Damaged","aoi":"AOI03","matched_gba":true},"geometry":{"type":"Point","coordinates":[85.15202834,27.93555283]}},{"type":"Feature","properties":{"grade":"Destroyed","aoi":"AOI03","matched_gba":true},"geometry":{"type":"Point","coordinates":[85.15301958,27.93556142]}},{"type":"Feature","properties":{"grade":"Possibly damaged","aoi":"AOI03","matched_gba":true},"geometry":{"type":"Point","coordinates":[85.1506307,27.9355701]}},{"type":"Feature","properties":{"grade":"Possibly damaged","aoi":"AOI03","matched_gba":true},"geometry":{"type":"Point","coordinates":[85.1504088,27.93557795]}},{"type":"Feature","properties":{"grade":"Destroyed","aoi":"AOI03","matched_gba":true},"geometry":{"type":"Point","coordinates":[85.15285915,27.9356265]}},{"type":"Feature","properties":{"grade":"Possibly damaged","aoi":"AOI03","matched_gba":true},"geometry":{"type":"Point","coordinates":[85.150373,27.93563215]}},{"type":"Feature","properties":{"grade":"Destroyed","aoi":"AOI03","matched_gba":true},"geometry":{"type":"Point","coordinates":[85.15237955,27.93563755]}},{"type":"Feature","properties":{"grade":"Damaged","aoi":"AOI03","matched_gba":true},"geometry":{"type":"Point","coordinates":[85.15206047,27.93564341]}},{"type":"Feature","properties":{"grade":"Possibly damaged","aoi":"AOI03","matched_gba":true},"geometry":{"type":"Point","coordinates":[85.1505635,27.9356661]}},{"type":"Feature","properties":{"grade":"Damaged","aoi":"AOI03","matched_gba":true},"geometry":{"type":"Point","coordinates":[85.15229804,27.93569398]}},{"type":"Feature","properties":{"grade":"Destroyed","aoi":"AOI03","matched_gba":true},"geometry":{"type":"Point","coordinates":[85.1529923,27.93571665]}},{"type":"Feature","properties":{"grade":"Damaged","aoi":"AOI03","matched_gba":true},"geometry":{"type":"Point","coordinates":[85.15116694,27.93573863]}},{"type":"Feature","properties":{"grade":"Destroyed","aoi":"AOI03","matched_gba":false},"geometry":{"type":"Point","coordinates":[85.15369977,27.93575961]}},{"type":"Feature","properties":{"grade":"Damaged","aoi":"AOI03","matched_gba":true},"geometry":{"type":"Point","coordinates":[85.15128495,27.9357706]}},{"type":"Feature","properties":{"grade":"Possibly damaged","aoi":"AOI03","matched_gba":true},"geometry":{"type":"Point","coordinates":[85.1519142,27.9358222]}},{"type":"Feature","properties":{"grade":"Possibly damaged","aoi":"AOI03","matched_gba":true},"geometry":{"type":"Point","coordinates":[85.15112454,27.93587218]}},{"type":"Feature","properties":{"grade":"Possibly damaged","aoi":"AOI03","matched_gba":false},"geometry":{"type":"Point","coordinates":[85.15125574,27.93594557]}},{"type":"Feature","properties":{"grade":"Destroyed","aoi":"AOI03","matched_gba":true},"geometry":{"type":"Point","coordinates":[85.15185918,27.93601575]}},{"type":"Feature","properties":{"grade":"Destroyed","aoi":"AOI03","matched_gba":false},"geometry":{"type":"Point","coordinates":[85.15435251,27.93618134]}},{"type":"Feature","properties":{"grade":"Destroyed","aoi":"AOI03","matched_gba":true},"geometry":{"type":"Point","coordinates":[85.1527896,27.93623112]}},{"type":"Feature","properties":{"grade":"Destroyed","aoi":"AOI03","matched_gba":false},"geometry":{"type":"Point","coordinates":[85.15347384,27.93626572]}},{"type":"Feature","properties":{"grade":"Destroyed","aoi":"AOI03","matched_gba":false},"geometry":{"type":"Point","coordinates":[85.15391667,27.93627073]}},{"type":"Feature","properties":{"grade":"Damaged","aoi":"AOI03","matched_gba":true},"geometry":{"type":"Point","coordinates":[85.15286298,27.93629005]}},{"type":"Feature","properties":{"grade":"Destroyed","aoi":"AOI03","matched_gba":true},"geometry":{"type":"Point","coordinates":[85.15338295,27.9363123]}},{"type":"Feature","properties":{"grade":"Destroyed","aoi":"AOI03","matched_gba":true},"geometry":{"type":"Point","coordinates":[85.15225685,27.93050595]}},{"type":"Feature","properties":{"grade":"Destroyed","aoi":"AOI03","matched_gba":true},"geometry":{"type":"Point","coordinates":[85.15196524,27.93060456]}},{"type":"Feature","properties":{"grade":"Destroyed","aoi":"AOI03","matched_gba":true},"geometry":{"type":"Point","coordinates":[85.15223701,27.93061098]}},{"type":"Feature","properties":{"grade":"Damaged","aoi":"AOI03","matched_gba":false},"geometry":{"type":"Point","coordinates":[85.15132504,27.93062426]}},{"type":"Feature","properties":{"grade":"Destroyed","aoi":"AOI03","matched_gba":false},"geometry":{"type":"Point","coordinates":[85.15239469,27.93064418]}},{"type":"Feature","properties":{"grade":"Destroyed","aoi":"AOI03","matched_gba":true},"geometry":{"type":"Point","coordinates":[85.1518142,27.9307047]}},{"type":"Feature","properties":{"grade":"Destroyed","aoi":"AOI03","matched_gba":true},"geometry":{"type":"Point","coordinates":[85.15401248,27.93071972]}},{"type":"Feature","properties":{"grade":"Destroyed","aoi":"AOI03","matched_gba":true},"geometry":{"type":"Point","coordinates":[85.1515873,27.93076245]}},{"type":"Feature","properties":{"grade":"Destroyed","aoi":"AOI03","matched_gba":false},"geometry":{"type":"Point","coordinates":[85.15224652,27.93077191]}},{"type":"Feature","properties":{"grade":"Destroyed","aoi":"AOI03","matched_gba":true},"geometry":{"type":"Point","coordinates":[85.1541616,27.9307749]}},{"type":"Feature","properties":{"grade":"Destroyed","aoi":"AOI03","matched_gba":true},"geometry":{"type":"Point","coordinates":[85.15415943,27.93632424]}},{"type":"Feature","properties":{"grade":"Destroyed","aoi":"AOI03","matched_gba":true},"geometry":{"type":"Point","coordinates":[85.15501185,27.93634525]}},{"type":"Feature","properties":{"grade":"Destroyed","aoi":"AOI03","matched_gba":true},"geometry":{"type":"Point","coordinates":[85.15345051,27.93636633]}},{"type":"Feature","properties":{"grade":"Damaged","aoi":"AOI03","matched_gba":true},"geometry":{"type":"Point","coordinates":[85.15293815,27.93638645]}},{"type":"Feature","properties":{"grade":"Destroyed","aoi":"AOI03","matched_gba":true},"geometry":{"type":"Point","coordinates":[85.15340115,27.9366126]}},{"type":"Feature","properties":{"grade":"Destroyed","aoi":"AOI03","matched_gba":true},"geometry":{"type":"Point","coordinates":[85.1535889,27.93669687]}},{"type":"Feature","properties":{"grade":"Destroyed","aoi":"AOI03","matched_gba":true},"geometry":{"type":"Point","coordinates":[85.15444404,27.93677068]}},{"type":"Feature","properties":{"grade":"Destroyed","aoi":"AOI03","matched_gba":true},"geometry":{"type":"Point","coordinates":[85.15612045,27.93679885]}},{"type":"Feature","properties":{"grade":"Destroyed","aoi":"AOI03","matched_gba":true},"geometry":{"type":"Point","coordinates":[85.1540048,27.9369478]}},{"type":"Feature","properties":{"grade":"Destroyed","aoi":"AOI03","matched_gba":true},"geometry":{"type":"Point","coordinates":[85.1536699,27.937057]}},{"type":"Feature","properties":{"grade":"Destroyed","aoi":"AOI03","matched_gba":true},"geometry":{"type":"Point","coordinates":[85.15377551,27.93710588]}},{"type":"Feature","properties":{"grade":"Destroyed","aoi":"AOI03","matched_gba":true},"geometry":{"type":"Point","coordinates":[85.15393621,27.93722399]}},{"type":"Feature","properties":{"grade":"Destroyed","aoi":"AOI03","matched_gba":true},"geometry":{"type":"Point","coordinates":[85.15618247,27.93727035]}},{"type":"Feature","properties":{"grade":"Destroyed","aoi":"AOI03","matched_gba":false},"geometry":{"type":"Point","coordinates":[85.15398383,27.93728844]}},{"type":"Feature","properties":{"grade":"Destroyed","aoi":"AOI03","matched_gba":false},"geometry":{"type":"Point","coordinates":[85.15408141,27.93735957]}},{"type":"Feature","properties":{"grade":"Destroyed","aoi":"AOI03","matched_gba":true},"geometry":{"type":"Point","coordinates":[85.15466375,27.93776865]}},{"type":"Feature","properties":{"grade":"Destroyed","aoi":"AOI03","matched_gba":true},"geometry":{"type":"Point","coordinates":[85.15490195,27.937833]}},{"type":"Feature","properties":{"grade":"Destroyed","aoi":"AOI03","matched_gba":true},"geometry":{"type":"Point","coordinates":[85.15487315,27.93792645]}},{"type":"Feature","properties":{"grade":"Destroyed","aoi":"AOI03","matched_gba":true},"geometry":{"type":"Point","coordinates":[85.1548938,27.93812417]}},{"type":"Feature","properties":{"grade":"Destroyed","aoi":"AOI03","matched_gba":true},"geometry":{"type":"Point","coordinates":[85.15494595,27.93816035]}},{"type":"Feature","properties":{"grade":"Destroyed","aoi":"AOI03","matched_gba":false},"geometry":{"type":"Point","coordinates":[85.15738341,27.93622082]}},{"type":"Feature","properties":{"grade":"Destroyed","aoi":"AOI03","matched_gba":false},"geometry":{"type":"Point","coordinates":[85.15729778,27.93686437]}},{"type":"Feature","properties":{"grade":"Destroyed","aoi":"AOI03","matched_gba":false},"geometry":{"type":"Point","coordinates":[85.156549,27.93769792]}},{"type":"Feature","properties":{"grade":"Destroyed","aoi":"AOI03","matched_gba":true},"geometry":{"type":"Point","coordinates":[85.15893033,27.93875201]}},{"type":"Feature","properties":{"grade":"Destroyed","aoi":"AOI03","matched_gba":true},"geometry":{"type":"Point","coordinates":[85.15869005,27.93901665]}},{"type":"Feature","properties":{"grade":"Destroyed","aoi":"AOI03","matched_gba":true},"geometry":{"type":"Point","coordinates":[85.1565915,27.93911914]}},{"type":"Feature","properties":{"grade":"Destroyed","aoi":"AOI03","matched_gba":true},"geometry":{"type":"Point","coordinates":[85.15939295,27.93915015]}},{"type":"Feature","properties":{"grade":"Destroyed","aoi":"AOI03","matched_gba":true},"geometry":{"type":"Point","coordinates":[85.15666877,27.93920649]}},{"type":"Feature","properties":{"grade":"Destroyed","aoi":"AOI03","matched_gba":true},"geometry":{"type":"Point","coordinates":[85.1564378,27.93921714]}},{"type":"Feature","properties":{"grade":"Destroyed","aoi":"AOI03","matched_gba":true},"geometry":{"type":"Point","coordinates":[85.1594596,27.93923575]}},{"type":"Feature","properties":{"grade":"Destroyed","aoi":"AOI03","matched_gba":false},"geometry":{"type":"Point","coordinates":[85.15599174,27.93823495]}},{"type":"Feature","properties":{"grade":"Destroyed","aoi":"AOI03","matched_gba":true},"geometry":{"type":"Point","coordinates":[85.15625733,27.9382717]}},{"type":"Feature","properties":{"grade":"Destroyed","aoi":"AOI03","matched_gba":true},"geometry":{"type":"Point","coordinates":[85.1554041,27.93834865]}},{"type":"Feature","properties":{"grade":"Destroyed","aoi":"AOI03","matched_gba":true},"geometry":{"type":"Point","coordinates":[85.15578582,27.93835053]}},{"type":"Feature","properties":{"grade":"Destroyed","aoi":"AOI03","matched_gba":true},"geometry":{"type":"Point","coordinates":[85.15561131,27.93836656]}},{"type":"Feature","properties":{"grade":"Destroyed","aoi":"AOI03","matched_gba":false},"geometry":{"type":"Point","coordinates":[85.15571699,27.93837976]}},{"type":"Feature","properties":{"grade":"Destroyed","aoi":"AOI03","matched_gba":true},"geometry":{"type":"Point","coordinates":[85.15632607,27.9383828]}},{"type":"Feature","properties":{"grade":"Destroyed","aoi":"AOI03","matched_gba":true},"geometry":{"type":"Point","coordinates":[85.15555032,27.93839887]}},{"type":"Feature","properties":{"grade":"Destroyed","aoi":"AOI03","matched_gba":true},"geometry":{"type":"Point","coordinates":[85.15571215,27.9384761]}},{"type":"Feature","properties":{"grade":"Destroyed","aoi":"AOI03","matched_gba":false},"geometry":{"type":"Point","coordinates":[85.1557818,27.93853384]}},{"type":"Feature","properties":{"grade":"Destroyed","aoi":"AOI03","matched_gba":false},"geometry":{"type":"Point","coordinates":[85.15574769,27.93857125]}},{"type":"Feature","properties":{"grade":"Destroyed","aoi":"AOI03","matched_gba":true},"geometry":{"type":"Point","coordinates":[85.15632398,27.93876877]}},{"type":"Feature","properties":{"grade":"Destroyed","aoi":"AOI03","matched_gba":false},"geometry":{"type":"Point","coordinates":[85.15622692,27.93878276]}},{"type":"Feature","properties":{"grade":"Destroyed","aoi":"AOI03","matched_gba":true},"geometry":{"type":"Point","coordinates":[85.15607776,27.93881323]}},{"type":"Feature","properties":{"grade":"Destroyed","aoi":"AOI03","matched_gba":false},"geometry":{"type":"Point","coordinates":[85.15615498,27.93881369]}},{"type":"Feature","properties":{"grade":"Destroyed","aoi":"AOI03","matched_gba":true},"geometry":{"type":"Point","coordinates":[85.15629222,27.93881881]}},{"type":"Feature","properties":{"grade":"Destroyed","aoi":"AOI03","matched_gba":true},"geometry":{"type":"Point","coordinates":[85.1561147,27.93885244]}},{"type":"Feature","properties":{"grade":"Destroyed","aoi":"AOI03","matched_gba":false},"geometry":{"type":"Point","coordinates":[85.15607659,27.93890146]}},{"type":"Feature","properties":{"grade":"Destroyed","aoi":"AOI03","matched_gba":true},"geometry":{"type":"Point","coordinates":[85.15616621,27.93892278]}},{"type":"Feature","properties":{"grade":"Destroyed","aoi":"AOI03","matched_gba":true},"geometry":{"type":"Point","coordinates":[85.15608967,27.93898206]}},{"type":"Feature","properties":{"grade":"Destroyed","aoi":"AOI03","matched_gba":true},"geometry":{"type":"Point","coordinates":[85.15640186,27.93900353]}},{"type":"Feature","properties":{"grade":"Destroyed","aoi":"AOI03","matched_gba":true},"geometry":{"type":"Point","coordinates":[85.15635126,27.93909403]}},{"type":"Feature","properties":{"grade":"Destroyed","aoi":"AOI03","matched_gba":true},"geometry":{"type":"Point","coordinates":[85.15627611,27.93916723]}},{"type":"Feature","properties":{"grade":"Destroyed","aoi":"AOI03","matched_gba":false},"geometry":{"type":"Point","coordinates":[85.15622266,27.93922428]}},{"type":"Feature","properties":{"grade":"Destroyed","aoi":"AOI03","matched_gba":true},"geometry":{"type":"Point","coordinates":[85.15633674,27.93929333]}},{"type":"Feature","properties":{"grade":"Destroyed","aoi":"AOI03","matched_gba":false},"geometry":{"type":"Point","coordinates":[85.15632311,27.93935946]}},{"type":"Feature","properties":{"grade":"Possibly damaged","aoi":"AOI03","matched_gba":false},"geometry":{"type":"Point","coordinates":[85.15629967,27.93952765]}},{"type":"Feature","properties":{"grade":"Destroyed","aoi":"AOI03","matched_gba":true},"geometry":{"type":"Point","coordinates":[85.15653846,27.93928258]}},{"type":"Feature","properties":{"grade":"Destroyed","aoi":"AOI03","matched_gba":true},"geometry":{"type":"Point","coordinates":[85.15644636,27.93935688]}},{"type":"Feature","properties":{"grade":"Destroyed","aoi":"AOI03","matched_gba":true},"geometry":{"type":"Point","coordinates":[85.15960846,27.93936355]}},{"type":"Feature","properties":{"grade":"Destroyed","aoi":"AOI03","matched_gba":true},"geometry":{"type":"Point","coordinates":[85.15647521,27.93939994]}},{"type":"Feature","properties":{"grade":"Destroyed","aoi":"AOI03","matched_gba":true},"geometry":{"type":"Point","coordinates":[85.15643373,27.93943038]}},{"type":"Feature","properties":{"grade":"Destroyed","aoi":"AOI03","matched_gba":true},"geometry":{"type":"Point","coordinates":[85.15652425,27.93943286]}},{"type":"Feature","properties":{"grade":"Destroyed","aoi":"AOI03","matched_gba":true},"geometry":{"type":"Point","coordinates":[85.15658046,27.93946918]}},{"type":"Feature","properties":{"grade":"Destroyed","aoi":"AOI03","matched_gba":false},"geometry":{"type":"Point","coordinates":[85.15771471,27.93950669]}},{"type":"Feature","properties":{"grade":"Destroyed","aoi":"AOI03","matched_gba":false},"geometry":{"type":"Point","coordinates":[85.15654671,27.93951344]}},{"type":"Feature","properties":{"grade":"Destroyed","aoi":"AOI03","matched_gba":true},"geometry":{"type":"Point","coordinates":[85.15781539,27.93986591]}},{"type":"Feature","properties":{"grade":"Destroyed","aoi":"AOI03","matched_gba":false},"geometry":{"type":"Point","coordinates":[85.15732765,27.93987491]}},{"type":"Feature","properties":{"grade":"Destroyed","aoi":"AOI03","matched_gba":true},"geometry":{"type":"Point","coordinates":[85.15775106,27.93999388]}},{"type":"Feature","properties":{"grade":"Destroyed","aoi":"AOI03","matched_gba":true},"geometry":{"type":"Point","coordinates":[85.15767811,27.94007028]}},{"type":"Feature","properties":{"grade":"Destroyed","aoi":"AOI03","matched_gba":false},"geometry":{"type":"Point","coordinates":[85.15747101,27.94007233]}},{"type":"Feature","properties":{"grade":"Destroyed","aoi":"AOI03","matched_gba":false},"geometry":{"type":"Point","coordinates":[85.16037866,27.94007844]}},{"type":"Feature","properties":{"grade":"Destroyed","aoi":"AOI03","matched_gba":false},"geometry":{"type":"Point","coordinates":[85.15755969,27.94013973]}},{"type":"Feature","properties":{"grade":"Possibly damaged","aoi":"AOI03","matched_gba":true},"geometry":{"type":"Point","coordinates":[85.1606416,27.94020259]}},{"type":"Feature","properties":{"grade":"Destroyed","aoi":"AOI03","matched_gba":false},"geometry":{"type":"Point","coordinates":[85.15769242,27.94025184]}},{"type":"Feature","properties":{"grade":"Possibly damaged","aoi":"AOI03","matched_gba":true},"geometry":{"type":"Point","coordinates":[85.16066798,27.94030224]}},{"type":"Feature","properties":{"grade":"Destroyed","aoi":"AOI03","matched_gba":false},"geometry":{"type":"Point","coordinates":[85.16021097,27.94035943]}},{"type":"Feature","properties":{"grade":"Destroyed","aoi":"AOI03","matched_gba":false},"geometry":{"type":"Point","coordinates":[85.16041207,27.94038044]}},{"type":"Feature","properties":{"grade":"Possibly damaged","aoi":"AOI03","matched_gba":true},"geometry":{"type":"Point","coordinates":[85.16064849,27.94048483]}},{"type":"Feature","properties":{"grade":"Destroyed","aoi":"AOI03","matched_gba":false},"geometry":{"type":"Point","coordinates":[85.16046395,27.94049068]}},{"type":"Feature","properties":{"grade":"Destroyed","aoi":"AOI03","matched_gba":true},"geometry":{"type":"Point","coordinates":[85.16046258,27.9405791]}},{"type":"Feature","properties":{"grade":"Destroyed","aoi":"AOI03","matched_gba":false},"geometry":{"type":"Point","coordinates":[85.15785833,27.94061626]}},{"type":"Feature","properties":{"grade":"Destroyed","aoi":"AOI03","matched_gba":true},"geometry":{"type":"Point","coordinates":[85.16057328,27.94065499]}},{"type":"Feature","properties":{"grade":"Damaged","aoi":"AOI03","matched_gba":true},"geometry":{"type":"Point","coordinates":[85.15722899,27.94078184]}},{"type":"Feature","properties":{"grade":"Destroyed","aoi":"AOI03","matched_gba":true},"geometry":{"type":"Point","coordinates":[85.15810675,27.94083817]}},{"type":"Feature","properties":{"grade":"Destroyed","aoi":"AOI03","matched_gba":false},"geometry":{"type":"Point","coordinates":[85.15797795,27.94084213]}},{"type":"Feature","properties":{"grade":"Destroyed","aoi":"AOI03","matched_gba":false},"geometry":{"type":"Point","coordinates":[85.15716286,27.94088513]}},{"type":"Feature","properties":{"grade":"Destroyed","aoi":"AOI03","matched_gba":true},"geometry":{"type":"Point","coordinates":[85.1606089,27.94112835]}},{"type":"Feature","properties":{"grade":"Destroyed","aoi":"AOI03","matched_gba":false},"geometry":{"type":"Point","coordinates":[85.16065987,27.94129628]}},{"type":"Feature","properties":{"grade":"Destroyed","aoi":"AOI03","matched_gba":true},"geometry":{"type":"Point","coordinates":[85.1587961,27.94186255]}},{"type":"Feature","properties":{"grade":"Destroyed","aoi":"AOI03","matched_gba":true},"geometry":{"type":"Point","coordinates":[85.15874356,27.94239917]}},{"type":"Feature","properties":{"grade":"Destroyed","aoi":"AOI03","matched_gba":true},"geometry":{"type":"Point","coordinates":[85.15878485,27.94244055]}},{"type":"Feature","properties":{"grade":"Destroyed","aoi":"AOI03","matched_gba":true},"geometry":{"type":"Point","coordinates":[85.15844997,27.94267972]}},{"type":"Feature","properties":{"grade":"Destroyed","aoi":"AOI03","matched_gba":true},"geometry":{"type":"Point","coordinates":[85.1594732,27.94321255]}},{"type":"Feature","properties":{"grade":"Destroyed","aoi":"AOI03","matched_gba":true},"geometry":{"type":"Point","coordinates":[85.15898925,27.94324414]}},{"type":"Feature","properties":{"grade":"Destroyed","aoi":"AOI03","matched_gba":true},"geometry":{"type":"Point","coordinates":[85.15933453,27.94351402]}},{"type":"Feature","properties":{"grade":"Destroyed","aoi":"AOI03","matched_gba":true},"geometry":{"type":"Point","coordinates":[85.15916009,27.94368708]}},{"type":"Feature","properties":{"grade":"Destroyed","aoi":"AOI03","matched_gba":true},"geometry":{"type":"Point","coordinates":[85.15921365,27.9437611]}},{"type":"Feature","properties":{"grade":"Destroyed","aoi":"AOI03","matched_gba":true},"geometry":{"type":"Point","coordinates":[85.15897735,27.94383988]}},{"type":"Feature","properties":{"grade":"Destroyed","aoi":"AOI03","matched_gba":false},"geometry":{"type":"Point","coordinates":[85.15893379,27.94410884]}},{"type":"Feature","properties":{"grade":"Damaged","aoi":"AOI03","matched_gba":false},"geometry":{"type":"Point","coordinates":[85.1590465,27.94447071]}},{"type":"Feature","properties":{"grade":"Damaged","aoi":"AOI03","matched_gba":true},"geometry":{"type":"Point","coordinates":[85.15903934,27.94452474]}},{"type":"Feature","properties":{"grade":"Destroyed","aoi":"AOI03","matched_gba":true},"geometry":{"type":"Point","coordinates":[85.15926805,27.94486415]}},{"type":"Feature","properties":{"grade":"Destroyed","aoi":"AOI03","matched_gba":true},"geometry":{"type":"Point","coordinates":[85.15938197,27.94495004]}},{"type":"Feature","properties":{"grade":"Destroyed","aoi":"AOI03","matched_gba":true},"geometry":{"type":"Point","coordinates":[85.15936905,27.945063]}},{"type":"Feature","properties":{"grade":"Destroyed","aoi":"AOI03","matched_gba":false},"geometry":{"type":"Point","coordinates":[85.15966987,27.94537716]}},{"type":"Feature","properties":{"grade":"Damaged","aoi":"AOI03","matched_gba":false},"geometry":{"type":"Point","coordinates":[85.15953399,27.94551551]}},{"type":"Feature","properties":{"grade":"Destroyed","aoi":"AOI03","matched_gba":false},"geometry":{"type":"Point","coordinates":[85.15963306,27.94553897]}},{"type":"Feature","properties":{"grade":"Damaged","aoi":"AOI03","matched_gba":false},"geometry":{"type":"Point","coordinates":[85.15961798,27.94562177]}},{"type":"Feature","properties":{"grade":"Damaged","aoi":"AOI03","matched_gba":true},"geometry":{"type":"Point","coordinates":[85.15969608,27.94572778]}},{"type":"Feature","properties":{"grade":"Damaged","aoi":"AOI03","matched_gba":false},"geometry":{"type":"Point","coordinates":[85.15957082,27.94573431]}},{"type":"Feature","properties":{"grade":"Damaged","aoi":"AOI03","matched_gba":false},"geometry":{"type":"Point","coordinates":[85.15960362,27.94581928]}},{"type":"Feature","properties":{"grade":"Damaged","aoi":"AOI03","matched_gba":true},"geometry":{"type":"Point","coordinates":[85.15979484,27.94584666]}},{"type":"Feature","properties":{"grade":"Damaged","aoi":"AOI03","matched_gba":false},"geometry":{"type":"Point","coordinates":[85.15972806,27.94585508]}},{"type":"Feature","properties":{"grade":"Damaged","aoi":"AOI03","matched_gba":true},"geometry":{"type":"Point","coordinates":[85.16001238,27.94595106]}},{"type":"Feature","properties":{"grade":"Damaged","aoi":"AOI03","matched_gba":false},"geometry":{"type":"Point","coordinates":[85.15989901,27.94597227]}},{"type":"Feature","properties":{"grade":"Destroyed","aoi":"AOI03","matched_gba":true},"geometry":{"type":"Point","coordinates":[85.16013866,27.94602394]}},{"type":"Feature","properties":{"grade":"Damaged","aoi":"AOI03","matched_gba":true},"geometry":{"type":"Point","coordinates":[85.15993863,27.94605271]}},{"type":"Feature","properties":{"grade":"Destroyed","aoi":"AOI03","matched_gba":false},"geometry":{"type":"Point","coordinates":[85.16003192,27.94606215]}},{"type":"Feature","properties":{"grade":"Destroyed","aoi":"AOI03","matched_gba":true},"geometry":{"type":"Point","coordinates":[85.16013953,27.94606871]}},{"type":"Feature","properties":{"grade":"Destroyed","aoi":"AOI03","matched_gba":false},"geometry":{"type":"Point","coordinates":[85.16004147,27.94611176]}},{"type":"Feature","properties":{"grade":"Damaged","aoi":"AOI03","matched_gba":false},"geometry":{"type":"Point","coordinates":[85.15997173,27.94611342]}},{"type":"Feature","properties":{"grade":"Destroyed","aoi":"AOI03","matched_gba":true},"geometry":{"type":"Point","coordinates":[85.16103318,27.9461215]}},{"type":"Feature","properties":{"grade":"Damaged","aoi":"AOI03","matched_gba":true},"geometry":{"type":"Point","coordinates":[85.16009544,27.94613101]}},{"type":"Feature","properties":{"grade":"Damaged","aoi":"AOI03","matched_gba":false},"geometry":{"type":"Point","coordinates":[85.15990833,27.94614316]}},{"type":"Feature","properties":{"grade":"Destroyed","aoi":"AOI03","matched_gba":true},"geometry":{"type":"Point","coordinates":[85.16020073,27.94615151]}},{"type":"Feature","properties":{"grade":"Destroyed","aoi":"AOI03","matched_gba":true},"geometry":{"type":"Point","coordinates":[85.15998293,27.94620851]}},{"type":"Feature","properties":{"grade":"Destroyed","aoi":"AOI03","matched_gba":false},"geometry":{"type":"Point","coordinates":[85.16090833,27.94622871]}},{"type":"Feature","properties":{"grade":"Destroyed","aoi":"AOI03","matched_gba":true},"geometry":{"type":"Point","coordinates":[85.16008934,27.94622983]}},{"type":"Feature","properties":{"grade":"Damaged","aoi":"AOI03","matched_gba":true},"geometry":{"type":"Point","coordinates":[85.16027382,27.94626071]}},{"type":"Feature","properties":{"grade":"Destroyed","aoi":"AOI03","matched_gba":true},"geometry":{"type":"Point","coordinates":[85.16107633,27.94627064]}},{"type":"Feature","properties":{"grade":"Damaged","aoi":"AOI03","matched_gba":true},"geometry":{"type":"Point","coordinates":[85.16009063,27.94632201]}},{"type":"Feature","properties":{"grade":"Destroyed","aoi":"AOI03","matched_gba":true},"geometry":{"type":"Point","coordinates":[85.16091803,27.94632416]}},{"type":"Feature","properties":{"grade":"Possibly damaged","aoi":"AOI03","matched_gba":true},"geometry":{"type":"Point","coordinates":[85.15958275,27.94632768]}},{"type":"Feature","properties":{"grade":"Destroyed","aoi":"AOI03","matched_gba":false},"geometry":{"type":"Point","coordinates":[85.16083554,27.94635143]}},{"type":"Feature","properties":{"grade":"Possibly damaged","aoi":"AOI03","matched_gba":false},"geometry":{"type":"Point","coordinates":[85.15944294,27.94635378]}},{"type":"Feature","properties":{"grade":"Possibly damaged","aoi":"AOI03","matched_gba":true},"geometry":{"type":"Point","coordinates":[85.15959863,27.94637175]}},{"type":"Feature","properties":{"grade":"Destroyed","aoi":"AOI03","matched_gba":true},"geometry":{"type":"Point","coordinates":[85.16113056,27.94640668]}},{"type":"Feature","properties":{"grade":"Destroyed","aoi":"AOI03","matched_gba":false},"geometry":{"type":"Point","coordinates":[85.16034611,27.94640806]}},{"type":"Feature","properties":{"grade":"Destroyed","aoi":"AOI03","matched_gba":true},"geometry":{"type":"Point","coordinates":[85.16027077,27.94643644]}},{"type":"Feature","properties":{"grade":"Damaged","aoi":"AOI03","matched_gba":true},"geometry":{"type":"Point","coordinates":[85.16014248,27.94643981]}},{"type":"Feature","properties":{"grade":"Possibly damaged","aoi":"AOI03","matched_gba":false},"geometry":{"type":"Point","coordinates":[85.15950924,27.94644138]}},{"type":"Feature","properties":{"grade":"Destroyed","aoi":"AOI03","matched_gba":false},"geometry":{"type":"Point","coordinates":[85.16092073,27.94645256]}},{"type":"Feature","properties":{"grade":"Destroyed","aoi":"AOI03","matched_gba":false},"geometry":{"type":"Point","coordinates":[85.16117138,27.94648361]}},{"type":"Feature","properties":{"grade":"Destroyed","aoi":"AOI03","matched_gba":true},"geometry":{"type":"Point","coordinates":[85.16029238,27.94649321]}},{"type":"Feature","properties":{"grade":"Damaged","aoi":"AOI03","matched_gba":false},"geometry":{"type":"Point","coordinates":[85.16020793,27.94652991]}},{"type":"Feature","properties":{"grade":"Destroyed","aoi":"AOI03","matched_gba":false},"geometry":{"type":"Point","coordinates":[85.16130603,27.94654046]}},{"type":"Feature","properties":{"grade":"Destroyed","aoi":"AOI03","matched_gba":false},"geometry":{"type":"Point","coordinates":[85.16095503,27.94657226]}},{"type":"Feature","properties":{"grade":"Destroyed","aoi":"AOI03","matched_gba":false},"geometry":{"type":"Point","coordinates":[85.16040838,27.94679861]}},{"type":"Feature","properties":{"grade":"Destroyed","aoi":"AOI03","matched_gba":false},"geometry":{"type":"Point","coordinates":[85.16046734,27.94687343]}},{"type":"Feature","properties":{"grade":"Destroyed","aoi":"AOI03","matched_gba":false},"geometry":{"type":"Point","coordinates":[85.16157552,27.94691714]}},{"type":"Feature","properties":{"grade":"Destroyed","aoi":"AOI03","matched_gba":true},"geometry":{"type":"Point","coordinates":[85.16044095,27.94697097]}},{"type":"Feature","properties":{"grade":"Destroyed","aoi":"AOI03","matched_gba":false},"geometry":{"type":"Point","coordinates":[85.16038549,27.94700713]}},{"type":"Feature","properties":{"grade":"Destroyed","aoi":"AOI03","matched_gba":true},"geometry":{"type":"Point","coordinates":[85.16032093,27.94705101]}},{"type":"Feature","properties":{"grade":"Destroyed","aoi":"AOI03","matched_gba":true},"geometry":{"type":"Point","coordinates":[85.16039168,27.94711641]}},{"type":"Feature","properties":{"grade":"Destroyed","aoi":"AOI03","matched_gba":false},"geometry":{"type":"Point","coordinates":[85.16130134,27.9473941]}},{"type":"Feature","properties":{"grade":"Destroyed","aoi":"AOI03","matched_gba":true},"geometry":{"type":"Point","coordinates":[85.16363819,27.94826787]}},{"type":"Feature","properties":{"grade":"Destroyed","aoi":"AOI03","matched_gba":true},"geometry":{"type":"Point","coordinates":[85.16360857,27.94832721]}},{"type":"Feature","properties":{"grade":"Destroyed","aoi":"AOI03","matched_gba":false},"geometry":{"type":"Point","coordinates":[85.1637571,27.94836536]}},{"type":"Feature","properties":{"grade":"Destroyed","aoi":"AOI03","matched_gba":false},"geometry":{"type":"Point","coordinates":[85.16369487,27.95295759]}},{"type":"Feature","properties":{"grade":"Destroyed","aoi":"AOI03","matched_gba":true},"geometry":{"type":"Point","coordinates":[85.16379312,27.95296319]}},{"type":"Feature","properties":{"grade":"Possibly damaged","aoi":"AOI03","matched_gba":true},"geometry":{"type":"Point","coordinates":[85.16416905,27.95299387]}},{"type":"Feature","properties":{"grade":"Possibly damaged","aoi":"AOI03","matched_gba":false},"geometry":{"type":"Point","coordinates":[85.16403415,27.95299521]}},{"type":"Feature","properties":{"grade":"Destroyed","aoi":"AOI03","matched_gba":false},"geometry":{"type":"Point","coordinates":[85.16371227,27.9530444]}},{"type":"Feature","properties":{"grade":"Destroyed","aoi":"AOI03","matched_gba":true},"geometry":{"type":"Point","coordinates":[85.16372621,27.95313727]}},{"type":"Feature","properties":{"grade":"Destroyed","aoi":"AOI03","matched_gba":false},"geometry":{"type":"Point","coordinates":[85.16365158,27.95317906]}},{"type":"Feature","properties":{"grade":"Destroyed","aoi":"AOI03","matched_gba":false},"geometry":{"type":"Point","coordinates":[85.16372583,27.95320835]}},{"type":"Feature","properties":{"grade":"Destroyed","aoi":"AOI03","matched_gba":false},"geometry":{"type":"Point","coordinates":[85.16370577,27.95328271]}},{"type":"Feature","properties":{"grade":"Destroyed","aoi":"AOI03","matched_gba":true},"geometry":{"type":"Point","coordinates":[85.1637924,27.9532829]}},{"type":"Feature","properties":{"grade":"Possibly damaged","aoi":"AOI03","matched_gba":true},"geometry":{"type":"Point","coordinates":[85.16425593,27.95330891]}},{"type":"Feature","properties":{"grade":"Destroyed","aoi":"AOI03","matched_gba":true},"geometry":{"type":"Point","coordinates":[85.16385905,27.95334285]}},{"type":"Feature","properties":{"grade":"Destroyed","aoi":"AOI03","matched_gba":false},"geometry":{"type":"Point","coordinates":[85.16372455,27.95336605]}},{"type":"Feature","properties":{"grade":"Possibly damaged","aoi":"AOI03","matched_gba":false},"geometry":{"type":"Point","coordinates":[85.16416566,27.95339353]}},{"type":"Feature","properties":{"grade":"Destroyed","aoi":"AOI03","matched_gba":false},"geometry":{"type":"Point","coordinates":[85.1638901,27.95341245]}},{"type":"Feature","properties":{"grade":"Destroyed","aoi":"AOI03","matched_gba":false},"geometry":{"type":"Point","coordinates":[85.16365284,27.95341939]}},{"type":"Feature","properties":{"grade":"Destroyed","aoi":"AOI03","matched_gba":false},"geometry":{"type":"Point","coordinates":[85.1638408,27.9534608]}},{"type":"Feature","properties":{"grade":"Destroyed","aoi":"AOI03","matched_gba":false},"geometry":{"type":"Point","coordinates":[85.1638716,27.95350933]}},{"type":"Feature","properties":{"grade":"Damaged","aoi":"AOI03","matched_gba":false},"geometry":{"type":"Point","coordinates":[85.16400645,27.95388501]}},{"type":"Feature","properties":{"grade":"Damaged","aoi":"AOI03","matched_gba":false},"geometry":{"type":"Point","coordinates":[85.16404832,27.95416455]}},{"type":"Feature","properties":{"grade":"Destroyed","aoi":"AOI03","matched_gba":true},"geometry":{"type":"Point","coordinates":[85.16411024,27.95425278]}},{"type":"Feature","properties":{"grade":"Destroyed","aoi":"AOI03","matched_gba":false},"geometry":{"type":"Point","coordinates":[85.16403149,27.95427318]}},{"type":"Feature","properties":{"grade":"Possibly damaged","aoi":"AOI03","matched_gba":true},"geometry":{"type":"Point","coordinates":[85.16456375,27.95453255]}},{"type":"Feature","properties":{"grade":"Damaged","aoi":"AOI03","matched_gba":true},"geometry":{"type":"Point","coordinates":[85.16438399,27.95454823]}},{"type":"Feature","properties":{"grade":"Destroyed","aoi":"AOI03","matched_gba":false},"geometry":{"type":"Point","coordinates":[85.16426818,27.95455737]}},{"type":"Feature","properties":{"grade":"Damaged","aoi":"AOI03","matched_gba":true},"geometry":{"type":"Point","coordinates":[85.16459772,27.95467051]}},{"type":"Feature","properties":{"grade":"Destroyed","aoi":"AOI03","matched_gba":true},"geometry":{"type":"Point","coordinates":[85.16295973,27.95469421]}},{"type":"Feature","properties":{"grade":"Destroyed","aoi":"AOI03","matched_gba":false},"geometry":{"type":"Point","coordinates":[85.16415988,27.9547672]}},{"type":"Feature","properties":{"grade":"Possibly damaged","aoi":"AOI03","matched_gba":true},"geometry":{"type":"Point","coordinates":[85.16457624,27.95490492]}},{"type":"Feature","properties":{"grade":"Possibly damaged","aoi":"AOI03","matched_gba":false},"geometry":{"type":"Point","coordinates":[85.16480892,27.95499642]}},{"type":"Feature","properties":{"grade":"Destroyed","aoi":"AOI03","matched_gba":true},"geometry":{"type":"Point","coordinates":[85.1633578,27.9550519]}},{"type":"Feature","properties":{"grade":"Destroyed","aoi":"AOI03","matched_gba":true},"geometry":{"type":"Point","coordinates":[85.16197625,27.9554734]}},{"type":"Feature","properties":{"grade":"Destroyed","aoi":"AOI03","matched_gba":false},"geometry":{"type":"Point","coordinates":[85.16440671,27.95778815]}},{"type":"Feature","properties":{"grade":"Destroyed","aoi":"AOI03","matched_gba":true},"geometry":{"type":"Point","coordinates":[85.16447995,27.9579067]}},{"type":"Feature","properties":{"grade":"Destroyed","aoi":"AOI03","matched_gba":true},"geometry":{"type":"Point","coordinates":[85.1652494,27.95849172]}},{"type":"Feature","properties":{"grade":"Destroyed","aoi":"AOI03","matched_gba":true},"geometry":{"type":"Point","coordinates":[85.16847137,27.9578855]}},{"type":"Feature","properties":{"grade":"Destroyed","aoi":"AOI03","matched_gba":false},"geometry":{"type":"Point","coordinates":[85.16867194,27.95795644]}},{"type":"Feature","properties":{"grade":"Destroyed","aoi":"AOI03","matched_gba":true},"geometry":{"type":"Point","coordinates":[85.16885238,27.95804806]}},{"type":"Feature","properties":{"grade":"Destroyed","aoi":"AOI03","matched_gba":true},"geometry":{"type":"Point","coordinates":[85.16893432,27.95817684]}},{"type":"Feature","properties":{"grade":"Destroyed","aoi":"AOI03","matched_gba":true},"geometry":{"type":"Point","coordinates":[85.16825029,27.95818193]}},{"type":"Feature","properties":{"grade":"Destroyed","aoi":"AOI03","matched_gba":true},"geometry":{"type":"Point","coordinates":[85.16883625,27.95818445]}},{"type":"Feature","properties":{"grade":"Destroyed","aoi":"AOI03","matched_gba":true},"geometry":{"type":"Point","coordinates":[85.1687133,27.958202]}},{"type":"Feature","properties":{"grade":"Destroyed","aoi":"AOI03","matched_gba":true},"geometry":{"type":"Point","coordinates":[85.1682684,27.9582491]}},{"type":"Feature","properties":{"grade":"Destroyed","aoi":"AOI03","matched_gba":true},"geometry":{"type":"Point","coordinates":[85.1684869,27.9583896]}},{"type":"Feature","properties":{"grade":"Destroyed","aoi":"AOI03","matched_gba":true},"geometry":{"type":"Point","coordinates":[85.16855969,27.95846332]}},{"type":"Feature","properties":{"grade":"Destroyed","aoi":"AOI03","matched_gba":true},"geometry":{"type":"Point","coordinates":[85.16529858,27.95853705]}},{"type":"Feature","properties":{"grade":"Destroyed","aoi":"AOI03","matched_gba":false},"geometry":{"type":"Point","coordinates":[85.1685218,27.95853815]}},{"type":"Feature","properties":{"grade":"Destroyed","aoi":"AOI03","matched_gba":true},"geometry":{"type":"Point","coordinates":[85.16539835,27.95855346]}},{"type":"Feature","properties":{"grade":"Destroyed","aoi":"AOI03","matched_gba":true},"geometry":{"type":"Point","coordinates":[85.16845999,27.95856742]}},{"type":"Feature","properties":{"grade":"Destroyed","aoi":"AOI03","matched_gba":true},"geometry":{"type":"Point","coordinates":[85.16855644,27.95859572]}},{"type":"Feature","properties":{"grade":"Destroyed","aoi":"AOI03","matched_gba":true},"geometry":{"type":"Point","coordinates":[85.16849687,27.95864976]}},{"type":"Feature","properties":{"grade":"Destroyed","aoi":"AOI03","matched_gba":true},"geometry":{"type":"Point","coordinates":[85.16975693,27.95922623]}},{"type":"Feature","properties":{"grade":"Destroyed","aoi":"AOI03","matched_gba":false},"geometry":{"type":"Point","coordinates":[85.16990635,27.9593159]}},{"type":"Feature","properties":{"grade":"Destroyed","aoi":"AOI03","matched_gba":true},"geometry":{"type":"Point","coordinates":[85.17016867,27.95931704]}},{"type":"Feature","properties":{"grade":"Destroyed","aoi":"AOI03","matched_gba":true},"geometry":{"type":"Point","coordinates":[85.17003785,27.95941707]}},{"type":"Feature","properties":{"grade":"Destroyed","aoi":"AOI03","matched_gba":true},"geometry":{"type":"Point","coordinates":[85.16999405,27.95949495]}},{"type":"Feature","properties":{"grade":"Destroyed","aoi":"AOI03","matched_gba":true},"geometry":{"type":"Point","coordinates":[85.17002677,27.95961662]}},{"type":"Feature","properties":{"grade":"Destroyed","aoi":"AOI03","matched_gba":true},"geometry":{"type":"Point","coordinates":[85.17021937,27.95968725]}},{"type":"Feature","properties":{"grade":"Destroyed","aoi":"AOI03","matched_gba":true},"geometry":{"type":"Point","coordinates":[85.1703966,27.95984073]}},{"type":"Feature","properties":{"grade":"Destroyed","aoi":"AOI03","matched_gba":true},"geometry":{"type":"Point","coordinates":[85.17019655,27.95984093]}},{"type":"Feature","properties":{"grade":"Destroyed","aoi":"AOI03","matched_gba":false},"geometry":{"type":"Point","coordinates":[85.16926956,27.95987357]}},{"type":"Feature","properties":{"grade":"Destroyed","aoi":"AOI03","matched_gba":true},"geometry":{"type":"Point","coordinates":[85.16897236,27.95992582]}},{"type":"Feature","properties":{"grade":"Destroyed","aoi":"AOI03","matched_gba":false},"geometry":{"type":"Point","coordinates":[85.16948318,27.95994889]}},{"type":"Feature","properties":{"grade":"Destroyed","aoi":"AOI03","matched_gba":false},"geometry":{"type":"Point","coordinates":[85.17033676,27.9599548]}},{"type":"Feature","properties":{"grade":"Destroyed","aoi":"AOI03","matched_gba":true},"geometry":{"type":"Point","coordinates":[85.17046702,27.95995872]}},{"type":"Feature","properties":{"grade":"Destroyed","aoi":"AOI03","matched_gba":true},"geometry":{"type":"Point","coordinates":[85.17001264,27.96006705]}},{"type":"Feature","properties":{"grade":"Destroyed","aoi":"AOI03","matched_gba":true},"geometry":{"type":"Point","coordinates":[85.17004422,27.96011697]}},{"type":"Feature","properties":{"grade":"Destroyed","aoi":"AOI03","matched_gba":true},"geometry":{"type":"Point","coordinates":[85.1701155,27.96021315]}},{"type":"Feature","properties":{"grade":"Destroyed","aoi":"AOI03","matched_gba":true},"geometry":{"type":"Point","coordinates":[85.17026129,27.96028607]}},{"type":"Feature","properties":{"grade":"Destroyed","aoi":"AOI03","matched_gba":false},"geometry":{"type":"Point","coordinates":[85.17034575,27.9603122]}},{"type":"Feature","properties":{"grade":"Destroyed","aoi":"AOI03","matched_gba":true},"geometry":{"type":"Point","coordinates":[85.17018698,27.96033888]}},{"type":"Feature","properties":{"grade":"Destroyed","aoi":"AOI03","matched_gba":false},"geometry":{"type":"Point","coordinates":[85.17037226,27.96034006]}},{"type":"Feature","properties":{"grade":"Destroyed","aoi":"AOI03","matched_gba":true},"geometry":{"type":"Point","coordinates":[85.17028685,27.96038621]}},{"type":"Feature","properties":{"grade":"Destroyed","aoi":"AOI03","matched_gba":true},"geometry":{"type":"Point","coordinates":[85.1703713,27.96042145]}},{"type":"Feature","properties":{"grade":"Destroyed","aoi":"AOI03","matched_gba":false},"geometry":{"type":"Point","coordinates":[85.17029654,27.96047142]}},{"type":"Feature","properties":{"grade":"Destroyed","aoi":"AOI03","matched_gba":false},"geometry":{"type":"Point","coordinates":[85.17051248,27.9606178]}},{"type":"Feature","properties":{"grade":"Destroyed","aoi":"AOI03","matched_gba":false},"geometry":{"type":"Point","coordinates":[85.1706586,27.96065775]}},{"type":"Feature","properties":{"grade":"Destroyed","aoi":"AOI03","matched_gba":true},"geometry":{"type":"Point","coordinates":[85.17117845,27.96073827]}},{"type":"Feature","properties":{"grade":"Destroyed","aoi":"AOI03","matched_gba":true},"geometry":{"type":"Point","coordinates":[85.17122942,27.96081382]}},{"type":"Feature","properties":{"grade":"Destroyed","aoi":"AOI03","matched_gba":true},"geometry":{"type":"Point","coordinates":[85.17129074,27.96088976]}},{"type":"Feature","properties":{"grade":"Destroyed","aoi":"AOI03","matched_gba":false},"geometry":{"type":"Point","coordinates":[85.17143555,27.9609515]}},{"type":"Feature","properties":{"grade":"Destroyed","aoi":"AOI03","matched_gba":false},"geometry":{"type":"Point","coordinates":[85.1698336,27.96097651]}},{"type":"Feature","properties":{"grade":"Destroyed","aoi":"AOI03","matched_gba":false},"geometry":{"type":"Point","coordinates":[85.170249,27.96106863]}},{"type":"Feature","properties":{"grade":"Destroyed","aoi":"AOI03","matched_gba":true},"geometry":{"type":"Point","coordinates":[85.17176893,27.96131496]}},{"type":"Feature","properties":{"grade":"Destroyed","aoi":"AOI03","matched_gba":true},"geometry":{"type":"Point","coordinates":[85.17166675,27.96175452]}},{"type":"Feature","properties":{"grade":"Destroyed","aoi":"AOI03","matched_gba":true},"geometry":{"type":"Point","coordinates":[85.17124841,27.96176825]}},{"type":"Feature","properties":{"grade":"Destroyed","aoi":"AOI03","matched_gba":true},"geometry":{"type":"Point","coordinates":[85.17134885,27.96176885]}},{"type":"Feature","properties":{"grade":"Destroyed","aoi":"AOI03","matched_gba":false},"geometry":{"type":"Point","coordinates":[85.17108192,27.96198021]}},{"type":"Feature","properties":{"grade":"Destroyed","aoi":"AOI03","matched_gba":true},"geometry":{"type":"Point","coordinates":[85.17169025,27.96204165]}},{"type":"Feature","properties":{"grade":"Destroyed","aoi":"AOI03","matched_gba":true},"geometry":{"type":"Point","coordinates":[85.17174407,27.96209587]}},{"type":"Feature","properties":{"grade":"Destroyed","aoi":"AOI03","matched_gba":true},"geometry":{"type":"Point","coordinates":[85.17177923,27.96214915]}},{"type":"Feature","properties":{"grade":"Destroyed","aoi":"AOI03","matched_gba":true},"geometry":{"type":"Point","coordinates":[85.17184171,27.96221086]}},{"type":"Feature","properties":{"grade":"Destroyed","aoi":"AOI03","matched_gba":true},"geometry":{"type":"Point","coordinates":[85.17193392,27.9622765]}},{"type":"Feature","properties":{"grade":"Destroyed","aoi":"AOI03","matched_gba":true},"geometry":{"type":"Point","coordinates":[85.17168345,27.96233245]}},{"type":"Feature","properties":{"grade":"Destroyed","aoi":"AOI03","matched_gba":false},"geometry":{"type":"Point","coordinates":[85.17178195,27.96235885]}},{"type":"Feature","properties":{"grade":"Destroyed","aoi":"AOI03","matched_gba":true},"geometry":{"type":"Point","coordinates":[85.17213465,27.962187]}},{"type":"Feature","properties":{"grade":"Destroyed","aoi":"AOI03","matched_gba":true},"geometry":{"type":"Point","coordinates":[85.17209947,27.9622366]}},{"type":"Feature","properties":{"grade":"Destroyed","aoi":"AOI03","matched_gba":true},"geometry":{"type":"Point","coordinates":[85.17218108,27.9622758]}},{"type":"Feature","properties":{"grade":"Destroyed","aoi":"AOI03","matched_gba":true},"geometry":{"type":"Point","coordinates":[85.1722614,27.9623146]}},{"type":"Feature","properties":{"grade":"Destroyed","aoi":"AOI03","matched_gba":true},"geometry":{"type":"Point","coordinates":[85.17233715,27.96238909]}},{"type":"Feature","properties":{"grade":"Destroyed","aoi":"AOI03","matched_gba":true},"geometry":{"type":"Point","coordinates":[85.17220737,27.96239795]}},{"type":"Feature","properties":{"grade":"Destroyed","aoi":"AOI03","matched_gba":true},"geometry":{"type":"Point","coordinates":[85.17240565,27.9624044]}},{"type":"Feature","properties":{"grade":"Destroyed","aoi":"AOI03","matched_gba":true},"geometry":{"type":"Point","coordinates":[85.17246383,27.96245032]}},{"type":"Feature","properties":{"grade":"Destroyed","aoi":"AOI03","matched_gba":true},"geometry":{"type":"Point","coordinates":[85.17237098,27.9624648]}},{"type":"Feature","properties":{"grade":"Destroyed","aoi":"AOI03","matched_gba":true},"geometry":{"type":"Point","coordinates":[85.17244335,27.9624988]}},{"type":"Feature","properties":{"grade":"Destroyed","aoi":"AOI03","matched_gba":true},"geometry":{"type":"Point","coordinates":[85.1715969,27.962383]}},{"type":"Feature","properties":{"grade":"Destroyed","aoi":"AOI03","matched_gba":true},"geometry":{"type":"Point","coordinates":[85.17187036,27.96240333]}},{"type":"Feature","properties":{"grade":"Destroyed","aoi":"AOI03","matched_gba":true},"geometry":{"type":"Point","coordinates":[85.17168164,27.96241524]}},{"type":"Feature","properties":{"grade":"Destroyed","aoi":"AOI03","matched_gba":true},"geometry":{"type":"Point","coordinates":[85.1719462,27.96242655]}},{"type":"Feature","properties":{"grade":"Destroyed","aoi":"AOI03","matched_gba":true},"geometry":{"type":"Point","coordinates":[85.17202355,27.96244075]}},{"type":"Feature","properties":{"grade":"Destroyed","aoi":"AOI03","matched_gba":true},"geometry":{"type":"Point","coordinates":[85.17186152,27.96247912]}},{"type":"Feature","properties":{"grade":"Destroyed","aoi":"AOI03","matched_gba":true},"geometry":{"type":"Point","coordinates":[85.17191855,27.96249375]}},{"type":"Feature","properties":{"grade":"Destroyed","aoi":"AOI03","matched_gba":true},"geometry":{"type":"Point","coordinates":[85.171704,27.9624975]}},{"type":"Feature","properties":{"grade":"Destroyed","aoi":"AOI03","matched_gba":true},"geometry":{"type":"Point","coordinates":[85.17203425,27.96252505]}},{"type":"Feature","properties":{"grade":"Destroyed","aoi":"AOI03","matched_gba":true},"geometry":{"type":"Point","coordinates":[85.17180798,27.96252855]}},{"type":"Feature","properties":{"grade":"Destroyed","aoi":"AOI03","matched_gba":true},"geometry":{"type":"Point","coordinates":[85.17255893,27.96251123]}},{"type":"Feature","properties":{"grade":"Destroyed","aoi":"AOI03","matched_gba":true},"geometry":{"type":"Point","coordinates":[85.17219925,27.96251705]}},{"type":"Feature","properties":{"grade":"Destroyed","aoi":"AOI03","matched_gba":true},"geometry":{"type":"Point","coordinates":[85.17229857,27.96253336]}},{"type":"Feature","properties":{"grade":"Destroyed","aoi":"AOI03","matched_gba":true},"geometry":{"type":"Point","coordinates":[85.17258054,27.96256804]}},{"type":"Feature","properties":{"grade":"Destroyed","aoi":"AOI03","matched_gba":true},"geometry":{"type":"Point","coordinates":[85.1723829,27.9625728]}},{"type":"Feature","properties":{"grade":"Destroyed","aoi":"AOI03","matched_gba":false},"geometry":{"type":"Point","coordinates":[85.1726554,27.962575]}},{"type":"Feature","properties":{"grade":"Destroyed","aoi":"AOI03","matched_gba":true},"geometry":{"type":"Point","coordinates":[85.17216424,27.96257922]}},{"type":"Feature","properties":{"grade":"Destroyed","aoi":"AOI03","matched_gba":false},"geometry":{"type":"Point","coordinates":[85.17238749,27.96263328]}},{"type":"Feature","properties":{"grade":"Destroyed","aoi":"AOI03","matched_gba":false},"geometry":{"type":"Point","coordinates":[85.17251661,27.96265849]}},{"type":"Feature","properties":{"grade":"Destroyed","aoi":"AOI03","matched_gba":true},"geometry":{"type":"Point","coordinates":[85.17272705,27.96269855]}},{"type":"Feature","properties":{"grade":"Destroyed","aoi":"AOI03","matched_gba":true},"geometry":{"type":"Point","coordinates":[85.17193494,27.96257834]}},{"type":"Feature","properties":{"grade":"Destroyed","aoi":"AOI03","matched_gba":true},"geometry":{"type":"Point","coordinates":[85.17206302,27.96265475]}},{"type":"Feature","properties":{"grade":"Destroyed","aoi":"AOI03","matched_gba":true},"geometry":{"type":"Point","coordinates":[85.1697078,27.9633681]}},{"type":"Feature","properties":{"grade":"Destroyed","aoi":"AOI03","matched_gba":false},"geometry":{"type":"Point","coordinates":[85.17029304,27.96400775]}},{"type":"Feature","properties":{"grade":"Destroyed","aoi":"AOI03","matched_gba":false},"geometry":{"type":"Point","coordinates":[85.17037771,27.96405766]}},{"type":"Feature","properties":{"grade":"Destroyed","aoi":"AOI03","matched_gba":false},"geometry":{"type":"Point","coordinates":[85.17209776,27.96424221]}},{"type":"Feature","properties":{"grade":"Damaged","aoi":"AOI03","matched_gba":true},"geometry":{"type":"Point","coordinates":[85.16987455,27.96430138]}},{"type":"Feature","properties":{"grade":"Destroyed","aoi":"AOI03","matched_gba":false},"geometry":{"type":"Point","coordinates":[85.17208195,27.96430658]}},{"type":"Feature","properties":{"grade":"Destroyed","aoi":"AOI03","matched_gba":false},"geometry":{"type":"Point","coordinates":[85.17031091,27.96434406]}},{"type":"Feature","properties":{"grade":"Destroyed","aoi":"AOI03","matched_gba":false},"geometry":{"type":"Point","coordinates":[85.17086473,27.96441567]}},{"type":"Feature","properties":{"grade":"Destroyed","aoi":"AOI03","matched_gba":true},"geometry":{"type":"Point","coordinates":[85.17263372,27.9627357]}},{"type":"Feature","properties":{"grade":"Destroyed","aoi":"AOI03","matched_gba":true},"geometry":{"type":"Point","coordinates":[85.17281428,27.96278507]}},{"type":"Feature","properties":{"grade":"Destroyed","aoi":"AOI03","matched_gba":true},"geometry":{"type":"Point","coordinates":[85.17267805,27.9627952]}},{"type":"Feature","properties":{"grade":"Destroyed","aoi":"AOI03","matched_gba":true},"geometry":{"type":"Point","coordinates":[85.17289208,27.96290617]}},{"type":"Feature","properties":{"grade":"Destroyed","aoi":"AOI03","matched_gba":true},"geometry":{"type":"Point","coordinates":[85.17304165,27.96294105]}},{"type":"Feature","properties":{"grade":"Destroyed","aoi":"AOI03","matched_gba":false},"geometry":{"type":"Point","coordinates":[85.17296893,27.96297145]}},{"type":"Feature","properties":{"grade":"Destroyed","aoi":"AOI03","matched_gba":false},"geometry":{"type":"Point","coordinates":[85.17279843,27.96298471]}},{"type":"Feature","properties":{"grade":"Destroyed","aoi":"AOI03","matched_gba":false},"geometry":{"type":"Point","coordinates":[85.17213638,27.96418679]}},{"type":"Feature","properties":{"grade":"Destroyed","aoi":"AOI03","matched_gba":false},"geometry":{"type":"Point","coordinates":[85.17216461,27.96425936]}},{"type":"Feature","properties":{"grade":"Destroyed","aoi":"AOI03","matched_gba":false},"geometry":{"type":"Point","coordinates":[85.17220742,27.96436369]}},{"type":"Feature","properties":{"grade":"Destroyed","aoi":"AOI03","matched_gba":false},"geometry":{"type":"Point","coordinates":[85.16996037,27.96446449]}},{"type":"Feature","properties":{"grade":"Destroyed","aoi":"AOI03","matched_gba":true},"geometry":{"type":"Point","coordinates":[85.17005582,27.96447532]}},{"type":"Feature","properties":{"grade":"Destroyed","aoi":"AOI03","matched_gba":true},"geometry":{"type":"Point","coordinates":[85.17101606,27.96448044]}},{"type":"Feature","properties":{"grade":"Destroyed","aoi":"AOI03","matched_gba":true},"geometry":{"type":"Point","coordinates":[85.17053611,27.96449251]}},{"type":"Feature","properties":{"grade":"Destroyed","aoi":"AOI03","matched_gba":false},"geometry":{"type":"Point","coordinates":[85.17034587,27.96452436]}},{"type":"Feature","properties":{"grade":"Destroyed","aoi":"AOI03","matched_gba":false},"geometry":{"type":"Point","coordinates":[85.17086619,27.96452683]}},{"type":"Feature","properties":{"grade":"Destroyed","aoi":"AOI03","matched_gba":true},"geometry":{"type":"Point","coordinates":[85.17121864,27.9645543]}},{"type":"Feature","properties":{"grade":"Damaged","aoi":"AOI03","matched_gba":false},"geometry":{"type":"Point","coordinates":[85.17048385,27.96455638]}},{"type":"Feature","properties":{"grade":"Destroyed","aoi":"AOI03","matched_gba":true},"geometry":{"type":"Point","coordinates":[85.17134056,27.96457499]}},{"type":"Feature","properties":{"grade":"Destroyed","aoi":"AOI03","matched_gba":true},"geometry":{"type":"Point","coordinates":[85.17102478,27.96459986]}},{"type":"Feature","properties":{"grade":"Destroyed","aoi":"AOI03","matched_gba":false},"geometry":{"type":"Point","coordinates":[85.170313,27.96463384]}},{"type":"Feature","properties":{"grade":"Destroyed","aoi":"AOI03","matched_gba":false},"geometry":{"type":"Point","coordinates":[85.16990812,27.9646349]}},{"type":"Feature","properties":{"grade":"Destroyed","aoi":"AOI03","matched_gba":true},"geometry":{"type":"Point","coordinates":[85.17144984,27.9646414]}},{"type":"Feature","properties":{"grade":"Destroyed","aoi":"AOI03","matched_gba":true},"geometry":{"type":"Point","coordinates":[85.17090225,27.96464486]}},{"type":"Feature","properties":{"grade":"Destroyed","aoi":"AOI03","matched_gba":false},"geometry":{"type":"Point","coordinates":[85.17115515,27.96465137]}},{"type":"Feature","properties":{"grade":"Damaged","aoi":"AOI03","matched_gba":true},"geometry":{"type":"Point","coordinates":[85.17048716,27.96465296]}},{"type":"Feature","properties":{"grade":"Possibly damaged","aoi":"AOI03","matched_gba":false},"geometry":{"type":"Point","coordinates":[85.16985103,27.96468341]}},{"type":"Feature","properties":{"grade":"Destroyed","aoi":"AOI03","matched_gba":false},"geometry":{"type":"Point","coordinates":[85.17038364,27.96469441]}},{"type":"Feature","properties":{"grade":"Destroyed","aoi":"AOI03","matched_gba":false},"geometry":{"type":"Point","coordinates":[85.17104961,27.96470129]}},{"type":"Feature","properties":{"grade":"Possibly damaged","aoi":"AOI03","matched_gba":true},"geometry":{"type":"Point","coordinates":[85.16982106,27.96471906]}},{"type":"Feature","properties":{"grade":"Damaged","aoi":"AOI03","matched_gba":false},"geometry":{"type":"Point","coordinates":[85.17076815,27.96473061]}},{"type":"Feature","properties":{"grade":"Destroyed","aoi":"AOI03","matched_gba":false},"geometry":{"type":"Point","coordinates":[85.1712873,27.96474933]}},{"type":"Feature","properties":{"grade":"Destroyed","aoi":"AOI03","matched_gba":false},"geometry":{"type":"Point","coordinates":[85.17042886,27.96475191]}},{"type":"Feature","properties":{"grade":"Damaged","aoi":"AOI03","matched_gba":true},"geometry":{"type":"Point","coordinates":[85.17082766,27.96480151]}},{"type":"Feature","properties":{"grade":"Destroyed","aoi":"AOI03","matched_gba":true},"geometry":{"type":"Point","coordinates":[85.17061775,27.96480977]}},{"type":"Feature","properties":{"grade":"Damaged","aoi":"AOI03","matched_gba":true},"geometry":{"type":"Point","coordinates":[85.17099942,27.96484788]}},{"type":"Feature","properties":{"grade":"Destroyed","aoi":"AOI03","matched_gba":false},"geometry":{"type":"Point","coordinates":[85.17037243,27.96485441]}},{"type":"Feature","properties":{"grade":"Possibly damaged","aoi":"AOI03","matched_gba":false},"geometry":{"type":"Point","coordinates":[85.16998576,27.96486446]}},{"type":"Feature","properties":{"grade":"Destroyed","aoi":"AOI03","matched_gba":false},"geometry":{"type":"Point","coordinates":[85.17120962,27.9648964]}},{"type":"Feature","properties":{"grade":"Damaged","aoi":"AOI03","matched_gba":false},"geometry":{"type":"Point","coordinates":[85.17128372,27.9649234]}},{"type":"Feature","properties":{"grade":"Destroyed","aoi":"AOI03","matched_gba":false},"geometry":{"type":"Point","coordinates":[85.17235876,27.96451932]}},{"type":"Feature","properties":{"grade":"Destroyed","aoi":"AOI03","matched_gba":false},"geometry":{"type":"Point","coordinates":[85.17243746,27.96457431]}},{"type":"Feature","properties":{"grade":"Destroyed","aoi":"AOI03","matched_gba":false},"geometry":{"type":"Point","coordinates":[85.17225877,27.96470168]}},{"type":"Feature","properties":{"grade":"Destroyed","aoi":"AOI03","matched_gba":false},"geometry":{"type":"Point","coordinates":[85.17249261,27.96508601]}},{"type":"Feature","properties":{"grade":"Destroyed","aoi":"AOI03","matched_gba":true},"geometry":{"type":"Point","coordinates":[85.17270381,27.96512021]}},{"type":"Feature","properties":{"grade":"Destroyed","aoi":"AOI03","matched_gba":true},"geometry":{"type":"Point","coordinates":[85.17244708,27.96519562]}},{"type":"Feature","properties":{"grade":"Damaged","aoi":"AOI03","matched_gba":false},"geometry":{"type":"Point","coordinates":[85.17230238,27.96528704]}},{"type":"Feature","properties":{"grade":"Destroyed","aoi":"AOI03","matched_gba":false},"geometry":{"type":"Point","coordinates":[85.17286701,27.96536441]}},{"type":"Feature","properties":{"grade":"Damaged","aoi":"AOI03","matched_gba":false},"geometry":{"type":"Point","coordinates":[85.17244539,27.96537323]}},{"type":"Feature","properties":{"grade":"Destroyed","aoi":"AOI03","matched_gba":false},"geometry":{"type":"Point","coordinates":[85.17282881,27.96544276]}},{"type":"Feature","properties":{"grade":"Possibly damaged","aoi":"AOI03","matched_gba":false},"geometry":{"type":"Point","coordinates":[85.16991296,27.96493399]}},{"type":"Feature","properties":{"grade":"Destroyed","aoi":"AOI03","matched_gba":false},"geometry":{"type":"Point","coordinates":[85.17119707,27.96494822]}},{"type":"Feature","properties":{"grade":"Possibly damaged","aoi":"AOI03","matched_gba":false},"geometry":{"type":"Point","coordinates":[85.17052902,27.96494899]}},{"type":"Feature","properties":{"grade":"Possibly damaged","aoi":"AOI03","matched_gba":false},"geometry":{"type":"Point","coordinates":[85.17059894,27.96496098]}},{"type":"Feature","properties":{"grade":"Possibly damaged","aoi":"AOI03","matched_gba":true},"geometry":{"type":"Point","coordinates":[85.17068679,27.96499821]}},{"type":"Feature","properties":{"grade":"Damaged","aoi":"AOI03","matched_gba":false},"geometry":{"type":"Point","coordinates":[85.17120265,27.96500979]}},{"type":"Feature","properties":{"grade":"Destroyed","aoi":"AOI03","matched_gba":false},"geometry":{"type":"Point","coordinates":[85.17199586,27.96503076]}},{"type":"Feature","properties":{"grade":"Damaged","aoi":"AOI03","matched_gba":false},"geometry":{"type":"Point","coordinates":[85.17137584,27.96506877]}},{"type":"Feature","properties":{"grade":"Possibly damaged","aoi":"AOI03","matched_gba":false},"geometry":{"type":"Point","coordinates":[85.17087951,27.96508402]}},{"type":"Feature","properties":{"grade":"Damaged","aoi":"AOI03","matched_gba":true},"geometry":{"type":"Point","coordinates":[85.17165196,27.96510516]}},{"type":"Feature","properties":{"grade":"Possibly damaged","aoi":"AOI03","matched_gba":true},"geometry":{"type":"Point","coordinates":[85.1709867,27.96511918]}},{"type":"Feature","properties":{"grade":"Damaged","aoi":"AOI03","matched_gba":true},"geometry":{"type":"Point","coordinates":[85.17174441,27.96512108]}},{"type":"Feature","properties":{"grade":"Damaged","aoi":"AOI03","matched_gba":false},"geometry":{"type":"Point","coordinates":[85.17154173,27.96515337]}},{"type":"Feature","properties":{"grade":"Damaged","aoi":"AOI03","matched_gba":true},"geometry":{"type":"Point","coordinates":[85.17186337,27.96515464]}},{"type":"Feature","properties":{"grade":"Possibly damaged","aoi":"AOI03","matched_gba":false},"geometry":{"type":"Point","coordinates":[85.17027652,27.96517249]}},{"type":"Feature","properties":{"grade":"Damaged","aoi":"AOI03","matched_gba":false},"geometry":{"type":"Point","coordinates":[85.17161915,27.96518003]}},{"type":"Feature","properties":{"grade":"Possibly damaged","aoi":"AOI03","matched_gba":false},"geometry":{"type":"Point","coordinates":[85.17110814,27.96520152]}},{"type":"Feature","properties":{"grade":"Destroyed","aoi":"AOI03","matched_gba":true},"geometry":{"type":"Point","coordinates":[85.17194986,27.96521416]}},{"type":"Feature","properties":{"grade":"Destroyed","aoi":"AOI03","matched_gba":true},"geometry":{"type":"Point","coordinates":[85.17128823,27.96522333]}},{"type":"Feature","properties":{"grade":"Destroyed","aoi":"AOI03","matched_gba":true},"geometry":{"type":"Point","coordinates":[85.17207605,27.96522359]}},{"type":"Feature","properties":{"grade":"Damaged","aoi":"AOI03","matched_gba":false},"geometry":{"type":"Point","coordinates":[85.17175063,27.96524146]}},{"type":"Feature","properties":{"grade":"Possibly damaged","aoi":"AOI03","matched_gba":true},"geometry":{"type":"Point","coordinates":[85.17112851,27.96527481]}},{"type":"Feature","properties":{"grade":"Destroyed","aoi":"AOI03","matched_gba":true},"geometry":{"type":"Point","coordinates":[85.17146697,27.96528389]}},{"type":"Feature","properties":{"grade":"Possibly damaged","aoi":"AOI03","matched_gba":true},"geometry":{"type":"Point","coordinates":[85.1712136,27.96531703]}},{"type":"Feature","properties":{"grade":"Destroyed","aoi":"AOI03","matched_gba":true},"geometry":{"type":"Point","coordinates":[85.17171869,27.96534392]}},{"type":"Feature","properties":{"grade":"Damaged","aoi":"AOI03","matched_gba":false},"geometry":{"type":"Point","coordinates":[85.17161452,27.96536605]}},{"type":"Feature","properties":{"grade":"Destroyed","aoi":"AOI03","matched_gba":true},"geometry":{"type":"Point","coordinates":[85.17185113,27.9653804]}},{"type":"Feature","properties":{"grade":"Damaged","aoi":"AOI03","matched_gba":false},"geometry":{"type":"Point","coordinates":[85.17170934,27.96541065]}},{"type":"Feature","properties":{"grade":"Destroyed","aoi":"AOI03","matched_gba":true},"geometry":{"type":"Point","coordinates":[85.17180282,27.96545289]}},{"type":"Feature","properties":{"grade":"Possibly damaged","aoi":"AOI03","matched_gba":false},"geometry":{"type":"Point","coordinates":[85.17116898,27.96547253]}},{"type":"Feature","properties":{"grade":"Destroyed","aoi":"AOI03","matched_gba":true},"geometry":{"type":"Point","coordinates":[85.17273225,27.9654472]}},{"type":"Feature","properties":{"grade":"Destroyed","aoi":"AOI03","matched_gba":false},"geometry":{"type":"Point","coordinates":[85.17256147,27.9654537]}},{"type":"Feature","properties":{"grade":"Destroyed","aoi":"AOI03","matched_gba":false},"geometry":{"type":"Point","coordinates":[85.17230184,27.96549452]}},{"type":"Feature","properties":{"grade":"Destroyed","aoi":"AOI03","matched_gba":true},"geometry":{"type":"Point","coordinates":[85.17240521,27.96551211]}},{"type":"Feature","properties":{"grade":"Destroyed","aoi":"AOI03","matched_gba":false},"geometry":{"type":"Point","coordinates":[85.17265433,27.96551331]}},{"type":"Feature","properties":{"grade":"Destroyed","aoi":"AOI03","matched_gba":true},"geometry":{"type":"Point","coordinates":[85.17285094,27.96551706]}},{"type":"Feature","properties":{"grade":"Destroyed","aoi":"AOI03","matched_gba":false},"geometry":{"type":"Point","coordinates":[85.17283516,27.96555591]}},{"type":"Feature","properties":{"grade":"Destroyed","aoi":"AOI03","matched_gba":false},"geometry":{"type":"Point","coordinates":[85.17321131,27.96556466]}},{"type":"Feature","properties":{"grade":"Destroyed","aoi":"AOI03","matched_gba":false},"geometry":{"type":"Point","coordinates":[85.17297384,27.96557867]}},{"type":"Feature","properties":{"grade":"Destroyed","aoi":"AOI03","matched_gba":false},"geometry":{"type":"Point","coordinates":[85.17307043,27.96559066]}},{"type":"Feature","properties":{"grade":"Destroyed","aoi":"AOI03","matched_gba":false},"geometry":{"type":"Point","coordinates":[85.17251816,27.96561307]}},{"type":"Feature","properties":{"grade":"Destroyed","aoi":"AOI03","matched_gba":true},"geometry":{"type":"Point","coordinates":[85.17324411,27.96561551]}},{"type":"Feature","properties":{"grade":"Destroyed","aoi":"AOI03","matched_gba":false},"geometry":{"type":"Point","coordinates":[85.17286041,27.96562461]}},{"type":"Feature","properties":{"grade":"Destroyed","aoi":"AOI03","matched_gba":false},"geometry":{"type":"Point","coordinates":[85.17230134,27.96563809]}},{"type":"Feature","properties":{"grade":"Destroyed","aoi":"AOI03","matched_gba":false},"geometry":{"type":"Point","coordinates":[85.17259613,27.96565339]}},{"type":"Feature","properties":{"grade":"Destroyed","aoi":"AOI03","matched_gba":true},"geometry":{"type":"Point","coordinates":[85.17267779,27.9656624]}},{"type":"Feature","properties":{"grade":"Destroyed","aoi":"AOI03","matched_gba":false},"geometry":{"type":"Point","coordinates":[85.17317646,27.96567916]}},{"type":"Feature","properties":{"grade":"Destroyed","aoi":"AOI03","matched_gba":false},"geometry":{"type":"Point","coordinates":[85.17224645,27.96570834]}},{"type":"Feature","properties":{"grade":"Destroyed","aoi":"AOI03","matched_gba":true},"geometry":{"type":"Point","coordinates":[85.17323656,27.96572499]}},{"type":"Feature","properties":{"grade":"Destroyed","aoi":"AOI03","matched_gba":false},"geometry":{"type":"Point","coordinates":[85.17245398,27.96574055]}},{"type":"Feature","properties":{"grade":"Destroyed","aoi":"AOI03","matched_gba":false},"geometry":{"type":"Point","coordinates":[85.17267672,27.96575833]}},{"type":"Feature","properties":{"grade":"Destroyed","aoi":"AOI03","matched_gba":true},"geometry":{"type":"Point","coordinates":[85.1741163,27.96579695]}},{"type":"Feature","properties":{"grade":"Destroyed","aoi":"AOI03","matched_gba":false},"geometry":{"type":"Point","coordinates":[85.17308074,27.96581171]}},{"type":"Feature","properties":{"grade":"Destroyed","aoi":"AOI03","matched_gba":false},"geometry":{"type":"Point","coordinates":[85.17254082,27.96584225]}},{"type":"Feature","properties":{"grade":"Destroyed","aoi":"AOI03","matched_gba":true},"geometry":{"type":"Point","coordinates":[85.17375158,27.96587815]}},{"type":"Feature","properties":{"grade":"Destroyed","aoi":"AOI03","matched_gba":false},"geometry":{"type":"Point","coordinates":[85.17296956,27.96589862]}},{"type":"Feature","properties":{"grade":"Damaged","aoi":"AOI03","matched_gba":true},"geometry":{"type":"Point","coordinates":[85.1730648,27.9659298]}},{"type":"Feature","properties":{"grade":"Destroyed","aoi":"AOI03","matched_gba":false},"geometry":{"type":"Point","coordinates":[85.17371205,27.96598855]}},{"type":"Feature","properties":{"grade":"Destroyed","aoi":"AOI03","matched_gba":false},"geometry":{"type":"Point","coordinates":[85.17311574,27.96599694]}},{"type":"Feature","properties":{"grade":"Destroyed","aoi":"AOI03","matched_gba":false},"geometry":{"type":"Point","coordinates":[85.17382151,27.96605607]}},{"type":"Feature","properties":{"grade":"Destroyed","aoi":"AOI03","matched_gba":false},"geometry":{"type":"Point","coordinates":[85.17166739,27.96550182]}},{"type":"Feature","properties":{"grade":"Destroyed","aoi":"AOI03","matched_gba":false},"geometry":{"type":"Point","coordinates":[85.1717792,27.96551342]}},{"type":"Feature","properties":{"grade":"Destroyed","aoi":"AOI03","matched_gba":true},"geometry":{"type":"Point","coordinates":[85.17189315,27.96552523]}},{"type":"Feature","properties":{"grade":"Destroyed","aoi":"AOI03","matched_gba":false},"geometry":{"type":"Point","coordinates":[85.17191561,27.96569851]}},{"type":"Feature","properties":{"grade":"Destroyed","aoi":"AOI03","matched_gba":false},"geometry":{"type":"Point","coordinates":[85.1719116,27.96613617]}},{"type":"Feature","properties":{"grade":"Destroyed","aoi":"AOI03","matched_gba":true},"geometry":{"type":"Point","coordinates":[85.17203201,27.96621771]}},{"type":"Feature","properties":{"grade":"Destroyed","aoi":"AOI03","matched_gba":false},"geometry":{"type":"Point","coordinates":[85.17184334,27.96668483]}},{"type":"Feature","properties":{"grade":"Destroyed","aoi":"AOI03","matched_gba":false},"geometry":{"type":"Point","coordinates":[85.17370367,27.96612712]}},{"type":"Feature","properties":{"grade":"Destroyed","aoi":"AOI03","matched_gba":false},"geometry":{"type":"Point","coordinates":[85.17379264,27.96613087]}},{"type":"Feature","properties":{"grade":"Destroyed","aoi":"AOI03","matched_gba":false},"geometry":{"type":"Point","coordinates":[85.17370046,27.96618167]}},{"type":"Feature","properties":{"grade":"Destroyed","aoi":"AOI03","matched_gba":false},"geometry":{"type":"Point","coordinates":[85.17390709,27.96618954]}},{"type":"Feature","properties":{"grade":"Destroyed","aoi":"AOI03","matched_gba":false},"geometry":{"type":"Point","coordinates":[85.17486295,27.9662489]}},{"type":"Feature","properties":{"grade":"Destroyed","aoi":"AOI03","matched_gba":false},"geometry":{"type":"Point","coordinates":[85.1740822,27.9662826]}},{"type":"Feature","properties":{"grade":"Damaged","aoi":"AOI03","matched_gba":true},"geometry":{"type":"Point","coordinates":[85.17419468,27.96632852]}},{"type":"Feature","properties":{"grade":"Destroyed","aoi":"AOI03","matched_gba":true},"geometry":{"type":"Point","coordinates":[85.1748696,27.96633095]}},{"type":"Feature","properties":{"grade":"Destroyed","aoi":"AOI03","matched_gba":false},"geometry":{"type":"Point","coordinates":[85.17368686,27.96637677]}},{"type":"Feature","properties":{"grade":"Destroyed","aoi":"AOI03","matched_gba":false},"geometry":{"type":"Point","coordinates":[85.17483229,27.96637952]}},{"type":"Feature","properties":{"grade":"Destroyed","aoi":"AOI03","matched_gba":false},"geometry":{"type":"Point","coordinates":[85.1747007,27.96638499]}},{"type":"Feature","properties":{"grade":"Destroyed","aoi":"AOI03","matched_gba":false},"geometry":{"type":"Point","coordinates":[85.17477825,27.96640506]}},{"type":"Feature","properties":{"grade":"Destroyed","aoi":"AOI03","matched_gba":false},"geometry":{"type":"Point","coordinates":[85.17427947,27.96640876]}},{"type":"Feature","properties":{"grade":"Destroyed","aoi":"AOI03","matched_gba":true},"geometry":{"type":"Point","coordinates":[85.17381351,27.96641131]}},{"type":"Feature","properties":{"grade":"Destroyed","aoi":"AOI03","matched_gba":false},"geometry":{"type":"Point","coordinates":[85.17483283,27.96642199]}},{"type":"Feature","properties":{"grade":"Destroyed","aoi":"AOI03","matched_gba":false},"geometry":{"type":"Point","coordinates":[85.17371691,27.96646105]}},{"type":"Feature","properties":{"grade":"Destroyed","aoi":"AOI03","matched_gba":false},"geometry":{"type":"Point","coordinates":[85.17442437,27.96649314]}},{"type":"Feature","properties":{"grade":"Destroyed","aoi":"AOI03","matched_gba":true},"geometry":{"type":"Point","coordinates":[85.1747825,27.96649621]}},{"type":"Feature","properties":{"grade":"Destroyed","aoi":"AOI03","matched_gba":true},"geometry":{"type":"Point","coordinates":[85.173911,27.9665036]}},{"type":"Feature","properties":{"grade":"Destroyed","aoi":"AOI03","matched_gba":true},"geometry":{"type":"Point","coordinates":[85.1740016,27.9665278]}},{"type":"Feature","properties":{"grade":"Destroyed","aoi":"AOI03","matched_gba":false},"geometry":{"type":"Point","coordinates":[85.17461316,27.96657088]}},{"type":"Feature","properties":{"grade":"Destroyed","aoi":"AOI03","matched_gba":false},"geometry":{"type":"Point","coordinates":[85.17406764,27.96659213]}},{"type":"Feature","properties":{"grade":"Damaged","aoi":"AOI03","matched_gba":true},"geometry":{"type":"Point","coordinates":[85.174177,27.96660905]}},{"type":"Feature","properties":{"grade":"Destroyed","aoi":"AOI03","matched_gba":false},"geometry":{"type":"Point","coordinates":[85.1746477,27.96662091]}},{"type":"Feature","properties":{"grade":"Destroyed","aoi":"AOI03","matched_gba":true},"geometry":{"type":"Point","coordinates":[85.17427215,27.9666495]}},{"type":"Feature","properties":{"grade":"Destroyed","aoi":"AOI03","matched_gba":false},"geometry":{"type":"Point","coordinates":[85.1747457,27.96668085]}},{"type":"Feature","properties":{"grade":"Destroyed","aoi":"AOI03","matched_gba":true},"geometry":{"type":"Point","coordinates":[85.17492995,27.96669545]}},{"type":"Feature","properties":{"grade":"Destroyed","aoi":"AOI03","matched_gba":false},"geometry":{"type":"Point","coordinates":[85.17422395,27.96671335]}},{"type":"Feature","properties":{"grade":"Destroyed","aoi":"AOI03","matched_gba":false},"geometry":{"type":"Point","coordinates":[85.17481925,27.9667226]}},{"type":"Feature","properties":{"grade":"Destroyed","aoi":"AOI03","matched_gba":false},"geometry":{"type":"Point","coordinates":[85.17220867,27.96673104]}},{"type":"Feature","properties":{"grade":"Destroyed","aoi":"AOI03","matched_gba":false},"geometry":{"type":"Point","coordinates":[85.1747292,27.9667627]}},{"type":"Feature","properties":{"grade":"Destroyed","aoi":"AOI03","matched_gba":false},"geometry":{"type":"Point","coordinates":[85.17414295,27.96676835]}},{"type":"Feature","properties":{"grade":"Damaged","aoi":"AOI03","matched_gba":true},"geometry":{"type":"Point","coordinates":[85.17440416,27.96676836]}},{"type":"Feature","properties":{"grade":"Destroyed","aoi":"AOI03","matched_gba":false},"geometry":{"type":"Point","coordinates":[85.1738684,27.9667776]}},{"type":"Feature","properties":{"grade":"Destroyed","aoi":"AOI03","matched_gba":true},"geometry":{"type":"Point","coordinates":[85.17447722,27.96680915]}},{"type":"Feature","properties":{"grade":"Destroyed","aoi":"AOI03","matched_gba":false},"geometry":{"type":"Point","coordinates":[85.17220001,27.96681335]}},{"type":"Feature","properties":{"grade":"Destroyed","aoi":"AOI03","matched_gba":true},"geometry":{"type":"Point","coordinates":[85.17478499,27.96683387]}},{"type":"Feature","properties":{"grade":"Destroyed","aoi":"AOI03","matched_gba":true},"geometry":{"type":"Point","coordinates":[85.17454534,27.96686086]}},{"type":"Feature","properties":{"grade":"Destroyed","aoi":"AOI03","matched_gba":false},"geometry":{"type":"Point","coordinates":[85.17397045,27.966862]}},{"type":"Feature","properties":{"grade":"Destroyed","aoi":"AOI03","matched_gba":true},"geometry":{"type":"Point","coordinates":[85.17419182,27.96689036]}},{"type":"Feature","properties":{"grade":"Destroyed","aoi":"AOI03","matched_gba":false},"geometry":{"type":"Point","coordinates":[85.17468865,27.96704305]}},{"type":"Feature","properties":{"grade":"Destroyed","aoi":"AOI03","matched_gba":false},"geometry":{"type":"Point","coordinates":[85.17444376,27.96704683]}},{"type":"Feature","properties":{"grade":"Destroyed","aoi":"AOI03","matched_gba":false},"geometry":{"type":"Point","coordinates":[85.1744545,27.96707315]}},{"type":"Feature","properties":{"grade":"Destroyed","aoi":"AOI03","matched_gba":true},"geometry":{"type":"Point","coordinates":[85.17540881,27.96707384]}},{"type":"Feature","properties":{"grade":"Destroyed","aoi":"AOI03","matched_gba":false},"geometry":{"type":"Point","coordinates":[85.17549131,27.96709034]}},{"type":"Feature","properties":{"grade":"Destroyed","aoi":"AOI03","matched_gba":false},"geometry":{"type":"Point","coordinates":[85.1747201,27.9670942]}},{"type":"Feature","properties":{"grade":"Destroyed","aoi":"AOI03","matched_gba":false},"geometry":{"type":"Point","coordinates":[85.17525801,27.96711854]}},{"type":"Feature","properties":{"grade":"Destroyed","aoi":"AOI03","matched_gba":false},"geometry":{"type":"Point","coordinates":[85.174805,27.9671244]}},{"type":"Feature","properties":{"grade":"Destroyed","aoi":"AOI03","matched_gba":false},"geometry":{"type":"Point","coordinates":[85.17444527,27.96712446]}},{"type":"Feature","properties":{"grade":"Destroyed","aoi":"AOI03","matched_gba":true},"geometry":{"type":"Point","coordinates":[85.1756071,27.96712576]}},{"type":"Feature","properties":{"grade":"Destroyed","aoi":"AOI03","matched_gba":true},"geometry":{"type":"Point","coordinates":[85.17429935,27.9668916]}},{"type":"Feature","properties":{"grade":"Destroyed","aoi":"AOI03","matched_gba":true},"geometry":{"type":"Point","coordinates":[85.17495805,27.96690055]}},{"type":"Feature","properties":{"grade":"Destroyed","aoi":"AOI03","matched_gba":true},"geometry":{"type":"Point","coordinates":[85.17442045,27.96694925]}},{"type":"Feature","properties":{"grade":"Destroyed","aoi":"AOI03","matched_gba":false},"geometry":{"type":"Point","coordinates":[85.17453895,27.9669587]}},{"type":"Feature","properties":{"grade":"Destroyed","aoi":"AOI03","matched_gba":false},"geometry":{"type":"Point","coordinates":[85.17494673,27.9669745]}},{"type":"Feature","properties":{"grade":"Destroyed","aoi":"AOI03","matched_gba":false},"geometry":{"type":"Point","coordinates":[85.17423729,27.96697623]}},{"type":"Feature","properties":{"grade":"Destroyed","aoi":"AOI03","matched_gba":true},"geometry":{"type":"Point","coordinates":[85.17510869,27.96698942]}},{"type":"Feature","properties":{"grade":"Destroyed","aoi":"AOI03","matched_gba":false},"geometry":{"type":"Point","coordinates":[85.1760926,27.96699386]}},{"type":"Feature","properties":{"grade":"Destroyed","aoi":"AOI03","matched_gba":false},"geometry":{"type":"Point","coordinates":[85.17542668,27.96701283]}},{"type":"Feature","properties":{"grade":"Destroyed","aoi":"AOI03","matched_gba":true},"geometry":{"type":"Point","coordinates":[85.1746094,27.96701645]}},{"type":"Feature","properties":{"grade":"Destroyed","aoi":"AOI03","matched_gba":true},"geometry":{"type":"Point","coordinates":[85.1789433,27.96708115]}},{"type":"Feature","properties":{"grade":"Destroyed","aoi":"AOI03","matched_gba":true},"geometry":{"type":"Point","coordinates":[85.17905402,27.96709534]}},{"type":"Feature","properties":{"grade":"Destroyed","aoi":"AOI03","matched_gba":true},"geometry":{"type":"Point","coordinates":[85.1789056,27.96716427]}},{"type":"Feature","properties":{"grade":"Destroyed","aoi":"AOI03","matched_gba":true},"geometry":{"type":"Point","coordinates":[85.1762067,27.96718379]}},{"type":"Feature","properties":{"grade":"Destroyed","aoi":"AOI03","matched_gba":false},"geometry":{"type":"Point","coordinates":[85.17871525,27.96721195]}},{"type":"Feature","properties":{"grade":"Destroyed","aoi":"AOI03","matched_gba":true},"geometry":{"type":"Point","coordinates":[85.17814702,27.96722734]}},{"type":"Feature","properties":{"grade":"Destroyed","aoi":"AOI03","matched_gba":true},"geometry":{"type":"Point","coordinates":[85.17868175,27.96728863]}},{"type":"Feature","properties":{"grade":"Destroyed","aoi":"AOI03","matched_gba":true},"geometry":{"type":"Point","coordinates":[85.17911815,27.96731002]}},{"type":"Feature","properties":{"grade":"Destroyed","aoi":"AOI03","matched_gba":true},"geometry":{"type":"Point","coordinates":[85.1791921,27.9673339]}},{"type":"Feature","properties":{"grade":"Destroyed","aoi":"AOI03","matched_gba":true},"geometry":{"type":"Point","coordinates":[85.17896466,27.96734549]}},{"type":"Feature","properties":{"grade":"Destroyed","aoi":"AOI03","matched_gba":false},"geometry":{"type":"Point","coordinates":[85.17604755,27.96714624]}},{"type":"Feature","properties":{"grade":"Destroyed","aoi":"AOI03","matched_gba":true},"geometry":{"type":"Point","coordinates":[85.1749488,27.96716071]}},{"type":"Feature","properties":{"grade":"Destroyed","aoi":"AOI03","matched_gba":false},"geometry":{"type":"Point","coordinates":[85.1756171,27.96718871]}},{"type":"Feature","properties":{"grade":"Destroyed","aoi":"AOI03","matched_gba":false},"geometry":{"type":"Point","coordinates":[85.174919,27.96721883]}},{"type":"Feature","properties":{"grade":"Destroyed","aoi":"AOI03","matched_gba":false},"geometry":{"type":"Point","coordinates":[85.17498952,27.96723075]}},{"type":"Feature","properties":{"grade":"Destroyed","aoi":"AOI03","matched_gba":true},"geometry":{"type":"Point","coordinates":[85.17521205,27.96725051]}},{"type":"Feature","properties":{"grade":"Destroyed","aoi":"AOI03","matched_gba":false},"geometry":{"type":"Point","coordinates":[85.17495388,27.96727114]}},{"type":"Feature","properties":{"grade":"Destroyed","aoi":"AOI03","matched_gba":false},"geometry":{"type":"Point","coordinates":[85.1761455,27.96727766]}},{"type":"Feature","properties":{"grade":"Destroyed","aoi":"AOI03","matched_gba":false},"geometry":{"type":"Point","coordinates":[85.17485845,27.96729542]}},{"type":"Feature","properties":{"grade":"Destroyed","aoi":"AOI03","matched_gba":false},"geometry":{"type":"Point","coordinates":[85.1757351,27.96732426]}},{"type":"Feature","properties":{"grade":"Destroyed","aoi":"AOI03","matched_gba":true},"geometry":{"type":"Point","coordinates":[85.178799,27.96739125]}},{"type":"Feature","properties":{"grade":"Destroyed","aoi":"AOI03","matched_gba":true},"geometry":{"type":"Point","coordinates":[85.17925645,27.9674398]}},{"type":"Feature","properties":{"grade":"Destroyed","aoi":"AOI03","matched_gba":true},"geometry":{"type":"Point","coordinates":[85.1791694,27.96750413]}},{"type":"Feature","properties":{"grade":"Destroyed","aoi":"AOI03","matched_gba":false},"geometry":{"type":"Point","coordinates":[85.17928177,27.967518]}},{"type":"Feature","properties":{"grade":"Destroyed","aoi":"AOI03","matched_gba":true},"geometry":{"type":"Point","coordinates":[85.17995651,27.96768488]}},{"type":"Feature","properties":{"grade":"Destroyed","aoi":"AOI03","matched_gba":true},"geometry":{"type":"Point","coordinates":[85.17987505,27.96770647]}},{"type":"Feature","properties":{"grade":"Destroyed","aoi":"AOI03","matched_gba":false},"geometry":{"type":"Point","coordinates":[85.17993725,27.9677234]}},{"type":"Feature","properties":{"grade":"Destroyed","aoi":"AOI03","matched_gba":false},"geometry":{"type":"Point","coordinates":[85.17993325,27.967754]}},{"type":"Feature","properties":{"grade":"Destroyed","aoi":"AOI03","matched_gba":true},"geometry":{"type":"Point","coordinates":[85.17977752,27.96777874]}},{"type":"Feature","properties":{"grade":"Destroyed","aoi":"AOI03","matched_gba":false},"geometry":{"type":"Point","coordinates":[85.17993515,27.9677872]}},{"type":"Feature","properties":{"grade":"Destroyed","aoi":"AOI03","matched_gba":true},"geometry":{"type":"Point","coordinates":[85.17515445,27.96733179]}},{"type":"Feature","properties":{"grade":"Destroyed","aoi":"AOI03","matched_gba":false},"geometry":{"type":"Point","coordinates":[85.17572685,27.96742723]}},{"type":"Feature","properties":{"grade":"Destroyed","aoi":"AOI03","matched_gba":false},"geometry":{"type":"Point","coordinates":[85.1760558,27.96762568]}},{"type":"Feature","properties":{"grade":"Destroyed","aoi":"AOI03","matched_gba":false},"geometry":{"type":"Point","coordinates":[85.17567435,27.96771967]}},{"type":"Feature","properties":{"grade":"Destroyed","aoi":"AOI03","matched_gba":false},"geometry":{"type":"Point","coordinates":[85.175839,27.96792896]}},{"type":"Feature","properties":{"grade":"Destroyed","aoi":"AOI03","matched_gba":false},"geometry":{"type":"Point","coordinates":[85.17563596,27.96803766]}},{"type":"Feature","properties":{"grade":"Destroyed","aoi":"AOI03","matched_gba":false},"geometry":{"type":"Point","coordinates":[85.17569935,27.96809316]}},{"type":"Feature","properties":{"grade":"Destroyed","aoi":"AOI03","matched_gba":true},"geometry":{"type":"Point","coordinates":[85.17936105,27.9677989]}},{"type":"Feature","properties":{"grade":"Destroyed","aoi":"AOI03","matched_gba":true},"geometry":{"type":"Point","coordinates":[85.1799386,27.9678432]}},{"type":"Feature","properties":{"grade":"Destroyed","aoi":"AOI03","matched_gba":true},"geometry":{"type":"Point","coordinates":[85.17983123,27.96787513]}},{"type":"Feature","properties":{"grade":"Destroyed","aoi":"AOI03","matched_gba":false},"geometry":{"type":"Point","coordinates":[85.17924435,27.9679032]}},{"type":"Feature","properties":{"grade":"Destroyed","aoi":"AOI03","matched_gba":true},"geometry":{"type":"Point","coordinates":[85.1799535,27.9679319]}},{"type":"Feature","properties":{"grade":"Destroyed","aoi":"AOI03","matched_gba":true},"geometry":{"type":"Point","coordinates":[85.17940165,27.9679776]}},{"type":"Feature","properties":{"grade":"Destroyed","aoi":"AOI03","matched_gba":false},"geometry":{"type":"Point","coordinates":[85.17954131,27.96798168]}},{"type":"Feature","properties":{"grade":"Destroyed","aoi":"AOI03","matched_gba":true},"geometry":{"type":"Point","coordinates":[85.1803104,27.96799857]}},{"type":"Feature","properties":{"grade":"Destroyed","aoi":"AOI03","matched_gba":true},"geometry":{"type":"Point","coordinates":[85.17990948,27.96802871]}},{"type":"Feature","properties":{"grade":"Destroyed","aoi":"AOI03","matched_gba":true},"geometry":{"type":"Point","coordinates":[85.1796056,27.96805475]}},{"type":"Feature","properties":{"grade":"Destroyed","aoi":"AOI03","matched_gba":true},"geometry":{"type":"Point","coordinates":[85.1796555,27.96812315]}},{"type":"Feature","properties":{"grade":"Destroyed","aoi":"AOI03","matched_gba":true},"geometry":{"type":"Point","coordinates":[85.17950323,27.96812525]}},{"type":"Feature","properties":{"grade":"Destroyed","aoi":"AOI03","matched_gba":true},"geometry":{"type":"Point","coordinates":[85.18008525,27.9681351]}},{"type":"Feature","properties":{"grade":"Destroyed","aoi":"AOI03","matched_gba":true},"geometry":{"type":"Point","coordinates":[85.17939865,27.96813757]}},{"type":"Feature","properties":{"grade":"Destroyed","aoi":"AOI03","matched_gba":true},"geometry":{"type":"Point","coordinates":[85.179712,27.9681824]}},{"type":"Feature","properties":{"grade":"Destroyed","aoi":"AOI03","matched_gba":true},"geometry":{"type":"Point","coordinates":[85.17948347,27.96820544]}},{"type":"Feature","properties":{"grade":"Destroyed","aoi":"AOI03","matched_gba":false},"geometry":{"type":"Point","coordinates":[85.1801309,27.96822515]}},{"type":"Feature","properties":{"grade":"Destroyed","aoi":"AOI03","matched_gba":true},"geometry":{"type":"Point","coordinates":[85.1799347,27.96824235]}},{"type":"Feature","properties":{"grade":"Destroyed","aoi":"AOI03","matched_gba":false},"geometry":{"type":"Point","coordinates":[85.17961385,27.96826795]}},{"type":"Feature","properties":{"grade":"Destroyed","aoi":"AOI03","matched_gba":true},"geometry":{"type":"Point","coordinates":[85.17970921,27.96829996]}},{"type":"Feature","properties":{"grade":"Destroyed","aoi":"AOI03","matched_gba":true},"geometry":{"type":"Point","coordinates":[85.17979387,27.96832325]}},{"type":"Feature","properties":{"grade":"Destroyed","aoi":"AOI03","matched_gba":true},"geometry":{"type":"Point","coordinates":[85.18019395,27.96832825]}},{"type":"Feature","properties":{"grade":"Destroyed","aoi":"AOI03","matched_gba":false},"geometry":{"type":"Point","coordinates":[85.1804087,27.9683621]}},{"type":"Feature","properties":{"grade":"Destroyed","aoi":"AOI03","matched_gba":true},"geometry":{"type":"Point","coordinates":[85.17968,27.96839172]}},{"type":"Feature","properties":{"grade":"Destroyed","aoi":"AOI03","matched_gba":false},"geometry":{"type":"Point","coordinates":[85.18020065,27.9683955]}},{"type":"Feature","properties":{"grade":"Destroyed","aoi":"AOI03","matched_gba":true},"geometry":{"type":"Point","coordinates":[85.17978555,27.968419]}},{"type":"Feature","properties":{"grade":"Destroyed","aoi":"AOI03","matched_gba":true},"geometry":{"type":"Point","coordinates":[85.1803819,27.9684378]}},{"type":"Feature","properties":{"grade":"Destroyed","aoi":"AOI03","matched_gba":true},"geometry":{"type":"Point","coordinates":[85.18024035,27.9684579]}},{"type":"Feature","properties":{"grade":"Destroyed","aoi":"AOI03","matched_gba":true},"geometry":{"type":"Point","coordinates":[85.179997,27.96853255]}},{"type":"Feature","properties":{"grade":"Destroyed","aoi":"AOI03","matched_gba":true},"geometry":{"type":"Point","coordinates":[85.1804158,27.96856318]}},{"type":"Feature","properties":{"grade":"Destroyed","aoi":"AOI03","matched_gba":true},"geometry":{"type":"Point","coordinates":[85.17990905,27.96856755]}},{"type":"Feature","properties":{"grade":"Destroyed","aoi":"AOI03","matched_gba":true},"geometry":{"type":"Point","coordinates":[85.1800821,27.9686325]}},{"type":"Feature","properties":{"grade":"Destroyed","aoi":"AOI03","matched_gba":false},"geometry":{"type":"Point","coordinates":[85.18003393,27.9687421]}},{"type":"Feature","properties":{"grade":"Destroyed","aoi":"AOI03","matched_gba":false},"geometry":{"type":"Point","coordinates":[85.18089314,27.96879123]}},{"type":"Feature","properties":{"grade":"Destroyed","aoi":"AOI03","matched_gba":false},"geometry":{"type":"Point","coordinates":[85.17999368,27.96879306]}},{"type":"Feature","properties":{"grade":"Destroyed","aoi":"AOI03","matched_gba":false},"geometry":{"type":"Point","coordinates":[85.17664411,27.96879591]}},{"type":"Feature","properties":{"grade":"Destroyed","aoi":"AOI03","matched_gba":true},"geometry":{"type":"Point","coordinates":[85.17672737,27.96879875]}},{"type":"Feature","properties":{"grade":"Destroyed","aoi":"AOI03","matched_gba":true},"geometry":{"type":"Point","coordinates":[85.18032363,27.96882703]}},{"type":"Feature","properties":{"grade":"Destroyed","aoi":"AOI03","matched_gba":false},"geometry":{"type":"Point","coordinates":[85.17995494,27.96883075]}},{"type":"Feature","properties":{"grade":"Destroyed","aoi":"AOI03","matched_gba":false},"geometry":{"type":"Point","coordinates":[85.17652933,27.96884822]}},{"type":"Feature","properties":{"grade":"Destroyed","aoi":"AOI03","matched_gba":false},"geometry":{"type":"Point","coordinates":[85.17703292,27.96884878]}},{"type":"Feature","properties":{"grade":"Destroyed","aoi":"AOI03","matched_gba":false},"geometry":{"type":"Point","coordinates":[85.17658093,27.96887055]}},{"type":"Feature","properties":{"grade":"Destroyed","aoi":"AOI03","matched_gba":false},"geometry":{"type":"Point","coordinates":[85.17709293,27.9688881]}},{"type":"Feature","properties":{"grade":"Destroyed","aoi":"AOI03","matched_gba":false},"geometry":{"type":"Point","coordinates":[85.18010301,27.96889215]}},{"type":"Feature","properties":{"grade":"Destroyed","aoi":"AOI03","matched_gba":false},"geometry":{"type":"Point","coordinates":[85.18027097,27.96894538]}},{"type":"Feature","properties":{"grade":"Destroyed","aoi":"AOI03","matched_gba":true},"geometry":{"type":"Point","coordinates":[85.18079768,27.96898481]}},{"type":"Feature","properties":{"grade":"Damaged","aoi":"AOI03","matched_gba":false},"geometry":{"type":"Point","coordinates":[85.17684453,27.96901149]}},{"type":"Feature","properties":{"grade":"Destroyed","aoi":"AOI03","matched_gba":false},"geometry":{"type":"Point","coordinates":[85.18015218,27.96902166]}},{"type":"Feature","properties":{"grade":"Destroyed","aoi":"AOI03","matched_gba":true},"geometry":{"type":"Point","coordinates":[85.18059641,27.969024]}},{"type":"Feature","properties":{"grade":"Destroyed","aoi":"AOI03","matched_gba":true},"geometry":{"type":"Point","coordinates":[85.1803714,27.96903986]}},{"type":"Feature","properties":{"grade":"Destroyed","aoi":"AOI03","matched_gba":false},"geometry":{"type":"Point","coordinates":[85.17730998,27.9690589]}},{"type":"Feature","properties":{"grade":"Destroyed","aoi":"AOI03","matched_gba":false},"geometry":{"type":"Point","coordinates":[85.18046293,27.96906301]}},{"type":"Feature","properties":{"grade":"Destroyed","aoi":"AOI03","matched_gba":false},"geometry":{"type":"Point","coordinates":[85.18010978,27.96906516]}},{"type":"Feature","properties":{"grade":"Destroyed","aoi":"AOI03","matched_gba":true},"geometry":{"type":"Point","coordinates":[85.17741468,27.96909886]}},{"type":"Feature","properties":{"grade":"Destroyed","aoi":"AOI03","matched_gba":false},"geometry":{"type":"Point","coordinates":[85.17722938,27.96910566]}},{"type":"Feature","properties":{"grade":"Destroyed","aoi":"AOI03","matched_gba":true},"geometry":{"type":"Point","coordinates":[85.1826001,27.96911337]}},{"type":"Feature","properties":{"grade":"Damaged","aoi":"AOI03","matched_gba":false},"geometry":{"type":"Point","coordinates":[85.17653878,27.9691152]}},{"type":"Feature","properties":{"grade":"Destroyed","aoi":"AOI03","matched_gba":false},"geometry":{"type":"Point","coordinates":[85.18008455,27.96913871]}},{"type":"Feature","properties":{"grade":"Destroyed","aoi":"AOI03","matched_gba":false},"geometry":{"type":"Point","coordinates":[85.17734318,27.96914291]}},{"type":"Feature","properties":{"grade":"Destroyed","aoi":"AOI03","matched_gba":true},"geometry":{"type":"Point","coordinates":[85.18122307,27.96914761]}},{"type":"Feature","properties":{"grade":"Destroyed","aoi":"AOI03","matched_gba":false},"geometry":{"type":"Point","coordinates":[85.18050608,27.96916981]}},{"type":"Feature","properties":{"grade":"Destroyed","aoi":"AOI03","matched_gba":true},"geometry":{"type":"Point","coordinates":[85.17648718,27.96918125]}},{"type":"Feature","properties":{"grade":"Destroyed","aoi":"AOI03","matched_gba":false},"geometry":{"type":"Point","coordinates":[85.17709183,27.96918695]}},{"type":"Feature","properties":{"grade":"Damaged","aoi":"AOI03","matched_gba":false},"geometry":{"type":"Point","coordinates":[85.18292519,27.96919076]}},{"type":"Feature","properties":{"grade":"Destroyed","aoi":"AOI03","matched_gba":true},"geometry":{"type":"Point","coordinates":[85.18337065,27.9691925]}},{"type":"Feature","properties":{"grade":"Destroyed","aoi":"AOI03","matched_gba":true},"geometry":{"type":"Point","coordinates":[85.18240012,27.96919545]}},{"type":"Feature","properties":{"grade":"Destroyed","aoi":"AOI03","matched_gba":false},"geometry":{"type":"Point","coordinates":[85.17630979,27.96922224]}},{"type":"Feature","properties":{"grade":"Destroyed","aoi":"AOI03","matched_gba":false},"geometry":{"type":"Point","coordinates":[85.17741488,27.96922461]}},{"type":"Feature","properties":{"grade":"Destroyed","aoi":"AOI03","matched_gba":true},"geometry":{"type":"Point","coordinates":[85.18278015,27.96923175]}},{"type":"Feature","properties":{"grade":"Destroyed","aoi":"AOI03","matched_gba":true},"geometry":{"type":"Point","coordinates":[85.18253538,27.96923233]}},{"type":"Feature","properties":{"grade":"Destroyed","aoi":"AOI03","matched_gba":true},"geometry":{"type":"Point","coordinates":[85.18403425,27.9691149]}},{"type":"Feature","properties":{"grade":"Destroyed","aoi":"AOI03","matched_gba":true},"geometry":{"type":"Point","coordinates":[85.1841063,27.9691462]}},{"type":"Feature","properties":{"grade":"Destroyed","aoi":"AOI03","matched_gba":true},"geometry":{"type":"Point","coordinates":[85.18371112,27.96939032]}},{"type":"Feature","properties":{"grade":"Destroyed","aoi":"AOI03","matched_gba":true},"geometry":{"type":"Point","coordinates":[85.1838629,27.96943425]}},{"type":"Feature","properties":{"grade":"Destroyed","aoi":"AOI03","matched_gba":true},"geometry":{"type":"Point","coordinates":[85.18374353,27.96948766]}},{"type":"Feature","properties":{"grade":"Destroyed","aoi":"AOI03","matched_gba":true},"geometry":{"type":"Point","coordinates":[85.1839353,27.9695162]}},{"type":"Feature","properties":{"grade":"Destroyed","aoi":"AOI03","matched_gba":true},"geometry":{"type":"Point","coordinates":[85.18423958,27.96953452]}},{"type":"Feature","properties":{"grade":"Destroyed","aoi":"AOI03","matched_gba":false},"geometry":{"type":"Point","coordinates":[85.18388323,27.96954239]}},{"type":"Feature","properties":{"grade":"Destroyed","aoi":"AOI03","matched_gba":true},"geometry":{"type":"Point","coordinates":[85.1841501,27.96956913]}},{"type":"Feature","properties":{"grade":"Destroyed","aoi":"AOI03","matched_gba":false},"geometry":{"type":"Point","coordinates":[85.18430132,27.96957038]}},{"type":"Feature","properties":{"grade":"Destroyed","aoi":"AOI03","matched_gba":true},"geometry":{"type":"Point","coordinates":[85.18266277,27.96930275]}},{"type":"Feature","properties":{"grade":"Destroyed","aoi":"AOI03","matched_gba":true},"geometry":{"type":"Point","coordinates":[85.18338363,27.96931471]}},{"type":"Feature","properties":{"grade":"Damaged","aoi":"AOI03","matched_gba":true},"geometry":{"type":"Point","coordinates":[85.17666843,27.96932]}},{"type":"Feature","properties":{"grade":"Destroyed","aoi":"AOI03","matched_gba":true},"geometry":{"type":"Point","coordinates":[85.1834678,27.96932263]}},{"type":"Feature","properties":{"grade":"Destroyed","aoi":"AOI03","matched_gba":true},"geometry":{"type":"Point","coordinates":[85.18325349,27.96935033]}},{"type":"Feature","properties":{"grade":"Destroyed","aoi":"AOI03","matched_gba":false},"geometry":{"type":"Point","coordinates":[85.17639784,27.9693527]}},{"type":"Feature","properties":{"grade":"Possibly damaged","aoi":"AOI03","matched_gba":false},"geometry":{"type":"Point","coordinates":[85.17659816,27.96937011]}},{"type":"Feature","properties":{"grade":"Destroyed","aoi":"AOI03","matched_gba":true},"geometry":{"type":"Point","coordinates":[85.18346245,27.9693823]}},{"type":"Feature","properties":{"grade":"Damaged","aoi":"AOI03","matched_gba":true},"geometry":{"type":"Point","coordinates":[85.17718336,27.96939325]}},{"type":"Feature","properties":{"grade":"Damaged","aoi":"AOI03","matched_gba":false},"geometry":{"type":"Point","coordinates":[85.17711004,27.96939981]}},{"type":"Feature","properties":{"grade":"Possibly damaged","aoi":"AOI03","matched_gba":false},"geometry":{"type":"Point","coordinates":[85.17676288,27.9694127]}},{"type":"Feature","properties":{"grade":"Possibly damaged","aoi":"AOI03","matched_gba":false},"geometry":{"type":"Point","coordinates":[85.17666823,27.96941495]}},{"type":"Feature","properties":{"grade":"Damaged","aoi":"AOI03","matched_gba":false},"geometry":{"type":"Point","coordinates":[85.1771516,27.96944161]}},{"type":"Feature","properties":{"grade":"Damaged","aoi":"AOI03","matched_gba":true},"geometry":{"type":"Point","coordinates":[85.17728071,27.9694504]}},{"type":"Feature","properties":{"grade":"Destroyed","aoi":"AOI03","matched_gba":true},"geometry":{"type":"Point","coordinates":[85.18294699,27.96945192]}},{"type":"Feature","properties":{"grade":"Damaged","aoi":"AOI03","matched_gba":false},"geometry":{"type":"Point","coordinates":[85.17719328,27.9694804]}},{"type":"Feature","properties":{"grade":"Damaged","aoi":"AOI03","matched_gba":false},"geometry":{"type":"Point","coordinates":[85.17726518,27.96951545]}},{"type":"Feature","properties":{"grade":"Destroyed","aoi":"AOI03","matched_gba":true},"geometry":{"type":"Point","coordinates":[85.1831192,27.96952305]}},{"type":"Feature","properties":{"grade":"Destroyed","aoi":"AOI03","matched_gba":true},"geometry":{"type":"Point","coordinates":[85.18354846,27.96953308]}},{"type":"Feature","properties":{"grade":"Damaged","aoi":"AOI03","matched_gba":false},"geometry":{"type":"Point","coordinates":[85.17731346,27.9695657]}},{"type":"Feature","properties":{"grade":"Destroyed","aoi":"AOI03","matched_gba":false},"geometry":{"type":"Point","coordinates":[85.18347355,27.9695739]}},{"type":"Feature","properties":{"grade":"Damaged","aoi":"AOI03","matched_gba":true},"geometry":{"type":"Point","coordinates":[85.17738832,27.96957663]}},{"type":"Feature","properties":{"grade":"Damaged","aoi":"AOI03","matched_gba":true},"geometry":{"type":"Point","coordinates":[85.17734559,27.96961013]}},{"type":"Feature","properties":{"grade":"Possibly damaged","aoi":"AOI03","matched_gba":false},"geometry":{"type":"Point","coordinates":[85.17704743,27.9696326]}},{"type":"Feature","properties":{"grade":"Possibly damaged","aoi":"AOI03","matched_gba":true},"geometry":{"type":"Point","coordinates":[85.17712725,27.96968781]}},{"type":"Feature","properties":{"grade":"Destroyed","aoi":"AOI03","matched_gba":true},"geometry":{"type":"Point","coordinates":[85.18313575,27.9697076]}},{"type":"Feature","properties":{"grade":"Destroyed","aoi":"AOI03","matched_gba":true},"geometry":{"type":"Point","coordinates":[85.1826343,27.96972065]}},{"type":"Feature","properties":{"grade":"Destroyed","aoi":"AOI03","matched_gba":true},"geometry":{"type":"Point","coordinates":[85.1834117,27.96972975]}},{"type":"Feature","properties":{"grade":"Destroyed","aoi":"AOI03","matched_gba":true},"geometry":{"type":"Point","coordinates":[85.1828976,27.9697438]}},{"type":"Feature","properties":{"grade":"Destroyed","aoi":"AOI03","matched_gba":true},"geometry":{"type":"Point","coordinates":[85.18323245,27.96976225]}},{"type":"Feature","properties":{"grade":"Destroyed","aoi":"AOI03","matched_gba":true},"geometry":{"type":"Point","coordinates":[85.18376426,27.96958493]}},{"type":"Feature","properties":{"grade":"Destroyed","aoi":"AOI03","matched_gba":true},"geometry":{"type":"Point","coordinates":[85.18357105,27.96961455]}},{"type":"Feature","properties":{"grade":"Destroyed","aoi":"AOI03","matched_gba":true},"geometry":{"type":"Point","coordinates":[85.18428153,27.96966001]}},{"type":"Feature","properties":{"grade":"Destroyed","aoi":"AOI03","matched_gba":true},"geometry":{"type":"Point","coordinates":[85.18418025,27.9696652]}},{"type":"Feature","properties":{"grade":"Destroyed","aoi":"AOI03","matched_gba":true},"geometry":{"type":"Point","coordinates":[85.18394648,27.96967434]}},{"type":"Feature","properties":{"grade":"Destroyed","aoi":"AOI03","matched_gba":true},"geometry":{"type":"Point","coordinates":[85.1837736,27.96974265]}},{"type":"Feature","properties":{"grade":"Destroyed","aoi":"AOI03","matched_gba":true},"geometry":{"type":"Point","coordinates":[85.18475234,27.96974297]}},{"type":"Feature","properties":{"grade":"Destroyed","aoi":"AOI03","matched_gba":true},"geometry":{"type":"Point","coordinates":[85.18443958,27.96977192]}},{"type":"Feature","properties":{"grade":"Destroyed","aoi":"AOI03","matched_gba":true},"geometry":{"type":"Point","coordinates":[85.1842263,27.9697738]}},{"type":"Feature","properties":{"grade":"Destroyed","aoi":"AOI03","matched_gba":true},"geometry":{"type":"Point","coordinates":[85.1837563,27.96982595]}},{"type":"Feature","properties":{"grade":"Destroyed","aoi":"AOI03","matched_gba":true},"geometry":{"type":"Point","coordinates":[85.18478583,27.9698726]}},{"type":"Feature","properties":{"grade":"Destroyed","aoi":"AOI03","matched_gba":true},"geometry":{"type":"Point","coordinates":[85.18430864,27.96989194]}},{"type":"Feature","properties":{"grade":"Destroyed","aoi":"AOI03","matched_gba":true},"geometry":{"type":"Point","coordinates":[85.184916,27.96996721]}},{"type":"Feature","properties":{"grade":"Destroyed","aoi":"AOI03","matched_gba":true},"geometry":{"type":"Point","coordinates":[85.18370603,27.969989]}},{"type":"Feature","properties":{"grade":"Destroyed","aoi":"AOI03","matched_gba":true},"geometry":{"type":"Point","coordinates":[85.1850085,27.9700366]}},{"type":"Feature","properties":{"grade":"Destroyed","aoi":"AOI03","matched_gba":true},"geometry":{"type":"Point","coordinates":[85.18491402,27.9700439]}},{"type":"Feature","properties":{"grade":"Destroyed","aoi":"AOI03","matched_gba":false},"geometry":{"type":"Point","coordinates":[85.18432432,27.97005777]}},{"type":"Feature","properties":{"grade":"Destroyed","aoi":"AOI03","matched_gba":true},"geometry":{"type":"Point","coordinates":[85.1845304,27.9700598]}},{"type":"Feature","properties":{"grade":"Destroyed","aoi":"AOI03","matched_gba":false},"geometry":{"type":"Point","coordinates":[85.18369408,27.9700623]}},{"type":"Feature","properties":{"grade":"Destroyed","aoi":"AOI03","matched_gba":false},"geometry":{"type":"Point","coordinates":[85.18397849,27.97009749]}},{"type":"Feature","properties":{"grade":"Destroyed","aoi":"AOI03","matched_gba":false},"geometry":{"type":"Point","coordinates":[85.18273563,27.96977811]}},{"type":"Feature","properties":{"grade":"Destroyed","aoi":"AOI03","matched_gba":true},"geometry":{"type":"Point","coordinates":[85.18355591,27.96978853]}},{"type":"Feature","properties":{"grade":"Destroyed","aoi":"AOI03","matched_gba":false},"geometry":{"type":"Point","coordinates":[85.18317718,27.96989591]}},{"type":"Feature","properties":{"grade":"Possibly damaged","aoi":"AOI03","matched_gba":false},"geometry":{"type":"Point","coordinates":[85.17760702,27.96991444]}},{"type":"Feature","properties":{"grade":"Destroyed","aoi":"AOI03","matched_gba":true},"geometry":{"type":"Point","coordinates":[85.18328301,27.97000338]}},{"type":"Feature","properties":{"grade":"Destroyed","aoi":"AOI03","matched_gba":false},"geometry":{"type":"Point","coordinates":[85.18340378,27.97000599]}},{"type":"Feature","properties":{"grade":"Possibly damaged","aoi":"AOI03","matched_gba":false},"geometry":{"type":"Point","coordinates":[85.17999798,27.97057453]}},{"type":"Feature","properties":{"grade":"Possibly damaged","aoi":"AOI03","matched_gba":false},"geometry":{"type":"Point","coordinates":[85.18006083,27.97061441]}},{"type":"Feature","properties":{"grade":"Possibly damaged","aoi":"AOI03","matched_gba":false},"geometry":{"type":"Point","coordinates":[85.18014591,27.97071414]}},{"type":"Feature","properties":{"grade":"Destroyed","aoi":"AOI03","matched_gba":false},"geometry":{"type":"Point","coordinates":[85.18037988,27.97072369]}},{"type":"Feature","properties":{"grade":"Destroyed","aoi":"AOI03","matched_gba":false},"geometry":{"type":"Point","coordinates":[85.18504155,27.97039545]}},{"type":"Feature","properties":{"grade":"Destroyed","aoi":"AOI03","matched_gba":true},"geometry":{"type":"Point","coordinates":[85.18496385,27.9704609]}},{"type":"Feature","properties":{"grade":"Destroyed","aoi":"AOI03","matched_gba":true},"geometry":{"type":"Point","coordinates":[85.1850628,27.9704728]}},{"type":"Feature","properties":{"grade":"Destroyed","aoi":"AOI03","matched_gba":false},"geometry":{"type":"Point","coordinates":[85.18456865,27.9705307]}},{"type":"Feature","properties":{"grade":"Destroyed","aoi":"AOI03","matched_gba":true},"geometry":{"type":"Point","coordinates":[85.18449305,27.9705327]}},{"type":"Feature","properties":{"grade":"Destroyed","aoi":"AOI03","matched_gba":true},"geometry":{"type":"Point","coordinates":[85.18498681,27.97055722]}},{"type":"Feature","properties":{"grade":"Destroyed","aoi":"AOI03","matched_gba":true},"geometry":{"type":"Point","coordinates":[85.18444037,27.97056144]}},{"type":"Feature","properties":{"grade":"Destroyed","aoi":"AOI03","matched_gba":true},"geometry":{"type":"Point","coordinates":[85.18465742,27.97061078]}},{"type":"Feature","properties":{"grade":"Destroyed","aoi":"AOI03","matched_gba":true},"geometry":{"type":"Point","coordinates":[85.18434755,27.97062465]}},{"type":"Feature","properties":{"grade":"Destroyed","aoi":"AOI03","matched_gba":false},"geometry":{"type":"Point","coordinates":[85.1846327,27.97068535]}},{"type":"Feature","properties":{"grade":"Destroyed","aoi":"AOI03","matched_gba":true},"geometry":{"type":"Point","coordinates":[85.1851711,27.97047125]}},{"type":"Feature","properties":{"grade":"Destroyed","aoi":"AOI03","matched_gba":true},"geometry":{"type":"Point","coordinates":[85.18520567,27.97062642]}},{"type":"Feature","properties":{"grade":"Destroyed","aoi":"AOI03","matched_gba":true},"geometry":{"type":"Point","coordinates":[85.18509625,27.9706637]}},{"type":"Feature","properties":{"grade":"Destroyed","aoi":"AOI03","matched_gba":true},"geometry":{"type":"Point","coordinates":[85.18578544,27.97070727]}},{"type":"Feature","properties":{"grade":"Destroyed","aoi":"AOI03","matched_gba":true},"geometry":{"type":"Point","coordinates":[85.18511015,27.97072645]}},{"type":"Feature","properties":{"grade":"Destroyed","aoi":"AOI03","matched_gba":false},"geometry":{"type":"Point","coordinates":[85.18620534,27.97073437]}},{"type":"Feature","properties":{"grade":"Destroyed","aoi":"AOI03","matched_gba":true},"geometry":{"type":"Point","coordinates":[85.18521622,27.97078233]}},{"type":"Feature","properties":{"grade":"Destroyed","aoi":"AOI03","matched_gba":false},"geometry":{"type":"Point","coordinates":[85.1851435,27.9707939]}},{"type":"Feature","properties":{"grade":"Destroyed","aoi":"AOI03","matched_gba":false},"geometry":{"type":"Point","coordinates":[85.18543423,27.9708826]}},{"type":"Feature","properties":{"grade":"Destroyed","aoi":"AOI03","matched_gba":true},"geometry":{"type":"Point","coordinates":[85.18526997,27.97091508]}},{"type":"Feature","properties":{"grade":"Destroyed","aoi":"AOI03","matched_gba":false},"geometry":{"type":"Point","coordinates":[85.18471931,27.97069532]}},{"type":"Feature","properties":{"grade":"Destroyed","aoi":"AOI03","matched_gba":true},"geometry":{"type":"Point","coordinates":[85.18481868,27.97072041]}},{"type":"Feature","properties":{"grade":"Destroyed","aoi":"AOI03","matched_gba":true},"geometry":{"type":"Point","coordinates":[85.18438935,27.97078085]}},{"type":"Feature","properties":{"grade":"Destroyed","aoi":"AOI03","matched_gba":true},"geometry":{"type":"Point","coordinates":[85.18447615,27.97078085]}},{"type":"Feature","properties":{"grade":"Destroyed","aoi":"AOI03","matched_gba":true},"geometry":{"type":"Point","coordinates":[85.18462694,27.97082628]}},{"type":"Feature","properties":{"grade":"Destroyed","aoi":"AOI03","matched_gba":true},"geometry":{"type":"Point","coordinates":[85.18476357,27.97086049]}},{"type":"Feature","properties":{"grade":"Destroyed","aoi":"AOI03","matched_gba":true},"geometry":{"type":"Point","coordinates":[85.18451714,27.97093131]}},{"type":"Feature","properties":{"grade":"Destroyed","aoi":"AOI03","matched_gba":true},"geometry":{"type":"Point","coordinates":[85.18488505,27.9709451]}},{"type":"Feature","properties":{"grade":"Destroyed","aoi":"AOI03","matched_gba":true},"geometry":{"type":"Point","coordinates":[85.18493507,27.97102224]}},{"type":"Feature","properties":{"grade":"Destroyed","aoi":"AOI03","matched_gba":true},"geometry":{"type":"Point","coordinates":[85.18477771,27.97103543]}},{"type":"Feature","properties":{"grade":"Destroyed","aoi":"AOI03","matched_gba":false},"geometry":{"type":"Point","coordinates":[85.18527385,27.970978]}},{"type":"Feature","properties":{"grade":"Destroyed","aoi":"AOI03","matched_gba":true},"geometry":{"type":"Point","coordinates":[85.18516485,27.9709934]}},{"type":"Feature","properties":{"grade":"Destroyed","aoi":"AOI03","matched_gba":true},"geometry":{"type":"Point","coordinates":[85.18521195,27.9710351]}},{"type":"Feature","properties":{"grade":"Destroyed","aoi":"AOI03","matched_gba":true},"geometry":{"type":"Point","coordinates":[85.18541542,27.97122882]}},{"type":"Feature","properties":{"grade":"Destroyed","aoi":"AOI03","matched_gba":true},"geometry":{"type":"Point","coordinates":[85.1853416,27.9713101]}},{"type":"Feature","properties":{"grade":"Destroyed","aoi":"AOI03","matched_gba":true},"geometry":{"type":"Point","coordinates":[85.1854359,27.971347]}},{"type":"Feature","properties":{"grade":"Destroyed","aoi":"AOI03","matched_gba":true},"geometry":{"type":"Point","coordinates":[85.1854069,27.97141835]}},{"type":"Feature","properties":{"grade":"Destroyed","aoi":"AOI03","matched_gba":true},"geometry":{"type":"Point","coordinates":[85.18562235,27.971424]}},{"type":"Feature","properties":{"grade":"Destroyed","aoi":"AOI03","matched_gba":true},"geometry":{"type":"Point","coordinates":[85.1854037,27.97152895]}},{"type":"Feature","properties":{"grade":"Destroyed","aoi":"AOI03","matched_gba":true},"geometry":{"type":"Point","coordinates":[85.1855044,27.97179605]}},{"type":"Feature","properties":{"grade":"Destroyed","aoi":"AOI03","matched_gba":false},"geometry":{"type":"Point","coordinates":[85.18509074,27.97181727]}},{"type":"Feature","properties":{"grade":"Destroyed","aoi":"AOI03","matched_gba":true},"geometry":{"type":"Point","coordinates":[85.1856095,27.97185592]}},{"type":"Feature","properties":{"grade":"Destroyed","aoi":"AOI03","matched_gba":true},"geometry":{"type":"Point","coordinates":[85.18568475,27.97190575]}},{"type":"Feature","properties":{"grade":"Destroyed","aoi":"AOI03","matched_gba":false},"geometry":{"type":"Point","coordinates":[85.18524455,27.97191835]}},{"type":"Feature","properties":{"grade":"Destroyed","aoi":"AOI03","matched_gba":true},"geometry":{"type":"Point","coordinates":[85.18557405,27.9720013]}},{"type":"Feature","properties":{"grade":"Destroyed","aoi":"AOI03","matched_gba":true},"geometry":{"type":"Point","coordinates":[85.18520274,27.97200523]}},{"type":"Feature","properties":{"grade":"Destroyed","aoi":"AOI03","matched_gba":true},"geometry":{"type":"Point","coordinates":[85.18566795,27.97202175]}},{"type":"Feature","properties":{"grade":"Destroyed","aoi":"AOI03","matched_gba":false},"geometry":{"type":"Point","coordinates":[85.18572705,27.97206945]}},{"type":"Feature","properties":{"grade":"Destroyed","aoi":"AOI03","matched_gba":true},"geometry":{"type":"Point","coordinates":[85.18515492,27.97211371]}},{"type":"Feature","properties":{"grade":"Destroyed","aoi":"AOI03","matched_gba":true},"geometry":{"type":"Point","coordinates":[85.18572675,27.97213595]}},{"type":"Feature","properties":{"grade":"Destroyed","aoi":"AOI03","matched_gba":true},"geometry":{"type":"Point","coordinates":[85.18487575,27.9711718]}},{"type":"Feature","properties":{"grade":"Destroyed","aoi":"AOI03","matched_gba":true},"geometry":{"type":"Point","coordinates":[85.18498513,27.97123076]}},{"type":"Feature","properties":{"grade":"Destroyed","aoi":"AOI03","matched_gba":true},"geometry":{"type":"Point","coordinates":[85.1850273,27.97159835]}},{"type":"Feature","properties":{"grade":"Destroyed","aoi":"AOI03","matched_gba":true},"geometry":{"type":"Point","coordinates":[85.18500157,27.97170134]}},{"type":"Feature","properties":{"grade":"Destroyed","aoi":"AOI03","matched_gba":true},"geometry":{"type":"Point","coordinates":[85.1850349,27.97203205]}},{"type":"Feature","properties":{"grade":"Destroyed","aoi":"AOI03","matched_gba":false},"geometry":{"type":"Point","coordinates":[85.18399065,27.97204017]}},{"type":"Feature","properties":{"grade":"Destroyed","aoi":"AOI03","matched_gba":false},"geometry":{"type":"Point","coordinates":[85.18399707,27.97213002]}},{"type":"Feature","properties":{"grade":"Destroyed","aoi":"AOI03","matched_gba":false},"geometry":{"type":"Point","coordinates":[85.1849926,27.97214673]}},{"type":"Feature","properties":{"grade":"Destroyed","aoi":"AOI03","matched_gba":true},"geometry":{"type":"Point","coordinates":[85.18488705,27.9722238]}},{"type":"Feature","properties":{"grade":"Destroyed","aoi":"AOI03","matched_gba":true},"geometry":{"type":"Point","coordinates":[85.1845897,27.97285332]}},{"type":"Feature","properties":{"grade":"Destroyed","aoi":"AOI03","matched_gba":false},"geometry":{"type":"Point","coordinates":[85.18513909,27.97222556]}},{"type":"Feature","properties":{"grade":"Destroyed","aoi":"AOI03","matched_gba":false},"geometry":{"type":"Point","coordinates":[85.18541462,27.97231395]}},{"type":"Feature","properties":{"grade":"Destroyed","aoi":"AOI03","matched_gba":true},"geometry":{"type":"Point","coordinates":[85.18529883,27.97232775]}},{"type":"Feature","properties":{"grade":"Destroyed","aoi":"AOI03","matched_gba":true},"geometry":{"type":"Point","coordinates":[85.1851905,27.9723832]}},{"type":"Feature","properties":{"grade":"Destroyed","aoi":"AOI03","matched_gba":true},"geometry":{"type":"Point","coordinates":[85.18571915,27.9724395]}},{"type":"Feature","properties":{"grade":"Destroyed","aoi":"AOI03","matched_gba":true},"geometry":{"type":"Point","coordinates":[85.18535119,27.97249582]}},{"type":"Feature","properties":{"grade":"Destroyed","aoi":"AOI03","matched_gba":false},"geometry":{"type":"Point","coordinates":[85.18577004,27.97251273]}},{"type":"Feature","properties":{"grade":"Destroyed","aoi":"AOI03","matched_gba":true},"geometry":{"type":"Point","coordinates":[85.18523974,27.97260393]}},{"type":"Feature","properties":{"grade":"Destroyed","aoi":"AOI03","matched_gba":true},"geometry":{"type":"Point","coordinates":[85.1857824,27.9726106]}},{"type":"Feature","properties":{"grade":"Destroyed","aoi":"AOI03","matched_gba":true},"geometry":{"type":"Point","coordinates":[85.18546536,27.97261074]}},{"type":"Feature","properties":{"grade":"Destroyed","aoi":"AOI03","matched_gba":true},"geometry":{"type":"Point","coordinates":[85.18535933,27.97274586]}},{"type":"Feature","properties":{"grade":"Destroyed","aoi":"AOI03","matched_gba":true},"geometry":{"type":"Point","coordinates":[85.18528081,27.97277532]}},{"type":"Feature","properties":{"grade":"Destroyed","aoi":"AOI03","matched_gba":true},"geometry":{"type":"Point","coordinates":[85.18512535,27.9729548]}},{"type":"Feature","properties":{"grade":"Destroyed","aoi":"AOI03","matched_gba":true},"geometry":{"type":"Point","coordinates":[85.18549721,27.97296363]}},{"type":"Feature","properties":{"grade":"Destroyed","aoi":"AOI03","matched_gba":true},"geometry":{"type":"Point","coordinates":[85.18558809,27.97297998]}},{"type":"Feature","properties":{"grade":"Destroyed","aoi":"AOI03","matched_gba":true},"geometry":{"type":"Point","coordinates":[85.18542765,27.97298215]}},{"type":"Feature","properties":{"grade":"Destroyed","aoi":"AOI03","matched_gba":true},"geometry":{"type":"Point","coordinates":[85.18530459,27.97301115]}},{"type":"Feature","properties":{"grade":"Destroyed","aoi":"AOI03","matched_gba":true},"geometry":{"type":"Point","coordinates":[85.1855177,27.9730499]}},{"type":"Feature","properties":{"grade":"Destroyed","aoi":"AOI03","matched_gba":true},"geometry":{"type":"Point","coordinates":[85.18553018,27.9730996]}},{"type":"Feature","properties":{"grade":"Destroyed","aoi":"AOI03","matched_gba":true},"geometry":{"type":"Point","coordinates":[85.18564648,27.97310351]}},{"type":"Feature","properties":{"grade":"Destroyed","aoi":"AOI03","matched_gba":true},"geometry":{"type":"Point","coordinates":[85.18557775,27.9731707]}},{"type":"Feature","properties":{"grade":"Destroyed","aoi":"AOI03","matched_gba":true},"geometry":{"type":"Point","coordinates":[85.18556795,27.97323625]}},{"type":"Feature","properties":{"grade":"Destroyed","aoi":"AOI03","matched_gba":true},"geometry":{"type":"Point","coordinates":[85.18558455,27.9733212]}},{"type":"Feature","properties":{"grade":"Destroyed","aoi":"AOI03","matched_gba":true},"geometry":{"type":"Point","coordinates":[85.18563875,27.97338]}},{"type":"Feature","properties":{"grade":"Destroyed","aoi":"AOI03","matched_gba":true},"geometry":{"type":"Point","coordinates":[85.18609437,27.97338128]}},{"type":"Feature","properties":{"grade":"Destroyed","aoi":"AOI03","matched_gba":false},"geometry":{"type":"Point","coordinates":[85.18731472,27.973466]}},{"type":"Feature","properties":{"grade":"Destroyed","aoi":"AOI03","matched_gba":true},"geometry":{"type":"Point","coordinates":[85.18575271,27.97346947]}},{"type":"Feature","properties":{"grade":"Destroyed","aoi":"AOI03","matched_gba":true},"geometry":{"type":"Point","coordinates":[85.18609056,27.97347714]}},{"type":"Feature","properties":{"grade":"Destroyed","aoi":"AOI03","matched_gba":true},"geometry":{"type":"Point","coordinates":[85.18570845,27.97353175]}},{"type":"Feature","properties":{"grade":"Destroyed","aoi":"AOI03","matched_gba":true},"geometry":{"type":"Point","coordinates":[85.1857803,27.97353515]}},{"type":"Feature","properties":{"grade":"Destroyed","aoi":"AOI03","matched_gba":false},"geometry":{"type":"Point","coordinates":[85.18725382,27.97353969]}},{"type":"Feature","properties":{"grade":"Destroyed","aoi":"AOI03","matched_gba":false},"geometry":{"type":"Point","coordinates":[85.18556943,27.97355219]}},{"type":"Feature","properties":{"grade":"Destroyed","aoi":"AOI03","matched_gba":true},"geometry":{"type":"Point","coordinates":[85.18740708,27.97357244]}},{"type":"Feature","properties":{"grade":"Destroyed","aoi":"AOI03","matched_gba":false},"geometry":{"type":"Point","coordinates":[85.18726963,27.97358391]}},{"type":"Feature","properties":{"grade":"Destroyed","aoi":"AOI03","matched_gba":true},"geometry":{"type":"Point","coordinates":[85.18537655,27.97358593]}},{"type":"Feature","properties":{"grade":"Destroyed","aoi":"AOI03","matched_gba":true},"geometry":{"type":"Point","coordinates":[85.18556809,27.97363998]}},{"type":"Feature","properties":{"grade":"Destroyed","aoi":"AOI03","matched_gba":true},"geometry":{"type":"Point","coordinates":[85.18580888,27.97366336]}},{"type":"Feature","properties":{"grade":"Destroyed","aoi":"AOI03","matched_gba":true},"geometry":{"type":"Point","coordinates":[85.18568649,27.97366508]}},{"type":"Feature","properties":{"grade":"Destroyed","aoi":"AOI03","matched_gba":false},"geometry":{"type":"Point","coordinates":[85.18717612,27.97366924]}},{"type":"Feature","properties":{"grade":"Destroyed","aoi":"AOI03","matched_gba":true},"geometry":{"type":"Point","coordinates":[85.18524645,27.97369165]}},{"type":"Feature","properties":{"grade":"Destroyed","aoi":"AOI03","matched_gba":true},"geometry":{"type":"Point","coordinates":[85.18568353,27.9736985]}},{"type":"Feature","properties":{"grade":"Destroyed","aoi":"AOI03","matched_gba":true},"geometry":{"type":"Point","coordinates":[85.1854307,27.97371235]}},{"type":"Feature","properties":{"grade":"Destroyed","aoi":"AOI03","matched_gba":true},"geometry":{"type":"Point","coordinates":[85.18552625,27.9737255]}},{"type":"Feature","properties":{"grade":"Destroyed","aoi":"AOI03","matched_gba":true},"geometry":{"type":"Point","coordinates":[85.18578718,27.97374546]}},{"type":"Feature","properties":{"grade":"Destroyed","aoi":"AOI03","matched_gba":false},"geometry":{"type":"Point","coordinates":[85.18712906,27.97374963]}},{"type":"Feature","properties":{"grade":"Destroyed","aoi":"AOI03","matched_gba":false},"geometry":{"type":"Point","coordinates":[85.18586995,27.97375185]}},{"type":"Feature","properties":{"grade":"Destroyed","aoi":"AOI03","matched_gba":false},"geometry":{"type":"Point","coordinates":[85.1856711,27.9737535]}},{"type":"Feature","properties":{"grade":"Destroyed","aoi":"AOI03","matched_gba":false},"geometry":{"type":"Point","coordinates":[85.18526466,27.97376168]}},{"type":"Feature","properties":{"grade":"Destroyed","aoi":"AOI03","matched_gba":false},"geometry":{"type":"Point","coordinates":[85.18532324,27.97378001]}},{"type":"Feature","properties":{"grade":"Destroyed","aoi":"AOI03","matched_gba":false},"geometry":{"type":"Point","coordinates":[85.1854453,27.9737886]}},{"type":"Feature","properties":{"grade":"Destroyed","aoi":"AOI03","matched_gba":true},"geometry":{"type":"Point","coordinates":[85.18554232,27.97380351]}},{"type":"Feature","properties":{"grade":"Damaged","aoi":"AOI03","matched_gba":false},"geometry":{"type":"Point","coordinates":[85.18671995,27.97382902]}},{"type":"Feature","properties":{"grade":"Destroyed","aoi":"AOI03","matched_gba":true},"geometry":{"type":"Point","coordinates":[85.18577215,27.9738298]}},{"type":"Feature","properties":{"grade":"Destroyed","aoi":"AOI03","matched_gba":true},"geometry":{"type":"Point","coordinates":[85.18541548,27.97383834]}},{"type":"Feature","properties":{"grade":"Damaged","aoi":"AOI03","matched_gba":true},"geometry":{"type":"Point","coordinates":[85.18725118,27.97384549]}},{"type":"Feature","properties":{"grade":"Destroyed","aoi":"AOI03","matched_gba":false},"geometry":{"type":"Point","coordinates":[85.18707369,27.97385266]}},{"type":"Feature","properties":{"grade":"Destroyed","aoi":"AOI03","matched_gba":true},"geometry":{"type":"Point","coordinates":[85.18561187,27.97386646]}},{"type":"Feature","properties":{"grade":"Destroyed","aoi":"AOI03","matched_gba":true},"geometry":{"type":"Point","coordinates":[85.18547259,27.97388327]}},{"type":"Feature","properties":{"grade":"Destroyed","aoi":"AOI03","matched_gba":true},"geometry":{"type":"Point","coordinates":[85.18567939,27.97389997]}},{"type":"Feature","properties":{"grade":"Destroyed","aoi":"AOI03","matched_gba":true},"geometry":{"type":"Point","coordinates":[85.18561205,27.9739023]}},{"type":"Feature","properties":{"grade":"Destroyed","aoi":"AOI03","matched_gba":true},"geometry":{"type":"Point","coordinates":[85.1855443,27.97391537]}},{"type":"Feature","properties":{"grade":"Destroyed","aoi":"AOI03","matched_gba":false},"geometry":{"type":"Point","coordinates":[85.18705064,27.97391967]}},{"type":"Feature","properties":{"grade":"Destroyed","aoi":"AOI03","matched_gba":true},"geometry":{"type":"Point","coordinates":[85.18580338,27.97392234]}},{"type":"Feature","properties":{"grade":"Destroyed","aoi":"AOI03","matched_gba":true},"geometry":{"type":"Point","coordinates":[85.18598858,27.97393915]}},{"type":"Feature","properties":{"grade":"Destroyed","aoi":"AOI03","matched_gba":true},"geometry":{"type":"Point","coordinates":[85.18614738,27.9739392]}},{"type":"Feature","properties":{"grade":"Destroyed","aoi":"AOI03","matched_gba":false},"geometry":{"type":"Point","coordinates":[85.18716794,27.9739457]}},{"type":"Feature","properties":{"grade":"Destroyed","aoi":"AOI03","matched_gba":true},"geometry":{"type":"Point","coordinates":[85.18611334,27.97399966]}},{"type":"Feature","properties":{"grade":"Damaged","aoi":"AOI03","matched_gba":false},"geometry":{"type":"Point","coordinates":[85.18701419,27.97401188]}},{"type":"Feature","properties":{"grade":"Destroyed","aoi":"AOI03","matched_gba":true},"geometry":{"type":"Point","coordinates":[85.18627559,27.97401406]}},{"type":"Feature","properties":{"grade":"Destroyed","aoi":"AOI03","matched_gba":true},"geometry":{"type":"Point","coordinates":[85.18638212,27.97403231]}},{"type":"Feature","properties":{"grade":"Destroyed","aoi":"AOI03","matched_gba":true},"geometry":{"type":"Point","coordinates":[85.18422667,27.97383396]}},{"type":"Feature","properties":{"grade":"Destroyed","aoi":"AOI03","matched_gba":false},"geometry":{"type":"Point","coordinates":[85.18365837,27.97386184]}},{"type":"Feature","properties":{"grade":"Destroyed","aoi":"AOI03","matched_gba":true},"geometry":{"type":"Point","coordinates":[85.18419305,27.97395325]}},{"type":"Feature","properties":{"grade":"Destroyed","aoi":"AOI03","matched_gba":false},"geometry":{"type":"Point","coordinates":[85.18445464,27.97407722]}},{"type":"Feature","properties":{"grade":"Destroyed","aoi":"AOI03","matched_gba":true},"geometry":{"type":"Point","coordinates":[85.18372523,27.97432455]}},{"type":"Feature","properties":{"grade":"Destroyed","aoi":"AOI03","matched_gba":true},"geometry":{"type":"Point","coordinates":[85.18387327,27.974439]}},{"type":"Feature","properties":{"grade":"Destroyed","aoi":"AOI03","matched_gba":true},"geometry":{"type":"Point","coordinates":[85.18416133,27.97447415]}},{"type":"Feature","properties":{"grade":"Destroyed","aoi":"AOI03","matched_gba":true},"geometry":{"type":"Point","coordinates":[85.1838488,27.97449555]}},{"type":"Feature","properties":{"grade":"Destroyed","aoi":"AOI03","matched_gba":true},"geometry":{"type":"Point","coordinates":[85.18502773,27.97450901]}},{"type":"Feature","properties":{"grade":"Destroyed","aoi":"AOI03","matched_gba":true},"geometry":{"type":"Point","coordinates":[85.18483798,27.97451885]}},{"type":"Feature","properties":{"grade":"Damaged","aoi":"AOI03","matched_gba":true},"geometry":{"type":"Point","coordinates":[85.18713632,27.97404525]}},{"type":"Feature","properties":{"grade":"Destroyed","aoi":"AOI03","matched_gba":false},"geometry":{"type":"Point","coordinates":[85.18688707,27.9742042]}},{"type":"Feature","properties":{"grade":"Destroyed","aoi":"AOI03","matched_gba":true},"geometry":{"type":"Point","coordinates":[85.18531737,27.97444935]}},{"type":"Feature","properties":{"grade":"Destroyed","aoi":"AOI03","matched_gba":true},"geometry":{"type":"Point","coordinates":[85.18552041,27.97452148]}},{"type":"Feature","properties":{"grade":"Destroyed","aoi":"AOI03","matched_gba":true},"geometry":{"type":"Point","coordinates":[85.1852717,27.97453175]}},{"type":"Feature","properties":{"grade":"Destroyed","aoi":"AOI03","matched_gba":false},"geometry":{"type":"Point","coordinates":[85.18535525,27.9745746]}},{"type":"Feature","properties":{"grade":"Destroyed","aoi":"AOI03","matched_gba":false},"geometry":{"type":"Point","coordinates":[85.18544172,27.97462805]}},{"type":"Feature","properties":{"grade":"Destroyed","aoi":"AOI03","matched_gba":false},"geometry":{"type":"Point","coordinates":[85.18700926,27.97462877]}},{"type":"Feature","properties":{"grade":"Destroyed","aoi":"AOI03","matched_gba":true},"geometry":{"type":"Point","coordinates":[85.18581163,27.97464701]}},{"type":"Feature","properties":{"grade":"Destroyed","aoi":"AOI03","matched_gba":true},"geometry":{"type":"Point","coordinates":[85.18570383,27.97467455]}},{"type":"Feature","properties":{"grade":"Destroyed","aoi":"AOI03","matched_gba":true},"geometry":{"type":"Point","coordinates":[85.18496044,27.97452358]}},{"type":"Feature","properties":{"grade":"Destroyed","aoi":"AOI03","matched_gba":true},"geometry":{"type":"Point","coordinates":[85.18454267,27.97453345]}},{"type":"Feature","properties":{"grade":"Destroyed","aoi":"AOI03","matched_gba":false},"geometry":{"type":"Point","coordinates":[85.1844146,27.97454072]}},{"type":"Feature","properties":{"grade":"Destroyed","aoi":"AOI03","matched_gba":true},"geometry":{"type":"Point","coordinates":[85.18406785,27.97454385]}},{"type":"Feature","properties":{"grade":"Destroyed","aoi":"AOI03","matched_gba":true},"geometry":{"type":"Point","coordinates":[85.1842805,27.974561]}},{"type":"Feature","properties":{"grade":"Destroyed","aoi":"AOI03","matched_gba":false},"geometry":{"type":"Point","coordinates":[85.18385155,27.97456327]}},{"type":"Feature","properties":{"grade":"Destroyed","aoi":"AOI03","matched_gba":true},"geometry":{"type":"Point","coordinates":[85.18391525,27.97456735]}},{"type":"Feature","properties":{"grade":"Destroyed","aoi":"AOI03","matched_gba":false},"geometry":{"type":"Point","coordinates":[85.18468884,27.97459555]}},{"type":"Feature","properties":{"grade":"Destroyed","aoi":"AOI03","matched_gba":true},"geometry":{"type":"Point","coordinates":[85.18446941,27.97459799]}},{"type":"Feature","properties":{"grade":"Destroyed","aoi":"AOI03","matched_gba":true},"geometry":{"type":"Point","coordinates":[85.18418937,27.9746051]}},{"type":"Feature","properties":{"grade":"Destroyed","aoi":"AOI03","matched_gba":true},"geometry":{"type":"Point","coordinates":[85.1839922,27.9746115]}},{"type":"Feature","properties":{"grade":"Destroyed","aoi":"AOI03","matched_gba":true},"geometry":{"type":"Point","coordinates":[85.18477242,27.97461175]}},{"type":"Feature","properties":{"grade":"Destroyed","aoi":"AOI03","matched_gba":true},"geometry":{"type":"Point","coordinates":[85.1846217,27.9746307]}},{"type":"Feature","properties":{"grade":"Destroyed","aoi":"AOI03","matched_gba":true},"geometry":{"type":"Point","coordinates":[85.18389497,27.97463652]}},{"type":"Feature","properties":{"grade":"Destroyed","aoi":"AOI03","matched_gba":true},"geometry":{"type":"Point","coordinates":[85.18501851,27.9746647]}},{"type":"Feature","properties":{"grade":"Destroyed","aoi":"AOI03","matched_gba":false},"geometry":{"type":"Point","coordinates":[85.18439896,27.97468934]}},{"type":"Feature","properties":{"grade":"Destroyed","aoi":"AOI03","matched_gba":false},"geometry":{"type":"Point","coordinates":[85.184572,27.97470069]}},{"type":"Feature","properties":{"grade":"Destroyed","aoi":"AOI03","matched_gba":false},"geometry":{"type":"Point","coordinates":[85.18413903,27.97470279]}},{"type":"Feature","properties":{"grade":"Destroyed","aoi":"AOI03","matched_gba":true},"geometry":{"type":"Point","coordinates":[85.18428065,27.9747077]}},{"type":"Feature","properties":{"grade":"Destroyed","aoi":"AOI03","matched_gba":false},"geometry":{"type":"Point","coordinates":[85.18485565,27.97472375]}},{"type":"Feature","properties":{"grade":"Destroyed","aoi":"AOI03","matched_gba":true},"geometry":{"type":"Point","coordinates":[85.18587045,27.9747142]}},{"type":"Feature","properties":{"grade":"Destroyed","aoi":"AOI03","matched_gba":true},"geometry":{"type":"Point","coordinates":[85.1854177,27.97474455]}},{"type":"Feature","properties":{"grade":"Destroyed","aoi":"AOI03","matched_gba":true},"geometry":{"type":"Point","coordinates":[85.18567519,27.97475605]}},{"type":"Feature","properties":{"grade":"Destroyed","aoi":"AOI03","matched_gba":false},"geometry":{"type":"Point","coordinates":[85.18585265,27.97479172]}},{"type":"Feature","properties":{"grade":"Destroyed","aoi":"AOI03","matched_gba":true},"geometry":{"type":"Point","coordinates":[85.1856427,27.974819]}},{"type":"Feature","properties":{"grade":"Destroyed","aoi":"AOI03","matched_gba":true},"geometry":{"type":"Point","coordinates":[85.18525758,27.97482393]}},{"type":"Feature","properties":{"grade":"Destroyed","aoi":"AOI03","matched_gba":false},"geometry":{"type":"Point","coordinates":[85.18512813,27.97482687]}},{"type":"Feature","properties":{"grade":"Destroyed","aoi":"AOI03","matched_gba":true},"geometry":{"type":"Point","coordinates":[85.18583765,27.9749534]}},{"type":"Feature","properties":{"grade":"Destroyed","aoi":"AOI03","matched_gba":true},"geometry":{"type":"Point","coordinates":[85.18545127,27.97510435]}},{"type":"Feature","properties":{"grade":"Destroyed","aoi":"AOI03","matched_gba":false},"geometry":{"type":"Point","coordinates":[85.18559285,27.97511873]}},{"type":"Feature","properties":{"grade":"Possibly damaged","aoi":"AOI03","matched_gba":false},"geometry":{"type":"Point","coordinates":[85.18004568,27.97084871]}},{"type":"Feature","properties":{"grade":"Destroyed","aoi":"AOI03","matched_gba":false},"geometry":{"type":"Point","coordinates":[85.18342666,27.97148433]}},{"type":"Feature","properties":{"grade":"Destroyed","aoi":"AOI03","matched_gba":false},"geometry":{"type":"Point","coordinates":[85.18356932,27.97151713]}},{"type":"Feature","properties":{"grade":"Destroyed","aoi":"AOI03","matched_gba":false},"geometry":{"type":"Point","coordinates":[85.18333924,27.97188935]}},{"type":"Feature","properties":{"grade":"Destroyed","aoi":"AOI03","matched_gba":false},"geometry":{"type":"Point","coordinates":[85.18353865,27.97403965]}},{"type":"Feature","properties":{"grade":"Destroyed","aoi":"AOI03","matched_gba":true},"geometry":{"type":"Point","coordinates":[85.1834835,28.00340575]}},{"type":"Feature","properties":{"grade":"Destroyed","aoi":"AOI03","matched_gba":true},"geometry":{"type":"Point","coordinates":[85.18349115,28.0036971]}},{"type":"Feature","properties":{"grade":"Destroyed","aoi":"AOI03","matched_gba":true},"geometry":{"type":"Point","coordinates":[85.18328795,28.00459427]}},{"type":"Feature","properties":{"grade":"Destroyed","aoi":"AOI03","matched_gba":true},"geometry":{"type":"Point","coordinates":[85.18356092,28.00463446]}},{"type":"Feature","properties":{"grade":"Destroyed","aoi":"AOI03","matched_gba":true},"geometry":{"type":"Point","coordinates":[85.18338513,28.0047705]}},{"type":"Feature","properties":{"grade":"Destroyed","aoi":"AOI03","matched_gba":false},"geometry":{"type":"Point","coordinates":[85.18540443,27.97518224]}},{"type":"Feature","properties":{"grade":"Destroyed","aoi":"AOI03","matched_gba":false},"geometry":{"type":"Point","coordinates":[85.18564337,28.00025676]}},{"type":"Feature","properties":{"grade":"Destroyed","aoi":"AOI03","matched_gba":false},"geometry":{"type":"Point","coordinates":[85.18554341,28.00067735]}},{"type":"Feature","properties":{"grade":"Destroyed","aoi":"AOI03","matched_gba":true},"geometry":{"type":"Point","coordinates":[85.18537175,28.00089645]}},{"type":"Feature","properties":{"grade":"Destroyed","aoi":"AOI03","matched_gba":true},"geometry":{"type":"Point","coordinates":[85.18539683,28.00129806]}},{"type":"Feature","properties":{"grade":"Destroyed","aoi":"AOI03","matched_gba":true},"geometry":{"type":"Point","coordinates":[85.1852462,28.0013025]}},{"type":"Feature","properties":{"grade":"Destroyed","aoi":"AOI03","matched_gba":true},"geometry":{"type":"Point","coordinates":[85.18522138,28.00136948]}},{"type":"Feature","properties":{"grade":"Destroyed","aoi":"AOI03","matched_gba":true},"geometry":{"type":"Point","coordinates":[85.18523578,28.00142983]}},{"type":"Feature","properties":{"grade":"Destroyed","aoi":"AOI03","matched_gba":true},"geometry":{"type":"Point","coordinates":[85.18522005,28.0014945]}},{"type":"Feature","properties":{"grade":"Destroyed","aoi":"AOI03","matched_gba":true},"geometry":{"type":"Point","coordinates":[85.18521731,28.00157137]}},{"type":"Feature","properties":{"grade":"Destroyed","aoi":"AOI03","matched_gba":true},"geometry":{"type":"Point","coordinates":[85.18461238,27.97472767]}},{"type":"Feature","properties":{"grade":"Destroyed","aoi":"AOI03","matched_gba":false},"geometry":{"type":"Point","coordinates":[85.1843339,27.97473945]}},{"type":"Feature","properties":{"grade":"Destroyed","aoi":"AOI03","matched_gba":false},"geometry":{"type":"Point","coordinates":[85.1840596,27.9747571]}},{"type":"Feature","properties":{"grade":"Destroyed","aoi":"AOI03","matched_gba":true},"geometry":{"type":"Point","coordinates":[85.18497802,27.97479871]}},{"type":"Feature","properties":{"grade":"Destroyed","aoi":"AOI03","matched_gba":false},"geometry":{"type":"Point","coordinates":[85.18506036,27.97481753]}},{"type":"Feature","properties":{"grade":"Destroyed","aoi":"AOI03","matched_gba":true},"geometry":{"type":"Point","coordinates":[85.18502062,28.00161868]}},{"type":"Feature","properties":{"grade":"Destroyed","aoi":"AOI03","matched_gba":true},"geometry":{"type":"Point","coordinates":[85.18483232,28.00207916]}},{"type":"Feature","properties":{"grade":"Destroyed","aoi":"AOI03","matched_gba":true},"geometry":{"type":"Point","coordinates":[85.184564,28.00211155]}},{"type":"Feature","properties":{"grade":"Destroyed","aoi":"AOI03","matched_gba":true},"geometry":{"type":"Point","coordinates":[85.18479213,28.00217899]}},{"type":"Feature","properties":{"grade":"Destroyed","aoi":"AOI03","matched_gba":true},"geometry":{"type":"Point","coordinates":[85.18485597,28.00229653]}},{"type":"Feature","properties":{"grade":"Destroyed","aoi":"AOI03","matched_gba":true},"geometry":{"type":"Point","coordinates":[85.18374615,28.00303495]}},{"type":"Feature","properties":{"grade":"Destroyed","aoi":"AOI03","matched_gba":true},"geometry":{"type":"Point","coordinates":[85.18388625,28.00372375]}},{"type":"Feature","properties":{"grade":"Destroyed","aoi":"AOI03","matched_gba":true},"geometry":{"type":"Point","coordinates":[85.1837072,28.00373575]}},{"type":"Feature","properties":{"grade":"Destroyed","aoi":"AOI03","matched_gba":true},"geometry":{"type":"Point","coordinates":[85.18381145,28.0038154]}},{"type":"Feature","properties":{"grade":"Destroyed","aoi":"AOI03","matched_gba":true},"geometry":{"type":"Point","coordinates":[85.18357122,28.00381704]}},{"type":"Feature","properties":{"grade":"Destroyed","aoi":"AOI03","matched_gba":true},"geometry":{"type":"Point","coordinates":[85.18379549,28.00396278]}},{"type":"Feature","properties":{"grade":"Destroyed","aoi":"AOI03","matched_gba":true},"geometry":{"type":"Point","coordinates":[85.18358432,28.00399946]}},{"type":"Feature","properties":{"grade":"Destroyed","aoi":"AOI03","matched_gba":true},"geometry":{"type":"Point","coordinates":[85.18387617,28.00413123]}},{"type":"Feature","properties":{"grade":"Destroyed","aoi":"AOI03","matched_gba":true},"geometry":{"type":"Point","coordinates":[85.18361245,28.0043909]}},{"type":"Feature","properties":{"grade":"Destroyed","aoi":"AOI03","matched_gba":true},"geometry":{"type":"Point","coordinates":[85.18378175,28.00451585]}},{"type":"Feature","properties":{"grade":"Destroyed","aoi":"AOI03","matched_gba":true},"geometry":{"type":"Point","coordinates":[85.18509538,28.00187937]}},{"type":"Feature","properties":{"grade":"Destroyed","aoi":"AOI03","matched_gba":false},"geometry":{"type":"Point","coordinates":[85.18635053,28.00203509]}},{"type":"Feature","properties":{"grade":"Destroyed","aoi":"AOI03","matched_gba":true},"geometry":{"type":"Point","coordinates":[85.18530225,28.00265195]}},{"type":"Feature","properties":{"grade":"Destroyed","aoi":"AOI03","matched_gba":false},"geometry":{"type":"Point","coordinates":[85.18509892,28.00332235]}},{"type":"Feature","properties":{"grade":"Destroyed","aoi":"AOI03","matched_gba":false},"geometry":{"type":"Point","coordinates":[85.18558987,28.00361153]}},{"type":"Feature","properties":{"grade":"Damaged","aoi":"AOI03","matched_gba":true},"geometry":{"type":"Point","coordinates":[85.18575563,28.00367848]}},{"type":"Feature","properties":{"grade":"Destroyed","aoi":"AOI03","matched_gba":false},"geometry":{"type":"Point","coordinates":[85.18562043,28.0037113]}},{"type":"Feature","properties":{"grade":"Destroyed","aoi":"AOI03","matched_gba":false},"geometry":{"type":"Point","coordinates":[85.18506504,28.00670115]}},{"type":"Feature","properties":{"grade":"Destroyed","aoi":"AOI03","matched_gba":true},"geometry":{"type":"Point","coordinates":[85.183842,28.00467245]}},{"type":"Feature","properties":{"grade":"Destroyed","aoi":"AOI03","matched_gba":false},"geometry":{"type":"Point","coordinates":[85.18382427,28.00491128]}},{"type":"Feature","properties":{"grade":"Destroyed","aoi":"AOI03","matched_gba":true},"geometry":{"type":"Point","coordinates":[85.18455415,28.00526895]}},{"type":"Feature","properties":{"grade":"Destroyed","aoi":"AOI03","matched_gba":true},"geometry":{"type":"Point","coordinates":[85.18448092,28.00550666]}},{"type":"Feature","properties":{"grade":"Destroyed","aoi":"AOI03","matched_gba":true},"geometry":{"type":"Point","coordinates":[85.1844153,28.00566352]}},{"type":"Feature","properties":{"grade":"Destroyed","aoi":"AOI03","matched_gba":true},"geometry":{"type":"Point","coordinates":[85.1846504,28.0062253]}},{"type":"Feature","properties":{"grade":"Destroyed","aoi":"AOI03","matched_gba":true},"geometry":{"type":"Point","coordinates":[85.18460566,28.00628118]}},{"type":"Feature","properties":{"grade":"Destroyed","aoi":"AOI03","matched_gba":true},"geometry":{"type":"Point","coordinates":[85.18463007,28.00635563]}},{"type":"Feature","properties":{"grade":"Destroyed","aoi":"AOI03","matched_gba":true},"geometry":{"type":"Point","coordinates":[85.18456436,28.00641008]}},{"type":"Feature","properties":{"grade":"Destroyed","aoi":"AOI03","matched_gba":true},"geometry":{"type":"Point","coordinates":[85.18436804,28.00641694]}},{"type":"Feature","properties":{"grade":"Destroyed","aoi":"AOI03","matched_gba":true},"geometry":{"type":"Point","coordinates":[85.18329972,28.00480694]}},{"type":"Feature","properties":{"grade":"Destroyed","aoi":"AOI03","matched_gba":false},"geometry":{"type":"Point","coordinates":[85.18339199,28.00497904]}},{"type":"Feature","properties":{"grade":"Destroyed","aoi":"AOI03","matched_gba":false},"geometry":{"type":"Point","coordinates":[85.18308122,28.00851907]}},{"type":"Feature","properties":{"grade":"Destroyed","aoi":"AOI03","matched_gba":false},"geometry":{"type":"Point","coordinates":[85.18317468,28.00861487]}},{"type":"Feature","properties":{"grade":"Destroyed","aoi":"AOI03","matched_gba":false},"geometry":{"type":"Point","coordinates":[85.18311393,28.00874105]}},{"type":"Feature","properties":{"grade":"Destroyed","aoi":"AOI03","matched_gba":false},"geometry":{"type":"Point","coordinates":[85.18299476,28.00884386]}},{"type":"Feature","properties":{"grade":"Destroyed","aoi":"AOI03","matched_gba":true},"geometry":{"type":"Point","coordinates":[85.1830315,28.00894335]}},{"type":"Feature","properties":{"grade":"Destroyed","aoi":"AOI03","matched_gba":true},"geometry":{"type":"Point","coordinates":[85.1845404,28.00651125]}},{"type":"Feature","properties":{"grade":"Destroyed","aoi":"AOI03","matched_gba":true},"geometry":{"type":"Point","coordinates":[85.1843521,28.00655835]}},{"type":"Feature","properties":{"grade":"Destroyed","aoi":"AOI03","matched_gba":true},"geometry":{"type":"Point","coordinates":[85.18445213,28.00685626]}},{"type":"Feature","properties":{"grade":"Destroyed","aoi":"AOI03","matched_gba":true},"geometry":{"type":"Point","coordinates":[85.18437335,28.0069773]}},{"type":"Feature","properties":{"grade":"Destroyed","aoi":"AOI03","matched_gba":true},"geometry":{"type":"Point","coordinates":[85.1844685,28.006993]}},{"type":"Feature","properties":{"grade":"Destroyed","aoi":"AOI03","matched_gba":true},"geometry":{"type":"Point","coordinates":[85.18436805,28.00709605]}},{"type":"Feature","properties":{"grade":"Destroyed","aoi":"AOI03","matched_gba":true},"geometry":{"type":"Point","coordinates":[85.18426123,28.00761712]}},{"type":"Feature","properties":{"grade":"Destroyed","aoi":"AOI03","matched_gba":true},"geometry":{"type":"Point","coordinates":[85.18443695,28.00801988]}},{"type":"Feature","properties":{"grade":"Destroyed","aoi":"AOI03","matched_gba":true},"geometry":{"type":"Point","coordinates":[85.1843481,28.00807075]}},{"type":"Feature","properties":{"grade":"Destroyed","aoi":"AOI03","matched_gba":true},"geometry":{"type":"Point","coordinates":[85.18422877,28.0081318]}},{"type":"Feature","properties":{"grade":"Destroyed","aoi":"AOI03","matched_gba":true},"geometry":{"type":"Point","coordinates":[85.18442758,28.0081453]}},{"type":"Feature","properties":{"grade":"Destroyed","aoi":"AOI03","matched_gba":false},"geometry":{"type":"Point","coordinates":[85.18421917,28.00839289]}},{"type":"Feature","properties":{"grade":"Destroyed","aoi":"AOI03","matched_gba":true},"geometry":{"type":"Point","coordinates":[85.18459474,28.008435]}},{"type":"Feature","properties":{"grade":"Destroyed","aoi":"AOI03","matched_gba":false},"geometry":{"type":"Point","coordinates":[85.18430562,28.0085658]}},{"type":"Feature","properties":{"grade":"Destroyed","aoi":"AOI03","matched_gba":true},"geometry":{"type":"Point","coordinates":[85.18446088,28.00859777]}},{"type":"Feature","properties":{"grade":"Destroyed","aoi":"AOI03","matched_gba":true},"geometry":{"type":"Point","coordinates":[85.18454924,28.00859802]}},{"type":"Feature","properties":{"grade":"Destroyed","aoi":"AOI03","matched_gba":true},"geometry":{"type":"Point","coordinates":[85.1839137,28.0086097]}},{"type":"Feature","properties":{"grade":"Destroyed","aoi":"AOI03","matched_gba":false},"geometry":{"type":"Point","coordinates":[85.18481638,28.00866238]}},{"type":"Feature","properties":{"grade":"Destroyed","aoi":"AOI03","matched_gba":true},"geometry":{"type":"Point","coordinates":[85.1841664,28.0087423]}},{"type":"Feature","properties":{"grade":"Destroyed","aoi":"AOI03","matched_gba":true},"geometry":{"type":"Point","coordinates":[85.18399628,28.00876637]}},{"type":"Feature","properties":{"grade":"Destroyed","aoi":"AOI03","matched_gba":true},"geometry":{"type":"Point","coordinates":[85.18478767,28.00876658]}},{"type":"Feature","properties":{"grade":"Destroyed","aoi":"AOI03","matched_gba":true},"geometry":{"type":"Point","coordinates":[85.18440858,28.00878375]}},{"type":"Feature","properties":{"grade":"Destroyed","aoi":"AOI03","matched_gba":true},"geometry":{"type":"Point","coordinates":[85.18469271,28.00879924]}},{"type":"Feature","properties":{"grade":"Destroyed","aoi":"AOI03","matched_gba":true},"geometry":{"type":"Point","coordinates":[85.18400435,28.00883775]}},{"type":"Feature","properties":{"grade":"Destroyed","aoi":"AOI03","matched_gba":true},"geometry":{"type":"Point","coordinates":[85.18483632,28.00884178]}},{"type":"Feature","properties":{"grade":"Destroyed","aoi":"AOI03","matched_gba":true},"geometry":{"type":"Point","coordinates":[85.18473681,28.00888801]}},{"type":"Feature","properties":{"grade":"Possibly damaged","aoi":"AOI03","matched_gba":true},"geometry":{"type":"Point","coordinates":[85.18488283,28.00891475]}}]}
