{"type":"FeatureCollection","features":[{"type":"Feature","geometry":{"type":"Polygon","coordinates":[[[85.3663942,28.2547452],[85.3663955,28.2546549],[85.3664974,28.2546561],[85.3664961,28.2547464],[85.3663942,28.2547452]]]},"properties":{"class":"direct_measurement_support"}},{"type":"Feature","geometry":{"type":"Polygon","coordinates":[[[85.3666999,28.2547488],[85.3667013,28.2546586],[85.3668032,28.2546598],[85.3668018,28.25475],[85.3666999,28.2547488]]]},"properties":{"class":"direct_measurement_support"}},{"type":"Feature","geometry":{"type":"Polygon","coordinates":[[[85.3658874,28.2545586],[85.3658888,28.2544684],[85.3659907,28.2544696],[85.3659893,28.2545598],[85.3658874,28.2545586]]]},"properties":{"class":"direct_measurement_support"}},{"type":"Feature","geometry":{"type":"Polygon","coordinates":[[[85.3657869,28.2544672],[85.3657882,28.2543769],[85.3658901,28.2543781],[85.3658888,28.2544684],[85.3657869,28.2544672]]]},"properties":{"class":"direct_measurement_support"}},{"type":"Feature","geometry":{"type":"Polygon","coordinates":[[[85.3687449,28.254322],[85.368749,28.2540513],[85.3691566,28.2540562],[85.3691538,28.2542366],[85.36895,28.2542342],[85.3689487,28.2543244],[85.3687449,28.254322]]]},"properties":{"class":"direct_measurement_support"}},{"type":"Feature","geometry":{"type":"Polygon","coordinates":[[[85.3670042,28.2548427],[85.3670097,28.2544818],[85.3671116,28.254483],[85.3671185,28.2540318],[85.3670166,28.2540306],[85.367018,28.2539404],[85.3669161,28.2539392],[85.3669174,28.2538489],[85.3668155,28.2538477],[85.3668183,28.2536672],[85.3670221,28.2536697],[85.3670207,28.2537599],[85.3673264,28.2537636],[85.3673251,28.2538538],[85.367427,28.253855],[85.3674256,28.2539452],[85.3675275,28.2539465],[85.3675261,28.2540367],[85.3674242,28.2540355],[85.3674228,28.2541257],[85.3681362,28.2541342],[85.3681348,28.2542245],[85.3683386,28.2542269],[85.36834,28.2541367],[85.3685438,28.2541391],[85.368541,28.2543196],[85.3684391,28.2543183],[85.3684378,28.2544086],[85.368234,28.2544061],[85.3682353,28.2543159],[85.3681334,28.2543147],[85.3681321,28.2544049],[85.3680301,28.2544037],[85.3680315,28.2543135],[85.3679296,28.2543123],[85.3679282,28.2544025],[85.3676225,28.2543988],[85.3676212,28.2544891],[85.3677231,28.2544903],[85.3677217,28.2545805],[85.3678236,28.2545817],[85.3678222,28.254672],[85.3675165,28.2546683],[85.3675137,28.2548488],[85.3670042,28.2548427]],[[85.3673182,28.254305],[85.3674201,28.2543062],[85.3674215,28.2542159],[85.3673196,28.2542147],[85.3673182,28.254305]]]},"properties":{"class":"direct_measurement_support"}},{"type":"Feature","geometry":{"type":"Polygon","coordinates":[[[85.3662041,28.2538404],[85.3662055,28.2537502],[85.3661036,28.2537489],[85.366105,28.2536587],[85.3664107,28.2536624],[85.3664079,28.2538428],[85.3662041,28.2538404]]]},"properties":{"class":"direct_measurement_support"}},{"type":"Feature","geometry":{"type":"Polygon","coordinates":[[[85.3686484,28.2539598],[85.3686498,28.2538696],[85.3685479,28.2538684],[85.3685493,28.2537782],[85.3684474,28.253777],[85.3684488,28.2536867],[85.3686526,28.2536892],[85.3686512,28.2537794],[85.368855,28.2537818],[85.3688536,28.253872],[85.3687517,28.2538708],[85.3687504,28.2539611],[85.3686484,28.2539598]]]},"properties":{"class":"direct_measurement_support"}},{"type":"Feature","geometry":{"type":"Polygon","coordinates":[[[85.370177,28.2539781],[85.3701784,28.2538879],[85.3700765,28.2538866],[85.3700792,28.2537062],[85.3703849,28.2537098],[85.3703863,28.2536196],[85.3704882,28.2536208],[85.3704868,28.253711],[85.3705888,28.2537123],[85.370586,28.2538927],[85.3706879,28.2538939],[85.3706893,28.2538037],[85.3708931,28.2538061],[85.3708917,28.2538964],[85.3707898,28.2538951],[85.3707884,28.2539854],[85.370177,28.2539781]]]},"properties":{"class":"direct_measurement_support"}},{"type":"Feature","geometry":{"type":"Polygon","coordinates":[[[85.3603983,28.2535904],[85.3603997,28.2535001],[85.3605016,28.2535014],[85.3605002,28.2535916],[85.3603983,28.2535904]]]},"properties":{"class":"direct_measurement_support"}},{"type":"Feature","geometry":{"type":"Polygon","coordinates":[[[85.3705888,28.2537123],[85.3705901,28.253622],[85.370692,28.2536232],[85.3706907,28.2537135],[85.3705888,28.2537123]]]},"properties":{"class":"direct_measurement_support"}},{"type":"Feature","geometry":{"type":"Polygon","coordinates":[[[85.3598902,28.253494],[85.3598916,28.2534038],[85.3599935,28.253405],[85.3599921,28.2534952],[85.3598902,28.253494]]]},"properties":{"class":"direct_measurement_support"}},{"type":"Feature","geometry":{"type":"Polygon","coordinates":[[[85.3702844,28.2536184],[85.3702858,28.2535281],[85.3703877,28.2535294],[85.3703863,28.2536196],[85.3702844,28.2536184]]]},"properties":{"class":"direct_measurement_support"}},{"type":"Feature","geometry":{"type":"Polygon","coordinates":[[[85.359484,28.2533989],[85.3594853,28.2533087],[85.3595872,28.2533099],[85.3595859,28.2534001],[85.359484,28.2533989]]]},"properties":{"class":"direct_measurement_support"}},{"type":"Feature","geometry":{"type":"Polygon","coordinates":[[[85.3683482,28.2535953],[85.3683496,28.253505],[85.3682477,28.2535038],[85.3682491,28.2534136],[85.3684529,28.253416],[85.3684515,28.2535063],[85.3685534,28.2535075],[85.368552,28.2535977],[85.3683482,28.2535953]]]},"properties":{"class":"direct_measurement_support"}},{"type":"Feature","geometry":{"type":"Polygon","coordinates":[[[85.3666159,28.2535746],[85.3666172,28.2534843],[85.3665153,28.2534831],[85.3665181,28.2533027],[85.36662,28.2533039],[85.3666186,28.2533941],[85.3667205,28.2533953],[85.3667178,28.2535758],[85.3666159,28.2535746]]]},"properties":{"class":"direct_measurement_support"}},{"type":"Feature","geometry":{"type":"Polygon","coordinates":[[[85.36937,28.253427],[85.3693714,28.2533367],[85.3694733,28.2533379],[85.3694719,28.2534282],[85.36937,28.253427]]]},"properties":{"class":"direct_measurement_support"}},{"type":"Feature","geometry":{"type":"Polygon","coordinates":[[[85.3674311,28.2535843],[85.3674325,28.2534941],[85.3672287,28.2534916],[85.36723,28.2534014],[85.3671281,28.2534002],[85.3671268,28.2534904],[85.366821,28.2534868],[85.3668224,28.2533965],[85.3670262,28.253399],[85.3670276,28.2533087],[85.3673333,28.2533124],[85.3673347,28.2532222],[85.3674366,28.2532234],[85.3674352,28.2533136],[85.3675371,28.2533148],[85.367533,28.2535855],[85.3674311,28.2535843]]]},"properties":{"class":"direct_measurement_support"}},{"type":"Feature","geometry":{"type":"Polygon","coordinates":[[[85.370491,28.2534403],[85.3704951,28.2531696],[85.3706989,28.2531721],[85.3706975,28.2532623],[85.3705956,28.2532611],[85.3705929,28.2534416],[85.370491,28.2534403]]]},"properties":{"class":"direct_measurement_support"}},{"type":"Feature","geometry":{"type":"Polygon","coordinates":[[[85.3686594,28.253238],[85.3686608,28.2531478],[85.3689665,28.2531514],[85.3689651,28.2532416],[85.3686594,28.253238]]]},"properties":{"class":"direct_measurement_support"}},{"type":"Feature","geometry":{"type":"Polygon","coordinates":[[[85.3698754,28.2537037],[85.3698768,28.2536135],[85.3697749,28.2536123],[85.3697763,28.2535221],[85.3696744,28.2535208],[85.3696757,28.2534306],[85.3695738,28.2534294],[85.3695766,28.2532489],[85.3696785,28.2532501],[85.3696812,28.2530697],[85.369885,28.2530721],[85.3698864,28.2529819],[85.3700902,28.2529843],[85.3700861,28.253255],[85.3703918,28.2532587],[85.3703891,28.2534391],[85.3702872,28.2534379],[85.3702858,28.2535281],[85.3701839,28.2535269],[85.3701853,28.2534367],[85.3699814,28.2534343],[85.3699787,28.2536147],[85.3700806,28.2536159],[85.3700792,28.2537062],[85.3698754,28.2537037]]]},"properties":{"class":"direct_measurement_support"}},{"type":"Feature","geometry":{"type":"Polygon","coordinates":[[[85.3672342,28.2531307],[85.3672369,28.2529502],[85.3674407,28.2529527],[85.367438,28.2531331],[85.3672342,28.2531307]]]},"properties":{"class":"direct_measurement_support"}},{"type":"Feature","geometry":{"type":"Polygon","coordinates":[[[85.3662165,28.2530283],[85.3662179,28.2529381],[85.3663198,28.2529393],[85.3663184,28.2530295],[85.3662165,28.2530283]]]},"properties":{"class":"direct_measurement_support"}},{"type":"Feature","geometry":{"type":"Polygon","coordinates":[[[85.3663198,28.2529393],[85.3663212,28.2528491],[85.3664231,28.2528503],[85.3664217,28.2529405],[85.3663198,28.2529393]]]},"properties":{"class":"direct_measurement_support"}},{"type":"Feature","geometry":{"type":"Polygon","coordinates":[[[85.3701976,28.2526246],[85.370199,28.2525344],[85.3703009,28.2525356],[85.3702995,28.2526258],[85.3701976,28.2526246]]]},"properties":{"class":"direct_measurement_support"}},{"type":"Feature","geometry":{"type":"Polygon","coordinates":[[[85.3677478,28.2528661],[85.3677505,28.2526856],[85.3676486,28.2526844],[85.3676528,28.2524137],[85.3679585,28.2524174],[85.3679599,28.2523271],[85.3680618,28.2523284],[85.3680604,28.2524186],[85.3681623,28.2524198],[85.3681595,28.2526003],[85.3680576,28.2525991],[85.3680549,28.2527795],[85.367953,28.2527783],[85.3679516,28.2528685],[85.3677478,28.2528661]]]},"properties":{"class":"direct_measurement_support"}},{"type":"Feature","geometry":{"type":"Polygon","coordinates":[[[85.3669408,28.252315],[85.3669422,28.2522247],[85.367146,28.2522272],[85.3671446,28.2523174],[85.3669408,28.252315]]]},"properties":{"class":"direct_measurement_support"}},{"type":"Feature","geometry":{"type":"Polygon","coordinates":[[[85.3667384,28.2522223],[85.3667398,28.2521321],[85.3668417,28.2521333],[85.3668403,28.2522235],[85.3667384,28.2522223]]]},"properties":{"class":"direct_measurement_support"}},{"type":"Feature","geometry":{"type":"Polygon","coordinates":[[[85.366116,28.2529369],[85.3661173,28.2528466],[85.3660154,28.2528454],[85.3660182,28.2526649],[85.3659163,28.2526637],[85.3659177,28.2525735],[85.3658158,28.2525723],[85.3658171,28.252482],[85.3656133,28.2524796],[85.3656147,28.2523894],[85.3657166,28.2523906],[85.365718,28.2523003],[85.3658199,28.2523016],[85.3658213,28.2522113],[85.3659232,28.2522126],[85.3659245,28.2521223],[85.3661284,28.2521248],[85.3661311,28.2519443],[85.366233,28.2519455],[85.3662344,28.2518553],[85.3663363,28.2518565],[85.3663377,28.2517663],[85.3665415,28.2517687],[85.3665401,28.2518589],[85.366642,28.2518601],[85.3666365,28.2522211],[85.3667384,28.2522223],[85.3667356,28.2524028],[85.3666337,28.2524015],[85.3666351,28.2523113],[85.3665332,28.2523101],[85.3665318,28.2524003],[85.3664299,28.2523991],[85.3664286,28.2524893],[85.3663267,28.2524881],[85.3663239,28.2526686],[85.366222,28.2526674],[85.3662206,28.2527576],[85.3663225,28.2527588],[85.3663212,28.2528491],[85.3662192,28.2528478],[85.3662179,28.2529381],[85.366116,28.2529369]]]},"properties":{"class":"direct_measurement_support"}},{"type":"Feature","geometry":{"type":"Polygon","coordinates":[[[85.3654192,28.2518455],[85.3654205,28.2517553],[85.3655224,28.2517565],[85.3655211,28.2518467],[85.3654192,28.2518455]]]},"properties":{"class":"direct_measurement_support"}},{"type":"Feature","geometry":{"type":"Polygon","coordinates":[[[85.3644015,28.2517431],[85.3644043,28.2515626],[85.3645062,28.2515639],[85.3645034,28.2517443],[85.3644015,28.2517431]]]},"properties":{"class":"direct_measurement_support"}},{"type":"Feature","geometry":{"type":"Polygon","coordinates":[[[85.3655224,28.2517565],[85.3655238,28.2516663],[85.3656257,28.2516675],[85.3656271,28.2515773],[85.3658309,28.2515797],[85.3658281,28.2517602],[85.3655224,28.2517565]]]},"properties":{"class":"direct_measurement_support"}},{"type":"Feature","geometry":{"type":"Polygon","coordinates":[[[85.3657304,28.2514883],[85.3657318,28.251398],[85.3658337,28.2513992],[85.3658323,28.2514895],[85.3657304,28.2514883]]]},"properties":{"class":"direct_measurement_support"}},{"type":"Feature","geometry":{"type":"Polygon","coordinates":[[[85.3707263,28.2513674],[85.3707277,28.2512772],[85.3708296,28.2512784],[85.3708282,28.2513686],[85.3707263,28.2513674]]]},"properties":{"class":"direct_measurement_support"}},{"type":"Feature","geometry":{"type":"Polygon","coordinates":[[[85.3646039,28.2518358],[85.3646095,28.2514748],[85.3647114,28.2514761],[85.3647127,28.2513858],[85.3649165,28.2513883],[85.3649193,28.2512078],[85.3650212,28.251209],[85.3650226,28.2511188],[85.3649207,28.2511176],[85.364922,28.2510273],[85.3650239,28.2510286],[85.3650267,28.2508481],[85.3652305,28.2508505],[85.3652277,28.251031],[85.3651258,28.2510298],[85.3651203,28.2513907],[85.3650184,28.2513895],[85.3650171,28.2514797],[85.365119,28.2514809],[85.3651162,28.2516614],[85.3650143,28.2516602],[85.3650116,28.2518407],[85.3646039,28.2518358]]]},"properties":{"class":"direct_measurement_support"}},{"type":"Feature","geometry":{"type":"Polygon","coordinates":[[[85.3672672,28.2509651],[85.3672699,28.2507847],[85.3674737,28.2507871],[85.3674723,28.2508773],[85.3676761,28.2508798],[85.3676748,28.25097],[85.3672672,28.2509651]]]},"properties":{"class":"direct_measurement_support"}},{"type":"Feature","geometry":{"type":"Polygon","coordinates":[[[85.366032,28.2517626],[85.3660388,28.2513114],[85.3659369,28.2513102],[85.3659356,28.2514005],[85.3658337,28.2513992],[85.365835,28.251309],[85.3656312,28.2513066],[85.3656326,28.2512163],[85.3655307,28.2512151],[85.3655335,28.2510347],[85.3654316,28.2510334],[85.3654343,28.250853],[85.3655362,28.2508542],[85.3655417,28.2504933],[85.3657455,28.2504957],[85.3657469,28.2504055],[85.3658488,28.2504067],[85.3658405,28.2509481],[85.3659424,28.2509493],[85.3659438,28.2508591],[85.3660457,28.2508603],[85.3660485,28.2506798],[85.3659466,28.2506786],[85.3659493,28.2504981],[85.3661531,28.2505006],[85.3661504,28.250681],[85.3662523,28.2506822],[85.3662509,28.2507725],[85.366149,28.2507713],[85.3661476,28.2508615],[85.3662495,28.2508627],[85.3662481,28.2509529],[85.3661462,28.2509517],[85.3661435,28.2511322],[85.3662454,28.2511334],[85.366244,28.2512236],[85.3663459,28.2512249],[85.3663418,28.2514956],[85.3662399,28.2514943],[85.3662385,28.2515846],[85.3663404,28.2515858],[85.366339,28.251676],[85.3662371,28.2516748],[85.3662358,28.251765],[85.366032,28.2517626]],[[85.3656381,28.2508554],[85.36574,28.2508566],[85.3657414,28.2507664],[85.3656395,28.2507652],[85.3656381,28.2508554]]]},"properties":{"class":"direct_measurement_support"}},{"type":"Feature","geometry":{"type":"Polygon","coordinates":[[[85.3661531,28.2505006],[85.3661545,28.2504103],[85.3662564,28.2504116],[85.366255,28.2505018],[85.3661531,28.2505006]]]},"properties":{"class":"direct_measurement_support"}},{"type":"Feature","geometry":{"type":"Polygon","coordinates":[[[85.3662578,28.2503213],[85.3662591,28.2502311],[85.366361,28.2502323],[85.3663597,28.2503225],[85.3662578,28.2503213]]]},"properties":{"class":"direct_measurement_support"}},{"type":"Feature","geometry":{"type":"Polygon","coordinates":[[[85.3653379,28.2504908],[85.3653393,28.2504006],[85.3652374,28.2503994],[85.3652388,28.2503091],[85.3653407,28.2503104],[85.3653434,28.2501299],[85.3654453,28.2501311],[85.3654467,28.2500409],[85.3655486,28.2500421],[85.3655472,28.2501323],[85.365751,28.2501348],[85.3657496,28.250225],[85.3658515,28.2502262],[85.3658502,28.2503164],[85.3655445,28.2503128],[85.3655431,28.250403],[85.3654412,28.2504018],[85.3654398,28.250492],[85.3653379,28.2504908]]]},"properties":{"class":"direct_measurement_support"}},{"type":"Feature","geometry":{"type":"Polygon","coordinates":[[[85.3666681,28.2501457],[85.3666695,28.2500555],[85.3667714,28.2500567],[85.36677,28.2501469],[85.3666681,28.2501457]]]},"properties":{"class":"direct_measurement_support"}},{"type":"Feature","geometry":{"type":"Polygon","coordinates":[[[85.3658557,28.2499555],[85.3658598,28.2496848],[85.3660636,28.2496873],[85.3660622,28.2497775],[85.3661641,28.2497787],[85.3661627,28.2498689],[85.3660608,28.2498677],[85.3660595,28.249958],[85.3658557,28.2499555]]]},"properties":{"class":"direct_measurement_support"}},{"type":"Feature","geometry":{"type":"Polygon","coordinates":[[[85.366266,28.2497799],[85.3662674,28.2496897],[85.3661655,28.2496885],[85.3661696,28.2494178],[85.3663734,28.2494202],[85.3663721,28.2495104],[85.366474,28.2495117],[85.3664726,28.2496019],[85.3663707,28.2496007],[85.3663679,28.2497811],[85.366266,28.2497799]]]},"properties":{"class":"direct_measurement_support"}},{"type":"Feature","geometry":{"type":"Polygon","coordinates":[[[85.3614084,28.2275204],[85.3614112,28.22734],[85.361513,28.2273412],[85.3615103,28.2275217],[85.3614084,28.2275204]]]},"properties":{"class":"direct_measurement_support"}},{"type":"Feature","geometry":{"type":"Polygon","coordinates":[[[85.3611055,28.2273363],[85.3611083,28.2271558],[85.3614139,28.2271595],[85.3614112,28.22734],[85.3611055,28.2273363]]]},"properties":{"class":"direct_measurement_support"}},{"type":"Feature","geometry":{"type":"Polygon","coordinates":[[[85.3613203,28.2266169],[85.3613217,28.2265267],[85.361016,28.226523],[85.3610188,28.2263425],[85.3611207,28.2263437],[85.3611221,28.2262535],[85.3613258,28.226256],[85.3613244,28.2263462],[85.3615282,28.2263486],[85.3615268,28.2264389],[85.3616287,28.2264401],[85.3616301,28.2263499],[85.3618338,28.2263523],[85.3618311,28.2265328],[85.3617292,28.2265315],[85.3617278,28.2266218],[85.3613203,28.2266169]]]},"properties":{"class":"direct_measurement_support"}},{"type":"Feature","geometry":{"type":"Polygon","coordinates":[[[85.3612267,28.2260743],[85.3612281,28.225984],[85.3614318,28.2259865],[85.3614305,28.2260767],[85.3612267,28.2260743]]]},"properties":{"class":"direct_measurement_support"}},{"type":"Feature","geometry":{"type":"Polygon","coordinates":[[[85.3530273,28.2225463],[85.35303,28.2223658],[85.3533357,28.2223695],[85.3533329,28.22255],[85.3530273,28.2225463]]]},"properties":{"class":"direct_measurement_support"}},{"type":"Feature","geometry":{"type":"Polygon","coordinates":[[[85.3529351,28.2219134],[85.3529365,28.2218232],[85.3530383,28.2218244],[85.353037,28.2219147],[85.3529351,28.2219134]]]},"properties":{"class":"direct_measurement_support"}},{"type":"Feature","geometry":{"type":"Polygon","coordinates":[[[85.3558207,28.2197822],[85.3558235,28.2196017],[85.3561291,28.2196054],[85.3561263,28.2197858],[85.3558207,28.2197822]]]},"properties":{"class":"direct_measurement_support"}},{"type":"Feature","geometry":{"type":"Polygon","coordinates":[[[85.3544978,28.219676],[85.3544992,28.2195858],[85.3543973,28.2195846],[85.3544001,28.2194041],[85.3547057,28.2194078],[85.3547015,28.2196785],[85.3544978,28.219676]]]},"properties":{"class":"direct_measurement_support"}},{"type":"Feature","geometry":{"type":"Polygon","coordinates":[[[85.3556211,28.219509],[85.3556239,28.2193286],[85.3558276,28.219331],[85.355829,28.2192408],[85.3559309,28.219242],[85.3559295,28.2193322],[85.3560314,28.2193335],[85.35603,28.2194237],[85.3559281,28.2194225],[85.3559267,28.2195127],[85.3556211,28.219509]]]},"properties":{"class":"direct_measurement_support"}},{"type":"Feature","geometry":{"type":"Polygon","coordinates":[[[85.3541977,28.2193114],[85.3541991,28.2192212],[85.3544028,28.2192236],[85.3544014,28.2193139],[85.3541977,28.2193114]]]},"properties":{"class":"direct_measurement_support"}},{"type":"Feature","geometry":{"type":"Polygon","coordinates":[[[85.3560314,28.2193335],[85.3560341,28.219153],[85.3563398,28.2191567],[85.3563384,28.2192469],[85.3562365,28.2192457],[85.3562351,28.2193359],[85.3560314,28.2193335]]]},"properties":{"class":"direct_measurement_support"}},{"type":"Feature","geometry":{"type":"Polygon","coordinates":[[[85.3542046,28.2188602],[85.354206,28.21877],[85.3543079,28.2187712],[85.3543065,28.2188615],[85.3542046,28.2188602]]]},"properties":{"class":"direct_measurement_support"}},{"type":"Feature","geometry":{"type":"Polygon","coordinates":[[[85.359246,28.2156718],[85.3592473,28.2155816],[85.3593492,28.2155828],[85.3593478,28.2156731],[85.359246,28.2156718]]]},"properties":{"class":"direct_measurement_support"}},{"type":"Feature","geometry":{"type":"Polygon","coordinates":[[[85.3560908,28.2154534],[85.3560922,28.2153632],[85.3561941,28.2153644],[85.3561927,28.2154547],[85.3560908,28.2154534]]]},"properties":{"class":"direct_measurement_support"}},{"type":"Feature","geometry":{"type":"Polygon","coordinates":[[[85.3594525,28.2154938],[85.3594538,28.2154036],[85.3595557,28.2154048],[85.3595543,28.215495],[85.3594525,28.2154938]]]},"properties":{"class":"direct_measurement_support"}},{"type":"Feature","geometry":{"type":"Polygon","coordinates":[[[85.3542766,28.2141681],[85.354278,28.2140779],[85.3543798,28.2140791],[85.3543785,28.2141694],[85.3542766,28.2141681]]]},"properties":{"class":"direct_measurement_support"}},{"type":"Feature","geometry":{"type":"Polygon","coordinates":[[[85.3601834,28.2143293],[85.3601848,28.2142391],[85.360083,28.2142379],[85.3600843,28.2141476],[85.3602881,28.2141501],[85.3602853,28.2143306],[85.3601834,28.2143293]]]},"properties":{"class":"direct_measurement_support"}},{"type":"Feature","geometry":{"type":"Polygon","coordinates":[[[85.3580567,28.2134916],[85.3580581,28.2134013],[85.3581599,28.2134026],[85.3581585,28.2134928],[85.3580567,28.2134916]]]},"properties":{"class":"direct_measurement_support"}},{"type":"Feature","geometry":{"type":"Polygon","coordinates":[[[85.3562535,28.2114844],[85.3562549,28.2113942],[85.3563567,28.2113954],[85.3563554,28.2114856],[85.3562535,28.2114844]]]},"properties":{"class":"direct_measurement_support"}},{"type":"Feature","geometry":{"type":"Polygon","coordinates":[[[85.3562563,28.211304],[85.3562576,28.2112137],[85.3563595,28.2112149],[85.3563581,28.2113052],[85.3562563,28.211304]]]},"properties":{"class":"direct_measurement_support"}},{"type":"Feature","geometry":{"type":"Polygon","coordinates":[[[85.3560567,28.2110308],[85.3560581,28.2109406],[85.3561599,28.2109418],[85.3561585,28.211032],[85.3560567,28.2110308]]]},"properties":{"class":"direct_measurement_support"}},{"type":"Feature","geometry":{"type":"Polygon","coordinates":[[[85.3558543,28.2109381],[85.3558557,28.2108479],[85.3560594,28.2108503],[85.3560581,28.2109406],[85.3558543,28.2109381]]]},"properties":{"class":"direct_measurement_support"}},{"type":"Feature","geometry":{"type":"Polygon","coordinates":[[[85.3542314,28.2104674],[85.3542342,28.2102869],[85.3543361,28.2102881],[85.3543333,28.2104686],[85.3542314,28.2104674]]]},"properties":{"class":"direct_measurement_support"}},{"type":"Feature","geometry":{"type":"Polygon","coordinates":[[[85.3532184,28.2100942],[85.3532197,28.2100039],[85.3534235,28.2100064],[85.3534221,28.2100966],[85.3532184,28.2100942]]]},"properties":{"class":"direct_measurement_support"}},{"type":"Feature","geometry":{"type":"Polygon","coordinates":[[[85.3543416,28.2099272],[85.354343,28.209837],[85.3545467,28.2098394],[85.3545453,28.2099296],[85.3543416,28.2099272]]]},"properties":{"class":"direct_measurement_support"}},{"type":"Feature","geometry":{"type":"Polygon","coordinates":[[[85.3534262,28.2098259],[85.353429,28.2096455],[85.3535309,28.2096467],[85.3535281,28.2098272],[85.3534262,28.2098259]]]},"properties":{"class":"direct_measurement_support"}},{"type":"Feature","geometry":{"type":"Polygon","coordinates":[[[85.3542453,28.209565],[85.3542467,28.2094748],[85.3543485,28.209476],[85.3543471,28.2095663],[85.3542453,28.209565]]]},"properties":{"class":"direct_measurement_support"}},{"type":"Feature","geometry":{"type":"Polygon","coordinates":[[[85.3541121,28.2049607],[85.3541163,28.20469],[85.35432,28.2046925],[85.3543158,28.2049632],[85.3541121,28.2049607]]]},"properties":{"class":"direct_measurement_support"}},{"type":"Feature","geometry":{"type":"Polygon","coordinates":[[[85.3451887,28.1956476],[85.3451901,28.1955574],[85.3450882,28.1955562],[85.3450896,28.1954659],[85.3452933,28.1954684],[85.3452919,28.1955586],[85.3453938,28.1955599],[85.3453924,28.1956501],[85.3451887,28.1956476]]]},"properties":{"class":"direct_measurement_support"}},{"type":"Feature","geometry":{"type":"Polygon","coordinates":[[[85.3458025,28.1954746],[85.3458053,28.1952941],[85.3459072,28.1952953],[85.3459099,28.1951149],[85.3461136,28.1951173],[85.3461081,28.1954782],[85.3458025,28.1954746]]]},"properties":{"class":"direct_measurement_support"}},{"type":"Feature","geometry":{"type":"Polygon","coordinates":[[[85.3452961,28.1952879],[85.3452975,28.1951977],[85.3451956,28.1951965],[85.345197,28.1951062],[85.3452989,28.1951075],[85.3453003,28.1950172],[85.3454021,28.1950185],[85.3454035,28.1949282],[85.3456072,28.1949307],[85.3456058,28.1950209],[85.3457076,28.1950222],[85.345709,28.1949319],[85.3458109,28.1949332],[85.3458123,28.1948429],[85.3461178,28.1948466],[85.3461164,28.1949369],[85.3459127,28.1949344],[85.3459113,28.1950246],[85.3458095,28.1950234],[85.3458067,28.1952039],[85.3455012,28.1952002],[85.3454998,28.1952904],[85.3452961,28.1952879]]]},"properties":{"class":"direct_measurement_support"}},{"type":"Feature","geometry":{"type":"Polygon","coordinates":[[[85.3446933,28.1947391],[85.3446947,28.1946489],[85.3447966,28.1946501],[85.3447952,28.1947404],[85.3446933,28.1947391]]]},"properties":{"class":"direct_measurement_support"}},{"type":"Feature","geometry":{"type":"Polygon","coordinates":[[[85.344491,28.1946464],[85.3444938,28.194466],[85.3445957,28.1944672],[85.3445929,28.1946477],[85.344491,28.1946464]]]},"properties":{"class":"direct_measurement_support"}},{"type":"Feature","geometry":{"type":"Polygon","coordinates":[[[85.3436679,28.195178],[85.3436693,28.1950878],[85.3435675,28.1950865],[85.3435744,28.1946354],[85.3436763,28.1946366],[85.3436804,28.1943659],[85.343986,28.1943696],[85.3439832,28.1945501],[85.344085,28.1945513],[85.3440864,28.1944611],[85.344392,28.1944648],[85.3443892,28.1946452],[85.3442873,28.194644],[85.344286,28.1947342],[85.3441841,28.194733],[85.3441827,28.1948232],[85.3440809,28.194822],[85.3440795,28.1949122],[85.3439776,28.194911],[85.3439748,28.1950914],[85.3437711,28.195089],[85.3437698,28.1951792],[85.3436679,28.195178]],[[85.343979,28.1948208],[85.3440809,28.194822],[85.3440823,28.1947318],[85.3439804,28.1947305],[85.343979,28.1948208]]]},"properties":{"class":"direct_measurement_support"}},{"type":"Feature","geometry":{"type":"Polygon","coordinates":[[[85.3462224,28.1946674],[85.3462252,28.1944869],[85.3463271,28.1944881],[85.3463285,28.1943979],[85.3464303,28.1943991],[85.3464289,28.1944894],[85.3465308,28.1944906],[85.346528,28.1946711],[85.3462224,28.1946674]]]},"properties":{"class":"direct_measurement_support"}},{"type":"Feature","geometry":{"type":"Polygon","coordinates":[[[85.3472423,28.1945895],[85.3472451,28.194409],[85.3474488,28.1944115],[85.3474474,28.1945017],[85.3475492,28.1945029],[85.3475478,28.1945931],[85.3472423,28.1945895]]]},"properties":{"class":"direct_measurement_support"}},{"type":"Feature","geometry":{"type":"Polygon","coordinates":[[[85.347552,28.1943224],[85.3475534,28.1942322],[85.3477571,28.1942347],[85.3477557,28.1943249],[85.347552,28.1943224]]]},"properties":{"class":"direct_measurement_support"}},{"type":"Feature","geometry":{"type":"Polygon","coordinates":[[[85.3430694,28.1943585],[85.3430707,28.1942683],[85.3429689,28.194267],[85.3429717,28.1940866],[85.3431754,28.194089],[85.343174,28.1941793],[85.3432758,28.1941805],[85.343273,28.194361],[85.3430694,28.1943585]]]},"properties":{"class":"direct_measurement_support"}},{"type":"Feature","geometry":{"type":"Polygon","coordinates":[[[85.3433791,28.1940915],[85.3433805,28.1940013],[85.3435842,28.1940037],[85.3435828,28.194094],[85.3433791,28.1940915]]]},"properties":{"class":"direct_measurement_support"}},{"type":"Feature","geometry":{"type":"Polygon","coordinates":[[[85.3441966,28.1939209],[85.344198,28.1938307],[85.3442999,28.1938319],[85.3442985,28.1939221],[85.3441966,28.1939209]]]},"properties":{"class":"direct_measurement_support"}},{"type":"Feature","geometry":{"type":"Polygon","coordinates":[[[85.3444003,28.1939234],[85.3444017,28.1938331],[85.3445036,28.1938344],[85.3445022,28.1939246],[85.3444003,28.1939234]]]},"properties":{"class":"direct_measurement_support"}},{"type":"Feature","geometry":{"type":"Polygon","coordinates":[[[85.3445036,28.1938344],[85.3445049,28.1937441],[85.3446068,28.1937454],[85.3446054,28.1938356],[85.3445036,28.1938344]]]},"properties":{"class":"direct_measurement_support"}},{"type":"Feature","geometry":{"type":"Polygon","coordinates":[[[85.3433832,28.1938208],[85.343386,28.1936403],[85.3434879,28.1936416],[85.3434851,28.193822],[85.3433832,28.1938208]]]},"properties":{"class":"direct_measurement_support"}},{"type":"Feature","geometry":{"type":"Polygon","coordinates":[[[85.3437878,28.1940062],[85.3437934,28.1936453],[85.3438953,28.1936465],[85.3438966,28.1935563],[85.3439985,28.1935575],[85.3439999,28.1934673],[85.3441017,28.1934685],[85.3440948,28.1939197],[85.3439929,28.1939184],[85.3439915,28.1940087],[85.3437878,28.1940062]]]},"properties":{"class":"direct_measurement_support"}},{"type":"Feature","geometry":{"type":"Polygon","coordinates":[[[85.3426773,28.193361],[85.3426815,28.1930903],[85.3425796,28.1930891],[85.3425838,28.1928184],[85.3426856,28.1928196],[85.3426842,28.1929098],[85.3427861,28.1929111],[85.3427847,28.1930013],[85.3428865,28.1930025],[85.3428879,28.1929123],[85.3432953,28.1929172],[85.3432939,28.1930075],[85.3433958,28.1930087],[85.343393,28.1931892],[85.3432911,28.1931879],[85.3432897,28.1932782],[85.3428824,28.1932732],[85.3428838,28.193183],[85.3427819,28.1931818],[85.3427791,28.1933622],[85.3426773,28.193361]]]},"properties":{"class":"direct_measurement_support"}},{"type":"Feature","geometry":{"type":"Polygon","coordinates":[[[85.3423815,28.1927257],[85.3423829,28.1926354],[85.3424847,28.1926367],[85.3424833,28.1927269],[85.3423815,28.1927257]]]},"properties":{"class":"direct_measurement_support"}},{"type":"Feature","geometry":{"type":"Polygon","coordinates":[[[85.3450003,28.1946526],[85.3450017,28.1945624],[85.344798,28.1945599],[85.3448035,28.194199],[85.3447017,28.1941977],[85.3447003,28.194288],[85.3444966,28.1942855],[85.344498,28.1941953],[85.3445998,28.1941965],[85.3446026,28.1940161],[85.3447045,28.1940173],[85.3447031,28.1941075],[85.3448049,28.1941087],[85.3448105,28.1937478],[85.3449123,28.1937491],[85.3449137,28.1936588],[85.34471,28.1936564],[85.3447114,28.1935661],[85.344304,28.1935612],[85.3443054,28.193471],[85.3441017,28.1934685],[85.3441045,28.193288],[85.3442064,28.1932893],[85.344205,28.1933795],[85.3443068,28.1933807],[85.3443082,28.1932905],[85.3446137,28.1932942],[85.3446151,28.193204],[85.344717,28.1932052],[85.3447184,28.193115],[85.3448202,28.1931162],[85.344823,28.1929357],[85.3449248,28.192937],[85.3449262,28.1928467],[85.3447225,28.1928443],[85.3447211,28.1929345],[85.3444156,28.1929308],[85.3444198,28.1926601],[85.3446235,28.1926626],[85.3446221,28.1927528],[85.3447239,28.192754],[85.3447253,28.1926638],[85.3448272,28.192665],[85.3448286,28.1925748],[85.3450322,28.1925773],[85.3450281,28.192848],[85.3454355,28.1928529],[85.3454327,28.1930333],[85.3455345,28.1930346],[85.3455262,28.193576],[85.3454243,28.1935747],[85.3454229,28.193665],[85.3455248,28.1936662],[85.345522,28.1938467],[85.3456239,28.1938479],[85.345628,28.1935772],[85.3457299,28.1935784],[85.3457271,28.1937589],[85.3458289,28.1937601],[85.3458262,28.1939406],[85.345928,28.1939418],[85.3459252,28.1941223],[85.3458234,28.1941211],[85.3458192,28.1943918],[85.3456155,28.1943893],[85.3456141,28.1944795],[85.3455123,28.1944783],[85.3455109,28.1945685],[85.345409,28.1945673],[85.3454077,28.1946575],[85.3450003,28.1946526]],[[85.3457215,28.1941198],[85.3458234,28.1941211],[85.3458248,28.1940308],[85.3457229,28.1940296],[85.3457215,28.1941198]],[[85.3447114,28.1935661],[85.3448133,28.1935674],[85.3448147,28.1934771],[85.3447128,28.1934759],[85.3447114,28.1935661]],[[85.3449151,28.1935686],[85.345017,28.1935698],[85.3450183,28.1934796],[85.3449165,28.1934784],[85.3449151,28.1935686]]]},"properties":{"class":"direct_measurement_support"}},{"type":"Feature","geometry":{"type":"Polygon","coordinates":[[[85.3434027,28.1925575],[85.3434041,28.1924673],[85.3433023,28.1924661],[85.3433051,28.1922856],[85.3434069,28.1922868],[85.3434097,28.1921064],[85.3436134,28.1921088],[85.3436148,28.1920186],[85.3437166,28.1920198],[85.3437194,28.1918394],[85.3439231,28.1918418],[85.3439217,28.1919321],[85.3440235,28.1919333],[85.3440208,28.1921138],[85.3441226,28.192115],[85.3441212,28.1922052],[85.344223,28.1922065],[85.3442217,28.1922967],[85.3441198,28.1922955],[85.3441184,28.1923857],[85.3436092,28.1923795],[85.3436078,28.1924698],[85.343506,28.1924685],[85.3435046,28.1925588],[85.3434027,28.1925575]]]},"properties":{"class":"direct_measurement_support"}},{"type":"Feature","geometry":{"type":"Polygon","coordinates":[[[85.3465683,28.1920543],[85.3465696,28.1919641],[85.3461623,28.1919592],[85.346165,28.1917787],[85.3462669,28.1917799],[85.3462655,28.1918702],[85.346571,28.1918739],[85.3465724,28.1917836],[85.3466743,28.1917849],[85.3466729,28.1918751],[85.3467747,28.1918763],[85.3467733,28.1919666],[85.3466715,28.1919653],[85.3466701,28.1920556],[85.3465683,28.1920543]]]},"properties":{"class":"direct_measurement_support"}},{"type":"Feature","geometry":{"type":"Polygon","coordinates":[[[85.3467761,28.1917861],[85.3467775,28.1916959],[85.3468793,28.1916971],[85.346878,28.1917873],[85.3467761,28.1917861]]]},"properties":{"class":"direct_measurement_support"}},{"type":"Feature","geometry":{"type":"Polygon","coordinates":[[[85.3451494,28.1915859],[85.3451508,28.1914957],[85.3452526,28.1914969],[85.3452512,28.1915872],[85.3451494,28.1915859]]]},"properties":{"class":"direct_measurement_support"}},{"type":"Feature","geometry":{"type":"Polygon","coordinates":[[[85.3452554,28.1913165],[85.3452568,28.1912262],[85.3453586,28.1912275],[85.3453572,28.1913177],[85.3452554,28.1913165]]]},"properties":{"class":"direct_measurement_support"}},{"type":"Feature","geometry":{"type":"Polygon","coordinates":[[[85.3443249,28.1922077],[85.3443263,28.1921175],[85.3442244,28.1921162],[85.3442286,28.1918455],[85.3441268,28.1918443],[85.3441282,28.1917541],[85.3438226,28.1917504],[85.3438268,28.1914797],[85.343725,28.1914784],[85.3437222,28.1916589],[85.3434166,28.1916552],[85.343418,28.191565],[85.3433162,28.1915638],[85.3433204,28.1912931],[85.3436259,28.1912968],[85.3436245,28.191387],[85.3441337,28.1913931],[85.3441309,28.1915736],[85.3442328,28.1915748],[85.344237,28.1913041],[85.3439314,28.1913004],[85.3439328,28.1912102],[85.343831,28.191209],[85.3438324,28.1911188],[85.3439342,28.19112],[85.3439356,28.1910298],[85.3441393,28.1910322],[85.3441407,28.190942],[85.3442425,28.1909432],[85.3442411,28.1910334],[85.3445467,28.1910371],[85.3445481,28.1909469],[85.3447517,28.1909494],[85.3447476,28.1912201],[85.3446457,28.1912188],[85.3446443,28.1913091],[85.3445425,28.1913078],[85.3445411,28.1913981],[85.3446429,28.1913993],[85.3446416,28.1914895],[85.3445397,28.1914883],[85.3445383,28.1915785],[85.344742,28.191581],[85.3447434,28.1914908],[85.3448452,28.191492],[85.3448439,28.1915822],[85.3450475,28.1915847],[85.3450461,28.1916749],[85.345148,28.1916762],[85.3451466,28.1917664],[85.3450448,28.1917652],[85.3450434,28.1918554],[85.3451452,28.1918566],[85.345141,28.1921273],[85.3448355,28.1921236],[85.3448383,28.1919432],[85.3449401,28.1919444],[85.3449415,28.1918542],[85.344636,28.1918505],[85.3446332,28.1920309],[85.3447351,28.1920322],[85.3447323,28.1922126],[85.3446304,28.1922114],[85.3446318,28.1921212],[85.3444281,28.1921187],[85.3444267,28.1922089],[85.3443249,28.1922077]]]},"properties":{"class":"direct_measurement_support"}},{"type":"Feature","geometry":{"type":"Polygon","coordinates":[[[85.3481084,28.1912607],[85.3481126,28.19099],[85.3483163,28.1909924],[85.3483121,28.1912631],[85.3481084,28.1912607]]]},"properties":{"class":"direct_measurement_support"}},{"type":"Feature","geometry":{"type":"Polygon","coordinates":[[[85.3456656,28.1911409],[85.3456683,28.1909605],[85.3457702,28.1909617],[85.3457716,28.1908715],[85.3458734,28.1908727],[85.3458748,28.1907825],[85.3460785,28.1907849],[85.3460743,28.1910556],[85.3459725,28.1910544],[85.3459711,28.1911446],[85.3456656,28.1911409]]]},"properties":{"class":"direct_measurement_support"}},{"type":"Feature","geometry":{"type":"Polygon","coordinates":[[[85.3483163,28.1909924],[85.3483177,28.1909022],[85.3482158,28.190901],[85.3482172,28.1908107],[85.3485227,28.1908144],[85.3485213,28.1909047],[85.3484195,28.1909034],[85.3484181,28.1909937],[85.3483163,28.1909924]]]},"properties":{"class":"direct_measurement_support"}},{"type":"Feature","geometry":{"type":"Polygon","coordinates":[[[85.3434292,28.1908431],[85.3434319,28.1906627],[85.3435338,28.1906639],[85.3435352,28.1905737],[85.343637,28.1905749],[85.3436356,28.1906651],[85.3437375,28.1906664],[85.3437347,28.1908468],[85.3434292,28.1908431]]]},"properties":{"class":"direct_measurement_support"}},{"type":"Feature","geometry":{"type":"Polygon","coordinates":[[[85.3439384,28.1908493],[85.3439398,28.1907591],[85.3440416,28.1907603],[85.3440444,28.1905798],[85.3445536,28.190586],[85.3445522,28.1906762],[85.3446541,28.1906774],[85.3446527,28.1907677],[85.344449,28.1907652],[85.3444476,28.1908554],[85.3439384,28.1908493]]]},"properties":{"class":"direct_measurement_support"}},{"type":"Feature","geometry":{"type":"Polygon","coordinates":[[[85.3488241,28.1910888],[85.3488255,28.1909986],[85.3486218,28.1909961],[85.3486246,28.1908157],[85.3487264,28.1908169],[85.3487278,28.1907267],[85.348626,28.1907254],[85.3486273,28.1906352],[85.348831,28.1906377],[85.3488283,28.1908181],[85.3490319,28.1908206],[85.3490278,28.1910913],[85.3488241,28.1910888]]]},"properties":{"class":"direct_measurement_support"}},{"type":"Feature","geometry":{"type":"Polygon","coordinates":[[[85.3451661,28.1905031],[85.3451702,28.1902324],[85.3454758,28.1902361],[85.3454772,28.1901459],[85.3456808,28.1901484],[85.3456794,28.1902386],[85.3457813,28.1902398],[85.3457799,28.1903301],[85.3454744,28.1903264],[85.345473,28.1904166],[85.3453711,28.1904154],[85.3453697,28.1905056],[85.3451661,28.1905031]]]},"properties":{"class":"direct_measurement_support"}},{"type":"Feature","geometry":{"type":"Polygon","coordinates":[[[85.3481167,28.1907193],[85.3481181,28.1906291],[85.3480163,28.1906278],[85.3480204,28.1903571],[85.3479186,28.1903559],[85.3479214,28.1901754],[85.3482269,28.1901791],[85.3482255,28.1902694],[85.3483274,28.1902706],[85.3483288,28.1901803],[85.3486343,28.190184],[85.3486329,28.1902743],[85.3485311,28.190273],[85.3485283,28.1904535],[85.3486301,28.1904547],[85.3486273,28.1906352],[85.3484237,28.1906327],[85.3484223,28.190723],[85.3481167,28.1907193]]]},"properties":{"class":"direct_measurement_support"}},{"type":"Feature","geometry":{"type":"Polygon","coordinates":[[[85.3482269,28.1901791],[85.3482283,28.1900889],[85.3483301,28.1900901],[85.3483288,28.1901803],[85.3482269,28.1901791]]]},"properties":{"class":"direct_measurement_support"}},{"type":"Feature","geometry":{"type":"Polygon","coordinates":[[[85.3426172,28.1906528],[85.34262,28.1904723],[85.3425181,28.1904711],[85.3425195,28.1903809],[85.3424177,28.1903796],[85.3424191,28.1902894],[85.3425209,28.1902906],[85.3425237,28.1901102],[85.3429311,28.1901151],[85.3429297,28.1902053],[85.3430315,28.1902066],[85.3430399,28.1896652],[85.342938,28.1896639],[85.3429394,28.1895737],[85.3431431,28.1895762],[85.3431445,28.1894859],[85.3433482,28.1894884],[85.3433454,28.1896689],[85.3432436,28.1896676],[85.3432422,28.1897579],[85.3431403,28.1897566],[85.3431389,28.1898469],[85.3432408,28.1898481],[85.3432394,28.1899383],[85.3433412,28.1899396],[85.3433398,28.1900298],[85.3436454,28.1900335],[85.3436482,28.189853],[85.3435463,28.1898518],[85.3435491,28.1896713],[85.3438546,28.189675],[85.3438504,28.1899457],[85.3437486,28.1899445],[85.3437472,28.1900347],[85.3438491,28.190036],[85.3438477,28.1901262],[85.3439495,28.1901274],[85.3439509,28.1900372],[85.3440527,28.1900384],[85.3440555,28.189858],[85.3439537,28.1898567],[85.3439565,28.1896763],[85.3440583,28.1896775],[85.3440597,28.1895873],[85.3439579,28.189586],[85.3439606,28.1894056],[85.344368,28.1894105],[85.3443666,28.1895007],[85.3444685,28.189502],[85.3444671,28.1895922],[85.3445689,28.1895934],[85.3445661,28.1897739],[85.3444643,28.1897727],[85.3444615,28.1899531],[85.3445633,28.1899544],[85.344562,28.1900446],[85.3446638,28.1900458],[85.3446596,28.1903165],[85.3445578,28.1903153],[85.3445564,28.1904055],[85.3442509,28.1904018],[85.3442495,28.1904921],[85.3440458,28.1904896],[85.3440486,28.1903091],[85.3439467,28.1903079],[85.3439481,28.1902177],[85.3438463,28.1902164],[85.3438449,28.1903067],[85.343743,28.1903054],[85.3437417,28.1903957],[85.3438435,28.1903969],[85.3438421,28.1904871],[85.3437403,28.1904859],[85.3437389,28.1905761],[85.343637,28.1905749],[85.3436384,28.1904847],[85.3435366,28.1904834],[85.343538,28.1903932],[85.3436398,28.1903944],[85.3436412,28.1903042],[85.3434375,28.1903017],[85.3434361,28.190392],[85.3433343,28.1903907],[85.3433329,28.190481],[85.3429255,28.190476],[85.3429227,28.1906565],[85.3426172,28.1906528]]]},"properties":{"class":"direct_measurement_support"}},{"type":"Feature","geometry":{"type":"Polygon","coordinates":[[[85.3444685,28.189502],[85.3444698,28.1894117],[85.3445717,28.189413],[85.3445703,28.1895032],[85.3444685,28.189502]]]},"properties":{"class":"direct_measurement_support"}},{"type":"Feature","geometry":{"type":"Polygon","coordinates":[[[85.3471136,28.1897144],[85.347115,28.1896242],[85.3470131,28.189623],[85.3470173,28.1893523],[85.3471191,28.1893535],[85.3471177,28.1894437],[85.3472196,28.189445],[85.3472154,28.1897157],[85.3471136,28.1897144]]]},"properties":{"class":"direct_measurement_support"}},{"type":"Feature","geometry":{"type":"Polygon","coordinates":[[[85.3444712,28.1893215],[85.3444726,28.1892313],[85.3443708,28.18923],[85.3443722,28.1891398],[85.3445759,28.1891423],[85.3445731,28.1893227],[85.3444712,28.1893215]]]},"properties":{"class":"direct_measurement_support"}},{"type":"Feature","geometry":{"type":"Polygon","coordinates":[[[85.3475223,28.1896291],[85.3475237,28.1895389],[85.3474219,28.1895377],[85.3474247,28.1893572],[85.3476283,28.1893596],[85.3476311,28.1891792],[85.347733,28.1891804],[85.3477343,28.1890902],[85.3478362,28.1890914],[85.3478348,28.1891816],[85.3480385,28.1891841],[85.3480371,28.1892743],[85.3477316,28.1892706],[85.3477274,28.1895413],[85.3476256,28.1895401],[85.3476242,28.1896303],[85.3475223,28.1896291]]]},"properties":{"class":"direct_measurement_support"}},{"type":"Feature","geometry":{"type":"Polygon","coordinates":[[[85.3441685,28.1891373],[85.3441699,28.1890471],[85.3442717,28.1890483],[85.3442703,28.1891386],[85.3441685,28.1891373]]]},"properties":{"class":"direct_measurement_support"}},{"type":"Feature","geometry":{"type":"Polygon","coordinates":[[[85.3448814,28.189146],[85.3448828,28.1890557],[85.3449846,28.189057],[85.3449832,28.1891472],[85.3448814,28.189146]]]},"properties":{"class":"direct_measurement_support"}},{"type":"Feature","geometry":{"type":"Polygon","coordinates":[[[85.3466085,28.1894376],[85.3466113,28.1892571],[85.3465095,28.1892559],[85.3465109,28.1891657],[85.346409,28.1891644],[85.3464118,28.188984],[85.3466155,28.1889864],[85.3466127,28.1891669],[85.3467145,28.1891681],[85.3467173,28.1889876],[85.3468192,28.1889889],[85.3468205,28.1888986],[85.3469224,28.1888999],[85.346921,28.1889901],[85.3470228,28.1889913],[85.3470187,28.189262],[85.3469168,28.1892608],[85.3469154,28.189351],[85.3468136,28.1893498],[85.3468122,28.18944],[85.3466085,28.1894376]]]},"properties":{"class":"direct_measurement_support"}},{"type":"Feature","geometry":{"type":"Polygon","coordinates":[[[85.347938,28.1890926],[85.3479394,28.1890024],[85.3478376,28.1890012],[85.347839,28.1889109],[85.3480426,28.1889134],[85.3480413,28.1890036],[85.3481431,28.1890049],[85.3481417,28.1890951],[85.347938,28.1890926]]]},"properties":{"class":"direct_measurement_support"}},{"type":"Feature","geometry":{"type":"Polygon","coordinates":[[[85.3444768,28.1889606],[85.3444782,28.1888703],[85.34458,28.1888716],[85.3445814,28.1887813],[85.3446833,28.1887826],[85.3446805,28.188963],[85.3444768,28.1889606]]]},"properties":{"class":"direct_measurement_support"}},{"type":"Feature","geometry":{"type":"Polygon","coordinates":[[[85.346515,28.188895],[85.3465178,28.1887145],[85.3468233,28.1887182],[85.3468205,28.1888986],[85.346515,28.188895]]]},"properties":{"class":"direct_measurement_support"}},{"type":"Feature","geometry":{"type":"Polygon","coordinates":[[[85.3475348,28.188817],[85.3475362,28.1887268],[85.3476381,28.188728],[85.3476367,28.1888182],[85.3475348,28.188817]]]},"properties":{"class":"direct_measurement_support"}},{"type":"Feature","geometry":{"type":"Polygon","coordinates":[[[85.3473256,28.1891755],[85.3473284,28.188995],[85.3472265,28.1889938],[85.3472279,28.1889036],[85.3471261,28.1889023],[85.3471275,28.1888121],[85.3470256,28.1888109],[85.347027,28.1887206],[85.3471288,28.1887219],[85.3471302,28.1886316],[85.3472321,28.1886329],[85.3472293,28.1888133],[85.347433,28.1888158],[85.3474316,28.188906],[85.3475334,28.1889073],[85.3475293,28.189178],[85.3473256,28.1891755]]]},"properties":{"class":"direct_measurement_support"}},{"type":"Feature","geometry":{"type":"Polygon","coordinates":[[[85.3435714,28.1882276],[85.3435727,28.1881374],[85.3434709,28.1881361],[85.3434723,28.1880459],[85.343676,28.1880484],[85.3436774,28.1879581],[85.343881,28.1879606],[85.3438783,28.1881411],[85.3437764,28.1881398],[85.343775,28.1882301],[85.3435714,28.1882276]]]},"properties":{"class":"direct_measurement_support"}},{"type":"Feature","geometry":{"type":"Polygon","coordinates":[[[85.3470367,28.188089],[85.3470381,28.1879988],[85.34714,28.188],[85.3471386,28.1880902],[85.3470367,28.188089]]]},"properties":{"class":"direct_measurement_support"}},{"type":"Feature","geometry":{"type":"Polygon","coordinates":[[[85.347539,28.1885463],[85.3475404,28.1884561],[85.3473367,28.1884536],[85.3473381,28.1883634],[85.3474399,28.1883646],[85.3474427,28.1881842],[85.3473409,28.1881829],[85.3473422,28.1880927],[85.3472404,28.1880915],[85.3472418,28.1880012],[85.3475473,28.1880049],[85.3475445,28.1881854],[85.3476464,28.1881866],[85.347645,28.1882769],[85.3477468,28.1882781],[85.3477454,28.1883683],[85.3478473,28.1883695],[85.3478459,28.1884598],[85.3477441,28.1884585],[85.3477427,28.1885488],[85.347539,28.1885463]]]},"properties":{"class":"direct_measurement_support"}},{"type":"Feature","geometry":{"type":"Polygon","coordinates":[[[85.3434751,28.1878654],[85.3434765,28.1877752],[85.3435783,28.1877764],[85.3435797,28.1876862],[85.3436815,28.1876874],[85.3436788,28.1878679],[85.3434751,28.1878654]]]},"properties":{"class":"direct_measurement_support"}},{"type":"Feature","geometry":{"type":"Polygon","coordinates":[[[85.3425613,28.1876739],[85.3425627,28.1875837],[85.3427664,28.1875861],[85.342765,28.1876764],[85.3425613,28.1876739]]]},"properties":{"class":"direct_measurement_support"}},{"type":"Feature","geometry":{"type":"Polygon","coordinates":[[[85.3471441,28.1877293],[85.3471455,28.1876391],[85.3472473,28.1876403],[85.347246,28.1877305],[85.3471441,28.1877293]]]},"properties":{"class":"direct_measurement_support"}},{"type":"Feature","geometry":{"type":"Polygon","coordinates":[[[85.3465289,28.1879926],[85.3465317,28.1878122],[85.3464298,28.1878109],[85.346434,28.1875402],[85.3465359,28.1875415],[85.3465331,28.1877219],[85.3466349,28.1877232],[85.3466308,28.1879939],[85.3465289,28.1879926]]]},"properties":{"class":"direct_measurement_support"}},{"type":"Feature","geometry":{"type":"Polygon","coordinates":[[[85.3469363,28.1879975],[85.3469377,28.1879073],[85.3468358,28.1879061],[85.3468372,28.1878159],[85.3467354,28.1878146],[85.3467381,28.1876342],[85.34684,28.1876354],[85.3468414,28.1875452],[85.3469432,28.1875464],[85.3469418,28.1876366],[85.3470437,28.1876378],[85.3470423,28.1877281],[85.3471441,28.1877293],[85.3471427,28.1878195],[85.3470409,28.1878183],[85.3470381,28.1879988],[85.3469363,28.1879975]]]},"properties":{"class":"direct_measurement_support"}},{"type":"Feature","geometry":{"type":"Polygon","coordinates":[[[85.3398116,28.1876406],[85.339813,28.1875503],[85.3399148,28.1875516],[85.3399162,28.1874613],[85.3400181,28.1874626],[85.3400167,28.1875528],[85.3401185,28.187554],[85.3401171,28.1876443],[85.3398116,28.1876406]]]},"properties":{"class":"direct_measurement_support"}},{"type":"Feature","geometry":{"type":"Polygon","coordinates":[[[85.3437834,28.1876887],[85.3437848,28.1875984],[85.3436829,28.1875972],[85.3436843,28.187507],[85.343888,28.1875094],[85.3438852,28.1876899],[85.3437834,28.1876887]]]},"properties":{"class":"direct_measurement_support"}},{"type":"Feature","geometry":{"type":"Polygon","coordinates":[[[85.3462331,28.1873573],[85.3462345,28.1872671],[85.3464382,28.1872695],[85.3464368,28.1873598],[85.3462331,28.1873573]]]},"properties":{"class":"direct_measurement_support"}},{"type":"Feature","geometry":{"type":"Polygon","coordinates":[[[85.3459234,28.1876243],[85.3459248,28.1875341],[85.345823,28.1875328],[85.3458285,28.1871719],[85.3460322,28.1871744],[85.3460308,28.1872646],[85.3461327,28.1872658],[85.3461313,28.1873561],[85.3462331,28.1873573],[85.3462317,28.1874475],[85.346028,28.1874451],[85.3460253,28.1876255],[85.3459234,28.1876243]]]},"properties":{"class":"direct_measurement_support"}},{"type":"Feature","geometry":{"type":"Polygon","coordinates":[[[85.3397153,28.1872784],[85.3397181,28.1870979],[85.33982,28.1870992],[85.3398214,28.1870089],[85.3399232,28.1870102],[85.339919,28.1872809],[85.3397153,28.1872784]]]},"properties":{"class":"direct_measurement_support"}},{"type":"Feature","geometry":{"type":"Polygon","coordinates":[[[85.3445032,28.1872461],[85.3445046,28.1871559],[85.3444028,28.1871547],[85.3444055,28.1869742],[85.3447111,28.1869779],[85.3447069,28.1872486],[85.3445032,28.1872461]]]},"properties":{"class":"direct_measurement_support"}},{"type":"Feature","geometry":{"type":"Polygon","coordinates":[[[85.3426856,28.1928196],[85.342687,28.1927294],[85.3427889,28.1927306],[85.3427903,28.1926404],[85.3425866,28.1926379],[85.342588,28.1925477],[85.3422824,28.192544],[85.3422838,28.1924537],[85.3419783,28.19245],[85.3419797,28.1923598],[85.3418778,28.1923586],[85.3418792,28.1922683],[85.3417774,28.1922671],[85.3417788,28.1921769],[85.3416769,28.1921756],[85.3416783,28.1920854],[85.3415765,28.1920842],[85.3415793,28.1919037],[85.3414774,28.1919025],[85.3414788,28.1918122],[85.341377,28.191811],[85.3413784,28.1917208],[85.3412765,28.1917195],[85.3412779,28.1916293],[85.3414816,28.1916318],[85.341483,28.1915415],[85.3411775,28.1915378],[85.3411789,28.1914476],[85.341077,28.1914464],[85.3410784,28.1913561],[85.3409766,28.1913549],[85.3409794,28.1911744],[85.3408775,28.1911732],[85.3408803,28.1909927],[85.3407785,28.1909915],[85.3407826,28.1907208],[85.3406808,28.1907196],[85.3406822,28.1906293],[85.3405803,28.1906281],[85.3405831,28.1904476],[85.3404813,28.1904464],[85.3404855,28.1901757],[85.3403836,28.1901745],[85.3403878,28.1899038],[85.340286,28.1899025],[85.3402915,28.1895416],[85.3401897,28.1895404],[85.3401925,28.1893599],[85.3402943,28.1893612],[85.3402957,28.1892709],[85.3401939,28.1892697],[85.3401967,28.1890892],[85.3402985,28.1890905],[85.3402971,28.1891807],[85.340399,28.1891819],[85.3404003,28.1890917],[85.3405022,28.1890929],[85.340505,28.1889125],[85.3406068,28.1889137],[85.3406082,28.1888235],[85.3407101,28.1888247],[85.3407114,28.1887345],[85.3406096,28.1887332],[85.340611,28.188643],[85.3404073,28.1886405],[85.3404087,28.1885503],[85.3403069,28.1885491],[85.3403041,28.1887295],[85.3401004,28.1887271],[85.340099,28.1888173],[85.3399972,28.1888161],[85.3400013,28.1885454],[85.3398995,28.1885441],[85.3399009,28.1884539],[85.3397991,28.1884526],[85.3398005,28.1883624],[85.3396986,28.1883612],[85.3397014,28.1881807],[85.3395996,28.1881795],[85.339601,28.1880892],[85.3394991,28.188088],[85.3395019,28.1879075],[85.3397056,28.18791],[85.3397042,28.1880003],[85.339806,28.1880015],[85.3398074,28.1879113],[85.3399093,28.1879125],[85.3399121,28.187732],[85.3401157,28.1877345],[85.3401171,28.1876443],[85.3404227,28.187648],[85.340424,28.1875577],[85.3409332,28.1875639],[85.340936,28.1873834],[85.3410379,28.1873847],[85.3410421,28.187114],[85.3413476,28.1871177],[85.3413517,28.186847],[85.3417591,28.1868519],[85.3417577,28.1869422],[85.3418596,28.1869434],[85.3418582,28.1870336],[85.34196,28.1870349],[85.3419558,28.1873056],[85.3417521,28.1873031],[85.3417508,28.1873933],[85.3415471,28.1873909],[85.3415457,28.1874811],[85.3414438,28.1874798],[85.3414397,28.1877505],[85.3413378,28.1877493],[85.3413364,28.1878395],[85.3412346,28.1878383],[85.341236,28.1877481],[85.3411341,28.1877468],[85.3411327,28.1878371],[85.3410309,28.1878358],[85.3410295,28.1879261],[85.3411314,28.1879273],[85.34113,28.1880175],[85.3412318,28.1880188],[85.3412262,28.1883797],[85.3411244,28.1883785],[85.3411216,28.1885589],[85.3413253,28.1885614],[85.3413267,28.1884712],[85.3414285,28.1884724],[85.3414313,28.1882919],[85.341635,28.1882944],[85.3416322,28.1884749],[85.341734,28.1884761],[85.341741,28.1880249],[85.3420465,28.1880286],[85.3420437,28.1882091],[85.3421456,28.1882103],[85.342147,28.1881201],[85.3422488,28.1881213],[85.3422502,28.1880311],[85.342352,28.1880323],[85.3423534,28.1879421],[85.3424553,28.1879433],[85.3424581,28.1877629],[85.3428654,28.1877678],[85.342864,28.187858],[85.3429659,28.1878593],[85.3429673,28.1877691],[85.3433746,28.187774],[85.3433732,28.1878642],[85.3430677,28.1878605],[85.3430649,28.188041],[85.3429631,28.1880397],[85.3429617,28.18813],[85.3431654,28.1881324],[85.3431668,28.1880422],[85.3433705,28.1880447],[85.3433677,28.1882251],[85.3430621,28.1882214],[85.3430608,28.1883117],[85.3433663,28.1883154],[85.3433649,28.1884056],[85.343263,28.1884044],[85.3432617,28.1884946],[85.3431598,28.1884934],[85.3431584,28.1885836],[85.3430566,28.1885824],[85.3430552,28.1886726],[85.3427497,28.1886689],[85.3427525,28.1884884],[85.3426506,28.1884872],[85.3426492,28.1885774],[85.3425474,28.1885762],[85.3425446,28.1887567],[85.3428501,28.1887604],[85.3428487,28.1888506],[85.3429506,28.1888518],[85.3429492,28.1889421],[85.343051,28.1889433],[85.3430524,28.1888531],[85.3432561,28.1888555],[85.3432589,28.1886751],[85.3433607,28.1886763],[85.3433621,28.1885861],[85.3434639,28.1885873],[85.3434681,28.1883166],[85.3439773,28.1883228],[85.3439787,28.1882325],[85.3442842,28.1882362],[85.3442773,28.1886874],[85.3440736,28.1886849],[85.3440708,28.1888654],[85.343969,28.1888642],[85.3439662,28.1890446],[85.344068,28.1890459],[85.3440667,28.1891361],[85.3441685,28.1891373],[85.3441671,28.1892276],[85.3439634,28.1892251],[85.343962,28.1893153],[85.3438602,28.1893141],[85.3438588,28.1894043],[85.3433496,28.1893982],[85.343351,28.1893079],[85.3428418,28.1893018],[85.3428404,28.189392],[85.342433,28.1893871],[85.3424316,28.1894773],[85.3426353,28.1894798],[85.3426339,28.18957],[85.3427357,28.1895712],[85.3427371,28.189481],[85.342839,28.1894822],[85.3428362,28.1896627],[85.3427344,28.1896615],[85.342733,28.1897517],[85.3424274,28.189748],[85.342426,28.1898382],[85.3422224,28.1898358],[85.342221,28.189926],[85.3421191,28.1899248],[85.3421177,28.190015],[85.3420159,28.1900138],[85.3420145,28.190104],[85.3419127,28.1901028],[85.3419113,28.190193],[85.3418094,28.1901918],[85.3418052,28.1904625],[85.3420089,28.1904649],[85.3420103,28.1903747],[85.342214,28.1903772],[85.3422126,28.1904674],[85.3423145,28.1904686],[85.3423061,28.19101],[85.3424079,28.1910113],[85.3424052,28.1911917],[85.342507,28.191193],[85.3425056,28.1912832],[85.3424038,28.191282],[85.3424024,28.1913722],[85.3423005,28.191371],[85.3422964,28.1916417],[85.3423982,28.1916429],[85.3423954,28.1918233],[85.3424973,28.1918246],[85.3424959,28.1919148],[85.342394,28.1919136],[85.3423926,28.1920038],[85.3425963,28.1920063],[85.3426033,28.1915551],[85.3427051,28.1915564],[85.3427037,28.1916466],[85.3428056,28.1916478],[85.3428028,28.1918283],[85.3429046,28.1918295],[85.3429005,28.1921002],[85.3427986,28.192099],[85.3427958,28.1922794],[85.3428977,28.1922807],[85.3428963,28.1923709],[85.3431,28.1923734],[85.3430986,28.1924636],[85.3433023,28.1924661],[85.3432981,28.1927368],[85.3431963,28.1927355],[85.343199,28.1925551],[85.3430972,28.1925538],[85.3430944,28.1927343],[85.3429926,28.1927331],[85.3429912,28.1928233],[85.3426856,28.1928196]],[[85.3422894,28.1920928],[85.3423912,28.192094],[85.3423926,28.1920038],[85.3422908,28.1920026],[85.3422894,28.1920928]],[[85.3417871,28.1916355],[85.341889,28.1916367],[85.3418904,28.1915465],[85.3417885,28.1915452],[85.3417871,28.1916355]],[[85.3419922,28.1915477],[85.3420941,28.191549],[85.3420955,28.1914587],[85.3419936,28.1914575],[85.3419922,28.1915477]],[[85.3420955,28.1914587],[85.3421973,28.19146],[85.3421987,28.1913697],[85.3420968,28.1913685],[85.3420955,28.1914587]],[[85.3410882,28.1907245],[85.3412918,28.190727],[85.3412932,28.1906368],[85.3411914,28.1906355],[85.3411928,28.1905453],[85.3410909,28.1905441],[85.3410882,28.1907245]],[[85.3410965,28.1901831],[85.3411984,28.1901844],[85.3411998,28.1900941],[85.3410979,28.1900929],[85.3410965,28.1901831]],[[85.3414048,28.1900064],[85.3415067,28.1900076],[85.3415081,28.1899174],[85.3414062,28.1899161],[85.3414048,28.1900064]],[[85.3415136,28.1895564],[85.3416155,28.1895577],[85.3416169,28.1894674],[85.341515,28.1894662],[85.3415136,28.1895564]],[[85.3413114,28.1894637],[85.3414132,28.189465],[85.3414146,28.1893747],[85.3413127,28.1893735],[85.3413114,28.1894637]],[[85.3416169,28.1894674],[85.3418206,28.1894699],[85.341822,28.1893797],[85.3416183,28.1893772],[85.3416169,28.1894674]],[[85.3420242,28.1894724],[85.3421261,28.1894736],[85.3421289,28.1892931],[85.3422307,28.1892944],[85.3422293,28.1893846],[85.342433,28.1893871],[85.3424344,28.1892968],[85.3423326,28.1892956],[85.3423353,28.1891151],[85.3421317,28.1891127],[85.3421303,28.1892029],[85.3419266,28.1892004],[85.3419252,28.1892907],[85.342027,28.1892919],[85.3420242,28.1894724]],[[85.341822,28.1893797],[85.3419238,28.1893809],[85.3419252,28.1892907],[85.3418233,28.1892894],[85.341822,28.1893797]],[[85.3427413,28.1892103],[85.3428432,28.1892115],[85.3428445,28.1891213],[85.3427427,28.1891201],[85.3427413,28.1892103]],[[85.3419294,28.18902],[85.3420312,28.1890212],[85.3420326,28.188931],[85.3419308,28.1889297],[85.3419294,28.18902]],[[85.3432533,28.189036],[85.3433551,28.1890372],[85.3433565,28.188947],[85.3432547,28.1889458],[85.3432533,28.189036]],[[85.3433565,28.188947],[85.3434584,28.1889482],[85.3434598,28.188858],[85.3433579,28.1888568],[85.3433565,28.188947]],[[85.3408133,28.1887357],[85.3409151,28.1887369],[85.3409165,28.1886467],[85.3408147,28.1886455],[85.3408133,28.1887357]],[[85.3422405,28.1886627],[85.3423423,28.188664],[85.3423437,28.1885737],[85.3422419,28.1885725],[85.3422405,28.1886627]],[[85.3419391,28.1883883],[85.342041,28.1883896],[85.3420437,28.1882091],[85.3419419,28.1882079],[85.3419391,28.1883883]],[[85.3424511,28.188214],[85.3428585,28.188219],[85.3428613,28.1880385],[85.3427594,28.1880373],[85.3427622,28.1878568],[85.3426604,28.1878556],[85.3426562,28.1881263],[85.3424525,28.1881238],[85.3424511,28.188214]],[[85.3409291,28.1878346],[85.3410309,28.1878358],[85.3410323,28.1877456],[85.3409305,28.1877444],[85.3409291,28.1878346]]]},"properties":{"class":"direct_measurement_support"}},{"type":"Feature","geometry":{"type":"Polygon","coordinates":[[[85.3419516,28.1875763],[85.341953,28.187486],[85.3418512,28.1874848],[85.3418526,28.1873946],[85.3419544,28.1873958],[85.3419558,28.1873056],[85.3420577,28.1873068],[85.3420618,28.1870361],[85.34196,28.1870349],[85.3419614,28.1869446],[85.3418596,28.1869434],[85.3418609,28.1868532],[85.3419628,28.1868544],[85.3419642,28.1867642],[85.3421679,28.1867666],[85.3421665,28.1868569],[85.3422683,28.1868581],[85.3422641,28.1871288],[85.3421623,28.1871276],[85.3421609,28.1872178],[85.3422627,28.187219],[85.3422613,28.1873093],[85.3423632,28.1873105],[85.342359,28.1875812],[85.3421553,28.1875787],[85.3421567,28.1874885],[85.3422586,28.1874897],[85.34226,28.1873995],[85.3420563,28.187397],[85.3420535,28.1875775],[85.3419516,28.1875763]]]},"properties":{"class":"direct_measurement_support"}},{"type":"Feature","geometry":{"type":"Polygon","coordinates":[[[85.341967,28.1865837],[85.3419684,28.1864935],[85.3420702,28.1864947],[85.3420688,28.1865849],[85.341967,28.1865837]]]},"properties":{"class":"direct_measurement_support"}},{"type":"Feature","geometry":{"type":"Polygon","coordinates":[[[85.345124,28.1866219],[85.3451268,28.1864414],[85.3453304,28.1864439],[85.3453277,28.1866244],[85.345124,28.1866219]]]},"properties":{"class":"direct_measurement_support"}},{"type":"Feature","geometry":{"type":"Polygon","coordinates":[[[85.341455,28.186758],[85.3414564,28.1866678],[85.3413545,28.1866665],[85.3413601,28.1863056],[85.3414619,28.1863068],[85.3414606,28.1863971],[85.3416642,28.1863995],[85.3416601,28.1866702],[85.3415582,28.186669],[85.3415568,28.1867592],[85.341455,28.186758]]]},"properties":{"class":"direct_measurement_support"}},{"type":"Feature","geometry":{"type":"Polygon","coordinates":[[[85.3454323,28.1864451],[85.3454351,28.1862647],[85.3455369,28.1862659],[85.3455341,28.1864464],[85.3454323,28.1864451]]]},"properties":{"class":"direct_measurement_support"}},{"type":"Feature","geometry":{"type":"Polygon","coordinates":[[[85.3449245,28.1863487],[85.3449273,28.1861683],[85.3452328,28.186172],[85.3452314,28.1862622],[85.3453332,28.1862634],[85.3453318,28.1863537],[85.3449245,28.1863487]]]},"properties":{"class":"direct_measurement_support"}},{"type":"Feature","geometry":{"type":"Polygon","coordinates":[[[85.3417661,28.1864008],[85.3417689,28.1862203],[85.3420744,28.186224],[85.3420758,28.1861338],[85.3423813,28.1861375],[85.3423827,28.1860472],[85.3425864,28.1860497],[85.342585,28.1861399],[85.3424831,28.1861387],[85.3424817,28.1862289],[85.3423799,28.1862277],[85.3423771,28.1864082],[85.3421734,28.1864057],[85.3421748,28.1863155],[85.342073,28.1863142],[85.3420716,28.1864045],[85.3417661,28.1864008]]]},"properties":{"class":"direct_measurement_support"}},{"type":"Feature","geometry":{"type":"Polygon","coordinates":[[[85.3396316,28.1861041],[85.339633,28.1860139],[85.3395312,28.1860127],[85.339534,28.1858322],[85.3397377,28.1858347],[85.3397363,28.1859249],[85.3398381,28.1859261],[85.3398367,28.1860164],[85.3397349,28.1860151],[85.3397335,28.1861054],[85.3396316,28.1861041]]]},"properties":{"class":"direct_measurement_support"}},{"type":"Feature","geometry":{"type":"Polygon","coordinates":[[[85.3448282,28.1859866],[85.3448296,28.1858963],[85.3450333,28.1858988],[85.3450319,28.185989],[85.3448282,28.1859866]]]},"properties":{"class":"direct_measurement_support"}},{"type":"Feature","geometry":{"type":"Polygon","coordinates":[[[85.3456429,28.1859964],[85.3456443,28.1859062],[85.3454406,28.1859037],[85.345442,28.1858135],[85.3456457,28.185816],[85.3456471,28.1857257],[85.3458508,28.1857282],[85.3458494,28.1858184],[85.3459512,28.1858197],[85.3459484,28.1860001],[85.3456429,28.1859964]]]},"properties":{"class":"direct_measurement_support"}},{"type":"Feature","geometry":{"type":"Polygon","coordinates":[[[85.3395354,28.185742],[85.3395368,28.1856517],[85.3396386,28.185653],[85.3396372,28.1857432],[85.3395354,28.185742]]]},"properties":{"class":"direct_measurement_support"}},{"type":"Feature","geometry":{"type":"Polygon","coordinates":[[[85.3391266,28.1858273],[85.3391308,28.1855566],[85.339029,28.1855553],[85.3390318,28.1853749],[85.3393373,28.1853786],[85.3393401,28.1851981],[85.3394419,28.1851993],[85.3394405,28.1852896],[85.3395423,28.1852908],[85.339541,28.185381],[85.3394391,28.1853798],[85.3394377,28.18547],[85.3393359,28.1854688],[85.3393345,28.185559],[85.3392326,28.1855578],[85.3392299,28.1857383],[85.3395354,28.185742],[85.339534,28.1858322],[85.3391266,28.1858273]]]},"properties":{"class":"direct_measurement_support"}},{"type":"Feature","geometry":{"type":"Polygon","coordinates":[[[85.3450416,28.1853574],[85.345043,28.1852672],[85.3451448,28.1852684],[85.3451434,28.1853586],[85.3450416,28.1853574]]]},"properties":{"class":"direct_measurement_support"}},{"type":"Feature","geometry":{"type":"Polygon","coordinates":[[[85.3399525,28.1851153],[85.3399539,28.1850251],[85.339852,28.1850238],[85.3398534,28.1849336],[85.3399553,28.1849348],[85.3399567,28.1848446],[85.3400585,28.1848458],[85.3400599,28.1847556],[85.3402636,28.1847581],[85.3402594,28.1850288],[85.3400557,28.1850263],[85.3400543,28.1851165],[85.3399525,28.1851153]]]},"properties":{"class":"direct_measurement_support"}},{"type":"Feature","geometry":{"type":"Polygon","coordinates":[[[85.3446384,28.1850818],[85.3446426,28.1848111],[85.3445408,28.1848099],[85.3445421,28.1847196],[85.3444403,28.1847184],[85.3444431,28.1845379],[85.3447486,28.1845416],[85.3447472,28.1846319],[85.344849,28.1846331],[85.3448463,28.1848136],[85.3449481,28.1848148],[85.3449439,28.1850855],[85.3446384,28.1850818]]]},"properties":{"class":"direct_measurement_support"}},{"type":"Feature","geometry":{"type":"Polygon","coordinates":[[[85.3442422,28.184355],[85.344245,28.1841745],[85.3445505,28.1841782],[85.3445477,28.1843587],[85.3442422,28.184355]]]},"properties":{"class":"direct_measurement_support"}},{"type":"Feature","geometry":{"type":"Polygon","coordinates":[[[85.3431331,28.1836196],[85.3431345,28.1835293],[85.3429308,28.1835269],[85.3429336,28.1833464],[85.3430354,28.1833477],[85.3430341,28.1834379],[85.3432377,28.1834403],[85.3432349,28.1836208],[85.3431331,28.1836196]]]},"properties":{"class":"direct_measurement_support"}},{"type":"Feature","geometry":{"type":"Polygon","coordinates":[[[85.342935,28.1832562],[85.3429364,28.183166],[85.3428346,28.1831647],[85.342836,28.1830745],[85.3430396,28.183077],[85.3430368,28.1832574],[85.342935,28.1832562]]]},"properties":{"class":"direct_measurement_support"}},{"type":"Feature","geometry":{"type":"Polygon","coordinates":[[[85.3455855,28.1831077],[85.3455869,28.1830175],[85.3456888,28.1830187],[85.3456874,28.183109],[85.3455855,28.1831077]]]},"properties":{"class":"direct_measurement_support"}},{"type":"Feature","geometry":{"type":"Polygon","coordinates":[[[85.3398855,28.1828582],[85.3398869,28.182768],[85.3400906,28.1827705],[85.3400892,28.1828607],[85.3398855,28.1828582]]]},"properties":{"class":"direct_measurement_support"}},{"type":"Feature","geometry":{"type":"Polygon","coordinates":[[[85.3396846,28.1826753],[85.339686,28.1825851],[85.3397878,28.1825863],[85.3397892,28.1824961],[85.3398911,28.1824973],[85.3398925,28.1824071],[85.3400961,28.1824095],[85.3400947,28.1824998],[85.3405021,28.1825047],[85.3405035,28.1824145],[85.3407071,28.182417],[85.3407044,28.1825974],[85.3403989,28.1825937],[85.3403975,28.1826839],[85.3396846,28.1826753]]]},"properties":{"class":"direct_measurement_support"}},{"type":"Feature","geometry":{"type":"Polygon","coordinates":[[[85.3392801,28.1824899],[85.3392815,28.1823997],[85.3393833,28.1824009],[85.3393847,28.1823107],[85.3394865,28.1823119],[85.3394837,28.1824924],[85.3392801,28.1824899]]]},"properties":{"class":"direct_measurement_support"}},{"type":"Feature","geometry":{"type":"Polygon","coordinates":[[[85.3422375,28.182255],[85.3422389,28.1821648],[85.3423407,28.182166],[85.3423393,28.1822562],[85.3422375,28.182255]]]},"properties":{"class":"direct_measurement_support"}},{"type":"Feature","geometry":{"type":"Polygon","coordinates":[[[85.340198,28.1824108],[85.3402049,28.1819596],[85.3404086,28.1819621],[85.34041,28.1818719],[85.3407155,28.1818756],[85.3407169,28.1817853],[85.3410224,28.181789],[85.3410196,28.1819695],[85.3411215,28.1819707],[85.3411228,28.1818805],[85.3413265,28.181883],[85.3413251,28.1819732],[85.341427,28.1819744],[85.3414256,28.1820647],[85.3415274,28.1820659],[85.341526,28.1821561],[85.3414242,28.1821549],[85.3414228,28.1822451],[85.3413209,28.1822439],[85.3413196,28.1823341],[85.341014,28.1823304],[85.3410182,28.1820597],[85.3409164,28.1820585],[85.3409108,28.1824194],[85.3407071,28.182417],[85.3407085,28.1823267],[85.3405049,28.1823242],[85.3405035,28.1824145],[85.340198,28.1824108]]]},"properties":{"class":"direct_measurement_support"}},{"type":"Feature","geometry":{"type":"Polygon","coordinates":[[[85.3407197,28.1816049],[85.3407225,28.1814244],[85.3409261,28.1814269],[85.3409234,28.1816073],[85.3407197,28.1816049]]]},"properties":{"class":"direct_measurement_support"}},{"type":"Feature","geometry":{"type":"Polygon","coordinates":[[[85.3416376,28.1815257],[85.341639,28.1814355],[85.3417408,28.1814367],[85.3417394,28.181527],[85.3416376,28.1815257]]]},"properties":{"class":"direct_measurement_support"}},{"type":"Feature","geometry":{"type":"Polygon","coordinates":[[[85.3417408,28.1814367],[85.3417422,28.1813465],[85.341844,28.1813477],[85.3418454,28.1812575],[85.3419473,28.1812587],[85.3419459,28.181349],[85.3420477,28.1813502],[85.3420463,28.1814404],[85.3417408,28.1814367]]]},"properties":{"class":"direct_measurement_support"}},{"type":"Feature","geometry":{"type":"Polygon","coordinates":[[[85.3414381,28.1812526],[85.3414395,28.1811623],[85.3415413,28.1811636],[85.3415399,28.1812538],[85.3414381,28.1812526]]]},"properties":{"class":"direct_measurement_support"}},{"type":"Feature","geometry":{"type":"Polygon","coordinates":[[[85.3454124,28.1811202],[85.3454152,28.1809397],[85.345517,28.1809409],[85.3455156,28.1810312],[85.3456175,28.1810324],[85.3456161,28.1811226],[85.3454124,28.1811202]]]},"properties":{"class":"direct_measurement_support"}},{"type":"Feature","geometry":{"type":"Polygon","coordinates":[[[85.3468381,28.1811374],[85.3468409,28.1809569],[85.3469427,28.1809582],[85.3469399,28.1811386],[85.3468381,28.1811374]]]},"properties":{"class":"direct_measurement_support"}},{"type":"Feature","geometry":{"type":"Polygon","coordinates":[[[85.3469427,28.1809582],[85.3469441,28.1808679],[85.3470459,28.1808692],[85.3470445,28.1809594],[85.3469427,28.1809582]]]},"properties":{"class":"direct_measurement_support"}},{"type":"Feature","geometry":{"type":"Polygon","coordinates":[[[85.3423616,28.1808125],[85.342363,28.1807223],[85.3424648,28.1807235],[85.3424662,28.1806333],[85.3426699,28.1806357],[85.3426671,28.1808162],[85.3423616,28.1808125]]]},"properties":{"class":"direct_measurement_support"}},{"type":"Feature","geometry":{"type":"Polygon","coordinates":[[[85.3437914,28.1805591],[85.3437928,28.1804688],[85.3438946,28.1804701],[85.3438932,28.1805603],[85.3437914,28.1805591]]]},"properties":{"class":"direct_measurement_support"}},{"type":"Feature","geometry":{"type":"Polygon","coordinates":[[[85.343691,28.1804676],[85.3436924,28.1803774],[85.3437942,28.1803786],[85.3437928,28.1804688],[85.343691,28.1804676]]]},"properties":{"class":"direct_measurement_support"}},{"type":"Feature","geometry":{"type":"Polygon","coordinates":[[[85.3449144,28.1803921],[85.3449158,28.1803019],[85.3450176,28.1803031],[85.3450162,28.1803934],[85.3449144,28.1803921]]]},"properties":{"class":"direct_measurement_support"}},{"type":"Feature","geometry":{"type":"Polygon","coordinates":[[[85.345118,28.1803946],[85.3451194,28.1803044],[85.3452213,28.1803056],[85.3452199,28.1803958],[85.345118,28.1803946]]]},"properties":{"class":"direct_measurement_support"}},{"type":"Feature","geometry":{"type":"Polygon","coordinates":[[[85.3417547,28.1805344],[85.3417589,28.1802637],[85.3419626,28.1802662],[85.341964,28.1801759],[85.3420658,28.1801772],[85.342063,28.1803576],[85.3419612,28.1803564],[85.3419584,28.1805369],[85.3417547,28.1805344]]]},"properties":{"class":"direct_measurement_support"}},{"type":"Feature","geometry":{"type":"Polygon","coordinates":[[[85.3462438,28.1800472],[85.3462465,28.1798668],[85.3463484,28.179868],[85.346347,28.1799582],[85.3464488,28.1799594],[85.3464474,28.1800497],[85.3462438,28.1800472]]]},"properties":{"class":"direct_measurement_support"}},{"type":"Feature","geometry":{"type":"Polygon","coordinates":[[[85.3455281,28.1802191],[85.3455323,28.1799484],[85.3456341,28.1799496],[85.3456369,28.1797691],[85.3458406,28.1797716],[85.3458392,28.1798618],[85.3460429,28.1798643],[85.3460415,28.1799545],[85.3461433,28.1799558],[85.3461419,28.180046],[85.3460401,28.1800448],[85.3460387,28.180135],[85.3459369,28.1801338],[85.3459383,28.1800435],[85.3458364,28.1800423],[85.345835,28.1801325],[85.3456314,28.1801301],[85.34563,28.1802203],[85.3455281,28.1802191]]]},"properties":{"class":"direct_measurement_support"}},{"type":"Feature","geometry":{"type":"Polygon","coordinates":[[[85.3461447,28.1798655],[85.3461461,28.1797753],[85.3462479,28.1797765],[85.3462465,28.1798668],[85.3461447,28.1798655]]]},"properties":{"class":"direct_measurement_support"}},{"type":"Feature","geometry":{"type":"Polygon","coordinates":[[[85.3461475,28.1796851],[85.3461503,28.1795046],[85.3462521,28.1795058],[85.3462493,28.1796863],[85.3461475,28.1796851]]]},"properties":{"class":"direct_measurement_support"}},{"type":"Feature","geometry":{"type":"Polygon","coordinates":[[[85.346658,28.179601],[85.3466608,28.1794205],[85.3469663,28.1794242],[85.3469635,28.1796047],[85.346658,28.179601]]]},"properties":{"class":"direct_measurement_support"}},{"type":"Feature","geometry":{"type":"Polygon","coordinates":[[[85.3417701,28.1795418],[85.3417728,28.1793614],[85.3418747,28.1793626],[85.3418761,28.1792724],[85.3420797,28.1792749],[85.3420783,28.1793651],[85.3421802,28.1793663],[85.3421788,28.1794565],[85.3420769,28.1794553],[85.3420756,28.1795455],[85.3417701,28.1795418]]]},"properties":{"class":"direct_measurement_support"}},{"type":"Feature","geometry":{"type":"Polygon","coordinates":[[[85.3464571,28.179418],[85.3464599,28.1792376],[85.3466636,28.17924],[85.3466608,28.1794205],[85.3464571,28.179418]]]},"properties":{"class":"direct_measurement_support"}},{"type":"Feature","geometry":{"type":"Polygon","coordinates":[[[85.3431999,28.1792884],[85.3432013,28.1791982],[85.3433031,28.1791994],[85.3433017,28.1792896],[85.3431999,28.1792884]]]},"properties":{"class":"direct_measurement_support"}},{"type":"Feature","geometry":{"type":"Polygon","coordinates":[[[85.3472732,28.1793377],[85.3472746,28.1792474],[85.3473764,28.1792486],[85.347375,28.1793389],[85.3472732,28.1793377]]]},"properties":{"class":"direct_measurement_support"}},{"type":"Feature","geometry":{"type":"Polygon","coordinates":[[[85.3470667,28.1795157],[85.3470681,28.1794254],[85.3469663,28.1794242],[85.3469705,28.1791535],[85.3470723,28.1791547],[85.3470737,28.1790645],[85.347481,28.1790694],[85.3474824,28.1789792],[85.3478897,28.1789841],[85.3478883,28.1790743],[85.3479902,28.1790756],[85.3479874,28.179256],[85.3477837,28.1792536],[85.3477824,28.1793438],[85.3476805,28.1793426],[85.3476819,28.1792523],[85.3473764,28.1792486],[85.3473778,28.1791584],[85.347276,28.1791572],[85.3472746,28.1792474],[85.3471727,28.1792462],[85.34717,28.1794267],[85.3472718,28.1794279],[85.3472704,28.1795181],[85.3470667,28.1795157]]]},"properties":{"class":"direct_measurement_support"}},{"type":"Feature","geometry":{"type":"Polygon","coordinates":[[[85.3460568,28.178962],[85.3460595,28.1787815],[85.3461614,28.1787827],[85.3461586,28.1789632],[85.3460568,28.178962]]]},"properties":{"class":"direct_measurement_support"}},{"type":"Feature","geometry":{"type":"Polygon","coordinates":[[[85.3448334,28.1790374],[85.3448362,28.178857],[85.3447343,28.1788557],[85.3447399,28.1784948],[85.3450454,28.1784985],[85.3450384,28.1789497],[85.3449366,28.1789484],[85.3449352,28.1790387],[85.3448334,28.1790374]]]},"properties":{"class":"direct_measurement_support"}},{"type":"Feature","geometry":{"type":"Polygon","coordinates":[[[85.3475884,28.1787097],[85.3475898,28.1786195],[85.347488,28.1786182],[85.3474893,28.178528],[85.3475912,28.1785292],[85.3475926,28.178439],[85.3476944,28.1784402],[85.3476958,28.17835],[85.3480013,28.1783537],[85.3479999,28.1784439],[85.3478981,28.1784427],[85.3478967,28.1785329],[85.3479985,28.1785342],[85.3479971,28.1786244],[85.3477934,28.1786219],[85.3477921,28.1787122],[85.3475884,28.1787097]]]},"properties":{"class":"direct_measurement_support"}},{"type":"Feature","geometry":{"type":"Polygon","coordinates":[[[85.3422987,28.1782848],[85.3423015,28.1781043],[85.3425051,28.1781068],[85.3425038,28.178197],[85.3424019,28.1781958],[85.3424005,28.178286],[85.3422987,28.1782848]]]},"properties":{"class":"direct_measurement_support"}},{"type":"Feature","geometry":{"type":"Polygon","coordinates":[[[85.345256,28.1780498],[85.3452602,28.1777791],[85.3454638,28.1777816],[85.3454596,28.1780522],[85.345256,28.1780498]]]},"properties":{"class":"direct_measurement_support"}},{"type":"Feature","geometry":{"type":"Polygon","coordinates":[[[85.3414924,28.1777335],[85.3414938,28.1776433],[85.3415956,28.1776445],[85.3415942,28.1777347],[85.3414924,28.1777335]]]},"properties":{"class":"direct_measurement_support"}},{"type":"Feature","geometry":{"type":"Polygon","coordinates":[[[85.3424061,28.1779251],[85.3424131,28.1774739],[85.3425149,28.1774751],[85.3425135,28.1775654],[85.3426153,28.1775666],[85.3426125,28.1777471],[85.3425107,28.1777458],[85.3425079,28.1779263],[85.3424061,28.1779251]]]},"properties":{"class":"direct_measurement_support"}},{"type":"Feature","geometry":{"type":"Polygon","coordinates":[[[85.3468922,28.1776183],[85.3468936,28.1775281],[85.3469954,28.1775293],[85.3469941,28.1776195],[85.3468922,28.1776183]]]},"properties":{"class":"direct_measurement_support"}},{"type":"Feature","geometry":{"type":"Polygon","coordinates":[[[85.3460512,28.1793229],[85.346054,28.1791424],[85.3461558,28.1791437],[85.3461586,28.1789632],[85.3462604,28.1789644],[85.3462618,28.1788742],[85.3463636,28.1788754],[85.346365,28.1787852],[85.3461614,28.1787827],[85.3461627,28.1786925],[85.3460609,28.1786913],[85.3460623,28.178601],[85.3459605,28.1785998],[85.3459619,28.1785096],[85.34586,28.1785083],[85.3458628,28.1783279],[85.345761,28.1783266],[85.3457624,28.1782364],[85.3456605,28.1782352],[85.3456633,28.1780547],[85.3457651,28.1780559],[85.3457665,28.1779657],[85.3458684,28.1779669],[85.3458697,28.1778767],[85.3457679,28.1778755],[85.3457693,28.1777852],[85.3456675,28.177784],[85.3456689,28.1776938],[85.3457707,28.177695],[85.3457721,28.1776048],[85.3456703,28.1776035],[85.3456716,28.1775133],[85.3458753,28.1775158],[85.3458767,28.1774255],[85.346284,28.1774305],[85.3462826,28.1775207],[85.3463845,28.1775219],[85.3463831,28.1776122],[85.3464849,28.1776134],[85.3464877,28.1774329],[85.3467932,28.1774366],[85.3467904,28.1776171],[85.3466886,28.1776158],[85.3466872,28.1777061],[85.3465853,28.1777049],[85.346584,28.1777951],[85.3464821,28.1777939],[85.3464835,28.1777036],[85.3463817,28.1777024],[85.3463789,28.1778829],[85.3464807,28.1778841],[85.346478,28.1780646],[85.3465798,28.1780658],[85.3465756,28.1783365],[85.3468811,28.1783402],[85.3468797,28.1784304],[85.3469816,28.1784316],[85.3469802,28.1785219],[85.3467765,28.1785194],[85.3467682,28.1790608],[85.3465645,28.1790583],[85.3465631,28.1791486],[85.3464613,28.1791473],[85.3464599,28.1792376],[85.3463581,28.1792364],[85.3463567,28.1793266],[85.3460512,28.1793229]]]},"properties":{"class":"direct_measurement_support"}},{"type":"Feature","geometry":{"type":"Polygon","coordinates":[[[85.343635,28.1774887],[85.3436364,28.1773985],[85.3437382,28.1773997],[85.3437369,28.1774899],[85.343635,28.1774887]]]},"properties":{"class":"direct_measurement_support"}},{"type":"Feature","geometry":{"type":"Polygon","coordinates":[[[85.3451639,28.1774169],[85.3451653,28.1773267],[85.3452671,28.1773279],[85.3452657,28.1774182],[85.3451639,28.1774169]]]},"properties":{"class":"direct_measurement_support"}},{"type":"Feature","geometry":{"type":"Polygon","coordinates":[[[85.3457749,28.1774243],[85.3457776,28.1772438],[85.3458795,28.1772451],[85.3458767,28.1774255],[85.3457749,28.1774243]]]},"properties":{"class":"direct_measurement_support"}},{"type":"Feature","geometry":{"type":"Polygon","coordinates":[[[85.3424158,28.1772934],[85.3424172,28.1772032],[85.3425191,28.1772044],[85.3425177,28.1772947],[85.3424158,28.1772934]]]},"properties":{"class":"direct_measurement_support"}},{"type":"Feature","geometry":{"type":"Polygon","coordinates":[[[85.3426195,28.1772959],[85.3426209,28.1772057],[85.3428246,28.1772081],[85.3428232,28.1772984],[85.3426195,28.1772959]]]},"properties":{"class":"direct_measurement_support"}},{"type":"Feature","geometry":{"type":"Polygon","coordinates":[[[85.3474028,28.1775342],[85.3474055,28.1773538],[85.3473037,28.1773525],[85.3473051,28.1772623],[85.3476106,28.177266],[85.3476078,28.1774464],[85.3477096,28.1774477],[85.3477083,28.1775379],[85.3474028,28.1775342]]]},"properties":{"class":"direct_measurement_support"}},{"type":"Feature","geometry":{"type":"Polygon","coordinates":[[[85.3455698,28.1775121],[85.3455726,28.1773316],[85.3454708,28.1773304],[85.3454735,28.1771499],[85.3455754,28.1771512],[85.345574,28.1772414],[85.3456758,28.1772426],[85.3456716,28.1775133],[85.3455698,28.1775121]]]},"properties":{"class":"direct_measurement_support"}},{"type":"Feature","geometry":{"type":"Polygon","coordinates":[[[85.3422136,28.1772007],[85.3422164,28.1770203],[85.3423182,28.1770215],[85.3423154,28.177202],[85.3422136,28.1772007]]]},"properties":{"class":"direct_measurement_support"}},{"type":"Feature","geometry":{"type":"Polygon","coordinates":[[[85.3389564,28.177071],[85.3389578,28.1769808],[85.3390596,28.176982],[85.3390582,28.1770722],[85.3389564,28.177071]]]},"properties":{"class":"direct_measurement_support"}},{"type":"Feature","geometry":{"type":"Polygon","coordinates":[[[85.3433351,28.1771241],[85.3433365,28.1770338],[85.3434383,28.1770351],[85.3434397,28.1769448],[85.3436434,28.1769473],[85.3436406,28.1771278],[85.3433351,28.1771241]]]},"properties":{"class":"direct_measurement_support"}},{"type":"Feature","geometry":{"type":"Polygon","coordinates":[[[85.3473079,28.1770818],[85.3473106,28.1769014],[85.3475143,28.1769038],[85.3475129,28.1769941],[85.3476148,28.1769953],[85.3476134,28.1770855],[85.3473079,28.1770818]]]},"properties":{"class":"direct_measurement_support"}},{"type":"Feature","geometry":{"type":"Polygon","coordinates":[[[85.3440535,28.1767718],[85.3440562,28.1765913],[85.3441581,28.1765925],[85.3441553,28.176773],[85.3440535,28.1767718]]]},"properties":{"class":"direct_measurement_support"}},{"type":"Feature","geometry":{"type":"Polygon","coordinates":[[[85.3456841,28.1767012],[85.3456855,28.176611],[85.3457874,28.1766122],[85.3457887,28.176522],[85.3458906,28.1765232],[85.3458878,28.1767037],[85.3456841,28.1767012]]]},"properties":{"class":"direct_measurement_support"}},{"type":"Feature","geometry":{"type":"Polygon","coordinates":[[[85.3397738,28.1769004],[85.3397752,28.1768102],[85.3396734,28.1768089],[85.3396762,28.1766285],[85.3394725,28.176626],[85.3394739,28.1765358],[85.3393721,28.1765345],[85.3393735,28.1764443],[85.3395771,28.1764468],[85.3395757,28.176537],[85.3401867,28.1765444],[85.3401853,28.1766347],[85.3402872,28.1766359],[85.340283,28.1769066],[85.3397738,28.1769004]]]},"properties":{"class":"direct_measurement_support"}},{"type":"Feature","geometry":{"type":"Polygon","coordinates":[[[85.339068,28.1764406],[85.3390708,28.1762601],[85.3391726,28.1762614],[85.3391712,28.1763516],[85.339273,28.1763528],[85.3392716,28.1764431],[85.339068,28.1764406]]]},"properties":{"class":"direct_measurement_support"}},{"type":"Feature","geometry":{"type":"Polygon","coordinates":[[[85.3465016,28.1765306],[85.3465071,28.1761697],[85.3466089,28.1761709],[85.3466062,28.1763514],[85.346708,28.1763526],[85.3467066,28.1764428],[85.3466048,28.1764416],[85.3466034,28.1765318],[85.3465016,28.1765306]]]},"properties":{"class":"direct_measurement_support"}},{"type":"Feature","geometry":{"type":"Polygon","coordinates":[[[85.348428,28.1770953],[85.3484294,28.1770051],[85.3483276,28.1770039],[85.348329,28.1769137],[85.3482271,28.1769124],[85.3482285,28.1768222],[85.3481267,28.176821],[85.3481253,28.1769112],[85.3480235,28.17691],[85.3480248,28.1768197],[85.3478212,28.1768173],[85.3478253,28.1765466],[85.3477235,28.1765453],[85.3477221,28.1766356],[85.3474166,28.1766319],[85.347418,28.1765417],[85.3473162,28.1765404],[85.3473148,28.1766307],[85.347213,28.1766294],[85.3472144,28.1765392],[85.3471125,28.176538],[85.3471139,28.1764477],[85.3469103,28.1764453],[85.3469117,28.176355],[85.3470135,28.1763563],[85.3470149,28.176266],[85.3473204,28.1762697],[85.3473231,28.1760893],[85.3476286,28.176093],[85.3476272,28.1761832],[85.3475254,28.176182],[85.3475226,28.1763624],[85.3476245,28.1763637],[85.3476231,28.1764539],[85.3478267,28.1764563],[85.3478295,28.1762759],[85.3482368,28.1762808],[85.3482354,28.176371],[85.3485409,28.1763747],[85.3485395,28.1764649],[85.3486414,28.1764662],[85.34864,28.1765564],[85.3487418,28.1765576],[85.3487404,28.1766479],[85.3488423,28.1766491],[85.3488381,28.1769198],[85.3486344,28.1769173],[85.3486331,28.1770076],[85.3485312,28.1770063],[85.3485298,28.1770966],[85.348428,28.1770953]]]},"properties":{"class":"direct_measurement_support"}},{"type":"Feature","geometry":{"type":"Polygon","coordinates":[[[85.3417225,28.1760215],[85.3417239,28.1759313],[85.3418257,28.1759325],[85.3418243,28.1760228],[85.3417225,28.1760215]]]},"properties":{"class":"direct_measurement_support"}},{"type":"Feature","geometry":{"type":"Polygon","coordinates":[[[85.3421243,28.1763874],[85.3421257,28.1762972],[85.3420238,28.1762959],[85.3420266,28.1761155],[85.3421284,28.1761167],[85.3421298,28.1760265],[85.3422317,28.1760277],[85.3422344,28.1758472],[85.3423363,28.1758485],[85.3423321,28.1761192],[85.3424339,28.1761204],[85.3424325,28.1762106],[85.3423307,28.1762094],[85.3423279,28.1763899],[85.3421243,28.1763874]]]},"properties":{"class":"direct_measurement_support"}},{"type":"Feature","geometry":{"type":"Polygon","coordinates":[[[85.3430393,28.1764887],[85.3430421,28.1763083],[85.3429403,28.176307],[85.3429431,28.1761266],[85.3426376,28.1761229],[85.342639,28.1760326],[85.3425371,28.1760314],[85.3425385,28.1759412],[85.3426404,28.1759424],[85.3426418,28.1758522],[85.3427436,28.1758534],[85.3427422,28.1759436],[85.342844,28.1759449],[85.3428454,28.1758546],[85.3429472,28.1758559],[85.3429445,28.1760363],[85.3430463,28.1760376],[85.3430449,28.1761278],[85.3431467,28.176129],[85.3431453,28.1762193],[85.3432472,28.1762205],[85.343243,28.1764912],[85.3430393,28.1764887]]]},"properties":{"class":"direct_measurement_support"}},{"type":"Feature","geometry":{"type":"Polygon","coordinates":[[[85.3471195,28.1760868],[85.3471223,28.1759063],[85.3472241,28.1759076],[85.3472269,28.1757271],[85.3473287,28.1757283],[85.3473301,28.1756381],[85.3480429,28.1756467],[85.3480373,28.1760076],[85.3479355,28.1760064],[85.3479341,28.1760966],[85.3476286,28.176093],[85.34763,28.1760027],[85.3475282,28.1760015],[85.347531,28.175821],[85.3474291,28.1758198],[85.3474277,28.17591],[85.3473259,28.1759088],[85.3473245,28.175999],[85.3472227,28.1759978],[85.3472213,28.176088],[85.3471195,28.1760868]]]},"properties":{"class":"direct_measurement_support"}},{"type":"Feature","geometry":{"type":"Polygon","coordinates":[[[85.3428468,28.1757644],[85.3428496,28.1755839],[85.3429514,28.1755852],[85.34295,28.1756754],[85.3430519,28.1756766],[85.3430505,28.1757669],[85.3428468,28.1757644]]]},"properties":{"class":"direct_measurement_support"}},{"type":"Feature","geometry":{"type":"Polygon","coordinates":[[[85.3414226,28.1756569],[85.341424,28.1755667],[85.3413222,28.1755654],[85.3413236,28.1754752],[85.3414254,28.1754764],[85.3414268,28.1753862],[85.3416304,28.1753887],[85.3416276,28.1755691],[85.3415258,28.1755679],[85.3415244,28.1756581],[85.3414226,28.1756569]]]},"properties":{"class":"direct_measurement_support"}},{"type":"Feature","geometry":{"type":"Polygon","coordinates":[[[85.342035,28.1755741],[85.3420364,28.1754838],[85.3421382,28.1754851],[85.3421396,28.1753948],[85.3422414,28.1753961],[85.34224,28.1754863],[85.3423418,28.1754875],[85.3423404,28.1755778],[85.342035,28.1755741]]]},"properties":{"class":"direct_measurement_support"}},{"type":"Feature","geometry":{"type":"Polygon","coordinates":[[[85.3420405,28.1752131],[85.3420419,28.1751229],[85.3421437,28.1751241],[85.3421451,28.1750339],[85.342247,28.1750351],[85.3422456,28.1751254],[85.3423474,28.1751266],[85.342346,28.1752168],[85.3420405,28.1752131]]]},"properties":{"class":"direct_measurement_support"}},{"type":"Feature","geometry":{"type":"Polygon","coordinates":[[[85.339499,28.1749116],[85.3395004,28.1748214],[85.3393986,28.1748201],[85.3394014,28.1746397],[85.339605,28.1746421],[85.3396064,28.1745519],[85.3397082,28.1745531],[85.3397068,28.1746434],[85.3398087,28.1746446],[85.3398045,28.1749153],[85.339499,28.1749116]]]},"properties":{"class":"direct_measurement_support"}},{"type":"Feature","geometry":{"type":"Polygon","coordinates":[[[85.3401155,28.1745581],[85.3401169,28.1744678],[85.3402188,28.1744691],[85.3402174,28.1745593],[85.3401155,28.1745581]]]},"properties":{"class":"direct_measurement_support"}},{"type":"Feature","geometry":{"type":"Polygon","coordinates":[[[85.3422539,28.174584],[85.3422553,28.1744937],[85.3423571,28.174495],[85.3423558,28.1745852],[85.3422539,28.174584]]]},"properties":{"class":"direct_measurement_support"}},{"type":"Feature","geometry":{"type":"Polygon","coordinates":[[[85.3423571,28.174495],[85.3423585,28.1744048],[85.3425622,28.1744072],[85.3425608,28.1744974],[85.3423571,28.174495]]]},"properties":{"class":"direct_measurement_support"}},{"type":"Feature","geometry":{"type":"Polygon","coordinates":[[[85.3420517,28.1744913],[85.3420544,28.1743108],[85.3421563,28.1743121],[85.3421549,28.1744023],[85.3422567,28.1744035],[85.3422553,28.1744937],[85.3420517,28.1744913]]]},"properties":{"class":"direct_measurement_support"}},{"type":"Feature","geometry":{"type":"Polygon","coordinates":[[[85.3400179,28.1742861],[85.3400207,28.1741057],[85.3402243,28.1741081],[85.3402215,28.1742886],[85.3400179,28.1742861]]]},"properties":{"class":"direct_measurement_support"}},{"type":"Feature","geometry":{"type":"Polygon","coordinates":[[[85.348471,28.1742981],[85.3484738,28.1741177],[85.3485756,28.1741189],[85.3485728,28.1742994],[85.348471,28.1742981]]]},"properties":{"class":"direct_measurement_support"}},{"type":"Feature","geometry":{"type":"Polygon","coordinates":[[[85.3422637,28.1739524],[85.3422664,28.1737719],[85.3423683,28.1737731],[85.3423655,28.1739536],[85.3422637,28.1739524]]]},"properties":{"class":"direct_measurement_support"}},{"type":"Feature","geometry":{"type":"Polygon","coordinates":[[[85.3427728,28.1739585],[85.3427742,28.1738683],[85.3426724,28.1738671],[85.3426738,28.1737768],[85.3428774,28.1737793],[85.3428746,28.1739598],[85.3427728,28.1739585]]]},"properties":{"class":"direct_measurement_support"}},{"type":"Feature","geometry":{"type":"Polygon","coordinates":[[[85.3460327,28.1739077],[85.3460354,28.1737272],[85.3461373,28.1737285],[85.3461359,28.1738187],[85.3462377,28.1738199],[85.3462391,28.1737297],[85.3464428,28.1737321],[85.3464414,28.1738224],[85.3463395,28.1738211],[85.3463382,28.1739114],[85.3460327,28.1739077]]]},"properties":{"class":"direct_measurement_support"}},{"type":"Feature","geometry":{"type":"Polygon","coordinates":[[[85.3423697,28.1736829],[85.3423711,28.1735927],[85.3424729,28.1735939],[85.3424715,28.1736841],[85.3423697,28.1736829]]]},"properties":{"class":"direct_measurement_support"}},{"type":"Feature","geometry":{"type":"Polygon","coordinates":[[[85.3422706,28.1735012],[85.342272,28.173411],[85.3423738,28.1734122],[85.3423724,28.1735024],[85.3422706,28.1735012]]]},"properties":{"class":"direct_measurement_support"}},{"type":"Feature","geometry":{"type":"Polygon","coordinates":[[[85.3482784,28.1735738],[85.3482812,28.1733933],[85.3485867,28.173397],[85.3485853,28.1734873],[85.3484835,28.173486],[85.3484821,28.1735763],[85.3482784,28.1735738]]]},"properties":{"class":"direct_measurement_support"}},{"type":"Feature","geometry":{"type":"Polygon","coordinates":[[[85.341562,28.1732219],[85.3415634,28.1731316],[85.3416652,28.1731329],[85.3416638,28.1732231],[85.341562,28.1732219]]]},"properties":{"class":"direct_measurement_support"}},{"type":"Feature","geometry":{"type":"Polygon","coordinates":[[[85.3426765,28.1735964],[85.3426779,28.1735061],[85.3425761,28.1735049],[85.3425858,28.1728733],[85.3428913,28.172877],[85.3428802,28.1735988],[85.3426765,28.1735964]]]},"properties":{"class":"direct_measurement_support"}},{"type":"Feature","geometry":{"type":"Polygon","coordinates":[[[85.3430991,28.1726087],[85.3431005,28.1725185],[85.3433042,28.172521],[85.3433028,28.1726112],[85.3430991,28.1726087]]]},"properties":{"class":"direct_measurement_support"}},{"type":"Feature","geometry":{"type":"Polygon","coordinates":[[[85.3390275,28.1724691],[85.3390289,28.1723789],[85.3391307,28.1723801],[85.3391293,28.1724704],[85.3390275,28.1724691]]]},"properties":{"class":"direct_measurement_support"}},{"type":"Feature","geometry":{"type":"Polygon","coordinates":[[[85.3391307,28.1723801],[85.3391321,28.1722899],[85.3392339,28.1722911],[85.3392325,28.1723814],[85.3391307,28.1723801]]]},"properties":{"class":"direct_measurement_support"}},{"type":"Feature","geometry":{"type":"Polygon","coordinates":[[[85.3427951,28.1725148],[85.3427964,28.1724246],[85.3426946,28.1724233],[85.3426974,28.1722429],[85.3430029,28.1722466],[85.3430001,28.172427],[85.3431019,28.1724283],[85.3431005,28.1725185],[85.3427951,28.1725148]]]},"properties":{"class":"direct_measurement_support"}},{"type":"Feature","geometry":{"type":"Polygon","coordinates":[[[85.344533,28.1720846],[85.3445344,28.1719943],[85.3446363,28.1719956],[85.3446349,28.1720858],[85.344533,28.1720846]]]},"properties":{"class":"direct_measurement_support"}},{"type":"Feature","geometry":{"type":"Polygon","coordinates":[[[85.3428006,28.1721539],[85.3428034,28.1719734],[85.3427016,28.1719722],[85.342703,28.1718819],[85.3428048,28.1718832],[85.3428076,28.1717027],[85.3429094,28.1717039],[85.342908,28.1717942],[85.3430098,28.1717954],[85.3430043,28.1721563],[85.3428006,28.1721539]]]},"properties":{"class":"direct_measurement_support"}},{"type":"Feature","geometry":{"type":"Polygon","coordinates":[[[85.3457591,28.1718286],[85.3457605,28.1717384],[85.3459642,28.1717409],[85.3459628,28.1718311],[85.3457591,28.1718286]]]},"properties":{"class":"direct_measurement_support"}},{"type":"Feature","geometry":{"type":"Polygon","coordinates":[[[85.3369045,28.1714506],[85.3369059,28.1713604],[85.3370077,28.1713616],[85.3370063,28.1714519],[85.3369045,28.1714506]]]},"properties":{"class":"direct_measurement_support"}},{"type":"Feature","geometry":{"type":"Polygon","coordinates":[[[85.3459683,28.1714702],[85.3459697,28.1713799],[85.3460715,28.1713812],[85.3460702,28.1714714],[85.3459683,28.1714702]]]},"properties":{"class":"direct_measurement_support"}},{"type":"Feature","geometry":{"type":"Polygon","coordinates":[[[85.3372114,28.1713641],[85.3372128,28.1712739],[85.337111,28.1712726],[85.3371124,28.1711824],[85.337316,28.1711849],[85.3373132,28.1713653],[85.3372114,28.1713641]]]},"properties":{"class":"direct_measurement_support"}},{"type":"Feature","geometry":{"type":"Polygon","coordinates":[[[85.3433223,28.1713479],[85.3433237,28.1712577],[85.3435273,28.1712602],[85.3435259,28.1713504],[85.3433223,28.1713479]]]},"properties":{"class":"direct_measurement_support"}},{"type":"Feature","geometry":{"type":"Polygon","coordinates":[[[85.3362964,28.1712627],[85.3362992,28.1710823],[85.3365028,28.1710847],[85.3365014,28.171175],[85.3363996,28.1711737],[85.3363982,28.171264],[85.3362964,28.1712627]]]},"properties":{"class":"direct_measurement_support"}},{"type":"Feature","geometry":{"type":"Polygon","coordinates":[[[85.3360941,28.17117],[85.3360955,28.1710798],[85.3361973,28.171081],[85.3361959,28.1711713],[85.3360941,28.17117]]]},"properties":{"class":"direct_measurement_support"}},{"type":"Feature","geometry":{"type":"Polygon","coordinates":[[[85.3445469,28.1711822],[85.3445483,28.171092],[85.3446502,28.1710932],[85.3446515,28.171003],[85.3448552,28.1710055],[85.3448538,28.1710957],[85.3449556,28.1710969],[85.3449542,28.1711872],[85.3445469,28.1711822]]]},"properties":{"class":"direct_measurement_support"}},{"type":"Feature","geometry":{"type":"Polygon","coordinates":[[[85.3367037,28.1712677],[85.3367064,28.1710872],[85.3365028,28.1710847],[85.3365042,28.1709945],[85.3364024,28.1709933],[85.3364038,28.170903],[85.3365056,28.1709043],[85.336507,28.170814],[85.3368125,28.1708178],[85.3368139,28.1707275],[85.3369157,28.1707288],[85.3369171,28.1706385],[85.3370189,28.1706398],[85.3370175,28.17073],[85.3371193,28.1707312],[85.3371179,28.1708215],[85.3374234,28.1708252],[85.337422,28.1709154],[85.3375238,28.1709166],[85.3375224,28.1710069],[85.3374206,28.1710056],[85.3374192,28.1710959],[85.3368083,28.1710885],[85.3368055,28.1712689],[85.3367037,28.1712677]]]},"properties":{"class":"direct_measurement_support"}},{"type":"Feature","geometry":{"type":"Polygon","coordinates":[[[85.3433306,28.1708065],[85.343332,28.1707163],[85.3434338,28.1707175],[85.3434324,28.1708078],[85.3433306,28.1708065]]]},"properties":{"class":"direct_measurement_support"}},{"type":"Feature","geometry":{"type":"Polygon","coordinates":[[[85.3380302,28.1711033],[85.3380316,28.1710131],[85.3378279,28.1710106],[85.3378293,28.1709204],[85.3376257,28.1709179],[85.3376284,28.1707374],[85.3375266,28.1707362],[85.337528,28.1706459],[85.3376298,28.1706472],[85.3376312,28.170557],[85.3380385,28.1705619],[85.3380399,28.1704717],[85.3381418,28.1704729],[85.3381404,28.1705631],[85.3382422,28.1705644],[85.338245,28.1703839],[85.3383468,28.1703851],[85.338337,28.1710168],[85.3382352,28.1710155],[85.3382338,28.1711058],[85.3380302,28.1711033]]]},"properties":{"class":"direct_measurement_support"}},{"type":"Feature","geometry":{"type":"Polygon","coordinates":[[[85.3434338,28.1707175],[85.3434394,28.1703566],[85.3435412,28.1703578],[85.3435398,28.1704481],[85.3436416,28.1704493],[85.3436389,28.1706298],[85.343537,28.1706285],[85.3435356,28.1707188],[85.3434338,28.1707175]]]},"properties":{"class":"direct_measurement_support"}},{"type":"Feature","geometry":{"type":"Polygon","coordinates":[[[85.3381445,28.1702924],[85.3381459,28.1702022],[85.3382478,28.1702034],[85.3382464,28.1702937],[85.3381445,28.1702924]]]},"properties":{"class":"direct_measurement_support"}},{"type":"Feature","geometry":{"type":"Polygon","coordinates":[[[85.3443558,28.1703677],[85.3443572,28.1702775],[85.344459,28.1702787],[85.3444576,28.1703689],[85.3443558,28.1703677]]]},"properties":{"class":"direct_measurement_support"}},{"type":"Feature","geometry":{"type":"Polygon","coordinates":[[[85.3382492,28.1701132],[85.3382505,28.170023],[85.3383524,28.1700242],[85.338351,28.1701144],[85.3382492,28.1701132]]]},"properties":{"class":"direct_measurement_support"}},{"type":"Feature","geometry":{"type":"Polygon","coordinates":[[[85.3387597,28.1700292],[85.3387611,28.1699389],[85.3388629,28.1699402],[85.3388615,28.1700304],[85.3387597,28.1700292]]]},"properties":{"class":"direct_measurement_support"}},{"type":"Feature","geometry":{"type":"Polygon","coordinates":[[[85.34436,28.170097],[85.3443614,28.1700068],[85.3442595,28.1700055],[85.3442623,28.1698251],[85.3446696,28.16983],[85.3446682,28.1699202],[85.34477,28.1699214],[85.3447673,28.1701019],[85.34436,28.170097]]]},"properties":{"class":"direct_measurement_support"}},{"type":"Feature","geometry":{"type":"Polygon","coordinates":[[[85.3434408,28.1702664],[85.3434449,28.1699957],[85.3432413,28.1699932],[85.3432455,28.1697225],[85.3437546,28.1697287],[85.3437532,28.1698189],[85.343855,28.1698201],[85.3438536,28.1699104],[85.3437518,28.1699091],[85.3437504,28.1699994],[85.3438522,28.1700006],[85.3438481,28.1702713],[85.3434408,28.1702664]]]},"properties":{"class":"direct_measurement_support"}},{"type":"Feature","geometry":{"type":"Polygon","coordinates":[[[85.3450755,28.1699251],[85.3450769,28.1698349],[85.3449751,28.1698337],[85.3449765,28.1697434],[85.3451801,28.1697459],[85.3451773,28.1699264],[85.3450755,28.1699251]]]},"properties":{"class":"direct_measurement_support"}},{"type":"Feature","geometry":{"type":"Polygon","coordinates":[[[85.3374276,28.1705545],[85.337429,28.1704642],[85.3370217,28.1704593],[85.3370273,28.1700984],[85.3372309,28.1701008],[85.3372337,28.1699204],[85.3373355,28.1699216],[85.3373369,28.1698314],[85.3374388,28.1698326],[85.337436,28.1700131],[85.3375378,28.1700143],[85.3375392,28.1699241],[85.3378447,28.1699278],[85.337846,28.1698376],[85.3376424,28.1698351],[85.3376438,28.1697449],[85.3377456,28.1697461],[85.337747,28.1696559],[85.3378488,28.1696571],[85.3378502,28.1695669],[85.3380539,28.1695693],[85.3380525,28.1696596],[85.3381543,28.1696608],[85.3381501,28.1699315],[85.3380483,28.1699303],[85.3380497,28.16984],[85.3379479,28.1698388],[85.3379451,28.1700193],[85.3380469,28.1700205],[85.3380413,28.1703814],[85.3379395,28.1703802],[85.3379409,28.17029],[85.3377372,28.1702875],[85.3377359,28.1703777],[85.337634,28.1703765],[85.3376326,28.1704667],[85.3375308,28.1704655],[85.3375294,28.1705557],[85.3374276,28.1705545]],[[85.3374332,28.1701935],[85.3377386,28.1701973],[85.33774,28.170107],[85.3374346,28.1701033],[85.3374332,28.1701935]]]},"properties":{"class":"direct_measurement_support"}},{"type":"Feature","geometry":{"type":"Polygon","coordinates":[[[85.3453824,28.1698386],[85.3453851,28.1696581],[85.345487,28.1696594],[85.3454842,28.1698398],[85.3453824,28.1698386]]]},"properties":{"class":"direct_measurement_support"}},{"type":"Feature","geometry":{"type":"Polygon","coordinates":[[[85.3447714,28.1698312],[85.3447728,28.169741],[85.344671,28.1697397],[85.3446724,28.1696495],[85.3445706,28.1696483],[85.3445719,28.169558],[85.3448774,28.1695617],[85.3448733,28.1698324],[85.3447714,28.1698312]]]},"properties":{"class":"direct_measurement_support"}},{"type":"Feature","geometry":{"type":"Polygon","coordinates":[[[85.3450797,28.1696544],[85.3450811,28.1695642],[85.3451829,28.1695654],[85.3451815,28.1696557],[85.3450797,28.1696544]]]},"properties":{"class":"direct_measurement_support"}},{"type":"Feature","geometry":{"type":"Polygon","coordinates":[[[85.3462011,28.1695777],[85.3462025,28.1694875],[85.3463043,28.1694887],[85.3463029,28.169579],[85.3462011,28.1695777]]]},"properties":{"class":"direct_measurement_support"}},{"type":"Feature","geometry":{"type":"Polygon","coordinates":[[[85.3465094,28.169401],[85.3465108,28.1693107],[85.3467144,28.1693132],[85.346713,28.1694034],[85.3465094,28.169401]]]},"properties":{"class":"direct_measurement_support"}},{"type":"Feature","geometry":{"type":"Polygon","coordinates":[[[85.3431492,28.1693603],[85.3431506,28.1692701],[85.3430488,28.1692689],[85.3430529,28.1689982],[85.3432566,28.1690006],[85.3432552,28.1690909],[85.343357,28.1690921],[85.3433584,28.1690019],[85.3435621,28.1690043],[85.3435634,28.1689141],[85.3436653,28.1689153],[85.3436639,28.1690056],[85.3438675,28.169008],[85.3438661,28.1690983],[85.343968,28.1690995],[85.3439666,28.1691897],[85.3441702,28.1691922],[85.3441688,28.1692824],[85.3442706,28.1692837],[85.3442693,28.1693739],[85.3440656,28.1693714],[85.344067,28.1692812],[85.3436597,28.1692763],[85.3436611,28.169186],[85.3435593,28.1691848],[85.3435579,28.169275],[85.3432524,28.1692713],[85.343251,28.1693616],[85.3431492,28.1693603]]]},"properties":{"class":"direct_measurement_support"}},{"type":"Feature","geometry":{"type":"Polygon","coordinates":[[[85.3385755,28.1687634],[85.3385769,28.1686732],[85.3386788,28.1686744],[85.3386774,28.1687647],[85.3385755,28.1687634]]]},"properties":{"class":"direct_measurement_support"}},{"type":"Feature","geometry":{"type":"Polygon","coordinates":[[[85.3463154,28.1687669],[85.3463168,28.1686766],[85.3464186,28.1686779],[85.3464173,28.1687681],[85.3463154,28.1687669]]]},"properties":{"class":"direct_measurement_support"}},{"type":"Feature","geometry":{"type":"Polygon","coordinates":[[[85.346215,28.1686754],[85.3462164,28.1685852],[85.3463182,28.1685864],[85.3463168,28.1686766],[85.346215,28.1686754]]]},"properties":{"class":"direct_measurement_support"}},{"type":"Feature","geometry":{"type":"Polygon","coordinates":[[[85.3392883,28.1687721],[85.3392897,28.1686818],[85.3391879,28.1686806],[85.3391893,28.1685904],[85.3389856,28.1685879],[85.3389842,28.1686781],[85.3388824,28.1686769],[85.3388838,28.1685867],[85.338782,28.1685854],[85.3387834,28.1684952],[85.3386815,28.168494],[85.3386829,28.1684037],[85.3388866,28.1684062],[85.3388852,28.1684964],[85.338987,28.1684977],[85.3389884,28.1684074],[85.3390902,28.1684087],[85.3390916,28.1683184],[85.3391934,28.1683197],[85.3391962,28.1681392],[85.3392981,28.1681404],[85.3393008,28.16796],[85.3397081,28.1679649],[85.3397039,28.1682356],[85.3398058,28.1682368],[85.339803,28.1684173],[85.3394975,28.1684136],[85.3394961,28.1685038],[85.3393943,28.1685026],[85.3393915,28.1686831],[85.3394933,28.1686843],[85.3394919,28.1687745],[85.3392883,28.1687721]]]},"properties":{"class":"direct_measurement_support"}},{"type":"Feature","geometry":{"type":"Polygon","coordinates":[[[85.3405171,28.1683357],[85.3405185,28.1682455],[85.3400094,28.1682393],[85.3400108,28.1681491],[85.339909,28.1681478],[85.3399076,28.1682381],[85.3398058,28.1682368],[85.3398099,28.1679661],[85.3403191,28.1679723],[85.3403177,28.1680626],[85.3405213,28.168065],[85.3405227,28.1679748],[85.3406245,28.167976],[85.3406231,28.1680663],[85.3407249,28.1680675],[85.3407236,28.1681577],[85.3409272,28.1681602],[85.3409258,28.1682504],[85.3407222,28.168248],[85.3407208,28.1683382],[85.3405171,28.1683357]]]},"properties":{"class":"direct_measurement_support"}},{"type":"Feature","geometry":{"type":"Polygon","coordinates":[[[85.3390944,28.168138],[85.3390958,28.1680477],[85.3388922,28.1680453],[85.3388936,28.167955],[85.339199,28.1679587],[85.3391962,28.1681392],[85.3390944,28.168138]]]},"properties":{"class":"direct_measurement_support"}},{"type":"Feature","geometry":{"type":"Polygon","coordinates":[[[85.3433695,28.16828],[85.3433723,28.1680995],[85.3431687,28.1680971],[85.3431715,28.1679166],[85.3432733,28.1679178],[85.3432719,28.1680081],[85.3434755,28.1680105],[85.3434741,28.1681008],[85.343576,28.168102],[85.3435732,28.1682825],[85.3433695,28.16828]]]},"properties":{"class":"direct_measurement_support"}},{"type":"Feature","geometry":{"type":"Polygon","coordinates":[[[85.3425605,28.1679092],[85.3425633,28.1677288],[85.3427669,28.1677312],[85.3427642,28.1679117],[85.3425605,28.1679092]]]},"properties":{"class":"direct_measurement_support"}},{"type":"Feature","geometry":{"type":"Polygon","coordinates":[[[85.3407291,28.1677968],[85.3407305,28.1677066],[85.3408323,28.1677078],[85.3408309,28.167798],[85.3407291,28.1677968]]]},"properties":{"class":"direct_measurement_support"}},{"type":"Feature","geometry":{"type":"Polygon","coordinates":[[[85.3415451,28.1677164],[85.3415465,28.1676262],[85.3416483,28.1676274],[85.3416469,28.1677177],[85.3415451,28.1677164]]]},"properties":{"class":"direct_measurement_support"}},{"type":"Feature","geometry":{"type":"Polygon","coordinates":[[[85.3433765,28.1678288],[85.3433779,28.1677386],[85.3434797,28.1677398],[85.3434811,28.1676496],[85.3435829,28.1676508],[85.3435843,28.1675606],[85.3436861,28.1675618],[85.3436833,28.1677423],[85.3435815,28.1677411],[85.3435801,28.1678313],[85.3433765,28.1678288]]]},"properties":{"class":"direct_measurement_support"}},{"type":"Feature","geometry":{"type":"Polygon","coordinates":[[[85.3424629,28.1676373],[85.3424643,28.1675471],[85.3425661,28.1675483],[85.3425675,28.1674581],[85.3428729,28.1674618],[85.3428702,28.1676422],[85.3424629,28.1676373]]]},"properties":{"class":"direct_measurement_support"}},{"type":"Feature","geometry":{"type":"Polygon","coordinates":[[[85.3451829,28.1695654],[85.3451843,28.1694752],[85.3450825,28.169474],[85.3450838,28.1693837],[85.3448802,28.1693813],[85.3448816,28.169291],[85.3446779,28.1692886],[85.3446793,28.1691983],[85.3445775,28.1691971],[85.3445803,28.1690167],[85.3443766,28.1690142],[85.344378,28.168924],[85.3439707,28.168919],[85.3439721,28.1688288],[85.3436667,28.1688251],[85.343668,28.1687349],[85.3435662,28.1687336],[85.3435676,28.1686434],[85.3434658,28.1686422],[85.3434644,28.1687324],[85.3431589,28.1687287],[85.3431575,28.1688189],[85.3430557,28.1688177],[85.3430641,28.1682763],[85.3431659,28.1682775],[85.3431645,28.1683678],[85.3432663,28.168369],[85.3432635,28.1685495],[85.3433654,28.1685507],[85.3433668,28.1684605],[85.3435704,28.1684629],[85.3435718,28.1683727],[85.3436736,28.1683739],[85.3436722,28.1684642],[85.3438759,28.1684666],[85.3438745,28.1685569],[85.3442818,28.1685618],[85.3442804,28.168652],[85.3443822,28.1686533],[85.3443808,28.1687435],[85.3445845,28.168746],[85.3445872,28.1685655],[85.3448927,28.1685692],[85.3448941,28.1684789],[85.3446904,28.1684765],[85.3446918,28.1683863],[85.3439791,28.1683776],[85.3439805,28.1682874],[85.3438786,28.1682862],[85.3438814,28.1681057],[85.3436778,28.1681032],[85.3436792,28.168013],[85.343781,28.1680142],[85.3437838,28.1678338],[85.3438856,28.167835],[85.343887,28.1677448],[85.3440906,28.1677472],[85.3440892,28.1678375],[85.3441911,28.1678387],[85.3441938,28.1676582],[85.344092,28.167657],[85.3440948,28.1674765],[85.3442984,28.167479],[85.344297,28.1675692],[85.3443989,28.1675705],[85.3443975,28.1676607],[85.3446011,28.1676632],[85.3446025,28.1675729],[85.3447043,28.1675742],[85.3447029,28.1676644],[85.3450084,28.1676681],[85.345007,28.1677583],[85.3449052,28.1677571],[85.3449038,28.1678473],[85.3451075,28.1678498],[85.3451061,28.16794],[85.3453097,28.1679425],[85.3453014,28.1684839],[85.3451996,28.1684826],[85.3451982,28.1685729],[85.3450963,28.1685716],[85.345095,28.1686619],[85.3452986,28.1686643],[85.3453,28.1685741],[85.3454018,28.1685753],[85.3454032,28.1684851],[85.3456068,28.1684876],[85.3456055,28.1685778],[85.3457073,28.168579],[85.3457101,28.1683986],[85.3458119,28.1683998],[85.3458105,28.16849],[85.3460141,28.1684925],[85.3460127,28.1685827],[85.3461146,28.1685839],[85.3461132,28.1686742],[85.3460114,28.1686729],[85.34601,28.1687632],[85.3457045,28.1687595],[85.3457031,28.1688497],[85.3454995,28.1688473],[85.3454981,28.1689375],[85.3455999,28.1689387],[85.3455985,28.169029],[85.3454967,28.1690277],[85.3454939,28.1692082],[85.3456976,28.1692107],[85.3456989,28.1691204],[85.3458008,28.1691217],[85.345798,28.1693021],[85.3455943,28.1692997],[85.345593,28.1693899],[85.3454911,28.1693887],[85.3454925,28.1692984],[85.3453907,28.1692972],[85.3453879,28.1694777],[85.3452861,28.1694764],[85.3452847,28.1695667],[85.3451829,28.1695654]],[[85.3445803,28.1690167],[85.3446821,28.1690179],[85.3446835,28.1689277],[85.3445817,28.1689264],[85.3445803,28.1690167]],[[85.3447839,28.1690191],[85.3448858,28.1690203],[85.3448871,28.1689301],[85.3447853,28.1689289],[85.3447839,28.1690191]],[[85.3431603,28.1686385],[85.3432621,28.1686397],[85.3432635,28.1685495],[85.3431617,28.1685482],[85.3431603,28.1686385]],[[85.3441855,28.1681996],[85.3442873,28.1682009],[85.3442887,28.1681106],[85.3441869,28.1681094],[85.3441855,28.1681996]]]},"properties":{"class":"direct_measurement_support"}},{"type":"Feature","geometry":{"type":"Polygon","coordinates":[[[85.3427725,28.1673703],[85.3427739,28.1672801],[85.3426721,28.1672788],[85.3426735,28.1671886],[85.3429789,28.1671923],[85.3429775,28.1672825],[85.3428757,28.1672813],[85.3428743,28.1673715],[85.3427725,28.1673703]]]},"properties":{"class":"direct_measurement_support"}},{"type":"Feature","geometry":{"type":"Polygon","coordinates":[[[85.3359603,28.1666559],[85.3359617,28.1665657],[85.3360635,28.1665669],[85.3360621,28.1666572],[85.3359603,28.1666559]]]},"properties":{"class":"direct_measurement_support"}},{"type":"Feature","geometry":{"type":"Polygon","coordinates":[[[85.3414586,28.1667226],[85.34146,28.1666324],[85.3415618,28.1666336],[85.3415604,28.1667239],[85.3414586,28.1667226]]]},"properties":{"class":"direct_measurement_support"}},{"type":"Feature","geometry":{"type":"Polygon","coordinates":[[[85.3411517,28.1668092],[85.3411531,28.1667189],[85.3408477,28.1667152],[85.3408504,28.1665348],[85.3411559,28.1665385],[85.3411545,28.1666287],[85.3412563,28.1666299],[85.3412535,28.1668104],[85.3411517,28.1668092]]]},"properties":{"class":"direct_measurement_support"}},{"type":"Feature","geometry":{"type":"Polygon","coordinates":[[[85.3429845,28.1668314],[85.3429859,28.1667411],[85.3428841,28.1667399],[85.3428855,28.1666497],[85.3429873,28.1666509],[85.3429887,28.1665607],[85.3430905,28.1665619],[85.3430863,28.1668326],[85.3429845,28.1668314]]]},"properties":{"class":"direct_measurement_support"}},{"type":"Feature","geometry":{"type":"Polygon","coordinates":[[[85.3355558,28.1664705],[85.3355572,28.1663803],[85.335659,28.1663815],[85.3356576,28.1664717],[85.3355558,28.1664705]]]},"properties":{"class":"direct_measurement_support"}},{"type":"Feature","geometry":{"type":"Polygon","coordinates":[[[85.3417571,28.1671775],[85.3417599,28.166997],[85.341658,28.1669958],[85.3416594,28.1669056],[85.3415576,28.1669043],[85.3415604,28.1667239],[85.3416622,28.1667251],[85.3416636,28.1666349],[85.3415618,28.1666336],[85.3415632,28.1665434],[85.341665,28.1665446],[85.3416664,28.1664544],[85.3417682,28.1664556],[85.3417696,28.1663654],[85.3419732,28.1663679],[85.3419663,28.166819],[85.3418645,28.1668178],[85.3418631,28.166908],[85.3419649,28.1669093],[85.3419621,28.1670897],[85.3418603,28.1670885],[85.3418589,28.1671787],[85.3417571,28.1671775]],[[85.3416608,28.1668153],[85.3417626,28.1668166],[85.341764,28.1667263],[85.3416622,28.1667251],[85.3416608,28.1668153]]]},"properties":{"class":"direct_measurement_support"}},{"type":"Feature","geometry":{"type":"Polygon","coordinates":[[[85.3445174,28.1664889],[85.3445187,28.1663987],[85.3446206,28.1663999],[85.3446192,28.1664901],[85.3445174,28.1664889]]]},"properties":{"class":"direct_measurement_support"}},{"type":"Feature","geometry":{"type":"Polygon","coordinates":[[[85.3442133,28.166395],[85.3442147,28.1663047],[85.3444183,28.1663072],[85.3444169,28.1663974],[85.3442133,28.166395]]]},"properties":{"class":"direct_measurement_support"}},{"type":"Feature","geometry":{"type":"Polygon","coordinates":[[[85.3411559,28.1665385],[85.3411629,28.1660873],[85.3413665,28.1660898],[85.3413651,28.16618],[85.3414669,28.1661812],[85.3414628,28.1664519],[85.3413609,28.1664507],[85.3413595,28.1665409],[85.3411559,28.1665385]]]},"properties":{"class":"direct_measurement_support"}},{"type":"Feature","geometry":{"type":"Polygon","coordinates":[[[85.3434866,28.1672887],[85.3434894,28.1671082],[85.3432858,28.1671058],[85.3432886,28.1669253],[85.3433904,28.1669265],[85.3433946,28.1666558],[85.3434964,28.1666571],[85.3435005,28.1663864],[85.3436024,28.1663876],[85.3436038,28.1662974],[85.3435019,28.1662961],[85.3435061,28.1660254],[85.3436079,28.1660267],[85.3436065,28.1661169],[85.3440138,28.1661218],[85.3440124,28.166212],[85.3441142,28.1662133],[85.3441129,28.1663035],[85.3437056,28.1662986],[85.3437,28.1666595],[85.3435982,28.1666583],[85.343594,28.166929],[85.3436958,28.1669302],[85.3436931,28.1671107],[85.3437949,28.1671119],[85.3437935,28.1672021],[85.3436917,28.1672009],[85.3436903,28.1672911],[85.3434866,28.1672887]],[[85.3434894,28.1671082],[85.3435912,28.1671094],[85.3435926,28.1670192],[85.3434908,28.167018],[85.3434894,28.1671082]]]},"properties":{"class":"direct_measurement_support"}},{"type":"Feature","geometry":{"type":"Polygon","coordinates":[[[85.34075,28.1664433],[85.3407528,28.1662628],[85.3408546,28.1662641],[85.340856,28.1661738],[85.3407542,28.1661726],[85.340757,28.1659921],[85.3409606,28.1659946],[85.340962,28.1659044],[85.3411656,28.1659068],[85.3411642,28.1659971],[85.3410624,28.1659958],[85.341061,28.1660861],[85.3409592,28.1660848],[85.3409564,28.1662653],[85.3410583,28.1662665],[85.3410555,28.166447],[85.34075,28.1664433]]]},"properties":{"class":"direct_measurement_support"}},{"type":"Feature","geometry":{"type":"Polygon","coordinates":[[[85.3425883,28.1661046],[85.3425897,28.1660143],[85.3424879,28.1660131],[85.3424893,28.1659229],[85.3425911,28.1659241],[85.3425925,28.1658339],[85.3426943,28.1658351],[85.3426929,28.1659253],[85.3427948,28.1659266],[85.342792,28.166107],[85.3425883,28.1661046]]]},"properties":{"class":"direct_measurement_support"}},{"type":"Feature","geometry":{"type":"Polygon","coordinates":[[[85.3349477,28.1662826],[85.3349491,28.1661924],[85.3348472,28.1661911],[85.3348528,28.1658302],[85.3349547,28.1658315],[85.3349561,28.1657412],[85.3350579,28.1657425],[85.3350593,28.1656522],[85.3351611,28.1656535],[85.3351625,28.1655632],[85.3354679,28.1655669],[85.3354665,28.1656572],[85.3355684,28.1656584],[85.3355656,28.1658389],[85.3354637,28.1658376],[85.335461,28.1660181],[85.3353591,28.1660169],[85.3353563,28.1661973],[85.3350509,28.1661936],[85.3350495,28.1662839],[85.3349477,28.1662826]]]},"properties":{"class":"direct_measurement_support"}},{"type":"Feature","geometry":{"type":"Polygon","coordinates":[[[85.3356702,28.1656597],[85.3356716,28.1655694],[85.3357734,28.1655707],[85.335772,28.1656609],[85.3356702,28.1656597]]]},"properties":{"class":"direct_measurement_support"}},{"type":"Feature","geometry":{"type":"Polygon","coordinates":[[[85.3364833,28.1657598],[85.3364861,28.1655793],[85.3365879,28.1655806],[85.3365893,28.1654903],[85.336793,28.1654928],[85.3367902,28.1656733],[85.3366884,28.165672],[85.336687,28.1657623],[85.3364833,28.1657598]]]},"properties":{"class":"direct_measurement_support"}},{"type":"Feature","geometry":{"type":"Polygon","coordinates":[[[85.3408602,28.1659031],[85.3408616,28.1658129],[85.3407598,28.1658117],[85.3407639,28.165541],[85.3409676,28.1655434],[85.340962,28.1659044],[85.3408602,28.1659031]]]},"properties":{"class":"direct_measurement_support"}},{"type":"Feature","geometry":{"type":"Polygon","coordinates":[[[85.3460572,28.1656953],[85.3460585,28.165605],[85.3462622,28.1656075],[85.3462608,28.1656977],[85.3460572,28.1656953]]]},"properties":{"class":"direct_measurement_support"}},{"type":"Feature","geometry":{"type":"Polygon","coordinates":[[[85.3331261,28.1655385],[85.3331289,28.165358],[85.3332307,28.1653592],[85.3332279,28.1655397],[85.3331261,28.1655385]]]},"properties":{"class":"direct_measurement_support"}},{"type":"Feature","geometry":{"type":"Polygon","coordinates":[[[85.3422884,28.1657399],[85.3422898,28.1656497],[85.342188,28.1656485],[85.3421894,28.1655582],[85.3422912,28.1655595],[85.3422926,28.1654692],[85.3424963,28.1654717],[85.3424935,28.1656522],[85.3425953,28.1656534],[85.3425939,28.1657436],[85.3422884,28.1657399]]]},"properties":{"class":"direct_measurement_support"}},{"type":"Feature","geometry":{"type":"Polygon","coordinates":[[[85.3329211,28.1656262],[85.3329225,28.165536],[85.3328206,28.1655347],[85.3328234,28.1653543],[85.3329253,28.1653555],[85.3329267,28.1652653],[85.3330285,28.1652665],[85.3330229,28.1656275],[85.3329211,28.1656262]]]},"properties":{"class":"direct_measurement_support"}},{"type":"Feature","geometry":{"type":"Polygon","coordinates":[[[85.3359756,28.1656634],[85.3359784,28.1654829],[85.3358766,28.1654817],[85.335878,28.1653914],[85.3359798,28.1653927],[85.3359812,28.1653024],[85.3363885,28.1653074],[85.3363871,28.1653976],[85.3362853,28.1653964],[85.3362825,28.1655768],[85.3360789,28.1655744],[85.3360775,28.1656646],[85.3359756,28.1656634]]]},"properties":{"class":"direct_measurement_support"}},{"type":"Feature","geometry":{"type":"Polygon","coordinates":[[[85.3337398,28.1653654],[85.3337412,28.1652752],[85.3339448,28.1652777],[85.3339435,28.1653679],[85.3337398,28.1653654]]]},"properties":{"class":"direct_measurement_support"}},{"type":"Feature","geometry":{"type":"Polygon","coordinates":[[[85.3471813,28.1654381],[85.3471827,28.1653478],[85.3472845,28.1653491],[85.3472832,28.1654393],[85.3471813,28.1654381]]]},"properties":{"class":"direct_measurement_support"}},{"type":"Feature","geometry":{"type":"Polygon","coordinates":[[[85.3327216,28.165353],[85.3327258,28.1650823],[85.3328276,28.1650836],[85.3328234,28.1653543],[85.3327216,28.165353]]]},"properties":{"class":"direct_measurement_support"}},{"type":"Feature","geometry":{"type":"Polygon","coordinates":[[[85.3356744,28.165389],[85.3356786,28.1651183],[85.3357804,28.1651195],[85.3357776,28.1653],[85.3358794,28.1653012],[85.335878,28.1653914],[85.3356744,28.165389]]]},"properties":{"class":"direct_measurement_support"}},{"type":"Feature","geometry":{"type":"Polygon","coordinates":[[[85.3385281,28.1652431],[85.3385295,28.1651529],[85.3386313,28.1651541],[85.3386299,28.1652443],[85.3385281,28.1652431]]]},"properties":{"class":"direct_measurement_support"}},{"type":"Feature","geometry":{"type":"Polygon","coordinates":[[[85.3402576,28.1653543],[85.3402604,28.1651739],[85.3403622,28.1651751],[85.3403636,28.1650849],[85.3404654,28.1650861],[85.3404627,28.1652666],[85.3403608,28.1652653],[85.3403594,28.1653556],[85.3402576,28.1653543]]]},"properties":{"class":"direct_measurement_support"}},{"type":"Feature","geometry":{"type":"Polygon","coordinates":[[[85.3464658,28.1656099],[85.3464686,28.1654295],[85.3465704,28.1654307],[85.3465718,28.1653405],[85.34647,28.1653392],[85.3464728,28.1651588],[85.3466764,28.1651612],[85.3466736,28.1653417],[85.3467754,28.1653429],[85.3467741,28.1654332],[85.3466722,28.1654319],[85.3466708,28.1655222],[85.346569,28.1655209],[85.3465676,28.1656112],[85.3464658,28.1656099]]]},"properties":{"class":"direct_measurement_support"}},{"type":"Feature","geometry":{"type":"Polygon","coordinates":[[[85.3330313,28.1650861],[85.3330327,28.1649958],[85.3332363,28.1649983],[85.3332349,28.1650885],[85.3330313,28.1650861]]]},"properties":{"class":"direct_measurement_support"}},{"type":"Feature","geometry":{"type":"Polygon","coordinates":[[[85.337814,28.1653247],[85.3378168,28.1651442],[85.3377149,28.165143],[85.3377163,28.1650528],[85.3378181,28.165054],[85.3378195,28.1649638],[85.338125,28.1649675],[85.3381222,28.1651479],[85.3380204,28.1651467],[85.3380176,28.1653272],[85.337814,28.1653247]]]},"properties":{"class":"direct_measurement_support"}},{"type":"Feature","geometry":{"type":"Polygon","coordinates":[[[85.3400568,28.1651714],[85.3400596,28.1649909],[85.3402632,28.1649934],[85.3402618,28.1650836],[85.34016,28.1650824],[85.3401586,28.1651726],[85.3400568,28.1651714]]]},"properties":{"class":"direct_measurement_support"}},{"type":"Feature","geometry":{"type":"Polygon","coordinates":[[[85.3421908,28.165468],[85.3421922,28.1653778],[85.3420904,28.1653765],[85.3420918,28.1652863],[85.3419899,28.1652851],[85.3419913,28.1651948],[85.342195,28.1651973],[85.3421964,28.1651071],[85.3422982,28.1651083],[85.342301,28.1649278],[85.3424028,28.1649291],[85.3424014,28.1650193],[85.3425032,28.1650205],[85.3425018,28.1651108],[85.3426036,28.165112],[85.3426022,28.1652022],[85.3427041,28.1652035],[85.3427013,28.1653839],[85.3425995,28.1653827],[85.3426009,28.1652925],[85.3423972,28.16529],[85.3423986,28.1651998],[85.3422968,28.1651985],[85.3422926,28.1654692],[85.3421908,28.165468]]]},"properties":{"class":"direct_measurement_support"}},{"type":"Feature","geometry":{"type":"Polygon","coordinates":[[[85.3412786,28.1651862],[85.3412814,28.1650057],[85.3413832,28.165007],[85.3413846,28.1649167],[85.3414864,28.164918],[85.341485,28.1650082],[85.3415868,28.1650094],[85.3415841,28.1651899],[85.3412786,28.1651862]]]},"properties":{"class":"direct_measurement_support"}},{"type":"Feature","geometry":{"type":"Polygon","coordinates":[[[85.346576,28.1650698],[85.3465774,28.1649795],[85.3466792,28.1649808],[85.3466778,28.165071],[85.346576,28.1650698]]]},"properties":{"class":"direct_measurement_support"}},{"type":"Feature","geometry":{"type":"Polygon","coordinates":[[[85.3468786,28.1652539],[85.3468814,28.1650735],[85.3467796,28.1650722],[85.346781,28.164982],[85.3469846,28.1649845],[85.3469832,28.1650747],[85.3470851,28.1650759],[85.3470823,28.1652564],[85.3468786,28.1652539]]]},"properties":{"class":"direct_measurement_support"}},{"type":"Feature","geometry":{"type":"Polygon","coordinates":[[[85.3382268,28.1649687],[85.3382296,28.1647882],[85.3384332,28.1647907],[85.3384318,28.1648809],[85.33833,28.1648797],[85.3383286,28.1649699],[85.3382268,28.1649687]]]},"properties":{"class":"direct_measurement_support"}},{"type":"Feature","geometry":{"type":"Polygon","coordinates":[[[85.3363955,28.1648562],[85.3363969,28.164766],[85.3364987,28.1647672],[85.3364973,28.1648575],[85.3363955,28.1648562]]]},"properties":{"class":"direct_measurement_support"}},{"type":"Feature","geometry":{"type":"Polygon","coordinates":[[[85.3393468,28.1649823],[85.3393482,28.1648921],[85.3392464,28.1648908],[85.3392478,28.1648006],[85.3395532,28.1648043],[85.3395505,28.1649848],[85.3393468,28.1649823]]]},"properties":{"class":"direct_measurement_support"}},{"type":"Feature","geometry":{"type":"Polygon","coordinates":[[[85.3433108,28.1654816],[85.3433219,28.1647597],[85.3435256,28.1647622],[85.3435242,28.1648524],[85.343626,28.1648536],[85.3436232,28.1650341],[85.343725,28.1650353],[85.3437236,28.1651256],[85.3438255,28.1651268],[85.3438241,28.165217],[85.3440277,28.1652195],[85.3440249,28.1653999],[85.3441268,28.1654012],[85.3441254,28.1654914],[85.3439217,28.1654889],[85.3439231,28.1653987],[85.3436177,28.165395],[85.3436163,28.1654853],[85.3433108,28.1654816]]]},"properties":{"class":"direct_measurement_support"}},{"type":"Feature","geometry":{"type":"Polygon","coordinates":[[[85.3326296,28.1647202],[85.332631,28.1646299],[85.3327328,28.1646312],[85.3327314,28.1647214],[85.3326296,28.1647202]]]},"properties":{"class":"direct_measurement_support"}},{"type":"Feature","geometry":{"type":"Polygon","coordinates":[[[85.3472915,28.1648979],[85.3472929,28.1648077],[85.3474965,28.1648101],[85.3474951,28.1649004],[85.3472915,28.1648979]]]},"properties":{"class":"direct_measurement_support"}},{"type":"Feature","geometry":{"type":"Polygon","coordinates":[[[85.3334399,28.1650008],[85.3334441,28.1647301],[85.3333423,28.1647288],[85.3333451,28.1645484],[85.3335488,28.1645509],[85.3335474,28.1646411],[85.333751,28.1646436],[85.3337524,28.1645533],[85.333956,28.1645558],[85.3339518,28.1648265],[85.3337482,28.164824],[85.3337468,28.1649143],[85.3338486,28.1649155],[85.3338472,28.1650057],[85.3334399,28.1650008]],[[85.3336464,28.1648228],[85.3337482,28.164824],[85.3337496,28.1647338],[85.3336478,28.1647326],[85.3336464,28.1648228]]]},"properties":{"class":"direct_measurement_support"}},{"type":"Feature","geometry":{"type":"Polygon","coordinates":[[[85.3419969,28.1648339],[85.3419997,28.1646534],[85.3423051,28.1646571],[85.3423023,28.1648376],[85.3419969,28.1648339]]]},"properties":{"class":"direct_measurement_support"}},{"type":"Feature","geometry":{"type":"Polygon","coordinates":[[[85.3378251,28.1646028],[85.3378265,28.1645126],[85.3379283,28.1645138],[85.3379269,28.1646041],[85.3378251,28.1646028]]]},"properties":{"class":"direct_measurement_support"}},{"type":"Feature","geometry":{"type":"Polygon","coordinates":[[[85.3389409,28.1648871],[85.3389451,28.1646164],[85.3390469,28.1646177],[85.3390483,28.1645274],[85.3395574,28.1645336],[85.339556,28.1646238],[85.3394542,28.1646226],[85.3394528,28.1647128],[85.3392492,28.1647104],[85.3392478,28.1648006],[85.3390442,28.1647981],[85.3390428,28.1648884],[85.3389409,28.1648871]],[[85.3390455,28.1647079],[85.3391474,28.1647091],[85.3391488,28.1646189],[85.3390469,28.1646177],[85.3390455,28.1647079]]]},"properties":{"class":"direct_measurement_support"}},{"type":"Feature","geometry":{"type":"Polygon","coordinates":[[[85.338132,28.1645163],[85.3381334,28.1644261],[85.338337,28.1644285],[85.3383356,28.1645188],[85.338132,28.1645163]]]},"properties":{"class":"direct_measurement_support"}},{"type":"Feature","geometry":{"type":"Polygon","coordinates":[[[85.3406719,28.1649081],[85.3406732,28.1648179],[85.3403678,28.1648142],[85.3403692,28.1647239],[85.3402674,28.1647227],[85.3402688,28.1646325],[85.3404724,28.1646349],[85.3404738,28.1645447],[85.3407792,28.1645484],[85.340782,28.1643679],[85.3412911,28.1643741],[85.3412883,28.1645546],[85.341492,28.164557],[85.3414906,28.1646473],[85.3415924,28.1646485],[85.341591,28.1647387],[85.3410819,28.1647326],[85.3410833,28.1646423],[85.3408797,28.1646399],[85.3408769,28.1648203],[85.3407751,28.1648191],[85.3407737,28.1649093],[85.3406719,28.1649081]]]},"properties":{"class":"direct_measurement_support"}},{"type":"Feature","geometry":{"type":"Polygon","coordinates":[[[85.3331415,28.1645459],[85.3331457,28.1642752],[85.3333493,28.1642777],[85.3333465,28.1644581],[85.3332447,28.1644569],[85.3332433,28.1645471],[85.3331415,28.1645459]]]},"properties":{"class":"direct_measurement_support"}},{"type":"Feature","geometry":{"type":"Polygon","coordinates":[[[85.3327342,28.1645409],[85.3327356,28.1644507],[85.3324302,28.164447],[85.3324316,28.1643568],[85.3325334,28.164358],[85.3325348,28.1642678],[85.3327384,28.1642702],[85.332737,28.1643605],[85.3328388,28.1643617],[85.332836,28.1645422],[85.3327342,28.1645409]]]},"properties":{"class":"direct_measurement_support"}},{"type":"Feature","geometry":{"type":"Polygon","coordinates":[[[85.3396579,28.1646251],[85.3396592,28.1645348],[85.3395574,28.1645336],[85.3395602,28.1643531],[85.339662,28.1643544],[85.3396606,28.1644446],[85.3398643,28.1644471],[85.3398615,28.1646275],[85.3396579,28.1646251]]]},"properties":{"class":"direct_measurement_support"}},{"type":"Feature","geometry":{"type":"Polygon","coordinates":[[[85.3386411,28.1645225],[85.3386452,28.1642518],[85.3387471,28.164253],[85.3387457,28.1643433],[85.3388475,28.1643445],[85.3388461,28.1644347],[85.3389479,28.164436],[85.3389465,28.1645262],[85.3386411,28.1645225]]]},"properties":{"class":"direct_measurement_support"}},{"type":"Feature","geometry":{"type":"Polygon","coordinates":[[[85.3335516,28.1643704],[85.3335544,28.1641899],[85.3336562,28.1641912],[85.3336534,28.1643716],[85.3335516,28.1643704]]]},"properties":{"class":"direct_measurement_support"}},{"type":"Feature","geometry":{"type":"Polygon","coordinates":[[[85.335182,28.1643],[85.3351834,28.1642097],[85.3352853,28.164211],[85.3352839,28.1643012],[85.335182,28.1643]]]},"properties":{"class":"direct_measurement_support"}},{"type":"Feature","geometry":{"type":"Polygon","coordinates":[[[85.332942,28.1642727],[85.3329476,28.1639118],[85.3332531,28.1639155],[85.3332517,28.1640057],[85.3333535,28.164007],[85.3333507,28.1641875],[85.3331471,28.164185],[85.3331457,28.1642752],[85.332942,28.1642727]]]},"properties":{"class":"direct_measurement_support"}},{"type":"Feature","geometry":{"type":"Polygon","coordinates":[[[85.3428045,28.1652949],[85.3428059,28.1652047],[85.3427041,28.1652035],[85.3427068,28.165023],[85.342605,28.1650218],[85.3426064,28.1649315],[85.3425046,28.1649303],[85.3425102,28.1645694],[85.3424083,28.1645681],[85.3424097,28.1644779],[85.3423079,28.1644767],[85.3423093,28.1643864],[85.3422075,28.1643852],[85.3422089,28.164295],[85.3424125,28.1642974],[85.3424139,28.1642072],[85.3427194,28.1642109],[85.3427207,28.1641207],[85.3433317,28.1641281],[85.343333,28.1640378],[85.3434349,28.1640391],[85.3434335,28.1641293],[85.3435353,28.1641305],[85.3435367,28.1640403],[85.3436385,28.1640415],[85.3436399,28.1639513],[85.3438435,28.1639538],[85.3438421,28.164044],[85.3437403,28.1640428],[85.3437389,28.164133],[85.3436371,28.1641318],[85.3436357,28.164222],[85.3435339,28.1642208],[85.3435283,28.1645817],[85.3434265,28.1645805],[85.3434251,28.1646707],[85.3431197,28.164667],[85.3431099,28.1652986],[85.3428045,28.1652949]]]},"properties":{"class":"direct_measurement_support"}},{"type":"Feature","geometry":{"type":"Polygon","coordinates":[[[85.3326408,28.1639983],[85.3326436,28.1638178],[85.3327454,28.1638191],[85.332744,28.1639093],[85.3328458,28.1639106],[85.3328444,28.1640008],[85.3326408,28.1639983]]]},"properties":{"class":"direct_measurement_support"}},{"type":"Feature","geometry":{"type":"Polygon","coordinates":[[[85.3416956,28.1645595],[85.3416984,28.164379],[85.3412911,28.1643741],[85.3412925,28.1642839],[85.3411907,28.1642826],[85.3411935,28.1641022],[85.3412953,28.1641034],[85.3412967,28.1640132],[85.3415003,28.1640156],[85.3415017,28.1639254],[85.341909,28.1639303],[85.3419104,28.1638401],[85.3420122,28.1638413],[85.3420108,28.1639316],[85.3422144,28.163934],[85.342213,28.1640243],[85.3423149,28.1640255],[85.3423121,28.164206],[85.3421084,28.1642035],[85.3421057,28.164384],[85.341902,28.1643815],[85.3418992,28.164562],[85.3416956,28.1645595]]]},"properties":{"class":"direct_measurement_support"}},{"type":"Feature","geometry":{"type":"Polygon","coordinates":[[[85.3354931,28.1639428],[85.3354959,28.1637623],[85.3355977,28.1637635],[85.3355963,28.1638538],[85.3356981,28.163855],[85.3356995,28.1637648],[85.3358013,28.163766],[85.3357985,28.1639465],[85.3354931,28.1639428]]]},"properties":{"class":"direct_measurement_support"}},{"type":"Feature","geometry":{"type":"Polygon","coordinates":[[[85.3378293,28.1643321],[85.3378307,28.1642419],[85.3377289,28.1642407],[85.3377303,28.1641504],[85.3376285,28.1641492],[85.3376312,28.1639687],[85.3375294,28.1639675],[85.3375322,28.163787],[85.337634,28.1637883],[85.3376326,28.1638785],[85.3378363,28.163881],[85.3378349,28.1639712],[85.3379367,28.1639724],[85.3379353,28.1640627],[85.3382408,28.1640664],[85.3382394,28.1641566],[85.3381375,28.1641554],[85.3381362,28.1642456],[85.3379325,28.1642431],[85.3379311,28.1643334],[85.3378293,28.1643321]]]},"properties":{"class":"direct_measurement_support"}},{"type":"Feature","geometry":{"type":"Polygon","coordinates":[[[85.3327454,28.1638191],[85.3327468,28.1637289],[85.3329504,28.1637313],[85.332949,28.1638216],[85.3327454,28.1638191]]]},"properties":{"class":"direct_measurement_support"}},{"type":"Feature","geometry":{"type":"Polygon","coordinates":[[[85.3372254,28.1638736],[85.3372268,28.1637833],[85.3373286,28.1637846],[85.3373272,28.1638748],[85.3372254,28.1638736]]]},"properties":{"class":"direct_measurement_support"}},{"type":"Feature","geometry":{"type":"Polygon","coordinates":[[[85.3402799,28.1639106],[85.3402813,28.1638204],[85.3403831,28.1638216],[85.3403817,28.1639118],[85.3402799,28.1639106]]]},"properties":{"class":"direct_measurement_support"}},{"type":"Feature","geometry":{"type":"Polygon","coordinates":[[[85.3406872,28.1639155],[85.3406886,28.1638253],[85.3408922,28.1638278],[85.3408908,28.163918],[85.3406872,28.1639155]]]},"properties":{"class":"direct_measurement_support"}},{"type":"Feature","geometry":{"type":"Polygon","coordinates":[[[85.3422144,28.163934],[85.3422158,28.1638438],[85.3424195,28.1638463],[85.3424181,28.1639365],[85.3422144,28.163934]]]},"properties":{"class":"direct_measurement_support"}},{"type":"Feature","geometry":{"type":"Polygon","coordinates":[[[85.3414013,28.1638339],[85.3414041,28.1636535],[85.3415059,28.1636547],[85.3415045,28.1637449],[85.3416063,28.1637462],[85.3416049,28.1638364],[85.3414013,28.1638339]]]},"properties":{"class":"direct_measurement_support"}},{"type":"Feature","geometry":{"type":"Polygon","coordinates":[[[85.3330509,28.1638228],[85.3330523,28.1637326],[85.3332559,28.163735],[85.3332573,28.1636448],[85.3331555,28.1636436],[85.3331569,28.1635533],[85.3333605,28.1635558],[85.3333591,28.1636461],[85.3334609,28.1636473],[85.3334581,28.1638278],[85.3330509,28.1638228]]]},"properties":{"class":"direct_measurement_support"}},{"type":"Feature","geometry":{"type":"Polygon","coordinates":[[[85.3380385,28.1639737],[85.3380399,28.1638834],[85.3379381,28.1638822],[85.3379395,28.163792],[85.337634,28.1637883],[85.3376354,28.163698],[85.3375336,28.1636968],[85.337535,28.1636066],[85.3377386,28.163609],[85.3377372,28.1636993],[85.3380427,28.163703],[85.3380413,28.1637932],[85.3382449,28.1637957],[85.3382435,28.1638859],[85.3381417,28.1638847],[85.3381403,28.1639749],[85.3380385,28.1639737]]]},"properties":{"class":"direct_measurement_support"}},{"type":"Feature","geometry":{"type":"Polygon","coordinates":[[[85.3344665,28.1644718],[85.3344679,28.1643815],[85.3345697,28.1643828],[85.3345711,28.1642925],[85.3344693,28.1642913],[85.3344707,28.1642011],[85.3343689,28.1641998],[85.3343675,28.1642901],[85.3342657,28.1642888],[85.3342713,28.1639279],[85.3344749,28.1639304],[85.3344763,28.1638401],[85.3342727,28.1638377],[85.3342783,28.1634767],[85.3346855,28.1634817],[85.3346827,28.1636622],[85.3347845,28.1636634],[85.3347859,28.1635732],[85.3349896,28.1635756],[85.3349882,28.1636659],[85.3348864,28.1636646],[85.334885,28.1637549],[85.3345795,28.1637512],[85.3345781,28.1638414],[85.3346799,28.1638426],[85.3346785,28.1639329],[85.3347804,28.1639341],[85.3347776,28.1641146],[85.3348794,28.1641158],[85.334878,28.164206],[85.3346743,28.1642036],[85.3346729,28.1642938],[85.3349784,28.1642975],[85.334977,28.1643877],[85.3347734,28.1643853],[85.334772,28.1644755],[85.3344665,28.1644718]]]},"properties":{"class":"direct_measurement_support"}},{"type":"Feature","geometry":{"type":"Polygon","coordinates":[[[85.3369213,28.1637796],[85.3369255,28.1635089],[85.3371291,28.1635114],[85.3371277,28.1636016],[85.3372296,28.1636029],[85.3372268,28.1637833],[85.3369213,28.1637796]]]},"properties":{"class":"direct_measurement_support"}},{"type":"Feature","geometry":{"type":"Polygon","coordinates":[[[85.3354973,28.1636721],[85.3355001,28.1634916],[85.3356019,28.1634928],[85.3355991,28.1636733],[85.3354973,28.1636721]]]},"properties":{"class":"direct_measurement_support"}},{"type":"Feature","geometry":{"type":"Polygon","coordinates":[[[85.3362114,28.1635905],[85.3362128,28.1635003],[85.3363146,28.1635015],[85.3363132,28.1635917],[85.3362114,28.1635905]]]},"properties":{"class":"direct_measurement_support"}},{"type":"Feature","geometry":{"type":"Polygon","coordinates":[[[85.3405798,28.1642752],[85.3405812,28.164185],[85.3404794,28.1641838],[85.3404808,28.1640935],[85.3403789,28.1640923],[85.3403775,28.1641825],[85.3400721,28.1641788],[85.3400735,28.1640886],[85.3399717,28.1640874],[85.3399731,28.1639971],[85.3397694,28.1639947],[85.3397708,28.1639044],[85.339669,28.1639032],[85.3396704,28.163813],[85.3395686,28.1638117],[85.33957,28.1637215],[85.3394681,28.1637203],[85.3394695,28.16363],[85.3393677,28.1636288],[85.3393705,28.1634483],[85.3397778,28.1634533],[85.3397764,28.1635435],[85.3398782,28.1635447],[85.3398768,28.163635],[85.3399786,28.1636362],[85.3399744,28.1639069],[85.3402799,28.1639106],[85.3402785,28.1640008],[85.3407876,28.164007],[85.3407862,28.1640972],[85.340888,28.1640985],[85.3408852,28.1642789],[85.3405798,28.1642752]]]},"properties":{"class":"direct_measurement_support"}},{"type":"Feature","geometry":{"type":"Polygon","coordinates":[[[85.3331583,28.1634631],[85.3331597,28.1633729],[85.3332615,28.1633741],[85.3332601,28.1634644],[85.3331583,28.1634631]]]},"properties":{"class":"direct_measurement_support"}},{"type":"Feature","geometry":{"type":"Polygon","coordinates":[[[85.3359073,28.1634965],[85.3359087,28.1634063],[85.3360105,28.1634076],[85.3360091,28.1634978],[85.3359073,28.1634965]]]},"properties":{"class":"direct_measurement_support"}},{"type":"Feature","geometry":{"type":"Polygon","coordinates":[[[85.3335627,28.1636485],[85.3335669,28.1633778],[85.3336688,28.1633791],[85.3336701,28.1632888],[85.3338738,28.1632913],[85.3338724,28.1633816],[85.3339742,28.1633828],[85.3339714,28.1635633],[85.3338696,28.163562],[85.3338682,28.1636523],[85.3335627,28.1636485]]]},"properties":{"class":"direct_measurement_support"}},{"type":"Feature","geometry":{"type":"Polygon","coordinates":[[[85.3367219,28.1635064],[85.3367247,28.163326],[85.3368265,28.1633272],[85.3368237,28.1635077],[85.3367219,28.1635064]]]},"properties":{"class":"direct_measurement_support"}},{"type":"Feature","geometry":{"type":"Polygon","coordinates":[[[85.3419145,28.1635694],[85.3419173,28.1633889],[85.3420191,28.1633902],[85.3420205,28.1632999],[85.3422242,28.1633024],[85.3422228,28.1633926],[85.3423246,28.1633939],[85.3423232,28.1634841],[85.3422214,28.1634829],[85.34222,28.1635731],[85.3419145,28.1635694]]]},"properties":{"class":"direct_measurement_support"}},{"type":"Feature","geometry":{"type":"Polygon","coordinates":[[[85.3339756,28.1632926],[85.333977,28.1632023],[85.3340788,28.1632036],[85.3340774,28.1632938],[85.3339756,28.1632926]]]},"properties":{"class":"direct_measurement_support"}},{"type":"Feature","geometry":{"type":"Polygon","coordinates":[[[85.3414082,28.1633828],[85.3414096,28.1632926],[85.3415115,28.1632938],[85.3415101,28.163384],[85.3414082,28.1633828]]]},"properties":{"class":"direct_measurement_support"}},{"type":"Feature","geometry":{"type":"Polygon","coordinates":[[[85.335288,28.1640305],[85.3352894,28.1639403],[85.3350858,28.1639378],[85.3350872,28.1638476],[85.3349854,28.1638463],[85.3349868,28.1637561],[85.3350886,28.1637573],[85.33509,28.1636671],[85.3351918,28.1636683],[85.3351946,28.1634879],[85.3350928,28.1634866],[85.335097,28.1632159],[85.3351988,28.1632172],[85.3352002,28.163127],[85.3356075,28.1631319],[85.3356047,28.1633124],[85.335401,28.1633099],[85.3353955,28.1636708],[85.3354973,28.1636721],[85.3354959,28.1637623],[85.3353941,28.1637611],[85.3353899,28.1640318],[85.335288,28.1640305]]]},"properties":{"class":"direct_measurement_support"}},{"type":"Feature","geometry":{"type":"Polygon","coordinates":[[[85.3360105,28.1634076],[85.3360119,28.1633173],[85.3359101,28.1633161],[85.3359115,28.1632258],[85.3360133,28.1632271],[85.3360147,28.1631369],[85.3363202,28.1631406],[85.3363188,28.1632308],[85.3364206,28.163232],[85.3364192,28.1633223],[85.3363174,28.163321],[85.336316,28.1634113],[85.3360105,28.1634076]]]},"properties":{"class":"direct_measurement_support"}},{"type":"Feature","geometry":{"type":"Polygon","coordinates":[[[85.3338752,28.1632011],[85.3338766,28.1631109],[85.3339784,28.1631121],[85.333977,28.1632023],[85.3338752,28.1632011]]]},"properties":{"class":"direct_measurement_support"}},{"type":"Feature","geometry":{"type":"Polygon","coordinates":[[[85.3343843,28.1632073],[85.3343857,28.163117],[85.3344875,28.1631183],[85.3344861,28.1632085],[85.3343843,28.1632073]]]},"properties":{"class":"direct_measurement_support"}},{"type":"Feature","geometry":{"type":"Polygon","coordinates":[[[85.3365224,28.1632333],[85.3365252,28.1630528],[85.336627,28.163054],[85.3366242,28.1632345],[85.3365224,28.1632333]]]},"properties":{"class":"direct_measurement_support"}},{"type":"Feature","geometry":{"type":"Polygon","coordinates":[[[85.3387471,28.164253],[85.3387485,28.1641628],[85.3386466,28.1641616],[85.3386494,28.1639811],[85.3385476,28.1639799],[85.338549,28.1638896],[85.3383454,28.1638872],[85.3383468,28.1637969],[85.3382449,28.1637957],[85.3382463,28.1637054],[85.3381445,28.1637042],[85.3381459,28.163614],[85.3380441,28.1636127],[85.3380469,28.1634323],[85.3379451,28.163431],[85.3379423,28.1636115],[85.3377386,28.163609],[85.33774,28.1635188],[85.3376382,28.1635176],[85.3376424,28.1632469],[85.3375406,28.1632456],[85.337542,28.1631554],[85.3378474,28.1631591],[85.3378488,28.1630689],[85.3380525,28.1630713],[85.3380511,28.1631616],[85.3381529,28.1631628],[85.3381501,28.1633433],[85.3383537,28.1633458],[85.3383523,28.163436],[85.338556,28.1634385],[85.3385546,28.1635287],[85.3386564,28.1635299],[85.338655,28.1636202],[85.3387568,28.1636214],[85.3387554,28.1637116],[85.3388572,28.1637129],[85.3388558,28.1638031],[85.3389577,28.1638043],[85.3389563,28.1638946],[85.3390581,28.1638958],[85.3390553,28.1640763],[85.3388517,28.1640738],[85.3388503,28.164164],[85.3389521,28.1641653],[85.3389507,28.1642555],[85.3387471,28.164253]]]},"properties":{"class":"direct_measurement_support"}},{"type":"Feature","geometry":{"type":"Polygon","coordinates":[[[85.3427333,28.1633086],[85.342736,28.1631281],[85.3429397,28.1631306],[85.3429369,28.163311],[85.3427333,28.1633086]]]},"properties":{"class":"direct_measurement_support"}},{"type":"Feature","geometry":{"type":"Polygon","coordinates":[[[85.3455828,28.1634333],[85.3455841,28.163343],[85.3452787,28.1633394],[85.3452801,28.1632491],[85.3453819,28.1632504],[85.3453833,28.1631601],[85.3454851,28.1631614],[85.3454837,28.1632516],[85.3455855,28.1632528],[85.3455869,28.1631626],[85.3458924,28.1631663],[85.3458896,28.1633467],[85.3459914,28.163348],[85.34599,28.1634382],[85.3455828,28.1634333]]]},"properties":{"class":"direct_measurement_support"}},{"type":"Feature","geometry":{"type":"Polygon","coordinates":[[[85.3454851,28.1631614],[85.3454865,28.1630711],[85.3455883,28.1630724],[85.3455869,28.1631626],[85.3454851,28.1631614]]]},"properties":{"class":"direct_measurement_support"}},{"type":"Feature","geometry":{"type":"Polygon","coordinates":[[[85.3347943,28.1630318],[85.3347971,28.1628513],[85.3350008,28.1628538],[85.334998,28.1630342],[85.3347943,28.1630318]]]},"properties":{"class":"direct_measurement_support"}},{"type":"Feature","geometry":{"type":"Polygon","coordinates":[[[85.3424306,28.1631244],[85.3424334,28.1629439],[85.3425352,28.1629452],[85.3425324,28.1631256],[85.3424306,28.1631244]]]},"properties":{"class":"direct_measurement_support"}},{"type":"Feature","geometry":{"type":"Polygon","coordinates":[[[85.3453847,28.1630699],[85.3453861,28.1629797],[85.3454879,28.1629809],[85.3454865,28.1630711],[85.3453847,28.1630699]]]},"properties":{"class":"direct_measurement_support"}},{"type":"Feature","geometry":{"type":"Polygon","coordinates":[[[85.3455883,28.1630724],[85.3455897,28.1629821],[85.3456915,28.1629833],[85.3456901,28.1630736],[85.3455883,28.1630724]]]},"properties":{"class":"direct_measurement_support"}},{"type":"Feature","geometry":{"type":"Polygon","coordinates":[[[85.3419201,28.1632085],[85.3419229,28.163028],[85.3420247,28.1630293],[85.3420261,28.162939],[85.3422297,28.1629415],[85.3422311,28.1628513],[85.3424348,28.1628537],[85.3424334,28.1629439],[85.3423316,28.1629427],[85.3423288,28.1631232],[85.3421251,28.1631207],[85.3421237,28.1632109],[85.3419201,28.1632085]]]},"properties":{"class":"direct_measurement_support"}},{"type":"Feature","geometry":{"type":"Polygon","coordinates":[[[85.3330662,28.1628302],[85.3330676,28.16274],[85.3332713,28.1627425],[85.3332699,28.1628327],[85.3330662,28.1628302]]]},"properties":{"class":"direct_measurement_support"}},{"type":"Feature","geometry":{"type":"Polygon","coordinates":[[[85.3428406,28.1629489],[85.342842,28.1628586],[85.3429438,28.1628599],[85.3429425,28.1629501],[85.3428406,28.1629489]]]},"properties":{"class":"direct_measurement_support"}},{"type":"Feature","geometry":{"type":"Polygon","coordinates":[[[85.3365266,28.1629626],[85.336528,28.1628723],[85.3364262,28.1628711],[85.336429,28.1626906],[85.3367344,28.1626943],[85.3367316,28.1628748],[85.3368335,28.1628761],[85.3368321,28.1629663],[85.3365266,28.1629626]]]},"properties":{"class":"direct_measurement_support"}},{"type":"Feature","geometry":{"type":"Polygon","coordinates":[[[85.3427235,28.1639402],[85.3427249,28.16385],[85.3426231,28.1638487],[85.3426259,28.1636683],[85.3427277,28.1636695],[85.3427263,28.1637597],[85.3428281,28.163761],[85.3428295,28.1636707],[85.3429313,28.163672],[85.3429327,28.1635817],[85.3431364,28.1635842],[85.343135,28.1636744],[85.3432368,28.1636757],[85.3432382,28.1635854],[85.3434418,28.1635879],[85.3434432,28.1634977],[85.343545,28.1634989],[85.3435464,28.1634087],[85.3436482,28.1634099],[85.3436496,28.1633197],[85.3437514,28.1633209],[85.3437528,28.1632307],[85.3441601,28.1632356],[85.3441643,28.1629649],[85.3442661,28.1629661],[85.3442675,28.1628759],[85.3443693,28.1628771],[85.3443707,28.1627869],[85.3444725,28.1627881],[85.3444739,28.1626979],[85.3447793,28.1627016],[85.3447779,28.1627918],[85.3448798,28.162793],[85.3448811,28.1627028],[85.3451866,28.1627065],[85.3451783,28.1632479],[85.3450764,28.1632467],[85.3450751,28.1633369],[85.344566,28.1633307],[85.3445646,28.163421],[85.3441573,28.1634161],[85.3441559,28.1635063],[85.3442577,28.1635075],[85.3442564,28.1635978],[85.3436454,28.1635904],[85.3436441,28.1636806],[85.3434404,28.1636781],[85.343439,28.1637684],[85.3433372,28.1637671],[85.3433358,28.1638574],[85.3431322,28.1638549],[85.3431308,28.1639451],[85.3427235,28.1639402]],[[85.3445715,28.1629698],[85.3446733,28.162971],[85.3446747,28.1628808],[85.3445729,28.1628796],[85.3445715,28.1629698]],[[85.3446747,28.1628808],[85.3447766,28.162882],[85.3447779,28.1627918],[85.3446761,28.1627906],[85.3446747,28.1628808]]]},"properties":{"class":"direct_measurement_support"}},{"type":"Feature","geometry":{"type":"Polygon","coordinates":[[[85.3344903,28.1629378],[85.3344917,28.1628476],[85.3343899,28.1628464],[85.3343926,28.1626659],[85.3344945,28.1626671],[85.3344959,28.1625769],[85.3345977,28.1625781],[85.3345963,28.1626684],[85.3346981,28.1626696],[85.3346939,28.1629403],[85.3344903,28.1629378]]]},"properties":{"class":"direct_measurement_support"}},{"type":"Feature","geometry":{"type":"Polygon","coordinates":[[[85.338761,28.1633507],[85.3387624,28.1632605],[85.3386606,28.1632592],[85.338662,28.163169],[85.3383565,28.1631653],[85.3383579,28.1630751],[85.3381543,28.1630726],[85.3381557,28.1629824],[85.337952,28.1629799],[85.3379534,28.1628896],[85.3378516,28.1628884],[85.3378544,28.1627079],[85.3377526,28.1627067],[85.337754,28.1626165],[85.3380594,28.1626202],[85.338058,28.1627104],[85.3383635,28.1627141],[85.3383621,28.1628044],[85.3384639,28.1628056],[85.3384625,28.1628958],[85.3386662,28.1628983],[85.3386634,28.1630788],[85.338867,28.1630812],[85.3388656,28.1631715],[85.3389674,28.1631727],[85.338966,28.1632629],[85.3388642,28.1632617],[85.3388628,28.1633519],[85.338761,28.1633507]]]},"properties":{"class":"direct_measurement_support"}},{"type":"Feature","geometry":{"type":"Polygon","coordinates":[[[85.3440652,28.1627832],[85.3440666,28.162693],[85.3441684,28.1626942],[85.344167,28.1627844],[85.3440652,28.1627832]]]},"properties":{"class":"direct_measurement_support"}},{"type":"Feature","geometry":{"type":"Polygon","coordinates":[[[85.3332657,28.1631034],[85.3332699,28.1628327],[85.3336771,28.1628377],[85.3336757,28.1629279],[85.3337776,28.1629292],[85.333779,28.1628389],[85.3339826,28.1628414],[85.3339882,28.1624805],[85.33409,28.1624817],[85.3340886,28.1625719],[85.3341904,28.1625732],[85.334189,28.1626634],[85.3342908,28.1626646],[85.3342866,28.1629353],[85.3343885,28.1629366],[85.3343857,28.163117],[85.334182,28.1631146],[85.3341834,28.1630243],[85.3340816,28.1630231],[85.334083,28.1629329],[85.3338794,28.1629304],[85.333878,28.1630206],[85.3336743,28.1630181],[85.3336729,28.1631084],[85.3332657,28.1631034]]]},"properties":{"class":"direct_measurement_support"}},{"type":"Feature","geometry":{"type":"Polygon","coordinates":[[[85.3373425,28.1628822],[85.3373439,28.162792],[85.3369367,28.1627871],[85.3369408,28.1625164],[85.3370427,28.1625176],[85.3370413,28.1626078],[85.3371431,28.1626091],[85.3371445,28.1625188],[85.3373481,28.1625213],[85.3373467,28.1626115],[85.3374485,28.1626128],[85.3374444,28.1628835],[85.3373425,28.1628822]]]},"properties":{"class":"direct_measurement_support"}},{"type":"Feature","geometry":{"type":"Polygon","coordinates":[[[85.3458979,28.1628053],[85.3459007,28.1626249],[85.3460025,28.1626261],[85.3459997,28.1628066],[85.3458979,28.1628053]]]},"properties":{"class":"direct_measurement_support"}},{"type":"Feature","geometry":{"type":"Polygon","coordinates":[[[85.3336813,28.162567],[85.3336827,28.1624768],[85.3337845,28.162478],[85.3337831,28.1625682],[85.3336813,28.162567]]]},"properties":{"class":"direct_measurement_support"}},{"type":"Feature","geometry":{"type":"Polygon","coordinates":[[[85.3348013,28.1625806],[85.3348027,28.1624904],[85.3350063,28.1624928],[85.3350049,28.1625831],[85.3348013,28.1625806]]]},"properties":{"class":"direct_measurement_support"}},{"type":"Feature","geometry":{"type":"Polygon","coordinates":[[[85.3361249,28.1625967],[85.3361263,28.1625065],[85.3360245,28.1625052],[85.3360259,28.162415],[85.3363313,28.1624187],[85.3363286,28.1625992],[85.3361249,28.1625967]]]},"properties":{"class":"direct_measurement_support"}},{"type":"Feature","geometry":{"type":"Polygon","coordinates":[[[85.3375517,28.1625238],[85.3375531,28.1624335],[85.3377568,28.162436],[85.3377554,28.1625262],[85.3375517,28.1625238]]]},"properties":{"class":"direct_measurement_support"}},{"type":"Feature","geometry":{"type":"Polygon","coordinates":[[[85.3429452,28.1627696],[85.342948,28.1625892],[85.3431517,28.1625916],[85.3431544,28.1624112],[85.3432562,28.1624124],[85.3432521,28.1626831],[85.3430484,28.1626806],[85.3430471,28.1627709],[85.3429452,28.1627696]]]},"properties":{"class":"direct_measurement_support"}},{"type":"Feature","geometry":{"type":"Polygon","coordinates":[[[85.3367372,28.1625139],[85.33674,28.1623334],[85.3368418,28.1623347],[85.336839,28.1625151],[85.3367372,28.1625139]]]},"properties":{"class":"direct_measurement_support"}},{"type":"Feature","geometry":{"type":"Polygon","coordinates":[[[85.3358223,28.1624125],[85.3358237,28.1623223],[85.3359255,28.1623235],[85.3359241,28.1624138],[85.3358223,28.1624125]]]},"properties":{"class":"direct_measurement_support"}},{"type":"Feature","geometry":{"type":"Polygon","coordinates":[[[85.3356186,28.16241],[85.3356214,28.1622296],[85.3357232,28.1622308],[85.3357204,28.1624113],[85.3356186,28.16241]]]},"properties":{"class":"direct_measurement_support"}},{"type":"Feature","geometry":{"type":"Polygon","coordinates":[[[85.3324637,28.1622814],[85.3324651,28.1621912],[85.3327706,28.1621949],[85.3327692,28.1622851],[85.3324637,28.1622814]]]},"properties":{"class":"direct_measurement_support"}},{"type":"Feature","geometry":{"type":"Polygon","coordinates":[[[85.3359255,28.1623235],[85.3359269,28.1622333],[85.3360287,28.1622345],[85.3360273,28.1623248],[85.3359255,28.1623235]]]},"properties":{"class":"direct_measurement_support"}},{"type":"Feature","geometry":{"type":"Polygon","coordinates":[[[85.3388768,28.1624496],[85.3388781,28.1623594],[85.3387763,28.1623581],[85.3387777,28.1622679],[85.3389814,28.1622704],[85.33898,28.1623606],[85.3390818,28.1623618],[85.3390804,28.1624521],[85.3388768,28.1624496]]]},"properties":{"class":"direct_measurement_support"}},{"type":"Feature","geometry":{"type":"Polygon","coordinates":[[[85.3346005,28.1623977],[85.3346047,28.162127],[85.3348083,28.1621294],[85.3348069,28.1622197],[85.3349087,28.1622209],[85.3349101,28.1621307],[85.3350119,28.1621319],[85.3350105,28.1622222],[85.3351123,28.1622234],[85.335111,28.1623136],[85.3352128,28.1623149],[85.3352114,28.1624051],[85.3346005,28.1623977]]]},"properties":{"class":"direct_measurement_support"}},{"type":"Feature","geometry":{"type":"Polygon","coordinates":[[[85.3352128,28.1623149],[85.3352156,28.1621344],[85.3353174,28.1621356],[85.3353146,28.1623161],[85.3352128,28.1623149]]]},"properties":{"class":"direct_measurement_support"}},{"type":"Feature","geometry":{"type":"Polygon","coordinates":[[[85.3388809,28.1621789],[85.3388823,28.1620887],[85.3389841,28.1620899],[85.3389827,28.1621801],[85.3388809,28.1621789]]]},"properties":{"class":"direct_measurement_support"}},{"type":"Feature","geometry":{"type":"Polygon","coordinates":[[[85.3427499,28.1622258],[85.3427513,28.1621355],[85.3428532,28.1621368],[85.3428518,28.162227],[85.3427499,28.1622258]]]},"properties":{"class":"direct_measurement_support"}},{"type":"Feature","geometry":{"type":"Polygon","coordinates":[[[85.3459035,28.1624444],[85.3459076,28.1621737],[85.3460095,28.1621749],[85.3460108,28.1620847],[85.3461127,28.1620859],[85.3461085,28.1623566],[85.3460067,28.1623554],[85.3460053,28.1624456],[85.3459035,28.1624444]]]},"properties":{"class":"direct_measurement_support"}},{"type":"Feature","geometry":{"type":"Polygon","coordinates":[[[85.3324665,28.1621009],[85.3324679,28.1620107],[85.3323661,28.1620095],[85.3323675,28.1619192],[85.3325711,28.1619217],[85.3325697,28.162012],[85.3326716,28.1620132],[85.3326702,28.1621034],[85.3324665,28.1621009]]]},"properties":{"class":"direct_measurement_support"}},{"type":"Feature","geometry":{"type":"Polygon","coordinates":[[[85.3385741,28.1622654],[85.3385755,28.1621752],[85.3384737,28.162174],[85.3384751,28.1620837],[85.3383732,28.1620825],[85.3383746,28.1619923],[85.3385783,28.1619947],[85.3385769,28.162085],[85.3386787,28.1620862],[85.3386759,28.1622667],[85.3385741,28.1622654]]]},"properties":{"class":"direct_measurement_support"}},{"type":"Feature","geometry":{"type":"Polygon","coordinates":[[[85.3450903,28.1623443],[85.3450917,28.1622541],[85.3449899,28.1622529],[85.3449941,28.1619822],[85.3451977,28.1619846],[85.3451963,28.1620749],[85.3452981,28.1620761],[85.3452954,28.1622566],[85.3451935,28.1622553],[85.3451921,28.1623456],[85.3450903,28.1623443]]]},"properties":{"class":"direct_measurement_support"}},{"type":"Feature","geometry":{"type":"Polygon","coordinates":[[[85.3461127,28.1620859],[85.346114,28.1619957],[85.3462159,28.1619969],[85.3462145,28.1620872],[85.3461127,28.1620859]]]},"properties":{"class":"direct_measurement_support"}},{"type":"Feature","geometry":{"type":"Polygon","coordinates":[[[85.3379674,28.1619873],[85.3379702,28.1618069],[85.338072,28.1618081],[85.3380706,28.1618983],[85.3382742,28.1619008],[85.3382728,28.161991],[85.3379674,28.1619873]]]},"properties":{"class":"direct_measurement_support"}},{"type":"Feature","geometry":{"type":"Polygon","coordinates":[[[85.3390846,28.1621814],[85.339086,28.1620911],[85.3389841,28.1620899],[85.3389855,28.1619997],[85.3387819,28.1619972],[85.3387875,28.1616363],[85.3392966,28.1616424],[85.3392924,28.1619131],[85.339496,28.1619156],[85.3394946,28.1620058],[85.3393928,28.1620046],[85.33939,28.1621851],[85.3392882,28.1621838],[85.3392896,28.1620936],[85.3391878,28.1620924],[85.3391864,28.1621826],[85.3390846,28.1621814]],[[85.3390874,28.1620009],[85.3391892,28.1620021],[85.3391906,28.1619119],[85.3390887,28.1619107],[85.3390874,28.1620009]]]},"properties":{"class":"direct_measurement_support"}},{"type":"Feature","geometry":{"type":"Polygon","coordinates":[[[85.331553,28.1619093],[85.3315544,28.1618191],[85.3314526,28.1618178],[85.3314582,28.1614569],[85.33156,28.1614582],[85.3315586,28.1615484],[85.3316604,28.1615496],[85.331659,28.1616399],[85.3318626,28.1616423],[85.3318612,28.1617326],[85.3317594,28.1617313],[85.3317566,28.1619118],[85.331553,28.1619093]]]},"properties":{"class":"direct_measurement_support"}},{"type":"Feature","geometry":{"type":"Polygon","coordinates":[[[85.3298291,28.1614371],[85.3298305,28.1613468],[85.3300342,28.1613493],[85.3300328,28.1614395],[85.3298291,28.1614371]]]},"properties":{"class":"direct_measurement_support"}},{"type":"Feature","geometry":{"type":"Polygon","coordinates":[[[85.3306423,28.1615372],[85.3306437,28.161447],[85.3305418,28.1614458],[85.3305446,28.1612653],[85.3307483,28.1612678],[85.3307497,28.1611775],[85.3309533,28.16118],[85.3309505,28.1613605],[85.3308487,28.1613592],[85.3308459,28.1615397],[85.3306423,28.1615372]]]},"properties":{"class":"direct_measurement_support"}},{"type":"Feature","geometry":{"type":"Polygon","coordinates":[[[85.3294233,28.1613419],[85.3294247,28.1612516],[85.3295265,28.1612529],[85.3295279,28.1611626],[85.3297315,28.1611651],[85.3297301,28.1612554],[85.3296283,28.1612541],[85.3296269,28.1613443],[85.3294233,28.1613419]]]},"properties":{"class":"direct_measurement_support"}},{"type":"Feature","geometry":{"type":"Polygon","coordinates":[[[85.3303424,28.1611726],[85.3303438,28.1610823],[85.3304456,28.1610836],[85.3304442,28.1611738],[85.3303424,28.1611726]]]},"properties":{"class":"direct_measurement_support"}},{"type":"Feature","geometry":{"type":"Polygon","coordinates":[[[85.3326842,28.1612011],[85.332687,28.1610206],[85.3327888,28.1610219],[85.332786,28.1612023],[85.3326842,28.1612011]]]},"properties":{"class":"direct_measurement_support"}},{"type":"Feature","geometry":{"type":"Polygon","coordinates":[[[85.3295293,28.1610724],[85.3295307,28.1609822],[85.3296325,28.1609834],[85.3296311,28.1610736],[85.3295293,28.1610724]]]},"properties":{"class":"direct_measurement_support"}},{"type":"Feature","geometry":{"type":"Polygon","coordinates":[[[85.3305502,28.1609044],[85.3305516,28.1608141],[85.3306535,28.1608154],[85.3306521,28.1609056],[85.3305502,28.1609044]]]},"properties":{"class":"direct_measurement_support"}},{"type":"Feature","geometry":{"type":"Polygon","coordinates":[[[85.3370664,28.1609836],[85.3370678,28.1608934],[85.3371696,28.1608946],[85.3371682,28.1609849],[85.3370664,28.1609836]]]},"properties":{"class":"direct_measurement_support"}},{"type":"Feature","geometry":{"type":"Polygon","coordinates":[[[85.3299408,28.1608067],[85.3299436,28.1606262],[85.3301472,28.1606287],[85.3301458,28.1607189],[85.3302476,28.1607202],[85.3302462,28.1608104],[85.3299408,28.1608067]]]},"properties":{"class":"direct_measurement_support"}},{"type":"Feature","geometry":{"type":"Polygon","coordinates":[[[85.3369674,28.1608019],[85.3369688,28.1607117],[85.3370706,28.1607129],[85.3370692,28.1608032],[85.3369674,28.1608019]]]},"properties":{"class":"direct_measurement_support"}},{"type":"Feature","geometry":{"type":"Polygon","coordinates":[[[85.3287106,28.1613332],[85.328712,28.1612429],[85.3286102,28.1612417],[85.3286116,28.1611515],[85.3285098,28.1611502],[85.3285112,28.16106],[85.3284093,28.1610587],[85.3284079,28.161149],[85.3283061,28.1611477],[85.3283075,28.1610575],[85.3282057,28.1610563],[85.3282085,28.1608758],[85.3280049,28.1608733],[85.3280063,28.1607831],[85.3279045,28.1607818],[85.3279073,28.1606014],[85.3281109,28.1606039],[85.3281123,28.1605136],[85.3282141,28.1605149],[85.3282127,28.1606051],[85.3283145,28.1606063],[85.3283131,28.1606966],[85.3285168,28.1606991],[85.328514,28.1608795],[85.3286158,28.1608808],[85.3286172,28.1607905],[85.328719,28.1607918],[85.3287218,28.1606113],[85.3290272,28.160615],[85.3290258,28.1607053],[85.3294331,28.1607102],[85.3294303,28.1608907],[85.3293285,28.1608895],[85.3293299,28.1607992],[85.3292281,28.160798],[85.3292253,28.1609784],[85.3291234,28.1609772],[85.329122,28.1610674],[85.3290202,28.1610662],[85.3290188,28.1611564],[85.328917,28.1611552],[85.3289142,28.1613357],[85.3287106,28.1613332]]]},"properties":{"class":"direct_measurement_support"}},{"type":"Feature","geometry":{"type":"Polygon","coordinates":[[[85.3284164,28.1606076],[85.3284178,28.1605173],[85.3285196,28.1605186],[85.3285182,28.1606088],[85.3284164,28.1606076]]]},"properties":{"class":"direct_measurement_support"}},{"type":"Feature","geometry":{"type":"Polygon","coordinates":[[[85.3294331,28.1607102],[85.3294345,28.16062],[85.3292309,28.1606175],[85.3292323,28.1605273],[85.3295377,28.160531],[85.3295349,28.1607115],[85.3294331,28.1607102]]]},"properties":{"class":"direct_measurement_support"}},{"type":"Feature","geometry":{"type":"Polygon","coordinates":[[[85.3364387,28.162059],[85.3364401,28.1619688],[85.3363383,28.1619675],[85.3363411,28.1617871],[85.3360357,28.1617834],[85.3360371,28.1616931],[85.3358334,28.1616907],[85.3358348,28.1616004],[85.3356312,28.1615979],[85.3356326,28.1615077],[85.3355308,28.1615065],[85.3355294,28.1615967],[85.3351221,28.1615918],[85.3351249,28.1614113],[85.3352267,28.1614125],[85.3352281,28.1613223],[85.3354318,28.1613248],[85.3354332,28.1612345],[85.3353313,28.1612333],[85.3353341,28.1610528],[85.3352323,28.1610516],[85.3352351,28.1608711],[85.3351333,28.1608699],[85.3351361,28.1606894],[85.3349325,28.160687],[85.3349339,28.1605967],[85.334832,28.1605955],[85.3348348,28.160415],[85.334733,28.1604138],[85.3347344,28.1603236],[85.3348362,28.1603248],[85.334839,28.1601443],[85.3349408,28.1601456],[85.3349394,28.1602358],[85.3350413,28.160237],[85.3350427,28.1601468],[85.3355517,28.160153],[85.3355503,28.1602432],[85.3356521,28.1602445],[85.3356507,28.1603347],[85.3357526,28.1603359],[85.335754,28.1602457],[85.3360594,28.1602494],[85.3360608,28.1601592],[85.3362644,28.1601617],[85.336263,28.1602519],[85.3364667,28.1602544],[85.3364653,28.1603446],[85.3365671,28.1603458],[85.3365657,28.1604361],[85.3367693,28.1604385],[85.3367679,28.1605288],[85.3363607,28.1605238],[85.3363593,28.1606141],[85.3365629,28.1606165],[85.3365615,28.1607068],[85.3367651,28.1607092],[85.3367637,28.1607995],[85.3368655,28.1608007],[85.3368641,28.1608909],[85.336966,28.1608922],[85.3369618,28.1611629],[85.3370636,28.1611641],[85.3370566,28.1616153],[85.3369548,28.161614],[85.3369534,28.1617043],[85.3368516,28.161703],[85.3368502,28.1617933],[85.3367484,28.161792],[85.336747,28.1618823],[85.3366452,28.161881],[85.3366438,28.1619713],[85.336542,28.16197],[85.3365406,28.1620602],[85.3364387,28.162059]],[[85.335535,28.1612358],[85.3357386,28.1612383],[85.33574,28.161148],[85.3355364,28.1611455],[85.335535,28.1612358]],[[85.3359534,28.1605189],[85.3363607,28.1605238],[85.3363621,28.1604336],[85.3361584,28.1604311],[85.3361598,28.1603409],[85.336058,28.1603396],[85.3360566,28.1604299],[85.3359548,28.1604286],[85.3359534,28.1605189]]]},"properties":{"class":"direct_measurement_support"}},{"type":"Feature","geometry":{"type":"Polygon","coordinates":[[[85.3348404,28.1600541],[85.3348432,28.1598736],[85.334945,28.1598749],[85.3349464,28.1597846],[85.3351501,28.1597871],[85.3351487,28.1598773],[85.3352505,28.1598786],[85.3352491,28.1599688],[85.3351473,28.1599676],[85.3351459,28.1600578],[85.3348404,28.1600541]]]},"properties":{"class":"direct_measurement_support"}},{"type":"Feature","geometry":{"type":"Polygon","coordinates":[[[85.3355573,28.1597921],[85.3355601,28.1596116],[85.3357637,28.1596141],[85.3357609,28.1597945],[85.3355573,28.1597921]]]},"properties":{"class":"direct_measurement_support"}},{"type":"Feature","geometry":{"type":"Polygon","coordinates":[[[85.3353579,28.1595189],[85.3353607,28.1593384],[85.3354625,28.1593397],[85.3354597,28.1595201],[85.3353579,28.1595189]]]},"properties":{"class":"direct_measurement_support"}},{"type":"Feature","geometry":{"type":"Polygon","coordinates":[[[85.3352589,28.1593372],[85.3352602,28.159247],[85.3353621,28.1592482],[85.3353607,28.1593384],[85.3352589,28.1593372]]]},"properties":{"class":"direct_measurement_support"}},{"type":"Feature","geometry":{"type":"Polygon","coordinates":[[[85.3356661,28.1593421],[85.3356689,28.1591617],[85.3359743,28.1591654],[85.3359715,28.1593458],[85.3356661,28.1593421]]]},"properties":{"class":"direct_measurement_support"}},{"type":"Feature","geometry":{"type":"Polygon","coordinates":[[[85.3349562,28.159153],[85.3349576,28.1590628],[85.3350594,28.159064],[85.335058,28.1591542],[85.3349562,28.159153]]]},"properties":{"class":"direct_measurement_support"}},{"type":"Feature","geometry":{"type":"Polygon","coordinates":[[[85.334754,28.1590603],[85.3347554,28.1589701],[85.334959,28.1589725],[85.3349576,28.1590628],[85.334754,28.1590603]]]},"properties":{"class":"direct_measurement_support"}},{"type":"Feature","geometry":{"type":"Polygon","coordinates":[[[85.3358767,28.1588934],[85.3358781,28.1588032],[85.3360817,28.1588057],[85.3360803,28.1588959],[85.3358767,28.1588934]]]},"properties":{"class":"direct_measurement_support"}},{"type":"Feature","geometry":{"type":"Polygon","coordinates":[[[85.340051,28.1589441],[85.3400524,28.1588539],[85.3399506,28.1588526],[85.339952,28.1587624],[85.3400538,28.1587636],[85.3400552,28.1586734],[85.340157,28.1586746],[85.3401529,28.1589453],[85.340051,28.1589441]]]},"properties":{"class":"direct_measurement_support"}},{"type":"Feature","geometry":{"type":"Polygon","coordinates":[[[85.3335378,28.1586845],[85.3335392,28.1585943],[85.333641,28.1585955],[85.3336396,28.1586857],[85.3335378,28.1586845]]]},"properties":{"class":"direct_measurement_support"}},{"type":"Feature","geometry":{"type":"Polygon","coordinates":[[[85.3336466,28.1582346],[85.333648,28.1581443],[85.3337498,28.1581456],[85.3337484,28.1582358],[85.3336466,28.1582346]]]},"properties":{"class":"direct_measurement_support"}},{"type":"Feature","geometry":{"type":"Polygon","coordinates":[[[85.3355769,28.1585288],[85.3355796,28.1583483],[85.3354778,28.1583471],[85.335482,28.1580764],[85.3360929,28.1580838],[85.3360915,28.1581741],[85.3361933,28.1581753],[85.3361905,28.1583558],[85.3360887,28.1583545],[85.3360873,28.1584448],[85.3358837,28.1584423],[85.3358823,28.1585325],[85.3355769,28.1585288]]]},"properties":{"class":"direct_measurement_support"}},{"type":"Feature","geometry":{"type":"Polygon","coordinates":[[[85.333139,28.1581382],[85.3331404,28.1580479],[85.3330385,28.1580467],[85.3330399,28.1579565],[85.3329381,28.1579552],[85.3329409,28.1577747],[85.3330427,28.157776],[85.3330413,28.1578662],[85.3333468,28.1578699],[85.3333426,28.1581406],[85.333139,28.1581382]]]},"properties":{"class":"direct_measurement_support"}},{"type":"Feature","geometry":{"type":"Polygon","coordinates":[[[85.3338558,28.1578761],[85.3338572,28.1577859],[85.3340609,28.1577884],[85.3340595,28.1578786],[85.3338558,28.1578761]]]},"properties":{"class":"direct_measurement_support"}},{"type":"Feature","geometry":{"type":"Polygon","coordinates":[[[85.333351,28.1575992],[85.3333524,28.157509],[85.3332506,28.1575078],[85.3332533,28.1573273],[85.333457,28.1573298],[85.3334542,28.1575102],[85.333556,28.1575115],[85.3335602,28.1572408],[85.333662,28.157242],[85.3336634,28.1571518],[85.3339688,28.1571555],[85.3339674,28.1572457],[85.3338656,28.1572445],[85.3338628,28.157425],[85.333761,28.1574237],[85.3337582,28.1576042],[85.333351,28.1575992]]]},"properties":{"class":"direct_measurement_support"}},{"type":"Feature","geometry":{"type":"Polygon","coordinates":[[[85.3320344,28.157132],[85.3320358,28.1570417],[85.3321376,28.157043],[85.3321362,28.1571332],[85.3320344,28.157132]]]},"properties":{"class":"direct_measurement_support"}},{"type":"Feature","geometry":{"type":"Polygon","coordinates":[[[85.3375308,28.157289],[85.3375322,28.1571988],[85.337634,28.1572],[85.3376354,28.1571098],[85.3377372,28.157111],[85.3377386,28.1570208],[85.3379422,28.1570233],[85.3379395,28.1572038],[85.3377358,28.1572013],[85.3377344,28.1572915],[85.3375308,28.157289]]]},"properties":{"class":"direct_measurement_support"}},{"type":"Feature","geometry":{"type":"Polygon","coordinates":[[[85.3380441,28.1570245],[85.3380468,28.1568441],[85.3382505,28.1568465],[85.3382477,28.157027],[85.3380441,28.1570245]]]},"properties":{"class":"direct_measurement_support"}},{"type":"Feature","geometry":{"type":"Polygon","coordinates":[[[85.3325491,28.1567772],[85.3325505,28.156687],[85.3326523,28.1566882],[85.3326509,28.1567785],[85.3325491,28.1567772]]]},"properties":{"class":"direct_measurement_support"}},{"type":"Feature","geometry":{"type":"Polygon","coordinates":[[[85.3345853,28.156802],[85.3345881,28.1566215],[85.3346899,28.1566228],[85.3346871,28.1568032],[85.3345853,28.156802]]]},"properties":{"class":"direct_measurement_support"}},{"type":"Feature","geometry":{"type":"Polygon","coordinates":[[[85.3316342,28.1566758],[85.3316356,28.1565856],[85.331941,28.1565893],[85.3319396,28.1566796],[85.3316342,28.1566758]]]},"properties":{"class":"direct_measurement_support"}},{"type":"Feature","geometry":{"type":"Polygon","coordinates":[[[85.3383537,28.1567575],[85.3383551,28.1566673],[85.3385587,28.1566698],[85.3385573,28.15676],[85.3383537,28.1567575]]]},"properties":{"class":"direct_measurement_support"}},{"type":"Feature","geometry":{"type":"Polygon","coordinates":[[[85.3315366,28.1564039],[85.331538,28.1563137],[85.3316398,28.1563149],[85.3316384,28.1564051],[85.3315366,28.1564039]]]},"properties":{"class":"direct_measurement_support"}},{"type":"Feature","geometry":{"type":"Polygon","coordinates":[[[85.331842,28.1564076],[85.3318434,28.1563174],[85.3319452,28.1563186],[85.3319438,28.1564089],[85.331842,28.1564076]]]},"properties":{"class":"direct_measurement_support"}},{"type":"Feature","geometry":{"type":"Polygon","coordinates":[[[85.3310261,28.1564879],[85.3310275,28.1563977],[85.3309257,28.1563965],[85.3309285,28.156216],[85.3312339,28.1562197],[85.3312297,28.1564904],[85.3310261,28.1564879]]]},"properties":{"class":"direct_measurement_support"}},{"type":"Feature","geometry":{"type":"Polygon","coordinates":[[[85.3368321,28.1563781],[85.3368335,28.1562878],[85.3370371,28.1562903],[85.3370357,28.1563805],[85.3368321,28.1563781]]]},"properties":{"class":"direct_measurement_support"}},{"type":"Feature","geometry":{"type":"Polygon","coordinates":[[[85.3351027,28.1562668],[85.3351041,28.1561766],[85.3352059,28.1561778],[85.3352073,28.1560876],[85.3353091,28.1560888],[85.3353063,28.1562693],[85.3351027,28.1562668]]]},"properties":{"class":"direct_measurement_support"}},{"type":"Feature","geometry":{"type":"Polygon","coordinates":[[[85.3360204,28.1561877],[85.3360232,28.1560072],[85.336125,28.1560085],[85.3361222,28.1561889],[85.3360204,28.1561877]]]},"properties":{"class":"direct_measurement_support"}},{"type":"Feature","geometry":{"type":"Polygon","coordinates":[[[85.3368377,28.1560171],[85.3368391,28.1559269],[85.3369409,28.1559281],[85.3369395,28.1560184],[85.3368377,28.1560171]]]},"properties":{"class":"direct_measurement_support"}},{"type":"Feature","geometry":{"type":"Polygon","coordinates":[[[85.3365322,28.1560134],[85.3365336,28.1559232],[85.3366354,28.1559244],[85.3366368,28.1558342],[85.3368405,28.1558367],[85.3368391,28.1559269],[85.3367373,28.1559257],[85.3367359,28.1560159],[85.3365322,28.1560134]]]},"properties":{"class":"direct_measurement_support"}},{"type":"Feature","geometry":{"type":"Polygon","coordinates":[[[85.3309327,28.1559453],[85.3309341,28.1558551],[85.3308323,28.1558538],[85.3308337,28.1557636],[85.3312409,28.1557686],[85.3312381,28.155949],[85.3309327,28.1559453]]]},"properties":{"class":"direct_measurement_support"}},{"type":"Feature","geometry":{"type":"Polygon","coordinates":[[[85.33633,28.1559207],[85.3363314,28.1558305],[85.3362296,28.1558292],[85.336231,28.155739],[85.3363328,28.1557402],[85.3363342,28.15565],[85.336436,28.1556513],[85.3364346,28.1557415],[85.3365364,28.1557427],[85.336535,28.155833],[85.3364332,28.1558317],[85.3364318,28.155922],[85.33633,28.1559207]]]},"properties":{"class":"direct_measurement_support"}},{"type":"Feature","geometry":{"type":"Polygon","coordinates":[[[85.3367414,28.155655],[85.3367428,28.1555647],[85.3369465,28.1555672],[85.3369478,28.155477],[85.3370497,28.1554782],[85.3370483,28.1555684],[85.3371501,28.1555697],[85.3371487,28.1556599],[85.3367414,28.155655]]]},"properties":{"class":"direct_measurement_support"}},{"type":"Feature","geometry":{"type":"Polygon","coordinates":[[[85.3308379,28.1554929],[85.3308393,28.1554027],[85.3309411,28.1554039],[85.3309397,28.1554941],[85.3308379,28.1554929]]]},"properties":{"class":"direct_measurement_support"}},{"type":"Feature","geometry":{"type":"Polygon","coordinates":[[[85.3365378,28.1556525],[85.336542,28.1553818],[85.3366438,28.155383],[85.3366396,28.1556537],[85.3365378,28.1556525]]]},"properties":{"class":"direct_measurement_support"}},{"type":"Feature","geometry":{"type":"Polygon","coordinates":[[[85.3313511,28.1552284],[85.3313539,28.1550479],[85.3315575,28.1550504],[85.3315547,28.1552309],[85.3313511,28.1552284]]]},"properties":{"class":"direct_measurement_support"}},{"type":"Feature","geometry":{"type":"Polygon","coordinates":[[[85.3308449,28.1550417],[85.3308463,28.1549515],[85.3309481,28.1549527],[85.3309467,28.155043],[85.3308449,28.1550417]]]},"properties":{"class":"direct_measurement_support"}},{"type":"Feature","geometry":{"type":"Polygon","coordinates":[[[85.3370538,28.1552075],[85.337058,28.1549368],[85.3371598,28.154938],[85.3371612,28.1548478],[85.337263,28.154849],[85.3372616,28.1549393],[85.3374653,28.1549418],[85.3374639,28.155032],[85.3373621,28.1550307],[85.3373607,28.155121],[85.337157,28.1551185],[85.3371556,28.1552087],[85.3370538,28.1552075]]]},"properties":{"class":"direct_measurement_support"}},{"type":"Feature","geometry":{"type":"Polygon","coordinates":[[[85.330439,28.1549465],[85.3304404,28.1548563],[85.3303386,28.1548551],[85.3303428,28.1545844],[85.3305465,28.1545868],[85.3305451,28.1546771],[85.3307487,28.1546796],[85.3307459,28.15486],[85.3306441,28.1548588],[85.3306427,28.154949],[85.330439,28.1549465]]]},"properties":{"class":"direct_measurement_support"}},{"type":"Feature","geometry":{"type":"Polygon","coordinates":[[[85.3281017,28.1546473],[85.3281031,28.154557],[85.3282049,28.1545583],[85.3282035,28.1546485],[85.3281017,28.1546473]]]},"properties":{"class":"direct_measurement_support"}},{"type":"Feature","geometry":{"type":"Polygon","coordinates":[[[85.3313609,28.1545968],[85.3313623,28.1545065],[85.3315659,28.154509],[85.3315645,28.1545993],[85.3313609,28.1545968]]]},"properties":{"class":"direct_measurement_support"}},{"type":"Feature","geometry":{"type":"Polygon","coordinates":[[[85.3374667,28.1548515],[85.337468,28.1547613],[85.3375699,28.1547625],[85.3375726,28.1545821],[85.3376745,28.1545833],[85.3376731,28.1546735],[85.3378767,28.154676],[85.3378781,28.1545858],[85.3379799,28.154587],[85.3379813,28.1544968],[85.3380831,28.154498],[85.3380803,28.1546785],[85.3379785,28.1546772],[85.3379771,28.1547675],[85.3377735,28.154765],[85.3377721,28.1548552],[85.3374667,28.1548515]]]},"properties":{"class":"direct_measurement_support"}},{"type":"Feature","geometry":{"type":"Polygon","coordinates":[[[85.3277014,28.1541911],[85.3277042,28.1540107],[85.3279079,28.1540132],[85.327905,28.1541936],[85.3277014,28.1541911]]]},"properties":{"class":"direct_measurement_support"}},{"type":"Feature","geometry":{"type":"Polygon","coordinates":[[[85.3282175,28.1537462],[85.3282189,28.153656],[85.3283207,28.1536572],[85.3283193,28.1537474],[85.3282175,28.1537462]]]},"properties":{"class":"direct_measurement_support"}},{"type":"Feature","geometry":{"type":"Polygon","coordinates":[[[85.3296274,28.1547561],[85.3296302,28.1545757],[85.3295284,28.1545744],[85.3295312,28.154394],[85.3294294,28.1543927],[85.3294308,28.1543025],[85.329329,28.1543013],[85.3293304,28.154211],[85.3291267,28.1542085],[85.3291281,28.1541183],[85.3289245,28.1541158],[85.3289259,28.1540256],[85.3288241,28.1540243],[85.3288255,28.1539341],[85.3286219,28.1539316],[85.3286261,28.1536609],[85.3285243,28.1536597],[85.3285271,28.1534792],[85.3286289,28.1534805],[85.3286331,28.1532098],[85.3287349,28.153211],[85.3287307,28.1534817],[85.3288325,28.153483],[85.3288339,28.1533927],[85.3289357,28.153394],[85.3289371,28.1533037],[85.329039,28.153305],[85.3290361,28.1534854],[85.329138,28.1534867],[85.3291338,28.1537574],[85.3293374,28.1537599],[85.3293346,28.1539403],[85.3294364,28.1539416],[85.329435,28.1540318],[85.3293332,28.1540306],[85.3293318,28.1541208],[85.3296372,28.1541245],[85.3296358,28.1542147],[85.3299412,28.1542185],[85.3299384,28.1543989],[85.3300402,28.1544002],[85.3300388,28.1544904],[85.329937,28.1544892],[85.3299356,28.1545794],[85.329732,28.1545769],[85.3297292,28.1547574],[85.3296274,28.1547561]],[[85.3290305,28.1538464],[85.3291324,28.1538476],[85.3291338,28.1537574],[85.3290319,28.1537561],[85.3290305,28.1538464]]]},"properties":{"class":"direct_measurement_support"}},{"type":"Feature","geometry":{"type":"Polygon","coordinates":[[[85.3284323,28.1530268],[85.3284337,28.1529366],[85.3285355,28.1529378],[85.3285341,28.1530281],[85.3284323,28.1530268]]]},"properties":{"class":"direct_measurement_support"}},{"type":"Feature","geometry":{"type":"Polygon","coordinates":[[[85.3273124,28.1530131],[85.3273138,28.1529229],[85.327212,28.1529217],[85.3272134,28.1528314],[85.3274171,28.1528339],[85.3274142,28.1530144],[85.3273124,28.1530131]]]},"properties":{"class":"direct_measurement_support"}},{"type":"Feature","geometry":{"type":"Polygon","coordinates":[[[85.3281255,28.1531133],[85.3281269,28.1530231],[85.3280251,28.1530218],[85.3280293,28.1527512],[85.3281311,28.1527524],[85.3281283,28.1529329],[85.3282301,28.1529341],[85.3282273,28.1531146],[85.3281255,28.1531133]]]},"properties":{"class":"direct_measurement_support"}},{"type":"Feature","geometry":{"type":"Polygon","coordinates":[[[85.3266138,28.1521021],[85.3266152,28.1520119],[85.326717,28.1520131],[85.3267156,28.1521034],[85.3266138,28.1521021]]]},"properties":{"class":"direct_measurement_support"}},{"type":"Feature","geometry":{"type":"Polygon","coordinates":[[[85.3263098,28.1520082],[85.3263112,28.1519179],[85.326413,28.1519192],[85.3264116,28.1520094],[85.3263098,28.1520082]]]},"properties":{"class":"direct_measurement_support"}},{"type":"Feature","geometry":{"type":"Polygon","coordinates":[[[85.3276319,28.1521146],[85.3276333,28.1520243],[85.3274297,28.1520218],[85.3274325,28.1518414],[85.3276361,28.1518439],[85.3276347,28.1519341],[85.3277365,28.1519353],[85.3277337,28.1521158],[85.3276319,28.1521146]]]},"properties":{"class":"direct_measurement_support"}},{"type":"Feature","geometry":{"type":"Polygon","coordinates":[[[85.3250938,28.1516323],[85.3250952,28.1515421],[85.3249934,28.1515408],[85.324999,28.1511799],[85.3253044,28.1511836],[85.325303,28.1512739],[85.3254048,28.1512751],[85.3254006,28.1515458],[85.3252988,28.1515446],[85.3252974,28.1516348],[85.3250938,28.1516323]]]},"properties":{"class":"direct_measurement_support"}},{"type":"Feature","geometry":{"type":"Polygon","coordinates":[[[85.3267311,28.1511108],[85.3267325,28.1510206],[85.3268343,28.1510218],[85.3268329,28.1511121],[85.3267311,28.1511108]]]},"properties":{"class":"direct_measurement_support"}},{"type":"Feature","geometry":{"type":"Polygon","coordinates":[[[85.326123,28.1509229],[85.3261244,28.1508326],[85.3262263,28.1508339],[85.3262248,28.1509241],[85.326123,28.1509229]]]},"properties":{"class":"direct_measurement_support"}},{"type":"Feature","geometry":{"type":"Polygon","coordinates":[[[85.3265317,28.1508376],[85.3265331,28.1507474],[85.3267367,28.1507499],[85.3267353,28.1508401],[85.3265317,28.1508376]]]},"properties":{"class":"direct_measurement_support"}},{"type":"Feature","geometry":{"type":"Polygon","coordinates":[[[85.3164601,28.150263],[85.3164629,28.1500825],[85.3165647,28.1500838],[85.3165619,28.1502642],[85.3164601,28.150263]]]},"properties":{"class":"direct_measurement_support"}},{"type":"Feature","geometry":{"type":"Polygon","coordinates":[[[85.3246072,28.1501824],[85.3246086,28.1500921],[85.3247104,28.1500934],[85.324709,28.1501836],[85.3246072,28.1501824]]]},"properties":{"class":"direct_measurement_support"}},{"type":"Feature","geometry":{"type":"Polygon","coordinates":[[[85.3220607,28.1502414],[85.3220635,28.150061],[85.3221653,28.1500622],[85.3221667,28.149972],[85.3223703,28.1499745],[85.3223689,28.1500647],[85.3224707,28.150066],[85.3224679,28.1502464],[85.3220607,28.1502414]]]},"properties":{"class":"direct_measurement_support"}},{"type":"Feature","geometry":{"type":"Polygon","coordinates":[[[85.3167627,28.1504472],[85.3167669,28.1501765],[85.3168687,28.1501777],[85.3168701,28.1500875],[85.3169719,28.1500888],[85.3169733,28.1499985],[85.3170751,28.1499998],[85.3170766,28.1499095],[85.3172802,28.149912],[85.317283,28.1497316],[85.3174866,28.1497341],[85.3174852,28.1498243],[85.317587,28.1498256],[85.3175856,28.1499158],[85.3174838,28.1499145],[85.3174824,28.1500048],[85.3173806,28.1500035],[85.3173777,28.150184],[85.3171741,28.1501815],[85.3171727,28.1502717],[85.3170709,28.1502705],[85.3170695,28.1503607],[85.3169677,28.1503594],[85.3169663,28.1504497],[85.3167627,28.1504472]]]},"properties":{"class":"direct_measurement_support"}},{"type":"Feature","geometry":{"type":"Polygon","coordinates":[[[85.3243046,28.1499982],[85.324306,28.1499079],[85.3244078,28.1499092],[85.3244092,28.1498189],[85.324511,28.1498202],[85.3245124,28.1497299],[85.3246142,28.1497312],[85.3246128,28.1498214],[85.3247146,28.1498227],[85.3247132,28.1499129],[85.3246114,28.1499117],[85.32461,28.1500019],[85.3243046,28.1499982]]]},"properties":{"class":"direct_measurement_support"}},{"type":"Feature","geometry":{"type":"Polygon","coordinates":[[[85.3209465,28.1498668],[85.3209493,28.1496863],[85.3210511,28.1496876],[85.3210525,28.1495973],[85.3211543,28.1495986],[85.3211515,28.149779],[85.3210497,28.1497778],[85.3210483,28.149868],[85.3209465,28.1498668]]]},"properties":{"class":"direct_measurement_support"}},{"type":"Feature","geometry":{"type":"Polygon","coordinates":[[[85.3218613,28.1499682],[85.3218627,28.149878],[85.3216591,28.1498755],[85.3216605,28.1497853],[85.3215587,28.149784],[85.3215601,28.1496938],[85.3214583,28.1496926],[85.3214597,28.1496023],[85.3213579,28.1496011],[85.3213607,28.1494206],[85.321768,28.1494256],[85.3217666,28.1495158],[85.3218684,28.1495171],[85.3218655,28.1496975],[85.3219673,28.1496988],[85.3219631,28.1499695],[85.3218613,28.1499682]],[[85.3217623,28.1497865],[85.3218641,28.1497878],[85.3218655,28.1496975],[85.3217637,28.1496963],[85.3217623,28.1497865]]]},"properties":{"class":"direct_measurement_support"}},{"type":"Feature","geometry":{"type":"Polygon","coordinates":[[[85.3250229,28.1496459],[85.3250257,28.1494655],[85.3251275,28.1494667],[85.3251247,28.1496472],[85.3250229,28.1496459]]]},"properties":{"class":"direct_measurement_support"}},{"type":"Feature","geometry":{"type":"Polygon","coordinates":[[[85.3206509,28.1492314],[85.3206524,28.1491412],[85.3207542,28.1491424],[85.3207527,28.1492327],[85.3206509,28.1492314]]]},"properties":{"class":"direct_measurement_support"}},{"type":"Feature","geometry":{"type":"Polygon","coordinates":[[[85.323196,28.1492626],[85.3231974,28.1491724],[85.323401,28.1491749],[85.3233996,28.1492651],[85.323196,28.1492626]]]},"properties":{"class":"direct_measurement_support"}},{"type":"Feature","geometry":{"type":"Polygon","coordinates":[[[85.3207542,28.1491424],[85.3207556,28.1490522],[85.3208574,28.1490534],[85.320856,28.1491437],[85.3207542,28.1491424]]]},"properties":{"class":"direct_measurement_support"}},{"type":"Feature","geometry":{"type":"Polygon","coordinates":[[[85.323401,28.1491749],[85.3234024,28.1490846],[85.3235042,28.1490859],[85.3235028,28.1491761],[85.323401,28.1491749]]]},"properties":{"class":"direct_measurement_support"}},{"type":"Feature","geometry":{"type":"Polygon","coordinates":[[[85.320552,28.1490497],[85.3205534,28.1489595],[85.3206552,28.1489607],[85.3206538,28.149051],[85.320552,28.1490497]]]},"properties":{"class":"direct_measurement_support"}},{"type":"Feature","geometry":{"type":"Polygon","coordinates":[[[85.3206552,28.1489607],[85.3206566,28.1488705],[85.3208602,28.148873],[85.3208588,28.1489632],[85.3206552,28.1489607]]]},"properties":{"class":"direct_measurement_support"}},{"type":"Feature","geometry":{"type":"Polygon","coordinates":[[[85.3229938,28.1491699],[85.3229966,28.1489894],[85.3228948,28.1489882],[85.3228962,28.1488979],[85.3227944,28.1488967],[85.3227958,28.1488064],[85.3228976,28.1488077],[85.322899,28.1487175],[85.3231027,28.14872],[85.3231012,28.1488102],[85.323203,28.1488114],[85.3232016,28.1489017],[85.3233034,28.1489029],[85.3233006,28.1490834],[85.3231988,28.1490821],[85.3231974,28.1491724],[85.3229938,28.1491699]]]},"properties":{"class":"direct_measurement_support"}},{"type":"Feature","geometry":{"type":"Polygon","coordinates":[[[85.3224904,28.1488027],[85.3224918,28.1487125],[85.3225936,28.1487137],[85.3225922,28.148804],[85.3224904,28.1488027]]]},"properties":{"class":"direct_measurement_support"}},{"type":"Feature","geometry":{"type":"Polygon","coordinates":[[[85.3211656,28.1488767],[85.3211698,28.148606],[85.3213734,28.1486085],[85.321372,28.1486988],[85.3214738,28.1487],[85.3214724,28.1487902],[85.3213706,28.148789],[85.3213692,28.1488792],[85.3211656,28.1488767]]]},"properties":{"class":"direct_measurement_support"}},{"type":"Feature","geometry":{"type":"Polygon","coordinates":[[[85.32239,28.1487112],[85.3223914,28.148621],[85.3224932,28.1486222],[85.3224918,28.1487125],[85.32239,28.1487112]]]},"properties":{"class":"direct_measurement_support"}},{"type":"Feature","geometry":{"type":"Polygon","coordinates":[[[85.3203484,28.1490472],[85.3203512,28.1488667],[85.3201476,28.1488642],[85.3201532,28.1485033],[85.320255,28.1485046],[85.3202536,28.1485948],[85.3203554,28.148596],[85.320354,28.1486863],[85.3205576,28.1486888],[85.3205548,28.1488692],[85.320453,28.148868],[85.3204502,28.1490485],[85.3203484,28.1490472]]]},"properties":{"class":"direct_measurement_support"}},{"type":"Feature","geometry":{"type":"Polygon","coordinates":[[[85.3207626,28.148601],[85.320764,28.1485108],[85.3208658,28.1485121],[85.3208644,28.1486023],[85.3207626,28.148601]]]},"properties":{"class":"direct_measurement_support"}},{"type":"Feature","geometry":{"type":"Polygon","coordinates":[[[85.3240203,28.1486409],[85.3240245,28.1483702],[85.3242281,28.1483727],[85.3242239,28.1486434],[85.3240203,28.1486409]]]},"properties":{"class":"direct_measurement_support"}},{"type":"Feature","geometry":{"type":"Polygon","coordinates":[[[85.320665,28.1483291],[85.3206664,28.1482389],[85.32087,28.1482414],[85.3208686,28.1483316],[85.320665,28.1483291]]]},"properties":{"class":"direct_measurement_support"}},{"type":"Feature","geometry":{"type":"Polygon","coordinates":[[[85.3196428,28.1485873],[85.3196442,28.1484971],[85.3193388,28.1484933],[85.3193416,28.1483129],[85.319138,28.1483104],[85.3191366,28.1484006],[85.318933,28.1483981],[85.3189344,28.1483079],[85.3188326,28.1483066],[85.318834,28.1482164],[85.3187322,28.1482151],[85.3187336,28.1481249],[85.3189372,28.1481274],[85.3189386,28.1480372],[85.3190404,28.1480384],[85.319039,28.1481287],[85.3191408,28.1481299],[85.3191436,28.1479494],[85.3193472,28.1479519],[85.3193458,28.1480422],[85.3194476,28.1480434],[85.3194462,28.1481336],[85.319548,28.1481349],[85.3195466,28.1482251],[85.3199538,28.1482301],[85.3199524,28.1483204],[85.3200542,28.1483216],[85.32005,28.1485923],[85.3196428,28.1485873]],[[85.3191394,28.1482201],[85.319343,28.1482226],[85.3193444,28.1481324],[85.3191408,28.1481299],[85.3191394,28.1482201]]]},"properties":{"class":"direct_measurement_support"}},{"type":"Feature","geometry":{"type":"Polygon","coordinates":[[[85.3186346,28.1479432],[85.318636,28.147853],[85.3188396,28.1478555],[85.3188382,28.1479457],[85.3186346,28.1479432]]]},"properties":{"class":"direct_measurement_support"}},{"type":"Feature","geometry":{"type":"Polygon","coordinates":[[[85.3238209,28.1483677],[85.3238223,28.1482775],[85.3237205,28.1482763],[85.3237233,28.1480958],[85.3236215,28.1480946],[85.3236201,28.1481848],[85.3235183,28.1481835],[85.3235253,28.1477324],[85.3238307,28.1477361],[85.3238293,28.1478264],[85.3239311,28.1478276],[85.3239297,28.1479178],[85.3240315,28.1479191],[85.3240287,28.1480995],[85.3241305,28.1481008],[85.3241277,28.1482812],[85.3240259,28.14828],[85.3240245,28.1483702],[85.3238209,28.1483677]]]},"properties":{"class":"direct_measurement_support"}},{"type":"Feature","geometry":{"type":"Polygon","coordinates":[[[85.3184353,28.14767],[85.3184367,28.1475798],[85.3187421,28.1475835],[85.3187407,28.1476737],[85.3184353,28.14767]]]},"properties":{"class":"direct_measurement_support"}},{"type":"Feature","geometry":{"type":"Polygon","coordinates":[[[85.3223037,28.1477174],[85.3223051,28.1476272],[85.3224069,28.1476284],[85.3224055,28.1477187],[85.3223037,28.1477174]]]},"properties":{"class":"direct_measurement_support"}},{"type":"Feature","geometry":{"type":"Polygon","coordinates":[[[85.3235267,28.1476422],[85.3235295,28.1474617],[85.3236313,28.1474629],[85.3236285,28.1476434],[85.3235267,28.1476422]]]},"properties":{"class":"direct_measurement_support"}},{"type":"Feature","geometry":{"type":"Polygon","coordinates":[[[85.3198633,28.147507],[85.3198647,28.1474168],[85.3199665,28.147418],[85.3199679,28.1473278],[85.3201715,28.1473303],[85.3201687,28.1475108],[85.3198633,28.147507]]]},"properties":{"class":"direct_measurement_support"}},{"type":"Feature","geometry":{"type":"Polygon","coordinates":[[[85.3181341,28.1473955],[85.3181369,28.1472151],[85.3183405,28.1472176],[85.3183391,28.1473078],[85.3182373,28.1473066],[85.3182359,28.1473968],[85.3181341,28.1473955]]]},"properties":{"class":"direct_measurement_support"}},{"type":"Feature","geometry":{"type":"Polygon","coordinates":[[[85.3221043,28.1474442],[85.3221057,28.147354],[85.3220039,28.1473528],[85.3220067,28.1471723],[85.3222103,28.1471748],[85.3222089,28.147265],[85.3223107,28.1472663],[85.3223079,28.1474467],[85.3221043,28.1474442]]]},"properties":{"class":"direct_measurement_support"}},{"type":"Feature","geometry":{"type":"Polygon","coordinates":[[[85.3226968,28.1486247],[85.3226997,28.1484443],[85.3228015,28.1484455],[85.3228043,28.1482651],[85.3226007,28.1482626],[85.3226021,28.1481723],[85.3225003,28.1481711],[85.3225045,28.1479004],[85.3226063,28.1479016],[85.3226077,28.1478114],[85.3227095,28.1478126],[85.3227109,28.1477224],[85.3228127,28.1477237],[85.3228155,28.1475432],[85.3227137,28.1475419],[85.3227151,28.1474517],[85.3226133,28.1474505],[85.3226161,28.14727],[85.3225143,28.1472688],[85.3225157,28.1471785],[85.3227193,28.147181],[85.3227179,28.1472713],[85.3228197,28.1472725],[85.3228169,28.147453],[85.3229187,28.1474542],[85.3229173,28.1475444],[85.3230191,28.1475457],[85.3230177,28.1476359],[85.3231195,28.1476372],[85.3231069,28.1484493],[85.3229033,28.1484468],[85.3229005,28.1486272],[85.3226968,28.1486247]]]},"properties":{"class":"direct_measurement_support"}},{"type":"Feature","geometry":{"type":"Polygon","coordinates":[[[85.3211895,28.1473428],[85.3211909,28.1472525],[85.3210891,28.1472513],[85.3210919,28.1470708],[85.3212955,28.1470733],[85.3212941,28.1471636],[85.3213959,28.1471648],[85.3213931,28.1473453],[85.3211895,28.1473428]]]},"properties":{"class":"direct_measurement_support"}},{"type":"Feature","geometry":{"type":"Polygon","coordinates":[[[85.3212955,28.1470733],[85.3212969,28.1469831],[85.3215006,28.1469856],[85.3214991,28.1470758],[85.3212955,28.1470733]]]},"properties":{"class":"direct_measurement_support"}},{"type":"Feature","geometry":{"type":"Polygon","coordinates":[[[85.3207865,28.1470671],[85.3207894,28.1468866],[85.320993,28.1468891],[85.3209901,28.1470696],[85.3207865,28.1470671]]]},"properties":{"class":"direct_measurement_support"}},{"type":"Feature","geometry":{"type":"Polygon","coordinates":[[[85.3192623,28.1468679],[85.3192638,28.1467777],[85.3193656,28.1467789],[85.3193641,28.1468692],[85.3192623,28.1468679]]]},"properties":{"class":"direct_measurement_support"}},{"type":"Feature","geometry":{"type":"Polygon","coordinates":[[[85.3227236,28.1469103],[85.322725,28.1468201],[85.3228268,28.1468213],[85.3228254,28.1469116],[85.3227236,28.1469103]]]},"properties":{"class":"direct_measurement_support"}},{"type":"Feature","geometry":{"type":"Polygon","coordinates":[[[85.3207922,28.1467062],[85.3207936,28.1466159],[85.3208954,28.1466172],[85.320894,28.1467074],[85.3207922,28.1467062]]]},"properties":{"class":"direct_measurement_support"}},{"type":"Feature","geometry":{"type":"Polygon","coordinates":[[[85.3180464,28.146492],[85.3180478,28.1464017],[85.3182514,28.1464042],[85.31825,28.1464945],[85.3180464,28.146492]]]},"properties":{"class":"direct_measurement_support"}},{"type":"Feature","geometry":{"type":"Polygon","coordinates":[[[85.3176251,28.1473893],[85.3176265,28.1472991],[85.3175247,28.1472978],[85.3175289,28.1470271],[85.3172235,28.1470234],[85.3172249,28.1469331],[85.3171231,28.1469319],[85.3171245,28.1468417],[85.3169209,28.1468392],[85.3169238,28.1466587],[85.3170256,28.1466599],[85.317027,28.1465697],[85.3168234,28.1465672],[85.3168262,28.1463867],[85.316928,28.146388],[85.3169294,28.1462978],[85.316624,28.146294],[85.3166268,28.1461135],[85.3171358,28.1461198],[85.3171344,28.14621],[85.3170326,28.1462088],[85.3170312,28.146299],[85.3172348,28.1463015],[85.3172334,28.1463917],[85.317437,28.1463942],[85.3174356,28.1464845],[85.3176392,28.146487],[85.3176364,28.1466674],[85.3177382,28.1466687],[85.3177353,28.1468492],[85.3176335,28.1468479],[85.3176349,28.1467577],[85.3175331,28.1467564],[85.3175346,28.1466662],[85.317331,28.1466637],[85.3173295,28.1467539],[85.3174313,28.1467552],[85.3174299,28.1468454],[85.3175317,28.1468467],[85.3175303,28.1469369],[85.3176321,28.1469381],[85.3176307,28.1470284],[85.3177325,28.1470296],[85.3177339,28.1469394],[85.3179375,28.1469419],[85.3179361,28.1470321],[85.3180379,28.1470334],[85.3180351,28.1472138],[85.3179333,28.1472126],[85.3179305,28.147393],[85.3176251,28.1473893]]]},"properties":{"class":"direct_measurement_support"}},{"type":"Feature","geometry":{"type":"Polygon","coordinates":[[[85.3160146,28.1461963],[85.3160174,28.1460158],[85.3161192,28.1460171],[85.3161164,28.1461975],[85.3160146,28.1461963]]]},"properties":{"class":"direct_measurement_support"}},{"type":"Feature","geometry":{"type":"Polygon","coordinates":[[[85.315712,28.1460121],[85.3157135,28.1459218],[85.3158153,28.1459231],[85.3158138,28.1460133],[85.315712,28.1460121]]]},"properties":{"class":"direct_measurement_support"}},{"type":"Feature","geometry":{"type":"Polygon","coordinates":[[[85.3207978,28.1463452],[85.3207992,28.146255],[85.3206974,28.1462538],[85.3207002,28.1460733],[85.3204966,28.1460708],[85.3205008,28.1458001],[85.3210098,28.1458063],[85.3210056,28.146077],[85.320802,28.1460745],[85.3208006,28.1461648],[85.321106,28.1461685],[85.3211032,28.146349],[85.3207978,28.1463452]]]},"properties":{"class":"direct_measurement_support"}},{"type":"Feature","geometry":{"type":"Polygon","coordinates":[[[85.3156131,28.1458303],[85.3156145,28.1457401],[85.3157163,28.1457414],[85.3157149,28.1458316],[85.3156131,28.1458303]]]},"properties":{"class":"direct_measurement_support"}},{"type":"Feature","geometry":{"type":"Polygon","coordinates":[[[85.3153063,28.1459168],[85.3153091,28.1457364],[85.3154109,28.1457376],[85.3154123,28.1456474],[85.3155141,28.1456486],[85.3155113,28.1458291],[85.3154095,28.1458278],[85.3154081,28.1459181],[85.3153063,28.1459168]]]},"properties":{"class":"direct_measurement_support"}},{"type":"Feature","geometry":{"type":"Polygon","coordinates":[[[85.3167329,28.1458441],[85.3167357,28.1456636],[85.3169393,28.1456661],[85.3169365,28.1458466],[85.3167329,28.1458441]]]},"properties":{"class":"direct_measurement_support"}},{"type":"Feature","geometry":{"type":"Polygon","coordinates":[[[85.3212134,28.1458088],[85.3212149,28.1457186],[85.3213167,28.1457198],[85.3213152,28.1458101],[85.3212134,28.1458088]]]},"properties":{"class":"direct_measurement_support"}},{"type":"Feature","geometry":{"type":"Polygon","coordinates":[[[85.3217027,28.1470783],[85.321707,28.1468076],[85.3219106,28.1468101],[85.3219162,28.1464492],[85.3213054,28.1464417],[85.3213082,28.1462612],[85.32141,28.1462625],[85.3214114,28.1461723],[85.3217168,28.146176],[85.3217154,28.1462662],[85.321919,28.1462687],[85.3219204,28.1461785],[85.322124,28.146181],[85.3221254,28.1460908],[85.3220236,28.1460895],[85.322025,28.1459993],[85.3221268,28.1460005],[85.3221282,28.1459103],[85.3219246,28.1459078],[85.321926,28.1458176],[85.3218242,28.1458163],[85.3218257,28.1457261],[85.322131,28.1457298],[85.3221296,28.1458201],[85.3222314,28.1458213],[85.3222328,28.1457311],[85.3223346,28.1457323],[85.3223318,28.1459128],[85.3224336,28.145914],[85.3224294,28.1461847],[85.3223276,28.1461835],[85.3223234,28.1464542],[85.3224252,28.1464554],[85.3224196,28.1468164],[85.3223178,28.1468151],[85.3223164,28.1469053],[85.3222146,28.1469041],[85.322216,28.1468139],[85.3220124,28.1468114],[85.3220081,28.1470821],[85.3217027,28.1470783]],[[85.3222286,28.1460018],[85.3223304,28.146003],[85.3223318,28.1459128],[85.32223,28.1459115],[85.3222286,28.1460018]]]},"properties":{"class":"direct_measurement_support"}},{"type":"Feature","geometry":{"type":"Polygon","coordinates":[[[85.3214185,28.1457211],[85.3214199,28.1456309],[85.3215217,28.1456321],[85.3215203,28.1457223],[85.3214185,28.1457211]]]},"properties":{"class":"direct_measurement_support"}},{"type":"Feature","geometry":{"type":"Polygon","coordinates":[[[85.3161235,28.1457464],[85.3161249,28.1456561],[85.3160231,28.1456549],[85.3160245,28.1455646],[85.3159227,28.1455634],[85.3159241,28.1454732],[85.3161277,28.1454757],[85.3161263,28.1455659],[85.3162281,28.1455672],[85.3162253,28.1457476],[85.3161235,28.1457464]]]},"properties":{"class":"direct_measurement_support"}},{"type":"Feature","geometry":{"type":"Polygon","coordinates":[[[85.3204019,28.1456184],[85.3204033,28.1455282],[85.3205051,28.1455294],[85.3205037,28.1456196],[85.3204019,28.1456184]]]},"properties":{"class":"direct_measurement_support"}},{"type":"Feature","geometry":{"type":"Polygon","coordinates":[[[85.3210113,28.1457161],[85.3210127,28.1456259],[85.3209109,28.1456246],[85.3209123,28.1455344],[85.3211159,28.1455369],[85.3211131,28.1457174],[85.3210113,28.1457161]]]},"properties":{"class":"direct_measurement_support"}},{"type":"Feature","geometry":{"type":"Polygon","coordinates":[[[85.3227433,28.1456471],[85.3227447,28.1455568],[85.3229483,28.1455593],[85.3229469,28.1456496],[85.3227433,28.1456471]]]},"properties":{"class":"direct_measurement_support"}},{"type":"Feature","geometry":{"type":"Polygon","coordinates":[[[85.3150037,28.1457326],[85.3150051,28.1456424],[85.3145979,28.1456374],[85.3146007,28.1454569],[85.3147025,28.1454581],[85.3147011,28.1455484],[85.3148029,28.1455496],[85.3148057,28.1453692],[85.3151111,28.1453729],[85.3151097,28.1454632],[85.3153133,28.1454657],[85.3153119,28.1455559],[85.3152101,28.1455546],[85.3152087,28.1456449],[85.3151069,28.1456436],[85.3151055,28.1457338],[85.3150037,28.1457326]]]},"properties":{"class":"direct_measurement_support"}},{"type":"Feature","geometry":{"type":"Polygon","coordinates":[[[85.3215217,28.1456321],[85.3215231,28.1455419],[85.3213195,28.1455394],[85.3213223,28.1453589],[85.3217295,28.1453639],[85.3217281,28.1454541],[85.3218299,28.1454554],[85.3218285,28.1455456],[85.3217267,28.1455444],[85.3217253,28.1456346],[85.3215217,28.1456321]]]},"properties":{"class":"direct_measurement_support"}},{"type":"Feature","geometry":{"type":"Polygon","coordinates":[[[85.3145003,28.1453654],[85.3145018,28.1452752],[85.3148071,28.1452789],[85.3148057,28.1453692],[85.3145003,28.1453654]]]},"properties":{"class":"direct_measurement_support"}},{"type":"Feature","geometry":{"type":"Polygon","coordinates":[[[85.3198957,28.1454317],[85.3198971,28.1453414],[85.3201007,28.1453439],[85.3200993,28.1454342],[85.3198957,28.1454317]]]},"properties":{"class":"direct_measurement_support"}},{"type":"Feature","geometry":{"type":"Polygon","coordinates":[[[85.3164317,28.1455697],[85.3164331,28.1454794],[85.3162295,28.1454769],[85.3162337,28.1452062],[85.3164373,28.1452087],[85.3164359,28.145299],[85.3165377,28.1453002],[85.3165363,28.1453904],[85.3166381,28.1453917],[85.3166353,28.1455722],[85.3164317,28.1455697]]]},"properties":{"class":"direct_measurement_support"}},{"type":"Feature","geometry":{"type":"Polygon","coordinates":[[[85.3141935,28.1454519],[85.3141949,28.1453616],[85.3140931,28.1453604],[85.314096,28.1451799],[85.3142996,28.1451824],[85.3142953,28.1454531],[85.3141935,28.1454519]]]},"properties":{"class":"direct_measurement_support"}},{"type":"Feature","geometry":{"type":"Polygon","coordinates":[[[85.3225439,28.1453739],[85.3225467,28.1451934],[85.3226485,28.1451947],[85.3226471,28.1452849],[85.3227489,28.1452861],[85.3227475,28.1453764],[85.3225439,28.1453739]]]},"properties":{"class":"direct_measurement_support"}},{"type":"Feature","geometry":{"type":"Polygon","coordinates":[[[85.3157247,28.1452],[85.3157262,28.1451097],[85.315828,28.145111],[85.3158265,28.1452012],[85.3157247,28.1452]]]},"properties":{"class":"direct_measurement_support"}},{"type":"Feature","geometry":{"type":"Polygon","coordinates":[[[85.3159283,28.1452025],[85.3159298,28.1451122],[85.3161334,28.1451147],[85.3161319,28.145205],[85.3159283,28.1452025]]]},"properties":{"class":"direct_measurement_support"}},{"type":"Feature","geometry":{"type":"Polygon","coordinates":[[[85.3149118,28.1450997],[85.3149132,28.1450095],[85.315015,28.1450107],[85.3150136,28.145101],[85.3149118,28.1450997]]]},"properties":{"class":"direct_measurement_support"}},{"type":"Feature","geometry":{"type":"Polygon","coordinates":[[[85.3231575,28.1452009],[85.3231589,28.1451107],[85.3232607,28.1451119],[85.3232593,28.1452021],[85.3231575,28.1452009]]]},"properties":{"class":"direct_measurement_support"}},{"type":"Feature","geometry":{"type":"Polygon","coordinates":[[[85.3211187,28.1453564],[85.3211229,28.1450857],[85.3213265,28.1450882],[85.3213279,28.144998],[85.3215315,28.1450005],[85.3215301,28.1450907],[85.3216319,28.145092],[85.3216305,28.1451822],[85.3214269,28.1451797],[85.3214255,28.1452699],[85.3212219,28.1452674],[85.3212205,28.1453577],[85.3211187,28.1453564]]]},"properties":{"class":"direct_measurement_support"}},{"type":"Feature","geometry":{"type":"Polygon","coordinates":[[[85.3149146,28.1449193],[85.314916,28.144829],[85.3150178,28.1448303],[85.3150164,28.1449205],[85.3149146,28.1449193]]]},"properties":{"class":"direct_measurement_support"}},{"type":"Feature","geometry":{"type":"Polygon","coordinates":[[[85.3217365,28.1449127],[85.3217393,28.1447323],[85.3218411,28.1447335],[85.3218383,28.144914],[85.3217365,28.1449127]]]},"properties":{"class":"direct_measurement_support"}},{"type":"Feature","geometry":{"type":"Polygon","coordinates":[[[85.3227559,28.144835],[85.3227573,28.1447448],[85.3228591,28.144746],[85.3228577,28.1448362],[85.3227559,28.144835]]]},"properties":{"class":"direct_measurement_support"}},{"type":"Feature","geometry":{"type":"Polygon","coordinates":[[[85.3139023,28.1445458],[85.3139051,28.1443653],[85.3140069,28.1443666],[85.3140041,28.1445471],[85.3139023,28.1445458]]]},"properties":{"class":"direct_measurement_support"}},{"type":"Feature","geometry":{"type":"Polygon","coordinates":[[[85.3133919,28.1446298],[85.3133933,28.1445395],[85.3132915,28.1445383],[85.3132929,28.1444481],[85.3130893,28.1444455],[85.3130907,28.1443553],[85.3131925,28.1443566],[85.3131968,28.1440859],[85.3132985,28.1440871],[85.3133,28.1439969],[85.3134018,28.1439981],[85.3134003,28.1440884],[85.3135021,28.1440896],[85.3135007,28.1441799],[85.3137043,28.1441824],[85.3136987,28.1445433],[85.3135969,28.144542],[85.3135955,28.1446323],[85.3133919,28.1446298]]]},"properties":{"class":"direct_measurement_support"}},{"type":"Feature","geometry":{"type":"Polygon","coordinates":[[[85.3208428,28.1434578],[85.3208443,28.1433676],[85.3209461,28.1433688],[85.3209446,28.1434591],[85.3208428,28.1434578]]]},"properties":{"class":"direct_measurement_support"}},{"type":"Feature","geometry":{"type":"Polygon","coordinates":[[[85.3209193,28.1450832],[85.3209207,28.144993],[85.3208189,28.1449918],[85.3208203,28.1449015],[85.3209221,28.1449028],[85.3209235,28.1448125],[85.3208217,28.1448113],[85.3208231,28.1447211],[85.3207213,28.1447198],[85.3207185,28.1449003],[85.3206167,28.144899],[85.3206153,28.1449893],[85.3205135,28.144988],[85.3205149,28.1448978],[85.3203113,28.1448953],[85.3203099,28.1449855],[85.3201063,28.144983],[85.3201091,28.1448026],[85.3202109,28.1448038],[85.3202138,28.1446233],[85.3203156,28.1446246],[85.3203184,28.1444441],[85.3204202,28.1444454],[85.320423,28.1442649],[85.3202194,28.1442624],[85.3202222,28.1440819],[85.320324,28.1440832],[85.3203254,28.143993],[85.3204272,28.1439942],[85.3204286,28.143904],[85.3205304,28.1439052],[85.3205318,28.143815],[85.3207354,28.1438175],[85.3207382,28.143637],[85.32084,28.1436383],[85.3208414,28.143548],[85.3209432,28.1435493],[85.320939,28.14382],[85.3211426,28.1438225],[85.3211454,28.143642],[85.3210436,28.1436408],[85.3210464,28.1434603],[85.3211482,28.1434615],[85.3211496,28.1433713],[85.3212514,28.1433726],[85.3212543,28.1431921],[85.3213561,28.1431933],[85.3213546,28.1432836],[85.3214564,28.1432848],[85.321455,28.1433751],[85.3215568,28.1433763],[85.3215554,28.1434665],[85.321759,28.143469],[85.3217576,28.1435593],[85.3219612,28.1435618],[85.3219598,28.143652],[85.3221634,28.1436545],[85.322162,28.1437447],[85.3223656,28.1437472],[85.3223614,28.1440179],[85.3222596,28.1440167],[85.3222582,28.1441069],[85.3220546,28.1441044],[85.3220532,28.1441946],[85.3219514,28.1441934],[85.3219471,28.1444641],[85.3220489,28.1444653],[85.3220461,28.1446458],[85.3216389,28.1446408],[85.3216403,28.1445506],[85.3215385,28.1445493],[85.32154,28.1444591],[85.3214382,28.1444578],[85.3214353,28.1446383],[85.3213335,28.1446371],[85.3213307,28.1448175],[85.3212289,28.1448163],[85.3212275,28.1449065],[85.3211257,28.1449053],[85.3211243,28.1449955],[85.3210225,28.1449942],[85.3210211,28.1450845],[85.3209193,28.1450832]],[[85.3208231,28.1447211],[85.3209249,28.1447223],[85.3209278,28.1445418],[85.3210296,28.1445431],[85.3210281,28.1446333],[85.3211299,28.1446346],[85.3211342,28.1443639],[85.3210324,28.1443626],[85.3210366,28.1440919],[85.3211384,28.1440932],[85.3211412,28.1439127],[85.3210394,28.1439115],[85.321038,28.1440017],[85.3209362,28.1440004],[85.320932,28.1442711],[85.3208302,28.1442699],[85.3208288,28.1443601],[85.3209306,28.1443614],[85.3209292,28.1444516],[85.3208274,28.1444504],[85.3208231,28.1447211]],[[85.3219528,28.1441032],[85.3220546,28.1441044],[85.3220574,28.1439239],[85.3219556,28.1439227],[85.3219528,28.1441032]]]},"properties":{"class":"direct_measurement_support"}},{"type":"Feature","geometry":{"type":"Polygon","coordinates":[[[85.31933,28.1425368],[85.3193314,28.1424465],[85.3196368,28.1424503],[85.3196354,28.1425405],[85.31933,28.1425368]]]},"properties":{"class":"direct_measurement_support"}},{"type":"Feature","geometry":{"type":"Polygon","coordinates":[[[85.3197372,28.1425418],[85.3197386,28.1424515],[85.3196368,28.1424503],[85.3196396,28.1422698],[85.3197414,28.1422711],[85.31974,28.1423613],[85.3200454,28.142365],[85.320044,28.1424553],[85.3198404,28.1424528],[85.319839,28.142543],[85.3197372,28.1425418]]]},"properties":{"class":"direct_measurement_support"}},{"type":"Feature","geometry":{"type":"Polygon","coordinates":[[[85.3189242,28.1424415],[85.3189284,28.1421708],[85.3190302,28.1421721],[85.319026,28.1424428],[85.3189242,28.1424415]]]},"properties":{"class":"direct_measurement_support"}},{"type":"Feature","geometry":{"type":"Polygon","coordinates":[[[85.3185198,28.1422561],[85.3185241,28.1419854],[85.3187277,28.1419879],[85.3187248,28.1421683],[85.318623,28.1421671],[85.3186216,28.1422573],[85.3185198,28.1422561]]]},"properties":{"class":"direct_measurement_support"}},{"type":"Feature","geometry":{"type":"Polygon","coordinates":[[[85.3177111,28.1418851],[85.3177139,28.1417047],[85.3179175,28.1417072],[85.3179161,28.1417974],[85.3178143,28.1417962],[85.3178129,28.1418864],[85.3177111,28.1418851]]]},"properties":{"class":"direct_measurement_support"}},{"type":"Feature","geometry":{"type":"Polygon","coordinates":[[[85.3170112,28.1410643],[85.3170141,28.1408838],[85.3173194,28.1408876],[85.3173166,28.1410681],[85.3170112,28.1410643]]]},"properties":{"class":"direct_measurement_support"}},{"type":"Feature","geometry":{"type":"Polygon","coordinates":[[[85.3178298,28.1408036],[85.3178312,28.1407134],[85.317933,28.1407146],[85.3179316,28.1408049],[85.3178298,28.1408036]]]},"properties":{"class":"direct_measurement_support"}},{"type":"Feature","geometry":{"type":"Polygon","coordinates":[[[85.3168133,28.1407009],[85.3168147,28.1406106],[85.3167129,28.1406094],[85.3167143,28.1405192],[85.3169179,28.1405217],[85.3169193,28.1404314],[85.3170211,28.1404327],[85.3170169,28.1407034],[85.3168133,28.1407009]]]},"properties":{"class":"direct_measurement_support"}},{"type":"Feature","geometry":{"type":"Polygon","coordinates":[[[85.3165121,28.1404264],[85.3165135,28.1403362],[85.3164118,28.1403349],[85.3164132,28.1402447],[85.3168203,28.1402497],[85.3168175,28.1404302],[85.3165121,28.1404264]]]},"properties":{"class":"direct_measurement_support"}}]}
